{
	"format_version": "1.12.0",
	"minecraft:geometry": [
		{
			"description": {
				"identifier": "geometry.unknown",
				"texture_width": 128,
				"texture_height": 128,
				"visible_bounds_width": 9,
				"visible_bounds_height": 5,
				"visible_bounds_offset": [0, 0.5, 0]
			},
			"bones": [
				{
					"name": "main",
					"pivot": [0, 20, 0]
				},
				{
					"name": "gun",
					"parent": "main",
					"pivot": [1, 11, -1]
				},
				{
					"name": "stock",
					"parent": "gun",
					"pivot": [0.65, 8, 23.4],
					"cubes": [
						{
							"origin": [-1.4, 9.63, 28.15],
							"size": [2.8, 1, 2.7],
							"uv": {
								"north": {"uv": [60, 69], "uv_size": [-3, -16]},
								"east": {"uv": [60, 69], "uv_size": [-3, -16]},
								"south": {"uv": [60, 69], "uv_size": [-3, -16]},
								"west": {"uv": [60, 69], "uv_size": [-3, -16]},
								"up": {"uv": [57, 53], "uv_size": [3, 16]},
								"down": {"uv": [57, 53], "uv_size": [3, 16]}
							}
						},
						{
							"origin": [-1.7, 17.9, 6.9],
							"size": [3.4, 4.4, 3.7],
							"inflate": -0.3,
							"uv": {
								"north": {"uv": [60, 69], "uv_size": [-3, -16]},
								"east": {"uv": [60, 69], "uv_size": [-3, -16]},
								"south": {"uv": [60, 69], "uv_size": [-3, -16]},
								"west": {"uv": [60, 69], "uv_size": [-3, -16]},
								"up": {"uv": [57, 53], "uv_size": [3, 16]},
								"down": {"uv": [57, 53], "uv_size": [3, 16]}
							}
						},
						{
							"origin": [-1.5, 17.9, 10],
							"size": [3, 4.4, 11.5],
							"inflate": -0.3,
							"uv": {
								"north": {"uv": [60, 69], "uv_size": [-3, -16]},
								"east": {"uv": [60, 69], "uv_size": [-3, -16]},
								"south": {"uv": [60, 69], "uv_size": [-3, -16]},
								"west": {"uv": [60, 69], "uv_size": [-3, -16]},
								"up": {"uv": [57, 53], "uv_size": [3, 16]},
								"down": {"uv": [57, 53], "uv_size": [3, 16]}
							}
						},
						{
							"origin": [-1.26, 21.6, 7.3],
							"size": [1.76, 1.3, 14.2],
							"inflate": -0.3,
							"pivot": [-0.2, 21.9, 0.15],
							"rotation": [0, 0, -36],
							"uv": {
								"north": {"uv": [60, 69], "uv_size": [-3, -16]},
								"east": {"uv": [60, 69], "uv_size": [-3, -16]},
								"south": {"uv": [60, 69], "uv_size": [-3, -16]},
								"west": {"uv": [60, 69], "uv_size": [-3, -16]},
								"up": {"uv": [57, 53], "uv_size": [3, 16]},
								"down": {"uv": [57, 53], "uv_size": [3, 16]}
							}
						},
						{
							"origin": [-0.74, 21, 7.3],
							"size": [1.8, 1.3, 14.2],
							"inflate": -0.3,
							"pivot": [1, 21.3, 0.15],
							"rotation": [0, 0, 36],
							"uv": {
								"north": {"uv": [60, 69], "uv_size": [-3, -16]},
								"east": {"uv": [60, 69], "uv_size": [-3, -16]},
								"south": {"uv": [60, 69], "uv_size": [-3, -16]},
								"west": {"uv": [60, 69], "uv_size": [-3, -16]},
								"up": {"uv": [57, 53], "uv_size": [3, 16]},
								"down": {"uv": [57, 53], "uv_size": [3, 16]}
							}
						},
						{
							"origin": [-0.58, 21.6, 7.3],
							"size": [1.13, 1.4, 14.2],
							"inflate": -0.3,
							"uv": {
								"north": {"uv": [60, 69], "uv_size": [-3, -16]},
								"east": {"uv": [60, 69], "uv_size": [-3, -16]},
								"south": {"uv": [60, 69], "uv_size": [-3, -16]},
								"west": {"uv": [60, 69], "uv_size": [-3, -16]},
								"up": {"uv": [57, 53], "uv_size": [3, 16]},
								"down": {"uv": [57, 53], "uv_size": [3, 16]}
							}
						},
						{
							"origin": [-0.88, 21.7, 6.9],
							"size": [1.73, 1, 1],
							"inflate": -0.3,
							"uv": {
								"north": {"uv": [82, 20], "uv_size": [5, 4]},
								"east": {"uv": [82, 20], "uv_size": [5, 4]},
								"south": {"uv": [82, 20], "uv_size": [5, 4]},
								"west": {"uv": [82, 20], "uv_size": [5, 4]},
								"up": {"uv": [87, 24], "uv_size": [-5, -4]},
								"down": {"uv": [87, 24], "uv_size": [-5, -4]}
							}
						},
						{
							"origin": [-0.48, 22.1, 6.9],
							"size": [0.93, 1.15, 0.9],
							"inflate": -0.3,
							"uv": {
								"north": {"uv": [82, 20], "uv_size": [5, 4]},
								"east": {"uv": [82, 20], "uv_size": [5, 4]},
								"south": {"uv": [82, 20], "uv_size": [5, 4]},
								"west": {"uv": [82, 20], "uv_size": [5, 4]},
								"up": {"uv": [87, 24], "uv_size": [-5, -4]},
								"down": {"uv": [87, 24], "uv_size": [-5, -4]}
							}
						},
						{
							"origin": [-0.48, 22.7, 6.9],
							"size": [0.93, 1.65, 0.8],
							"inflate": -0.3,
							"uv": {
								"north": {"uv": [82, 20], "uv_size": [5, 4]},
								"east": {"uv": [82, 20], "uv_size": [5, 4]},
								"south": {"uv": [82, 20], "uv_size": [5, 4]},
								"west": {"uv": [82, 20], "uv_size": [5, 4]},
								"up": {"uv": [87, 24], "uv_size": [-5, -4]},
								"down": {"uv": [87, 24], "uv_size": [-5, -4]}
							}
						},
						{
							"origin": [-0.48, 22.5, 6.9],
							"size": [0.93, 0.9, 0.9],
							"inflate": -0.3,
							"pivot": [0, 23, 7.35],
							"rotation": [-45, 0, 0],
							"uv": {
								"north": {"uv": [82, 20], "uv_size": [5, 4]},
								"east": {"uv": [82, 20], "uv_size": [5, 4]},
								"south": {"uv": [82, 20], "uv_size": [5, 4]},
								"west": {"uv": [82, 20], "uv_size": [5, 4]},
								"up": {"uv": [87, 24], "uv_size": [-5, -4]},
								"down": {"uv": [87, 24], "uv_size": [-5, -4]}
							}
						},
						{
							"origin": [-1.4, 18, 20.9],
							"size": [2.8, 4.3, 2.4],
							"inflate": -0.3,
							"uv": {
								"north": {"uv": [82, 20], "uv_size": [5, 4]},
								"east": {"uv": [82, 20], "uv_size": [5, 4]},
								"south": {"uv": [82, 20], "uv_size": [5, 4]},
								"west": {"uv": [82, 20], "uv_size": [5, 4]},
								"up": {"uv": [87, 24], "uv_size": [-5, -4]},
								"down": {"uv": [87, 24], "uv_size": [-5, -4]}
							}
						},
						{
							"origin": [-1.4, 18, 6.6],
							"size": [2.8, 4.2, 2.4],
							"inflate": -0.3,
							"uv": {
								"north": {"uv": [82, 20], "uv_size": [5, 4]},
								"east": {"uv": [82, 20], "uv_size": [5, 4]},
								"south": {"uv": [82, 20], "uv_size": [5, 4]},
								"west": {"uv": [82, 20], "uv_size": [5, 4]},
								"up": {"uv": [87, 24], "uv_size": [-5, -4]},
								"down": {"uv": [87, 24], "uv_size": [-5, -4]}
							}
						},
						{
							"origin": [-1.06, 21.5, 20.9],
							"size": [1.56, 1.3, 2.4],
							"inflate": -0.3,
							"pivot": [-0.2, 21.8, -1.55],
							"rotation": [0, 0, -36],
							"uv": {
								"north": {"uv": [82, 20], "uv_size": [5, 4]},
								"east": {"uv": [82, 20], "uv_size": [5, 4]},
								"south": {"uv": [82, 20], "uv_size": [5, 4]},
								"west": {"uv": [82, 20], "uv_size": [5, 4]},
								"up": {"uv": [87, 24], "uv_size": [-5, -4]},
								"down": {"uv": [87, 24], "uv_size": [-5, -4]}
							}
						},
						{
							"origin": [-0.58, 21.5, 20.9],
							"size": [1.13, 1.4, 2.4],
							"inflate": -0.3,
							"uv": {
								"north": {"uv": [82, 20], "uv_size": [5, 4]},
								"east": {"uv": [82, 20], "uv_size": [5, 4]},
								"south": {"uv": [82, 20], "uv_size": [5, 4]},
								"west": {"uv": [82, 20], "uv_size": [5, 4]},
								"up": {"uv": [87, 24], "uv_size": [-5, -4]},
								"down": {"uv": [87, 24], "uv_size": [-5, -4]}
							}
						},
						{
							"origin": [-0.74, 20.9, 20.9],
							"size": [1.6, 1.3, 2.4],
							"inflate": -0.3,
							"pivot": [1, 21.2, -1.55],
							"rotation": [0, 0, 36],
							"uv": {
								"north": {"uv": [82, 20], "uv_size": [5, 4]},
								"east": {"uv": [82, 20], "uv_size": [5, 4]},
								"south": {"uv": [82, 20], "uv_size": [5, 4]},
								"west": {"uv": [82, 20], "uv_size": [5, 4]},
								"up": {"uv": [87, 24], "uv_size": [-5, -4]},
								"down": {"uv": [87, 24], "uv_size": [-5, -4]}
							}
						},
						{
							"origin": [-1.7, 17.9, 22.7],
							"size": [3.4, 4.4, 2.2],
							"inflate": -0.3,
							"uv": {
								"north": {"uv": [60, 69], "uv_size": [-3, -16]},
								"east": {"uv": [60, 69], "uv_size": [-3, -16]},
								"south": {"uv": [60, 69], "uv_size": [-3, -16]},
								"west": {"uv": [60, 69], "uv_size": [-3, -16]},
								"up": {"uv": [57, 53], "uv_size": [3, 16]},
								"down": {"uv": [57, 53], "uv_size": [3, 16]}
							}
						},
						{
							"origin": [-1.7, 15.8, 30.2],
							"size": [3.4, 6.5, 0.9],
							"inflate": -0.3,
							"uv": {
								"north": {"uv": [60, 69], "uv_size": [-3, -16]},
								"east": {"uv": [60, 69], "uv_size": [-3, -16]},
								"south": {"uv": [60, 69], "uv_size": [-3, -16]},
								"west": {"uv": [60, 69], "uv_size": [-3, -16]},
								"up": {"uv": [57, 53], "uv_size": [3, 16]},
								"down": {"uv": [57, 53], "uv_size": [3, 16]}
							}
						},
						{
							"origin": [-1.7, 21.1, 24.3],
							"size": [3.4, 1.2, 6.5],
							"inflate": -0.3,
							"uv": {
								"north": {"uv": [60, 69], "uv_size": [-3, -16]},
								"east": {"uv": [60, 69], "uv_size": [-3, -16]},
								"south": {"uv": [60, 69], "uv_size": [-3, -16]},
								"west": {"uv": [60, 69], "uv_size": [-3, -16]},
								"up": {"uv": [57, 53], "uv_size": [3, 16]},
								"down": {"uv": [57, 53], "uv_size": [3, 16]}
							}
						},
						{
							"origin": [-1.7, 31.26, 33.815],
							"size": [3.4, 1.6, 10.6],
							"inflate": -0.3,
							"pivot": [1.2, 34.7, 16.75],
							"rotation": [-59, 0, 0],
							"uv": {
								"north": {"uv": [60, 69], "uv_size": [-3, -16]},
								"east": {"uv": [60, 69], "uv_size": [-3, -16]},
								"south": {"uv": [60, 69], "uv_size": [-3, -16]},
								"west": {"uv": [60, 69], "uv_size": [-3, -16]},
								"up": {"uv": [57, 53], "uv_size": [3, 16]},
								"down": {"uv": [57, 53], "uv_size": [3, 16]}
							}
						},
						{
							"origin": [-1.7, 31.26, 33.815],
							"size": [3.4, 2, 3.9],
							"inflate": -0.3,
							"pivot": [1.2, 34.7, 16.75],
							"rotation": [-59, 0, 0],
							"uv": {
								"north": {"uv": [60, 69], "uv_size": [-3, -16]},
								"east": {"uv": [60, 69], "uv_size": [-3, -16]},
								"south": {"uv": [60, 69], "uv_size": [-3, -16]},
								"west": {"uv": [60, 69], "uv_size": [-3, -16]},
								"up": {"uv": [57, 53], "uv_size": [3, 16]},
								"down": {"uv": [57, 53], "uv_size": [3, 16]}
							}
						},
						{
							"origin": [-1.7, 1.76, 32.815],
							"size": [3.4, 1.5, 1.2],
							"inflate": -0.3,
							"pivot": [1.2, 5.2, 12.85],
							"rotation": [59, 0, 0],
							"uv": {
								"north": {"uv": [60, 69], "uv_size": [-3, -16]},
								"east": {"uv": [60, 69], "uv_size": [-3, -16]},
								"south": {"uv": [60, 69], "uv_size": [-3, -16]},
								"west": {"uv": [60, 69], "uv_size": [-3, -16]},
								"up": {"uv": [57, 53], "uv_size": [3, 16]},
								"down": {"uv": [57, 53], "uv_size": [3, 16]}
							}
						},
						{
							"origin": [-1.7, 1.76, 29.915],
							"size": [3.4, 2.1, 3.5],
							"inflate": -0.3,
							"pivot": [1.2, 5.2, 12.85],
							"rotation": [59, 0, 0],
							"uv": {
								"north": {"uv": [60, 69], "uv_size": [-3, -16]},
								"east": {"uv": [60, 69], "uv_size": [-3, -16]},
								"south": {"uv": [60, 69], "uv_size": [-3, -16]},
								"west": {"uv": [60, 69], "uv_size": [-3, -16]},
								"up": {"uv": [57, 53], "uv_size": [3, 16]},
								"down": {"uv": [57, 53], "uv_size": [3, 16]}
							}
						},
						{
							"origin": [-1.7, -4.44, 42.515],
							"size": [3.4, 1.8, 6.2],
							"inflate": -0.3,
							"pivot": [1.2, -1.3, 24.95],
							"rotation": [81, 0, 0],
							"uv": {
								"north": {"uv": [60, 69], "uv_size": [-3, -16]},
								"east": {"uv": [60, 69], "uv_size": [-3, -16]},
								"south": {"uv": [60, 69], "uv_size": [-3, -16]},
								"west": {"uv": [60, 69], "uv_size": [-3, -16]},
								"up": {"uv": [57, 53], "uv_size": [3, 16]},
								"down": {"uv": [57, 53], "uv_size": [3, 16]}
							}
						},
						{
							"origin": [-1.7, 33.16, 40.415],
							"size": [3.4, 3, 4.5],
							"inflate": -0.3,
							"pivot": [1.2, 34.7, 16.75],
							"rotation": [-59, 0, 0],
							"uv": {
								"north": {"uv": [60, 69], "uv_size": [-3, -16]},
								"east": {"uv": [60, 69], "uv_size": [-3, -16]},
								"south": {"uv": [60, 69], "uv_size": [-3, -16]},
								"west": {"uv": [60, 69], "uv_size": [-3, -16]},
								"up": {"uv": [57, 53], "uv_size": [3, 16]},
								"down": {"uv": [57, 53], "uv_size": [3, 16]}
							}
						},
						{
							"origin": [-1.46, 21.7, 22.7],
							"size": [1.96, 1.3, 8.4],
							"inflate": -0.3,
							"pivot": [-0.2, 22, 12.85],
							"rotation": [0, 0, -36],
							"uv": {
								"north": {"uv": [60, 69], "uv_size": [-3, -16]},
								"east": {"uv": [60, 69], "uv_size": [-3, -16]},
								"south": {"uv": [60, 69], "uv_size": [-3, -16]},
								"west": {"uv": [60, 69], "uv_size": [-3, -16]},
								"up": {"uv": [57, 53], "uv_size": [3, 16]},
								"down": {"uv": [57, 53], "uv_size": [3, 16]}
							}
						},
						{
							"origin": [-0.58, 21.7, 22.7],
							"size": [1.13, 1.4, 8.4],
							"inflate": -0.3,
							"uv": {
								"north": {"uv": [60, 69], "uv_size": [-3, -16]},
								"east": {"uv": [60, 69], "uv_size": [-3, -16]},
								"south": {"uv": [60, 69], "uv_size": [-3, -16]},
								"west": {"uv": [60, 69], "uv_size": [-3, -16]},
								"up": {"uv": [57, 53], "uv_size": [3, 16]},
								"down": {"uv": [57, 53], "uv_size": [3, 16]}
							}
						},
						{
							"origin": [-0.74, 21.1, 22.7],
							"size": [2, 1.3, 8.4],
							"inflate": -0.3,
							"pivot": [1, 21.4, 12.85],
							"rotation": [0, 0, 36],
							"uv": {
								"north": {"uv": [60, 69], "uv_size": [-3, -16]},
								"east": {"uv": [60, 69], "uv_size": [-3, -16]},
								"south": {"uv": [60, 69], "uv_size": [-3, -16]},
								"west": {"uv": [60, 69], "uv_size": [-3, -16]},
								"up": {"uv": [57, 53], "uv_size": [3, 16]},
								"down": {"uv": [57, 53], "uv_size": [3, 16]}
							}
						},
						{
							"origin": [-0.74, 21.1, 30.5],
							"size": [2.2, 1.3, 2.5],
							"inflate": -0.3,
							"pivot": [1.2, 21.4, 20.65],
							"rotation": [0, 0, 36],
							"uv": {
								"north": {"uv": [43, 29], "uv_size": [14, 5]},
								"east": {"uv": [43, 29], "uv_size": [14, 5]},
								"south": {"uv": [43, 29], "uv_size": [14, 5]},
								"west": {"uv": [43, 29], "uv_size": [14, 5]},
								"up": {"uv": [57, 34], "uv_size": [-14, -5]},
								"down": {"uv": [57, 34], "uv_size": [-14, -5]}
							}
						},
						{
							"origin": [-0.62, 21.7, 30.5],
							"size": [1.19, 1.54, 2.5],
							"inflate": -0.3,
							"uv": {
								"north": {"uv": [43, 29], "uv_size": [14, 5]},
								"east": {"uv": [43, 29], "uv_size": [14, 5]},
								"south": {"uv": [43, 29], "uv_size": [14, 5]},
								"west": {"uv": [43, 29], "uv_size": [14, 5]},
								"up": {"uv": [57, 34], "uv_size": [-14, -5]},
								"down": {"uv": [57, 34], "uv_size": [-14, -5]}
							}
						},
						{
							"origin": [-1.66, 21.7, 30.5],
							"size": [2.16, 1.3, 2.5],
							"inflate": -0.3,
							"pivot": [-0.4, 22, 20.65],
							"rotation": [0, 0, -36],
							"uv": {
								"north": {"uv": [43, 29], "uv_size": [14, 5]},
								"east": {"uv": [43, 29], "uv_size": [14, 5]},
								"south": {"uv": [43, 29], "uv_size": [14, 5]},
								"west": {"uv": [43, 29], "uv_size": [14, 5]},
								"up": {"uv": [57, 34], "uv_size": [-14, -5]},
								"down": {"uv": [57, 34], "uv_size": [-14, -5]}
							}
						},
						{
							"origin": [-1.9, 9.1, 30.5],
							"size": [3.8, 13.2, 2.5],
							"inflate": -0.3,
							"uv": {
								"north": {"uv": [43, 29], "uv_size": [14, 5]},
								"east": {"uv": [43, 29], "uv_size": [14, 5]},
								"south": {"uv": [43, 29], "uv_size": [14, 5]},
								"west": {"uv": [43, 29], "uv_size": [14, 5]},
								"up": {"uv": [57, 34], "uv_size": [-14, -5]},
								"down": {"uv": [57, 34], "uv_size": [-14, -5]}
							}
						},
						{
							"origin": [-0.9, 20.2, 23.9],
							"size": [1.8, 1.2, 6.6],
							"inflate": -0.3,
							"uv": {
								"north": {"uv": [82, 20], "uv_size": [5, 4]},
								"east": {"uv": [82, 20], "uv_size": [5, 4]},
								"south": {"uv": [82, 20], "uv_size": [5, 4]},
								"west": {"uv": [82, 20], "uv_size": [5, 4]},
								"up": {"uv": [87, 24], "uv_size": [-5, -4]},
								"down": {"uv": [87, 24], "uv_size": [-5, -4]}
							}
						},
						{
							"origin": [-0.5, 18.8, 24.9],
							"size": [1, 1.4, 5.4],
							"inflate": -0.3,
							"uv": {
								"north": {"uv": [82, 20], "uv_size": [5, 4]},
								"east": {"uv": [82, 20], "uv_size": [5, 4]},
								"south": {"uv": [82, 20], "uv_size": [5, 4]},
								"west": {"uv": [82, 20], "uv_size": [5, 4]},
								"up": {"uv": [87, 24], "uv_size": [-5, -4]},
								"down": {"uv": [87, 24], "uv_size": [-5, -4]}
							}
						},
						{
							"origin": [-1.2, 19.6, 23.9],
							"size": [2.4, 1.2, 6.6],
							"inflate": -0.3,
							"uv": {
								"north": {"uv": [82, 20], "uv_size": [5, 4]},
								"east": {"uv": [82, 20], "uv_size": [5, 4]},
								"south": {"uv": [82, 20], "uv_size": [5, 4]},
								"west": {"uv": [82, 20], "uv_size": [5, 4]},
								"up": {"uv": [87, 24], "uv_size": [-5, -4]},
								"down": {"uv": [87, 24], "uv_size": [-5, -4]}
							}
						},
						{
							"origin": [-1.7, 14.2, 25.1],
							"size": [3.4, 2.2, 6],
							"inflate": -0.3,
							"uv": {
								"north": {"uv": [60, 69], "uv_size": [-3, -16]},
								"east": {"uv": [60, 69], "uv_size": [-3, -16]},
								"south": {"uv": [60, 69], "uv_size": [-3, -16]},
								"west": {"uv": [60, 69], "uv_size": [-3, -16]},
								"up": {"uv": [57, 53], "uv_size": [3, 16]},
								"down": {"uv": [57, 53], "uv_size": [3, 16]}
							}
						},
						{
							"origin": [-1.7, 13.2, 25.7],
							"size": [3.4, 1.6, 5.4],
							"inflate": -0.3,
							"uv": {
								"north": {"uv": [60, 69], "uv_size": [-3, -16]},
								"east": {"uv": [60, 69], "uv_size": [-3, -16]},
								"south": {"uv": [60, 69], "uv_size": [-3, -16]},
								"west": {"uv": [60, 69], "uv_size": [-3, -16]},
								"up": {"uv": [57, 53], "uv_size": [3, 16]},
								"down": {"uv": [57, 53], "uv_size": [3, 16]}
							}
						}
					]
				},
				{
					"name": "retractable",
					"parent": "stock",
					"pivot": [0, 22.4, 16.15],
					"rotation": [-10, 0, 0],
					"cubes": [
						{
							"origin": [-1.46, 23.1, 10.4],
							"size": [1.96, 1.3, 11.5],
							"inflate": -0.3,
							"pivot": [-0.2, 23.4, 0.55],
							"rotation": [0, 0, -36],
							"uv": {
								"north": {"uv": [60, 69], "uv_size": [-3, -16]},
								"east": {"uv": [60, 69], "uv_size": [-3, -16]},
								"south": {"uv": [60, 69], "uv_size": [-3, -16]},
								"west": {"uv": [60, 69], "uv_size": [-3, -16]},
								"up": {"uv": [57, 53], "uv_size": [3, 16]},
								"down": {"uv": [57, 53], "uv_size": [3, 16]}
							}
						},
						{
							"origin": [-0.58, 23.1, 10.4],
							"size": [1.13, 1.4, 11.5],
							"inflate": -0.3,
							"uv": {
								"north": {"uv": [60, 69], "uv_size": [-3, -16]},
								"east": {"uv": [60, 69], "uv_size": [-3, -16]},
								"south": {"uv": [60, 69], "uv_size": [-3, -16]},
								"west": {"uv": [60, 69], "uv_size": [-3, -16]},
								"up": {"uv": [57, 53], "uv_size": [3, 16]},
								"down": {"uv": [57, 53], "uv_size": [3, 16]}
							}
						},
						{
							"origin": [-0.74, 22.5, 10.4],
							"size": [2, 1.3, 11.5],
							"inflate": -0.3,
							"pivot": [1, 22.8, 0.55],
							"rotation": [0, 0, 36],
							"uv": {
								"north": {"uv": [60, 69], "uv_size": [-3, -16]},
								"east": {"uv": [60, 69], "uv_size": [-3, -16]},
								"south": {"uv": [60, 69], "uv_size": [-3, -16]},
								"west": {"uv": [60, 69], "uv_size": [-3, -16]},
								"up": {"uv": [57, 53], "uv_size": [3, 16]},
								"down": {"uv": [57, 53], "uv_size": [3, 16]}
							}
						},
						{
							"origin": [-1.7, 19.3, 17.9],
							"size": [1.2, 4.4, 4],
							"inflate": -0.3,
							"uv": {
								"north": {"uv": [60, 69], "uv_size": [-3, -16]},
								"east": {"uv": [60, 69], "uv_size": [-3, -16]},
								"south": {"uv": [60, 69], "uv_size": [-3, -16]},
								"west": {"uv": [60, 69], "uv_size": [-3, -16]},
								"up": {"uv": [57, 53], "uv_size": [3, 16]},
								"down": {"uv": [57, 53], "uv_size": [3, 16]}
							}
						},
						{
							"origin": [0.5, 19.3, 17.9],
							"size": [1.2, 4.4, 4],
							"inflate": -0.3,
							"uv": {
								"north": {"uv": [60, 69], "uv_size": [-3, -16]},
								"east": {"uv": [60, 69], "uv_size": [-3, -16]},
								"south": {"uv": [60, 69], "uv_size": [-3, -16]},
								"west": {"uv": [60, 69], "uv_size": [-3, -16]},
								"up": {"uv": [57, 53], "uv_size": [3, 16]},
								"down": {"uv": [57, 53], "uv_size": [3, 16]}
							}
						},
						{
							"origin": [0.5, 19.3, 14.4],
							"size": [1.2, 4.9, 2.8],
							"inflate": -0.3,
							"pivot": [1.1, 22.2, 16.45],
							"rotation": [69, 0, 0],
							"uv": {
								"north": {"uv": [60, 69], "uv_size": [-3, -16]},
								"east": {"uv": [60, 69], "uv_size": [-3, -16]},
								"south": {"uv": [60, 69], "uv_size": [-3, -16]},
								"west": {"uv": [60, 69], "uv_size": [-3, -16]},
								"up": {"uv": [57, 53], "uv_size": [3, 16]},
								"down": {"uv": [57, 53], "uv_size": [3, 16]}
							}
						},
						{
							"origin": [-1.1, 21.7, 7.4],
							"size": [2.8, 2, 11.1],
							"inflate": -0.3,
							"uv": {
								"north": {"uv": [60, 69], "uv_size": [-3, -16]},
								"east": {"uv": [60, 69], "uv_size": [-3, -16]},
								"south": {"uv": [60, 69], "uv_size": [-3, -16]},
								"west": {"uv": [60, 69], "uv_size": [-3, -16]},
								"up": {"uv": [57, 53], "uv_size": [3, 16]},
								"down": {"uv": [57, 53], "uv_size": [3, 16]}
							}
						},
						{
							"origin": [0.5, 23.6, 14.4],
							"size": [1.2, 3, 1.5],
							"inflate": -0.3,
							"pivot": [1.1, 22.2, 16.45],
							"rotation": [69, 0, 0],
							"uv": {
								"north": {"uv": [60, 69], "uv_size": [-3, -16]},
								"east": {"uv": [60, 69], "uv_size": [-3, -16]},
								"south": {"uv": [60, 69], "uv_size": [-3, -16]},
								"west": {"uv": [60, 69], "uv_size": [-3, -16]},
								"up": {"uv": [57, 53], "uv_size": [3, 16]},
								"down": {"uv": [57, 53], "uv_size": [3, 16]}
							}
						},
						{
							"origin": [1.1, 19.5, 14.6],
							"size": [0.7, 7, 1.7],
							"inflate": -0.3,
							"pivot": [1.1, 22.2, 16.45],
							"rotation": [69, 0, 0],
							"uv": {
								"north": {"uv": [82, 20], "uv_size": [5, 4]},
								"east": {"uv": [82, 20], "uv_size": [5, 4]},
								"south": {"uv": [82, 20], "uv_size": [5, 4]},
								"west": {"uv": [82, 20], "uv_size": [5, 4]},
								"up": {"uv": [87, 24], "uv_size": [-5, -4]},
								"down": {"uv": [87, 24], "uv_size": [-5, -4]}
							}
						},
						{
							"origin": [1.1, 25.2, 14.9],
							"size": [0.7, 2.8, 1.5],
							"inflate": -0.3,
							"pivot": [1.1, 23.7, 16.55],
							"rotation": [90, 0, 0],
							"uv": {
								"north": {"uv": [82, 20], "uv_size": [5, 4]},
								"east": {"uv": [82, 20], "uv_size": [5, 4]},
								"south": {"uv": [82, 20], "uv_size": [5, 4]},
								"west": {"uv": [82, 20], "uv_size": [5, 4]},
								"up": {"uv": [87, 24], "uv_size": [-5, -4]},
								"down": {"uv": [87, 24], "uv_size": [-5, -4]}
							}
						},
						{
							"origin": [1.1, 22.8, 14],
							"size": [0.7, 3, 2.4],
							"inflate": -0.3,
							"pivot": [1.1, 23.7, 16.55],
							"rotation": [90, 0, 0],
							"uv": {
								"north": {"uv": [82, 20], "uv_size": [5, 4]},
								"east": {"uv": [82, 20], "uv_size": [5, 4]},
								"south": {"uv": [82, 20], "uv_size": [5, 4]},
								"west": {"uv": [82, 20], "uv_size": [5, 4]},
								"up": {"uv": [87, 24], "uv_size": [-5, -4]},
								"down": {"uv": [87, 24], "uv_size": [-5, -4]}
							}
						},
						{
							"origin": [1.1, 18.5, 12.44],
							"size": [0.7, 3.92, 1.6],
							"inflate": -0.3,
							"pivot": [1.1, 23.7, 16.55],
							"rotation": [90, 0, 0],
							"uv": {
								"north": {"uv": [82, 20], "uv_size": [5, 4]},
								"east": {"uv": [82, 20], "uv_size": [5, 4]},
								"south": {"uv": [82, 20], "uv_size": [5, 4]},
								"west": {"uv": [82, 20], "uv_size": [5, 4]},
								"up": {"uv": [87, 24], "uv_size": [-5, -4]},
								"down": {"uv": [87, 24], "uv_size": [-5, -4]}
							}
						},
						{
							"origin": [1.1, 18.5, 13.4],
							"size": [0.7, 4.9, 3],
							"inflate": -0.3,
							"pivot": [1.1, 23.7, 16.55],
							"rotation": [90, 0, 0],
							"uv": {
								"north": {"uv": [82, 20], "uv_size": [5, 4]},
								"east": {"uv": [82, 20], "uv_size": [5, 4]},
								"south": {"uv": [82, 20], "uv_size": [5, 4]},
								"west": {"uv": [82, 20], "uv_size": [5, 4]},
								"up": {"uv": [87, 24], "uv_size": [-5, -4]},
								"down": {"uv": [87, 24], "uv_size": [-5, -4]}
							}
						},
						{
							"origin": [-1.8, 18.5, 12.44],
							"size": [0.7, 3.92, 1.6],
							"inflate": -0.3,
							"pivot": [-1.8, 23.7, 16.55],
							"rotation": [90, 0, 0],
							"uv": {
								"north": {"uv": [82, 20], "uv_size": [5, 4]},
								"east": {"uv": [82, 20], "uv_size": [5, 4]},
								"south": {"uv": [82, 20], "uv_size": [5, 4]},
								"west": {"uv": [82, 20], "uv_size": [5, 4]},
								"up": {"uv": [87, 24], "uv_size": [-5, -4]},
								"down": {"uv": [87, 24], "uv_size": [-5, -4]}
							}
						},
						{
							"origin": [-1.8, 22.8, 14],
							"size": [0.7, 3, 2.4],
							"inflate": -0.3,
							"pivot": [-1.8, 23.7, 16.55],
							"rotation": [90, 0, 0],
							"uv": {
								"north": {"uv": [82, 20], "uv_size": [5, 4]},
								"east": {"uv": [82, 20], "uv_size": [5, 4]},
								"south": {"uv": [82, 20], "uv_size": [5, 4]},
								"west": {"uv": [82, 20], "uv_size": [5, 4]},
								"up": {"uv": [87, 24], "uv_size": [-5, -4]},
								"down": {"uv": [87, 24], "uv_size": [-5, -4]}
							}
						},
						{
							"origin": [-1.8, 18.5, 13.4],
							"size": [0.7, 4.9, 3],
							"inflate": -0.3,
							"pivot": [-1.8, 23.7, 16.55],
							"rotation": [90, 0, 0],
							"uv": {
								"north": {"uv": [82, 20], "uv_size": [5, 4]},
								"east": {"uv": [82, 20], "uv_size": [5, 4]},
								"south": {"uv": [82, 20], "uv_size": [5, 4]},
								"west": {"uv": [82, 20], "uv_size": [5, 4]},
								"up": {"uv": [87, 24], "uv_size": [-5, -4]},
								"down": {"uv": [87, 24], "uv_size": [-5, -4]}
							}
						},
						{
							"origin": [-1.8, 25.2, 14.9],
							"size": [0.7, 2.8, 1.5],
							"inflate": -0.3,
							"pivot": [-1.8, 23.7, 16.55],
							"rotation": [90, 0, 0],
							"uv": {
								"north": {"uv": [82, 20], "uv_size": [5, 4]},
								"east": {"uv": [82, 20], "uv_size": [5, 4]},
								"south": {"uv": [82, 20], "uv_size": [5, 4]},
								"west": {"uv": [82, 20], "uv_size": [5, 4]},
								"up": {"uv": [87, 24], "uv_size": [-5, -4]},
								"down": {"uv": [87, 24], "uv_size": [-5, -4]}
							}
						},
						{
							"origin": [-1.8, 19.5, 14.6],
							"size": [0.7, 7, 1.7],
							"inflate": -0.3,
							"pivot": [-1.8, 22.2, 16.45],
							"rotation": [69, 0, 0],
							"uv": {
								"north": {"uv": [82, 20], "uv_size": [5, 4]},
								"east": {"uv": [82, 20], "uv_size": [5, 4]},
								"south": {"uv": [82, 20], "uv_size": [5, 4]},
								"west": {"uv": [82, 20], "uv_size": [5, 4]},
								"up": {"uv": [87, 24], "uv_size": [-5, -4]},
								"down": {"uv": [87, 24], "uv_size": [-5, -4]}
							}
						},
						{
							"origin": [-1.7, 19.3, 14.4],
							"size": [1.2, 4.9, 2.8],
							"inflate": -0.3,
							"pivot": [-1.1, 22.2, 16.45],
							"rotation": [69, 0, 0],
							"uv": {
								"north": {"uv": [60, 69], "uv_size": [-3, -16]},
								"east": {"uv": [60, 69], "uv_size": [-3, -16]},
								"south": {"uv": [60, 69], "uv_size": [-3, -16]},
								"west": {"uv": [60, 69], "uv_size": [-3, -16]},
								"up": {"uv": [57, 53], "uv_size": [3, 16]},
								"down": {"uv": [57, 53], "uv_size": [3, 16]}
							}
						},
						{
							"origin": [-1.7, 23.6, 14.4],
							"size": [1.2, 3, 1.5],
							"inflate": -0.3,
							"pivot": [-1.1, 22.2, 16.45],
							"rotation": [69, 0, 0],
							"uv": {
								"north": {"uv": [60, 69], "uv_size": [-3, -16]},
								"east": {"uv": [60, 69], "uv_size": [-3, -16]},
								"south": {"uv": [60, 69], "uv_size": [-3, -16]},
								"west": {"uv": [60, 69], "uv_size": [-3, -16]},
								"up": {"uv": [57, 53], "uv_size": [3, 16]},
								"down": {"uv": [57, 53], "uv_size": [3, 16]}
							}
						},
						{
							"origin": [-1.7, 21.7, 7.4],
							"size": [1.2, 2, 11.1],
							"inflate": -0.3,
							"uv": {
								"north": {"uv": [60, 69], "uv_size": [-3, -16]},
								"east": {"uv": [60, 69], "uv_size": [-3, -16]},
								"south": {"uv": [60, 69], "uv_size": [-3, -16]},
								"west": {"uv": [60, 69], "uv_size": [-3, -16]},
								"up": {"uv": [57, 53], "uv_size": [3, 16]},
								"down": {"uv": [57, 53], "uv_size": [3, 16]}
							}
						},
						{
							"origin": [-1.7, 22.4, 6],
							"size": [3.4, 1.3, 2],
							"inflate": -0.3,
							"uv": {
								"north": {"uv": [60, 69], "uv_size": [-3, -16]},
								"east": {"uv": [60, 69], "uv_size": [-3, -16]},
								"south": {"uv": [60, 69], "uv_size": [-3, -16]},
								"west": {"uv": [60, 69], "uv_size": [-3, -16]},
								"up": {"uv": [57, 53], "uv_size": [3, 16]},
								"down": {"uv": [57, 53], "uv_size": [3, 16]}
							}
						},
						{
							"origin": [-1.1, 9.26, 14.2],
							"size": [2.8, 2.15, 1.2],
							"inflate": -0.3,
							"pivot": [3.2, 10.23, 0.95],
							"rotation": [63, 0, 0],
							"uv": {
								"north": {"uv": [60, 69], "uv_size": [-3, -16]},
								"east": {"uv": [60, 69], "uv_size": [-3, -16]},
								"south": {"uv": [60, 69], "uv_size": [-3, -16]},
								"west": {"uv": [60, 69], "uv_size": [-3, -16]},
								"up": {"uv": [57, 53], "uv_size": [3, 16]},
								"down": {"uv": [57, 53], "uv_size": [3, 16]}
							}
						},
						{
							"origin": [-1.7, 9.26, 14.2],
							"size": [1.2, 2.15, 1.2],
							"inflate": -0.3,
							"pivot": [1, 10.23, 0.95],
							"rotation": [63, 0, 0],
							"uv": {
								"north": {"uv": [60, 69], "uv_size": [-3, -16]},
								"east": {"uv": [60, 69], "uv_size": [-3, -16]},
								"south": {"uv": [60, 69], "uv_size": [-3, -16]},
								"west": {"uv": [60, 69], "uv_size": [-3, -16]},
								"up": {"uv": [57, 53], "uv_size": [3, 16]},
								"down": {"uv": [57, 53], "uv_size": [3, 16]}
							}
						},
						{
							"origin": [-0.74, 22.5, 6],
							"size": [2, 1.3, 5],
							"inflate": -0.3,
							"pivot": [1, 22.8, -2.85],
							"rotation": [0, 0, 36],
							"uv": {
								"north": {"uv": [60, 69], "uv_size": [-3, -16]},
								"east": {"uv": [60, 69], "uv_size": [-3, -16]},
								"south": {"uv": [60, 69], "uv_size": [-3, -16]},
								"west": {"uv": [60, 69], "uv_size": [-3, -16]},
								"up": {"uv": [57, 53], "uv_size": [3, 16]},
								"down": {"uv": [57, 53], "uv_size": [3, 16]}
							}
						},
						{
							"origin": [-1.46, 23.1, 6],
							"size": [1.96, 1.3, 5],
							"inflate": -0.3,
							"pivot": [-0.2, 23.4, -2.85],
							"rotation": [0, 0, -36],
							"uv": {
								"north": {"uv": [60, 69], "uv_size": [-3, -16]},
								"east": {"uv": [60, 69], "uv_size": [-3, -16]},
								"south": {"uv": [60, 69], "uv_size": [-3, -16]},
								"west": {"uv": [60, 69], "uv_size": [-3, -16]},
								"up": {"uv": [57, 53], "uv_size": [3, 16]},
								"down": {"uv": [57, 53], "uv_size": [3, 16]}
							}
						},
						{
							"origin": [-0.58, 23.1, 6],
							"size": [1.13, 1.4, 5],
							"inflate": -0.3,
							"uv": {
								"north": {"uv": [60, 69], "uv_size": [-3, -16]},
								"east": {"uv": [60, 69], "uv_size": [-3, -16]},
								"south": {"uv": [60, 69], "uv_size": [-3, -16]},
								"west": {"uv": [60, 69], "uv_size": [-3, -16]},
								"up": {"uv": [57, 53], "uv_size": [3, 16]},
								"down": {"uv": [57, 53], "uv_size": [3, 16]}
							}
						}
					]
				},
				{
					"name": "_ca_stock",
					"parent": "main",
					"pivot": [-0.2, 19.45, -1.025],
					"cubes": [
						{"origin": [-0.45, 20.75, 6.9], "size": [1, 1, 1], "uv": [27, 69]}
					]
				}
			]
		}
	]
}