{
	"format_version": "1.12.0",
	"minecraft:geometry": [
		{
			"description": {
				"identifier": "geometry.unknown",
				"texture_width": 128,
				"texture_height": 128,
				"visible_bounds_width": 9,
				"visible_bounds_height": 5,
				"visible_bounds_offset": [0, 0.5, 0]
			},
			"bones": [
				{
					"name": "main",
					"pivot": [0, 20, 0]
				},
				{
					"name": "gun",
					"parent": "main",
					"pivot": [1, 11, -1]
				},
				{
					"name": "stock",
					"parent": "gun",
					"pivot": [0.65, 8.1, 23.4],
					"cubes": [
						{
							"origin": [-1.49, 20.5, 8.5],
							"size": [3.18, 1.7, 5.2],
							"pivot": [0, 21, 9.8],
							"rotation": [-12, 0, 0],
							"uv": {
								"north": {"uv": [65, 65], "uv_size": [5, 8]},
								"east": {"uv": [65, 65], "uv_size": [5, 8]},
								"south": {"uv": [65, 65], "uv_size": [5, 8]},
								"west": {"uv": [65, 65], "uv_size": [5, 8]},
								"up": {"uv": [70, 73], "uv_size": [-5, -8]},
								"down": {"uv": [70, 73], "uv_size": [-5, -8]}
							}
						},
						{
							"origin": [-1.5, 18.6, 12.5],
							"size": [3.2, 3.5, 3.8],
							"pivot": [0, 20.9, 14.9],
							"rotation": [32, 0, 0],
							"uv": {
								"north": {"uv": [65, 65], "uv_size": [5, 8]},
								"east": {"uv": [65, 65], "uv_size": [5, 8]},
								"south": {"uv": [65, 65], "uv_size": [5, 8]},
								"west": {"uv": [65, 65], "uv_size": [5, 8]},
								"up": {"uv": [70, 73], "uv_size": [-5, -8]},
								"down": {"uv": [70, 73], "uv_size": [-5, -8]}
							}
						},
						{
							"origin": [-1.5, 21.7, 15.2],
							"size": [3.2, 0.7, 17.6],
							"pivot": [0, 21.2, 16.5],
							"rotation": [-9, 0, 0],
							"uv": {
								"north": {"uv": [65, 65], "uv_size": [5, 8]},
								"east": {"uv": [65, 65], "uv_size": [5, 8]},
								"south": {"uv": [65, 65], "uv_size": [5, 8]},
								"west": {"uv": [65, 65], "uv_size": [5, 8]},
								"up": {"uv": [70, 73], "uv_size": [-5, -8]},
								"down": {"uv": [70, 73], "uv_size": [-5, -8]}
							}
						},
						{
							"origin": [-1.51, 9.08, 31.2],
							"size": [3.22, 13.7, 0.4],
							"pivot": [0, 13.6, 17.7],
							"rotation": [-12, 0, 0],
							"uv": {
								"north": {"uv": [43, 29], "uv_size": [14, 5]},
								"east": {"uv": [43, 29], "uv_size": [14, 5]},
								"south": {"uv": [43, 29], "uv_size": [14, 5]},
								"west": {"uv": [43, 29], "uv_size": [14, 5]},
								"up": {"uv": [57, 34], "uv_size": [-14, -5]},
								"down": {"uv": [57, 34], "uv_size": [-14, -5]}
							}
						},
						{
							"origin": [-1.5, -6.55, 32.3],
							"size": [3.2, 15.4, 2],
							"pivot": [0, -2.3, 19.7],
							"rotation": [60, 0, 0],
							"uv": {
								"north": {"uv": [65, 65], "uv_size": [5, 8]},
								"east": {"uv": [65, 65], "uv_size": [5, 8]},
								"south": {"uv": [65, 65], "uv_size": [5, 8]},
								"west": {"uv": [65, 65], "uv_size": [5, 8]},
								"up": {"uv": [70, 73], "uv_size": [-5, -8]},
								"down": {"uv": [70, 73], "uv_size": [-5, -8]}
							}
						},
						{
							"origin": [-1.5, -6.85, 32.3],
							"size": [3.2, 0.3, 1.2],
							"pivot": [0, -2.3, 19.7],
							"rotation": [60, 0, 0],
							"uv": {
								"north": {"uv": [65, 65], "uv_size": [5, 8]},
								"east": {"uv": [65, 65], "uv_size": [5, 8]},
								"south": {"uv": [65, 65], "uv_size": [5, 8]},
								"west": {"uv": [65, 65], "uv_size": [5, 8]},
								"up": {"uv": [70, 73], "uv_size": [-5, -8]},
								"down": {"uv": [70, 73], "uv_size": [-5, -8]}
							}
						},
						{
							"origin": [-1.49, 2.15, 23.8],
							"size": [3.18, 11.3, 3.9],
							"pivot": [0, 2.6, 11.2],
							"rotation": [63, 0, 0],
							"uv": {
								"north": {"uv": [65, 65], "uv_size": [5, 8]},
								"east": {"uv": [65, 65], "uv_size": [5, 8]},
								"south": {"uv": [65, 65], "uv_size": [5, 8]},
								"west": {"uv": [65, 65], "uv_size": [5, 8]},
								"up": {"uv": [70, 73], "uv_size": [-5, -8]},
								"down": {"uv": [70, 73], "uv_size": [-5, -8]}
							}
						},
						{
							"origin": [-1.5, -4.85, 34.3],
							"size": [3.2, 18, 4.6],
							"pivot": [0, -2.3, 19.7],
							"rotation": [60, 0, 0],
							"uv": {
								"north": {"uv": [65, 65], "uv_size": [5, 8]},
								"east": {"uv": [65, 65], "uv_size": [5, 8]},
								"south": {"uv": [65, 65], "uv_size": [5, 8]},
								"west": {"uv": [65, 65], "uv_size": [5, 8]},
								"up": {"uv": [70, 73], "uv_size": [-5, -8]},
								"down": {"uv": [70, 73], "uv_size": [-5, -8]}
							}
						},
						{
							"origin": [-1.5, -2.85, 38.9],
							"size": [3.2, 9.5, 2.8],
							"pivot": [0, -2.3, 19.7],
							"rotation": [60, 0, 0],
							"uv": {
								"north": {"uv": [65, 65], "uv_size": [5, 8]},
								"east": {"uv": [65, 65], "uv_size": [5, 8]},
								"south": {"uv": [65, 65], "uv_size": [5, 8]},
								"west": {"uv": [65, 65], "uv_size": [5, 8]},
								"up": {"uv": [70, 73], "uv_size": [-5, -8]},
								"down": {"uv": [70, 73], "uv_size": [-5, -8]}
							}
						},
						{
							"origin": [-1.5, 6.65, 38.9],
							"size": [3.2, 6.2, 0.5],
							"pivot": [0, -2.3, 19.7],
							"rotation": [60, 0, 0],
							"uv": {
								"north": {"uv": [65, 65], "uv_size": [5, 8]},
								"east": {"uv": [65, 65], "uv_size": [5, 8]},
								"south": {"uv": [65, 65], "uv_size": [5, 8]},
								"west": {"uv": [65, 65], "uv_size": [5, 8]},
								"up": {"uv": [70, 73], "uv_size": [-5, -8]},
								"down": {"uv": [70, 73], "uv_size": [-5, -8]}
							}
						},
						{
							"origin": [-1.5, 17, 15.2],
							"size": [3.2, 4.7, 17.7],
							"pivot": [0, 21.2, 16.5],
							"rotation": [-9, 0, 0],
							"uv": {
								"north": {"uv": [65, 65], "uv_size": [5, 8]},
								"east": {"uv": [65, 65], "uv_size": [5, 8]},
								"south": {"uv": [65, 65], "uv_size": [5, 8]},
								"west": {"uv": [65, 65], "uv_size": [5, 8]},
								"up": {"uv": [70, 73], "uv_size": [-5, -8]},
								"down": {"uv": [70, 73], "uv_size": [-5, -8]}
							}
						},
						{
							"origin": [-1.5, 15.5, 30.7],
							"size": [3.2, 1.6, 1.9],
							"pivot": [0, 21.2, 16.5],
							"rotation": [-9, 0, 0],
							"uv": {
								"north": {"uv": [65, 65], "uv_size": [5, 8]},
								"east": {"uv": [65, 65], "uv_size": [5, 8]},
								"south": {"uv": [65, 65], "uv_size": [5, 8]},
								"west": {"uv": [65, 65], "uv_size": [5, 8]},
								"up": {"uv": [70, 73], "uv_size": [-5, -8]},
								"down": {"uv": [70, 73], "uv_size": [-5, -8]}
							}
						},
						{
							"origin": [-1.5, 10.3, 30.7],
							"size": [3.2, 4.8, 1.8],
							"pivot": [0, 21.2, 16.5],
							"rotation": [-9, 0, 0],
							"uv": {
								"north": {"uv": [65, 65], "uv_size": [5, 8]},
								"east": {"uv": [65, 65], "uv_size": [5, 8]},
								"south": {"uv": [65, 65], "uv_size": [5, 8]},
								"west": {"uv": [65, 65], "uv_size": [5, 8]},
								"up": {"uv": [70, 73], "uv_size": [-5, -8]},
								"down": {"uv": [70, 73], "uv_size": [-5, -8]}
							}
						},
						{
							"origin": [-1.5, 18, 6.7],
							"size": [3.2, 4.4, 2.1],
							"uv": {
								"north": {"uv": [40, 87], "uv_size": [3, 5]},
								"east": {"uv": [40, 87], "uv_size": [3, 5]},
								"south": {"uv": [40, 87], "uv_size": [3, 5]},
								"west": {"uv": [40, 87], "uv_size": [3, 5]},
								"up": {"uv": [43, 92], "uv_size": [-3, -5]},
								"down": {"uv": [43, 92], "uv_size": [-3, -5]}
							}
						},
						{
							"origin": [-1.5, 22.1, 6.3],
							"size": [3.2, 0.7, 2.2],
							"pivot": [0, 21.6, 7.5],
							"rotation": [-20, 0, 0],
							"uv": {
								"north": {"uv": [40, 87], "uv_size": [3, 5]},
								"east": {"uv": [40, 87], "uv_size": [3, 5]},
								"south": {"uv": [40, 87], "uv_size": [3, 5]},
								"west": {"uv": [40, 87], "uv_size": [3, 5]},
								"up": {"uv": [43, 92], "uv_size": [-3, -5]},
								"down": {"uv": [43, 92], "uv_size": [-3, -5]}
							}
						}
					]
				},
				{
					"name": "_ca_stock",
					"parent": "main",
					"pivot": [-0.2, 19.45, -1.025],
					"cubes": [
						{"origin": [-0.45, 20.75, 6.775], "size": [1, 1, 1], "uv": [24, 121]}
					]
				}
			]
		}
	]
}