{
	"format_version": "1.12.0",
	"minecraft:geometry": [
		{
			"description": {
				"identifier": "geometry.unknown",
				"texture_width": 128,
				"texture_height": 128,
				"visible_bounds_width": 9,
				"visible_bounds_height": 5,
				"visible_bounds_offset": [0, 0.5, 0]
			},
			"bones": [
				{
					"name": "main",
					"pivot": [0, 20, 0]
				},
				{
					"name": "gun",
					"parent": "main",
					"pivot": [1, 11, -1],
					"cubes": [
						{
							"origin": [-1.7, 17.9, 6.9],
							"size": [3.4, 5.5, 3.7],
							"inflate": -0.3,
							"uv": {
								"north": {"uv": [40, 87], "uv_size": [3, 5]},
								"east": {"uv": [40, 87], "uv_size": [3, 5]},
								"south": {"uv": [40, 87], "uv_size": [3, 5]},
								"west": {"uv": [40, 87], "uv_size": [3, 5]},
								"up": {"uv": [43, 92], "uv_size": [-3, -5]},
								"down": {"uv": [43, 92], "uv_size": [-3, -5]}
							}
						},
						{
							"origin": [-1, 9.6, 7.8],
							"size": [2, 2.9, 24.7],
							"inflate": -0.3,
							"pivot": [1.2, 10.8, 29.25],
							"rotation": [-24, 0, 0],
							"uv": {
								"north": {"uv": [40, 87], "uv_size": [3, 5]},
								"east": {"uv": [40, 87], "uv_size": [3, 5]},
								"south": {"uv": [40, 87], "uv_size": [3, 5]},
								"west": {"uv": [40, 87], "uv_size": [3, 5]},
								"up": {"uv": [43, 92], "uv_size": [-3, -5]},
								"down": {"uv": [43, 92], "uv_size": [-3, -5]}
							}
						},
						{
							"origin": [-1, 20.2, 10],
							"size": [2, 3.1, 21.7],
							"inflate": -0.3,
							"uv": {
								"north": {"uv": [40, 87], "uv_size": [3, 5]},
								"east": {"uv": [40, 87], "uv_size": [3, 5]},
								"south": {"uv": [40, 87], "uv_size": [3, 5]},
								"west": {"uv": [40, 87], "uv_size": [3, 5]},
								"up": {"uv": [43, 92], "uv_size": [-3, -5]},
								"down": {"uv": [43, 92], "uv_size": [-3, -5]}
							}
						},
						{
							"origin": [-1, 18.7, 10],
							"size": [2, 2.2, 3.6],
							"inflate": -0.3,
							"uv": {
								"north": {"uv": [40, 87], "uv_size": [3, 5]},
								"east": {"uv": [40, 87], "uv_size": [3, 5]},
								"south": {"uv": [40, 87], "uv_size": [3, 5]},
								"west": {"uv": [40, 87], "uv_size": [3, 5]},
								"up": {"uv": [43, 92], "uv_size": [-3, -5]},
								"down": {"uv": [43, 92], "uv_size": [-3, -5]}
							}
						},
						{
							"origin": [-1.2, 8.56, 31],
							"size": [2.4, 14.76, 2.9],
							"inflate": -0.3,
							"uv": {
								"north": {"uv": [40, 87], "uv_size": [3, 5]},
								"east": {"uv": [40, 87], "uv_size": [3, 5]},
								"south": {"uv": [40, 87], "uv_size": [3, 5]},
								"west": {"uv": [40, 87], "uv_size": [3, 5]},
								"up": {"uv": [43, 92], "uv_size": [-3, -5]},
								"down": {"uv": [43, 92], "uv_size": [-3, -5]}
							}
						},
						{
							"origin": [-1.4, 18, 6.6],
							"size": [2.8, 5.3, 2.4],
							"inflate": -0.3,
							"uv": {
								"north": {"uv": [40, 87], "uv_size": [3, 5]},
								"east": {"uv": [40, 87], "uv_size": [3, 5]},
								"south": {"uv": [40, 87], "uv_size": [3, 5]},
								"west": {"uv": [40, 87], "uv_size": [3, 5]},
								"up": {"uv": [43, 92], "uv_size": [-3, -5]},
								"down": {"uv": [43, 92], "uv_size": [-3, -5]}
							}
						}
					]
				},
				{
					"name": "_ca_stock",
					"parent": "main",
					"pivot": [-0.2, 19.45, -1.025],
					"cubes": [
						{"origin": [-0.45, 20.75, 6.9], "size": [1, 1, 1], "uv": [27, 69]}
					]
				}
			]
		}
	]
}