{
	"format_version": "1.12.0",
	"minecraft:geometry": [
		{
			"description": {
				"identifier": "geometry.unknown",
				"texture_width": 128,
				"texture_height": 128,
				"visible_bounds_width": 9,
				"visible_bounds_height": 5,
				"visible_bounds_offset": [0, 0.5, 0]
			},
			"bones": [
				{
					"name": "main",
					"pivot": [0, 20, 0]
				},
				{
					"name": "gun",
					"parent": "main",
					"pivot": [1, 11, -1]
				},
				{
					"name": "lowerbody",
					"parent": "gun",
					"pivot": [0.65, 18.1, -9],
					"rotation": [-2, 0, 0]
				},
				{
					"name": "pgriptrigger",
					"parent": "lowerbody",
					"pivot": [-1.1, 17.5, -15.55],
					"cubes": [
						{
							"origin": [-1.35, 14.84, -2],
							"size": [2.9, 4.2, 0.6],
							"inflate": -0.1,
							"uv": {
								"north": {"uv": [90, 65], "uv_size": [3, 4]},
								"east": {"uv": [93, 71], "uv_size": [1, 4]},
								"south": {"uv": [90, 71], "uv_size": [3, 4]},
								"west": {"uv": [103, 27], "uv_size": [1, 4]},
								"up": {"uv": [76, 8], "uv_size": [3, 1]},
								"down": {"uv": [105, 102], "uv_size": [3, -1]}
							}
						},
						{
							"origin": [-1.35, 14.24, -7.4],
							"size": [2.9, 0.6, 5],
							"inflate": -0.11,
							"uv": {
								"north": {"uv": [106, 2], "uv_size": [3, 1]},
								"east": {"uv": [103, 4], "uv_size": [5, 1]},
								"south": {"uv": [106, 31], "uv_size": [3, 1]},
								"west": {"uv": [103, 7], "uv_size": [5, 1]},
								"up": {"uv": [43, 87], "uv_size": [3, 5]},
								"down": {"uv": [57, 92], "uv_size": [3, -5]}
							}
						},
						{
							"origin": [-0.85, 15.25, -5.15],
							"size": [1.9, 4, 1],
							"inflate": -0.1,
							"pivot": [1.15, 15.25, -4.15],
							"rotation": [-21, 0, 0],
							"uv": {
								"north": {"uv": [97, 74], "uv_size": [2, 4]},
								"east": {"uv": [83, 103], "uv_size": [1, 4]},
								"south": {"uv": [85, 97], "uv_size": [2, 4]},
								"west": {"uv": [103, 88], "uv_size": [1, 4]},
								"up": {"uv": [67, 87], "uv_size": [2, 1]},
								"down": {"uv": [90, 87], "uv_size": [2, -1]}
							}
						},
						{
							"origin": [-1.35, 14.5, -4.5],
							"size": [2.9, 1.4, 0.6],
							"inflate": -0.1,
							"pivot": [1.65, 13.2, -3.5],
							"rotation": [-60, 0, 0],
							"uv": {
								"north": {"uv": [106, 106], "uv_size": [3, 1]},
								"east": {"uv": [73, 109], "uv_size": [1, 1]},
								"south": {"uv": [107, 11], "uv_size": [3, 1]},
								"west": {"uv": [74, 109], "uv_size": [1, 1]},
								"up": {"uv": [107, 12], "uv_size": [3, 1]},
								"down": {"uv": [107, 14], "uv_size": [3, -1]}
							}
						},
						{
							"origin": [-1.35, 14.84, -8.4],
							"size": [2.9, 4.2, 0.6],
							"inflate": -0.1,
							"uv": {
								"north": {"uv": [90, 82], "uv_size": [3, 4]},
								"east": {"uv": [93, 103], "uv_size": [1, 4]},
								"south": {"uv": [11, 91], "uv_size": [3, 4]},
								"west": {"uv": [94, 103], "uv_size": [1, 4]},
								"up": {"uv": [107, 14], "uv_size": [3, 1]},
								"down": {"uv": [107, 20], "uv_size": [3, -1]}
							}
						},
						{
							"origin": [-1.35, 15.74, -6.59],
							"size": [2.9, 1.37, 0.6],
							"inflate": -0.1,
							"pivot": [1.65, 14.4, -5.6],
							"rotation": [60, 0, 0],
							"uv": {
								"north": {"uv": [107, 44], "uv_size": [3, 1]},
								"east": {"uv": [75, 109], "uv_size": [1, 1]},
								"south": {"uv": [107, 54], "uv_size": [3, 1]},
								"west": {"uv": [76, 109], "uv_size": [1, 1]},
								"up": {"uv": [107, 55], "uv_size": [3, 1]},
								"down": {"uv": [107, 57], "uv_size": [3, -1]}
							}
						},
						{
							"origin": [-1.45, 15.44, -9.8],
							"size": [3.1, 3.6, 1.5],
							"inflate": -0.1,
							"uv": {
								"north": {"uv": [91, 27], "uv_size": [3, 4]},
								"east": {"uv": [87, 97], "uv_size": [2, 4]},
								"south": {"uv": [67, 91], "uv_size": [3, 4]},
								"west": {"uv": [89, 97], "uv_size": [2, 4]},
								"up": {"uv": [100, 90], "uv_size": [3, 2]},
								"down": {"uv": [100, 94], "uv_size": [3, -2]}
							}
						},
						{
							"origin": [-0.85, 13.44, -9.1],
							"size": [1.9, 2.4, 0.6],
							"inflate": -0.1,
							"pivot": [1.65, 10.9, -7.7],
							"rotation": [6, 0, 0],
							"uv": {
								"north": {"uv": [103, 69], "uv_size": [2, 2]},
								"east": {"uv": [95, 88], "uv_size": [1, 2]},
								"south": {"uv": [103, 92], "uv_size": [2, 2]},
								"west": {"uv": [96, 74], "uv_size": [1, 2]},
								"up": {"uv": [93, 85], "uv_size": [2, 1]},
								"down": {"uv": [108, 1], "uv_size": [2, -1]}
							}
						},
						{
							"origin": [-0.85, 16.04, -13.3],
							"size": [1.9, 0.9, 0.6],
							"inflate": -0.1,
							"pivot": [1.65, 12, -11.9],
							"rotation": [-54, 0, 0],
							"uv": {
								"north": {"uv": [108, 1], "uv_size": [2, 1]},
								"east": {"uv": [77, 109], "uv_size": [1, 1]},
								"south": {"uv": [108, 9], "uv_size": [2, 1]},
								"west": {"uv": [109, 80], "uv_size": [1, 1]},
								"up": {"uv": [108, 10], "uv_size": [2, 1]},
								"down": {"uv": [108, 19], "uv_size": [2, -1]}
							}
						},
						{
							"origin": [-1.45, 21.3, -10.55],
							"size": [3.1, 0.4, 0.4],
							"pivot": [-1.1, 17.5, -15.55],
							"rotation": [-45, 0, 0],
							"uv": {
								"north": {"uv": [105, 38], "uv_size": [4, 1]},
								"east": {"uv": [111, 90], "uv_size": [1, 1]},
								"south": {"uv": [105, 42], "uv_size": [4, 1]},
								"west": {"uv": [91, 111], "uv_size": [1, 1]},
								"up": {"uv": [105, 43], "uv_size": [4, 1]},
								"down": {"uv": [105, 66], "uv_size": [4, -1]}
							}
						},
						{
							"origin": [-1.25, 15.6, -1.45],
							"size": [2.7, 3.4, 5.95],
							"uv": {
								"north": {"uv": [57, 32], "uv_size": [14, 4]},
								"east": {"uv": [57, 32], "uv_size": [14, 4]},
								"south": {"uv": [57, 32], "uv_size": [14, 4]},
								"west": {"uv": [57, 32], "uv_size": [14, 4]},
								"up": {"uv": [71, 36], "uv_size": [-14, -4]},
								"down": {"uv": [71, 36], "uv_size": [-14, -4]}
							}
						},
						{
							"origin": [-1.25, 17, 4.4],
							"size": [2.7, 2, 2.2],
							"inflate": -0.002,
							"pivot": [-0.35, 17, 4.4],
							"rotation": [66, 0, 0],
							"uv": {
								"north": {"uv": [57, 32], "uv_size": [14, 4]},
								"east": {"uv": [57, 32], "uv_size": [14, 4]},
								"south": {"uv": [57, 32], "uv_size": [14, 4]},
								"west": {"uv": [57, 32], "uv_size": [14, 4]},
								"up": {"uv": [71, 36], "uv_size": [-14, -4]},
								"down": {"uv": [71, 36], "uv_size": [-14, -4]}
							}
						},
						{
							"origin": [-1.251, 7.4, 3.1],
							"size": [2.702, 7.9, 4.8],
							"pivot": [0.75, 7.5, 2.8],
							"rotation": [26, 0, 0],
							"uv": {
								"north": {"uv": [57, 32], "uv_size": [14, 4]},
								"east": {"uv": [65, 65], "uv_size": [5, 8]},
								"south": {"uv": [57, 32], "uv_size": [14, 4]},
								"west": {"uv": [65, 65], "uv_size": [5, 8]},
								"up": {"uv": [61, 87], "uv_size": [3, 5]},
								"down": {"uv": [64, 92], "uv_size": [3, -5]}
							}
						},
						{
							"origin": [-1.25, 15.9, 4.7],
							"size": [2.7, 2.4, 2.6],
							"pivot": [0.75, 9.9, 4.7],
							"rotation": [47, 0, 0],
							"uv": {
								"north": {"uv": [57, 32], "uv_size": [14, 4]},
								"east": {"uv": [57, 32], "uv_size": [14, 4]},
								"south": {"uv": [57, 32], "uv_size": [14, 4]},
								"west": {"uv": [57, 32], "uv_size": [14, 4]},
								"up": {"uv": [71, 36], "uv_size": [-14, -4]},
								"down": {"uv": [71, 36], "uv_size": [-14, -4]}
							}
						},
						{
							"origin": [-1.25, 7.60791, 1.9936],
							"size": [2.7, 1.8, 0.9],
							"pivot": [0.75, 7.7, 2.5],
							"rotation": [-13, 0, 0],
							"uv": {
								"north": {"uv": [57, 32], "uv_size": [14, 4]},
								"east": {"uv": [57, 32], "uv_size": [14, 4]},
								"south": {"uv": [57, 32], "uv_size": [14, 4]},
								"west": {"uv": [57, 32], "uv_size": [14, 4]},
								"up": {"uv": [71, 36], "uv_size": [-14, -4]},
								"down": {"uv": [71, 36], "uv_size": [-14, -4]}
							}
						},
						{
							"origin": [-1.25, 6.7, 2.0617],
							"size": [2.7, 1.2, 0.6],
							"pivot": [0.75, 7.625, 2.5],
							"rotation": [60, 0, 0],
							"uv": {
								"north": {"uv": [57, 32], "uv_size": [14, 4]},
								"east": {"uv": [57, 32], "uv_size": [14, 4]},
								"south": {"uv": [57, 32], "uv_size": [14, 4]},
								"west": {"uv": [57, 32], "uv_size": [14, 4]},
								"up": {"uv": [71, 36], "uv_size": [-14, -4]},
								"down": {"uv": [71, 36], "uv_size": [-14, -4]}
							}
						},
						{
							"origin": [-1.25, 7.5, 2.8],
							"size": [2.7, 1.4, 4.8],
							"pivot": [0.75, 8.1, 2.8],
							"rotation": [9, 0, 0],
							"uv": {
								"north": {"uv": [57, 32], "uv_size": [14, 4]},
								"east": {"uv": [57, 32], "uv_size": [14, 4]},
								"south": {"uv": [57, 32], "uv_size": [14, 4]},
								"west": {"uv": [57, 32], "uv_size": [14, 4]},
								"up": {"uv": [71, 36], "uv_size": [-14, -4]},
								"down": {"uv": [71, 36], "uv_size": [-14, -4]}
							}
						},
						{
							"origin": [-1.25, 7.46596, 2.7501],
							"size": [2.7, 1.4, 4.8],
							"pivot": [0.75, 8.2, 5.1],
							"rotation": [17, 0, 0],
							"uv": {
								"north": {"uv": [57, 32], "uv_size": [14, 4]},
								"east": {"uv": [57, 32], "uv_size": [14, 4]},
								"south": {"uv": [57, 32], "uv_size": [14, 4]},
								"west": {"uv": [57, 32], "uv_size": [14, 4]},
								"up": {"uv": [71, 36], "uv_size": [-14, -4]},
								"down": {"uv": [71, 36], "uv_size": [-14, -4]}
							}
						},
						{
							"origin": [-1.25, 7.5, 1.94],
							"size": [2.7, 0.36, 0.9],
							"pivot": [0.75, 8.1, 2.8],
							"rotation": [9, 0, 0],
							"uv": {
								"north": {"uv": [57, 32], "uv_size": [14, 4]},
								"east": {"uv": [57, 32], "uv_size": [14, 4]},
								"south": {"uv": [57, 32], "uv_size": [14, 4]},
								"west": {"uv": [57, 32], "uv_size": [14, 4]},
								"up": {"uv": [71, 36], "uv_size": [-14, -4]},
								"down": {"uv": [71, 36], "uv_size": [-14, -4]}
							}
						}
					]
				},
				{
					"name": "_ca_lowerak",
					"parent": "main",
					"pivot": [-1, 17.15, -17.425],
					"cubes": [
						{"origin": [-1.25, 18.45, -9.625], "size": [1, 1, 1], "uv": [24, 121]}
					]
				}
			]
		}
	]
}