{
	"format_version": "1.12.0",
	"minecraft:geometry": [
		{
			"description": {
				"identifier": "geometry.unknown",
				"texture_width": 144,
				"texture_height": 144,
				"visible_bounds_width": 8,
				"visible_bounds_height": 4,
				"visible_bounds_offset": [0, 1, 0]
			},
			"bones": [
				{
					"name": "main",
					"pivot": [0, 20, 0]
				},
				{
					"name": "gun",
					"parent": "main",
					"pivot": [1, 11, -1]
				},
				{
					"name": "stock",
					"parent": "gun",
					"pivot": [0.65, 25.9, 5.7]
				},
				{
					"name": "stockad",
					"parent": "stock",
					"pivot": [0.75, 20.7, 6],
					"cubes": [
						{
							"origin": [-0.85, 23.3, 6.1],
							"size": [1.8, 3.6, 1.9],
							"pivot": [0.65, 25.9, 5.7],
							"rotation": [37, 0, 0],
							"uv": {
								"north": {"uv": [40, 14], "uv_size": [3, 4]},
								"east": {"uv": [40, 14], "uv_size": [3, 4]},
								"south": {"uv": [40, 14], "uv_size": [3, 4]},
								"west": {"uv": [40, 14], "uv_size": [3, 4]},
								"up": {"uv": [43, 18], "uv_size": [-3, -4]},
								"down": {"uv": [43, 18], "uv_size": [-3, -4]}
							}
						},
						{
							"origin": [-1.5, 19.5, 7],
							"size": [3.1, 5.7, 3.12],
							"uv": {
								"north": {"uv": [40, 14], "uv_size": [3, 4]},
								"east": {"uv": [40, 14], "uv_size": [3, 4]},
								"south": {"uv": [40, 14], "uv_size": [3, 4]},
								"west": {"uv": [40, 14], "uv_size": [3, 4]},
								"up": {"uv": [43, 18], "uv_size": [-3, -4]},
								"down": {"uv": [43, 18], "uv_size": [-3, -4]}
							}
						},
						{
							"origin": [-1.2987, 20.25742, 15.20338],
							"size": [2.68398, 3.98268, 16.64068],
							"uv": {
								"north": {"uv": [40, 14], "uv_size": [3, 4]},
								"east": {"uv": [40, 14], "uv_size": [3, 4]},
								"south": {"uv": [40, 14], "uv_size": [3, 4]},
								"west": {"uv": [40, 14], "uv_size": [3, 4]},
								"up": {"uv": [43, 18], "uv_size": [-3, -4]},
								"down": {"uv": [43, 18], "uv_size": [-3, -4]}
							}
						},
						{
							"origin": [-0.77922, 14.62972, 23.94796],
							"size": [1.64502, 3.11688, 7.63636],
							"uv": {
								"north": {"uv": [40, 14], "uv_size": [3, 4]},
								"east": {"uv": [40, 14], "uv_size": [3, 4]},
								"south": {"uv": [40, 14], "uv_size": [3, 4]},
								"west": {"uv": [40, 14], "uv_size": [3, 4]},
								"up": {"uv": [43, 18], "uv_size": [-3, -4]},
								"down": {"uv": [43, 18], "uv_size": [-3, -4]}
							}
						},
						{
							"origin": [-0.77922, 11.33968, 28.27696],
							"size": [1.64502, 4.06926, 3.30736],
							"uv": {
								"north": {"uv": [40, 14], "uv_size": [3, 4]},
								"east": {"uv": [40, 14], "uv_size": [3, 4]},
								"south": {"uv": [40, 14], "uv_size": [3, 4]},
								"west": {"uv": [40, 14], "uv_size": [3, 4]},
								"up": {"uv": [43, 18], "uv_size": [-3, -4]},
								"down": {"uv": [43, 18], "uv_size": [-3, -4]}
							}
						},
						{
							"origin": [-0.8658, 23.8072, 31.65358],
							"size": [1.81818, 0.8658, 0.8658],
							"pivot": [0.64935, 22.33534, 15.9826],
							"rotation": [-45, 0, 0],
							"uv": {
								"north": {"uv": [0, 81], "uv_size": [2, 6]},
								"east": {"uv": [81, 12], "uv_size": [2, 6]},
								"south": {"uv": [0, 81], "uv_size": [2, 6]},
								"west": {"uv": [0, 81], "uv_size": [2, 6]},
								"up": {"uv": [2, 87], "uv_size": [-2, -6]},
								"down": {"uv": [2, 87], "uv_size": [-2, -6]}
							}
						},
						{
							"origin": [-0.8658, 29.17516, 27.32458],
							"size": [1.81818, 0.8658, 0.8658],
							"pivot": [0.64935, 27.7033, 11.6536],
							"rotation": [-45, 0, 0],
							"uv": {
								"north": {"uv": [0, 81], "uv_size": [2, 6]},
								"east": {"uv": [0, 81], "uv_size": [2, 6]},
								"south": {"uv": [0, 81], "uv_size": [2, 6]},
								"west": {"uv": [0, 81], "uv_size": [2, 6]},
								"up": {"uv": [2, 87], "uv_size": [-2, -6]},
								"down": {"uv": [2, 87], "uv_size": [-2, -6]}
							}
						},
						{
							"origin": [-0.8658, 30.82018, 22.12978],
							"size": [1.81818, 0.8658, 0.8658],
							"pivot": [0.64935, 29.34832, 6.4588],
							"rotation": [-45, 0, 0],
							"uv": {
								"north": {"uv": [0, 81], "uv_size": [2, 6]},
								"east": {"uv": [0, 81], "uv_size": [2, 6]},
								"south": {"uv": [0, 81], "uv_size": [2, 6]},
								"west": {"uv": [0, 81], "uv_size": [2, 6]},
								"up": {"uv": [2, 87], "uv_size": [-2, -6]},
								"down": {"uv": [2, 87], "uv_size": [-2, -6]}
							}
						},
						{
							"origin": [-0.77922, 16.53448, 22.30294],
							"size": [1.64502, 1.21212, 1.66234],
							"uv": {
								"north": {"uv": [40, 14], "uv_size": [3, 4]},
								"east": {"uv": [40, 14], "uv_size": [3, 4]},
								"south": {"uv": [40, 14], "uv_size": [3, 4]},
								"west": {"uv": [40, 14], "uv_size": [3, 4]},
								"up": {"uv": [43, 18], "uv_size": [-3, -4]},
								"down": {"uv": [43, 18], "uv_size": [-3, -4]}
							}
						},
						{
							"origin": [-0.77922, 17.7466, 19.8787],
							"size": [1.64502, 2.51082, 4],
							"uv": {
								"north": {"uv": [40, 14], "uv_size": [3, 4]},
								"east": {"uv": [40, 14], "uv_size": [3, 4]},
								"south": {"uv": [40, 14], "uv_size": [3, 4]},
								"west": {"uv": [40, 14], "uv_size": [3, 4]},
								"up": {"uv": [43, 18], "uv_size": [-3, -4]},
								"down": {"uv": [43, 18], "uv_size": [-3, -4]}
							}
						},
						{
							"origin": [-0.77922, 17.7466, 28.27696],
							"size": [1.64502, 2.51082, 1.8355],
							"uv": {
								"north": {"uv": [40, 14], "uv_size": [3, 4]},
								"east": {"uv": [40, 14], "uv_size": [3, 4]},
								"south": {"uv": [40, 14], "uv_size": [3, 4]},
								"west": {"uv": [40, 14], "uv_size": [3, 4]},
								"up": {"uv": [43, 18], "uv_size": [-3, -4]},
								"down": {"uv": [43, 18], "uv_size": [-3, -4]}
							}
						},
						{
							"origin": [-0.77922, 17.7466, 23.86138],
							"size": [1.64502, 1.21212, 4.4329],
							"uv": {
								"north": {"uv": [40, 14], "uv_size": [3, 4]},
								"east": {"uv": [40, 14], "uv_size": [3, 4]},
								"south": {"uv": [40, 14], "uv_size": [3, 4]},
								"west": {"uv": [40, 14], "uv_size": [3, 4]},
								"up": {"uv": [43, 18], "uv_size": [-3, -4]},
								"down": {"uv": [43, 18], "uv_size": [-3, -4]}
							}
						},
						{
							"origin": [-0.4329, 18.78556, 27.84406],
							"size": [0.95238, 0.60606, 1.14286],
							"pivot": [0.64935, 18.78556, 28.27696],
							"rotation": [45, 0, 0],
							"uv": {
								"north": {"uv": [40, 14], "uv_size": [3, 4]},
								"east": {"uv": [40, 14], "uv_size": [3, 4]},
								"south": {"uv": [40, 14], "uv_size": [3, 4]},
								"west": {"uv": [40, 14], "uv_size": [3, 4]},
								"up": {"uv": [43, 18], "uv_size": [-3, -4]},
								"down": {"uv": [43, 18], "uv_size": [-3, -4]}
							}
						},
						{
							"origin": [-0.4329, 19.82452, 23.68822],
							"size": [0.95238, 0.60606, 1.14286],
							"pivot": [0.64935, 19.82452, 24.12112],
							"rotation": [45, 0, 0],
							"uv": {
								"north": {"uv": [40, 14], "uv_size": [3, 4]},
								"east": {"uv": [40, 14], "uv_size": [3, 4]},
								"south": {"uv": [40, 14], "uv_size": [3, 4]},
								"west": {"uv": [40, 14], "uv_size": [3, 4]},
								"up": {"uv": [43, 18], "uv_size": [-3, -4]},
								"down": {"uv": [43, 18], "uv_size": [-3, -4]}
							}
						},
						{
							"origin": [-0.4329, 18.35266, 24.12112],
							"size": [0.95238, 0.95238, 0.45022],
							"pivot": [0.64935, 18.52582, 23.86138],
							"rotation": [45, 0, 0],
							"uv": {
								"north": {"uv": [40, 14], "uv_size": [3, 4]},
								"east": {"uv": [40, 14], "uv_size": [3, 4]},
								"south": {"uv": [40, 14], "uv_size": [3, 4]},
								"west": {"uv": [40, 14], "uv_size": [3, 4]},
								"up": {"uv": [43, 18], "uv_size": [-3, -4]},
								"down": {"uv": [43, 18], "uv_size": [-3, -4]}
							}
						},
						{
							"origin": [-0.4329, 19.39162, 28.27696],
							"size": [0.95238, 0.95238, 0.45022],
							"pivot": [0.64935, 19.56478, 28.01722],
							"rotation": [45, 0, 0],
							"uv": {
								"north": {"uv": [40, 14], "uv_size": [3, 4]},
								"east": {"uv": [40, 14], "uv_size": [3, 4]},
								"south": {"uv": [40, 14], "uv_size": [3, 4]},
								"west": {"uv": [40, 14], "uv_size": [3, 4]},
								"up": {"uv": [43, 18], "uv_size": [-3, -4]},
								"down": {"uv": [43, 18], "uv_size": [-3, -4]}
							}
						},
						{
							"origin": [-0.77922, 11.32628, 28.26392],
							"size": [1.64502, 16.10388, 3.39394],
							"pivot": [-0.04329, 11.33968, 28.27696],
							"rotation": [55, 0, 0],
							"uv": {
								"north": {"uv": [40, 14], "uv_size": [3, 4]},
								"east": {"uv": [40, 14], "uv_size": [3, 4]},
								"south": {"uv": [40, 14], "uv_size": [3, 4]},
								"west": {"uv": [40, 14], "uv_size": [3, 4]},
								"up": {"uv": [43, 18], "uv_size": [-3, -4]},
								"down": {"uv": [43, 18], "uv_size": [-3, -4]}
							}
						},
						{
							"origin": [-1.2987, 11.33968, 30.09514],
							"size": [2.68398, 8.91774, 1.74892],
							"uv": {
								"north": {"uv": [40, 14], "uv_size": [3, 4]},
								"east": {"uv": [40, 14], "uv_size": [3, 4]},
								"south": {"uv": [40, 14], "uv_size": [3, 4]},
								"west": {"uv": [40, 14], "uv_size": [3, 4]},
								"up": {"uv": [43, 18], "uv_size": [-3, -4]},
								"down": {"uv": [43, 18], "uv_size": [-3, -4]}
							}
						},
						{
							"origin": [-1.03896, 20.43058, 10.00858],
							"size": [2.1645, 3.8961, 21.66232],
							"uv": {
								"north": {"uv": [40, 14], "uv_size": [3, 4]},
								"east": {"uv": [40, 14], "uv_size": [3, 4]},
								"south": {"uv": [40, 14], "uv_size": [3, 4]},
								"west": {"uv": [40, 14], "uv_size": [3, 4]},
								"up": {"uv": [43, 18], "uv_size": [-3, -4]},
								"down": {"uv": [43, 18], "uv_size": [-3, -4]}
							}
						},
						{
							"origin": [-1.42554, 22.6414, 14.94667],
							"size": [2.15844, 2.59134, 17.13678],
							"inflate": -0.3,
							"pivot": [-0.17316, 24.32668, 7.02157],
							"rotation": [0, 0, -36],
							"uv": {
								"north": {"uv": [0, 81], "uv_size": [2, 6]},
								"east": {"uv": [0, 81], "uv_size": [2, 6]},
								"south": {"uv": [0, 81], "uv_size": [2, 6]},
								"west": {"uv": [0, 81], "uv_size": [2, 6]},
								"up": {"uv": [2, 87], "uv_size": [-2, -6]},
								"down": {"uv": [2, 87], "uv_size": [-2, -6]}
							}
						},
						{
							"origin": [-0.90606, 22.29508, 14.90338],
							"size": [2.24502, 2.50476, 17.22336],
							"inflate": -0.3,
							"pivot": [0.77922, 23.89378, 7.02157],
							"rotation": [0, 0, 36],
							"uv": {
								"north": {"uv": [40, 14], "uv_size": [3, 4]},
								"east": {"uv": [40, 14], "uv_size": [3, 4]},
								"south": {"uv": [40, 14], "uv_size": [3, 4]},
								"west": {"uv": [40, 14], "uv_size": [3, 4]},
								"up": {"uv": [43, 18], "uv_size": [-3, -4]},
								"down": {"uv": [43, 18], "uv_size": [-3, -4]}
							}
						}
					]
				},
				{
					"name": "_ca_stock",
					"parent": "main",
					"pivot": [-0.2, 20.95, 0.075],
					"cubes": [
						{"origin": [-0.45, 22.35, 6.975], "size": [1, 1, 1], "uv": [27, 69]}
					]
				}
			],
			"item_display_transforms": {
				"thirdperson_righthand": {
					"translation": [0.25, -4.75, 1],
					"scale": [0.25, 0.25, 0.25]
				},
				"thirdperson_lefthand": {
					"translation": [0.25, -4.75, 1],
					"scale": [0.25, 0.25, 0.25]
				},
				"firstperson_righthand": {
					"rotation": [0, 0, 3.5],
					"translation": [0, -26, -7]
				},
				"firstperson_lefthand": {
					"rotation": [0, 0, 3.5],
					"translation": [0, -26, -6]
				},
				"ground": {
					"translation": [0, -6, 3.5],
					"scale": [0.3, 0.3, 0.3]
				},
				"gui": {
					"rotation": [44, 50, -40],
					"translation": [-0.25, -7.75, 0],
					"scale": [0.37, 0.37, 0.37]
				},
				"fixed": {
					"rotation": [180, -90, 180],
					"translation": [-5.5, -10.25, -1],
					"scale": [0.62, 0.62, 0.62]
				}
			}
		}
	]
}