{
	"format_version": "1.12.0",
	"minecraft:geometry": [
		{
			"description": {
				"identifier": "geometry.unknown",
				"texture_width": 128,
				"texture_height": 128,
				"visible_bounds_width": 8,
				"visible_bounds_height": 4,
				"visible_bounds_offset": [0, 1, 0]
			},
			"bones": [
				{
					"name": "main",
					"pivot": [0, 20, 0]
				},
				{
					"name": "gun",
					"parent": "main",
					"pivot": [1, 11, -1]
				},
				{
					"name": "handguard",
					"parent": "gun",
					"pivot": [-0.2, -12.8, -50.55],
					"cubes": [
						{
							"origin": [-0.9, 27.1, -36.3],
							"size": [1.88, 1, 14.8],
							"uv": {
								"north": {"uv": [41, 92], "uv_size": [2, 1]},
								"east": {"uv": [53, 18], "uv_size": [19, 1]},
								"south": {"uv": [92, 41], "uv_size": [2, 1]},
								"west": {"uv": [57, 45], "uv_size": [19, 1]},
								"up": {"uv": [31, 44], "uv_size": [2, 19]},
								"down": {"uv": [51, 19], "uv_size": [2, -19]}
							}
						},
						{
							"origin": [-0.7, 26.3, -36.3],
							"size": [1.38, 0.8, 9.1],
							"uv": {
								"north": {"uv": [98, 18], "uv_size": [1, 1]},
								"east": {"uv": [60, 10], "uv_size": [17, 1]},
								"south": {"uv": [19, 98], "uv_size": [1, 1]},
								"west": {"uv": [60, 11], "uv_size": [17, 1]},
								"up": {"uv": [25, 60], "uv_size": [1, 17]},
								"down": {"uv": [26, 77], "uv_size": [1, -17]}
							}
						},
						{
							"origin": [-0.82, 21.8, -36.67],
							"size": [1.7, 0.4, 15.2],
							"uv": {
								"north": {"uv": [98, 21], "uv_size": [1, 1]},
								"east": {"uv": [57, 46], "uv_size": [19, 1]},
								"south": {"uv": [22, 98], "uv_size": [1, 1]},
								"west": {"uv": [57, 47], "uv_size": [19, 1]},
								"up": {"uv": [57, 48], "uv_size": [1, 19]},
								"down": {"uv": [58, 67], "uv_size": [1, -19]}
							}
						},
						{
							"origin": [-2.92, 24.2, -33.5],
							"size": [1.7, 0.4, 7.1],
							"pivot": [-2.25, 24.2, -36.8],
							"rotation": [0, 0, 90],
							"uv": {
								"north": {"uv": [95, 83], "uv_size": [2, 1]},
								"east": {"uv": [78, 8], "uv_size": [7, 1]},
								"south": {"uv": [95, 84], "uv_size": [2, 1]},
								"west": {"uv": [78, 77], "uv_size": [7, 1]},
								"up": {"uv": [13, 66], "uv_size": [2, 7]},
								"down": {"uv": [15, 73], "uv_size": [2, -7]}
							}
						},
						{
							"origin": [1.18, 24.2, -33.5],
							"size": [1.7, 0.4, 7.1],
							"pivot": [1.85, 24.2, -36.8],
							"rotation": [0, 0, 90],
							"uv": {
								"north": {"uv": [95, 81], "uv_size": [2, 1]},
								"east": {"uv": [48, 33], "uv_size": [7, 1]},
								"south": {"uv": [82, 95], "uv_size": [2, 1]},
								"west": {"uv": [77, 51], "uv_size": [7, 1]},
								"up": {"uv": [51, 65], "uv_size": [2, 7]},
								"down": {"uv": [6, 73], "uv_size": [2, -7]}
							}
						},
						{
							"origin": [-0.82, 28.5, -21.7],
							"size": [1.7, 0.2, 0.6],
							"uv": {
								"north": {"uv": [21, 100], "uv_size": [1, 1]},
								"east": {"uv": [100, 21], "uv_size": [1, 1]},
								"south": {"uv": [22, 100], "uv_size": [1, 1]},
								"west": {"uv": [100, 22], "uv_size": [1, 1]},
								"up": {"uv": [23, 100], "uv_size": [1, 1]},
								"down": {"uv": [100, 24], "uv_size": [1, -1]}
							}
						},
						{
							"origin": [-1.12, 29.0625, -21.7],
							"size": [0.2, 0.2, 0.6],
							"pivot": [-1.65, 28.6195, -12.7],
							"rotation": [0, 0, 45],
							"uv": {
								"north": {"uv": [24, 100], "uv_size": [1, 1]},
								"east": {"uv": [100, 24], "uv_size": [1, 1]},
								"south": {"uv": [25, 100], "uv_size": [1, 1]},
								"west": {"uv": [100, 25], "uv_size": [1, 1]},
								"up": {"uv": [26, 100], "uv_size": [1, 1]},
								"down": {"uv": [100, 27], "uv_size": [1, -1]}
							}
						},
						{
							"origin": [-0.82, 28.5, -23],
							"size": [1.7, 0.2, 0.6],
							"uv": {
								"north": {"uv": [27, 100], "uv_size": [1, 1]},
								"east": {"uv": [100, 27], "uv_size": [1, 1]},
								"south": {"uv": [28, 100], "uv_size": [1, 1]},
								"west": {"uv": [100, 28], "uv_size": [1, 1]},
								"up": {"uv": [29, 100], "uv_size": [1, 1]},
								"down": {"uv": [100, 30], "uv_size": [1, -1]}
							}
						},
						{
							"origin": [-1.12, 29.0625, -23],
							"size": [0.2, 0.2, 0.6],
							"pivot": [-1.65, 28.6195, -14],
							"rotation": [0, 0, 45],
							"uv": {
								"north": {"uv": [30, 100], "uv_size": [1, 1]},
								"east": {"uv": [100, 30], "uv_size": [1, 1]},
								"south": {"uv": [31, 100], "uv_size": [1, 1]},
								"west": {"uv": [100, 31], "uv_size": [1, 1]},
								"up": {"uv": [32, 100], "uv_size": [1, 1]},
								"down": {"uv": [100, 33], "uv_size": [1, -1]}
							}
						},
						{
							"origin": [-0.82, 28.5, -24.3],
							"size": [1.7, 0.2, 0.6],
							"uv": {
								"north": {"uv": [33, 100], "uv_size": [1, 1]},
								"east": {"uv": [100, 33], "uv_size": [1, 1]},
								"south": {"uv": [34, 100], "uv_size": [1, 1]},
								"west": {"uv": [100, 34], "uv_size": [1, 1]},
								"up": {"uv": [35, 100], "uv_size": [1, 1]},
								"down": {"uv": [100, 36], "uv_size": [1, -1]}
							}
						},
						{
							"origin": [-1.12, 29.0625, -24.3],
							"size": [0.2, 0.2, 0.6],
							"pivot": [-1.65, 28.6195, -15.3],
							"rotation": [0, 0, 45],
							"uv": {
								"north": {"uv": [36, 100], "uv_size": [1, 1]},
								"east": {"uv": [100, 36], "uv_size": [1, 1]},
								"south": {"uv": [37, 100], "uv_size": [1, 1]},
								"west": {"uv": [100, 37], "uv_size": [1, 1]},
								"up": {"uv": [38, 100], "uv_size": [1, 1]},
								"down": {"uv": [100, 39], "uv_size": [1, -1]}
							}
						},
						{
							"origin": [0.58, 29.0635, -23],
							"size": [0.2, 0.2, 0.6],
							"pivot": [0.05, 28.6195, -14],
							"rotation": [0, 0, 45],
							"uv": {
								"north": {"uv": [42, 100], "uv_size": [1, 1]},
								"east": {"uv": [100, 42], "uv_size": [1, 1]},
								"south": {"uv": [43, 100], "uv_size": [1, 1]},
								"west": {"uv": [100, 43], "uv_size": [1, 1]},
								"up": {"uv": [44, 100], "uv_size": [1, 1]},
								"down": {"uv": [100, 45], "uv_size": [1, -1]}
							}
						},
						{
							"origin": [0.58, 29.0635, -24.3],
							"size": [0.2, 0.2, 0.6],
							"pivot": [0.05, 28.6195, -15.3],
							"rotation": [0, 0, 45],
							"uv": {
								"north": {"uv": [45, 100], "uv_size": [1, 1]},
								"east": {"uv": [100, 45], "uv_size": [1, 1]},
								"south": {"uv": [46, 100], "uv_size": [1, 1]},
								"west": {"uv": [100, 46], "uv_size": [1, 1]},
								"up": {"uv": [47, 100], "uv_size": [1, 1]},
								"down": {"uv": [100, 48], "uv_size": [1, -1]}
							}
						},
						{
							"origin": [-1.12, 22.26, -22.3],
							"size": [0.2, 0.2, 0.8],
							"pivot": [-1.65, 21.8195, -13.1],
							"rotation": [0, 0, 45],
							"uv": {
								"north": {"uv": [48, 100], "uv_size": [1, 1]},
								"east": {"uv": [100, 48], "uv_size": [1, 1]},
								"south": {"uv": [49, 100], "uv_size": [1, 1]},
								"west": {"uv": [100, 49], "uv_size": [1, 1]},
								"up": {"uv": [50, 100], "uv_size": [1, 1]},
								"down": {"uv": [100, 51], "uv_size": [1, -1]}
							}
						},
						{
							"origin": [-0.82, 21.6, -23.6],
							"size": [1.7, 0.2, 0.6],
							"uv": {
								"north": {"uv": [51, 100], "uv_size": [1, 1]},
								"east": {"uv": [100, 51], "uv_size": [1, 1]},
								"south": {"uv": [52, 100], "uv_size": [1, 1]},
								"west": {"uv": [100, 52], "uv_size": [1, 1]},
								"up": {"uv": [53, 100], "uv_size": [1, 1]},
								"down": {"uv": [100, 54], "uv_size": [1, -1]}
							}
						},
						{
							"origin": [-1.12, 22.26, -23.6],
							"size": [0.2, 0.2, 0.6],
							"pivot": [-1.65, 21.8195, -14.6],
							"rotation": [0, 0, 45],
							"uv": {
								"north": {"uv": [54, 100], "uv_size": [1, 1]},
								"east": {"uv": [100, 54], "uv_size": [1, 1]},
								"south": {"uv": [55, 100], "uv_size": [1, 1]},
								"west": {"uv": [100, 55], "uv_size": [1, 1]},
								"up": {"uv": [56, 100], "uv_size": [1, 1]},
								"down": {"uv": [100, 57], "uv_size": [1, -1]}
							}
						},
						{
							"origin": [-0.82, 21.6, -22.3],
							"size": [1.7, 0.2, 0.8],
							"uv": {
								"north": {"uv": [57, 100], "uv_size": [1, 1]},
								"east": {"uv": [100, 57], "uv_size": [1, 1]},
								"south": {"uv": [58, 100], "uv_size": [1, 1]},
								"west": {"uv": [100, 58], "uv_size": [1, 1]},
								"up": {"uv": [59, 100], "uv_size": [1, 1]},
								"down": {"uv": [100, 60], "uv_size": [1, -1]}
							}
						},
						{
							"origin": [0.58, 22.26, -22.3],
							"size": [0.2, 0.2, 0.8],
							"pivot": [0.05, 21.8195, -13.1],
							"rotation": [0, 0, 45],
							"uv": {
								"north": {"uv": [60, 100], "uv_size": [1, 1]},
								"east": {"uv": [100, 60], "uv_size": [1, 1]},
								"south": {"uv": [61, 100], "uv_size": [1, 1]},
								"west": {"uv": [100, 61], "uv_size": [1, 1]},
								"up": {"uv": [62, 100], "uv_size": [1, 1]},
								"down": {"uv": [100, 63], "uv_size": [1, -1]}
							}
						},
						{
							"origin": [0.58, 22.26, -23.6],
							"size": [0.2, 0.2, 0.6],
							"pivot": [0.05, 21.8195, -14.6],
							"rotation": [0, 0, 45],
							"uv": {
								"north": {"uv": [63, 100], "uv_size": [1, 1]},
								"east": {"uv": [100, 63], "uv_size": [1, 1]},
								"south": {"uv": [64, 100], "uv_size": [1, 1]},
								"west": {"uv": [100, 64], "uv_size": [1, 1]},
								"up": {"uv": [65, 100], "uv_size": [1, 1]},
								"down": {"uv": [100, 66], "uv_size": [1, -1]}
							}
						},
						{
							"origin": [-1.12, 22.26, -24.9],
							"size": [0.2, 0.2, 0.6],
							"pivot": [-1.65, 21.8195, -15.9],
							"rotation": [0, 0, 45],
							"uv": {
								"north": {"uv": [66, 100], "uv_size": [1, 1]},
								"east": {"uv": [100, 66], "uv_size": [1, 1]},
								"south": {"uv": [67, 100], "uv_size": [1, 1]},
								"west": {"uv": [100, 67], "uv_size": [1, 1]},
								"up": {"uv": [68, 100], "uv_size": [1, 1]},
								"down": {"uv": [100, 69], "uv_size": [1, -1]}
							}
						},
						{
							"origin": [-0.82, 21.6, -24.9],
							"size": [1.7, 0.2, 0.6],
							"uv": {
								"north": {"uv": [69, 100], "uv_size": [1, 1]},
								"east": {"uv": [100, 69], "uv_size": [1, 1]},
								"south": {"uv": [70, 100], "uv_size": [1, 1]},
								"west": {"uv": [100, 70], "uv_size": [1, 1]},
								"up": {"uv": [71, 100], "uv_size": [1, 1]},
								"down": {"uv": [100, 72], "uv_size": [1, -1]}
							}
						},
						{
							"origin": [-1.12, 22.26, -26.2],
							"size": [0.2, 0.2, 0.6],
							"pivot": [-1.65, 21.8195, -17.2],
							"rotation": [0, 0, 45],
							"uv": {
								"north": {"uv": [72, 100], "uv_size": [1, 1]},
								"east": {"uv": [100, 72], "uv_size": [1, 1]},
								"south": {"uv": [73, 100], "uv_size": [1, 1]},
								"west": {"uv": [100, 73], "uv_size": [1, 1]},
								"up": {"uv": [74, 100], "uv_size": [1, 1]},
								"down": {"uv": [100, 75], "uv_size": [1, -1]}
							}
						},
						{
							"origin": [-0.82, 21.6, -26.2],
							"size": [1.7, 0.2, 0.6],
							"uv": {
								"north": {"uv": [75, 100], "uv_size": [1, 1]},
								"east": {"uv": [100, 75], "uv_size": [1, 1]},
								"south": {"uv": [76, 100], "uv_size": [1, 1]},
								"west": {"uv": [100, 76], "uv_size": [1, 1]},
								"up": {"uv": [77, 100], "uv_size": [1, 1]},
								"down": {"uv": [100, 78], "uv_size": [1, -1]}
							}
						},
						{
							"origin": [0.58, 22.26, -24.9],
							"size": [0.2, 0.2, 0.6],
							"pivot": [0.05, 21.8195, -15.9],
							"rotation": [0, 0, 45],
							"uv": {
								"north": {"uv": [78, 100], "uv_size": [1, 1]},
								"east": {"uv": [100, 78], "uv_size": [1, 1]},
								"south": {"uv": [79, 100], "uv_size": [1, 1]},
								"west": {"uv": [100, 79], "uv_size": [1, 1]},
								"up": {"uv": [80, 100], "uv_size": [1, 1]},
								"down": {"uv": [100, 81], "uv_size": [1, -1]}
							}
						},
						{
							"origin": [0.58, 22.26, -26.2],
							"size": [0.2, 0.2, 0.6],
							"pivot": [0.05, 21.8195, -17.2],
							"rotation": [0, 0, 45],
							"uv": {
								"north": {"uv": [81, 100], "uv_size": [1, 1]},
								"east": {"uv": [100, 81], "uv_size": [1, 1]},
								"south": {"uv": [82, 100], "uv_size": [1, 1]},
								"west": {"uv": [100, 82], "uv_size": [1, 1]},
								"up": {"uv": [83, 100], "uv_size": [1, 1]},
								"down": {"uv": [100, 84], "uv_size": [1, -1]}
							}
						},
						{
							"origin": [-1.12, 22.26, -27.5],
							"size": [0.2, 0.2, 0.6],
							"pivot": [-1.65, 21.8195, -18.5],
							"rotation": [0, 0, 45],
							"uv": {
								"north": {"uv": [84, 100], "uv_size": [1, 1]},
								"east": {"uv": [100, 84], "uv_size": [1, 1]},
								"south": {"uv": [85, 100], "uv_size": [1, 1]},
								"west": {"uv": [100, 85], "uv_size": [1, 1]},
								"up": {"uv": [86, 100], "uv_size": [1, 1]},
								"down": {"uv": [100, 87], "uv_size": [1, -1]}
							}
						},
						{
							"origin": [-2.63, 23.66, -27],
							"size": [0.2, 0.2, 0.6],
							"pivot": [-3.13, 23.198, -18],
							"rotation": [0, 0, 45],
							"uv": {
								"north": {"uv": [87, 100], "uv_size": [1, 1]},
								"east": {"uv": [100, 87], "uv_size": [1, 1]},
								"south": {"uv": [88, 100], "uv_size": [1, 1]},
								"west": {"uv": [100, 88], "uv_size": [1, 1]},
								"up": {"uv": [89, 100], "uv_size": [1, 1]},
								"down": {"uv": [100, 90], "uv_size": [1, -1]}
							}
						},
						{
							"origin": [-2.625, 25.36, -27],
							"size": [0.2, 0.2, 0.6],
							"pivot": [-3.13, 24.9, -18],
							"rotation": [0, 0, 45],
							"uv": {
								"north": {"uv": [90, 100], "uv_size": [1, 1]},
								"east": {"uv": [100, 90], "uv_size": [1, 1]},
								"south": {"uv": [91, 100], "uv_size": [1, 1]},
								"west": {"uv": [100, 91], "uv_size": [1, 1]},
								"up": {"uv": [92, 100], "uv_size": [1, 1]},
								"down": {"uv": [100, 93], "uv_size": [1, -1]}
							}
						},
						{
							"origin": [-0.82, 21.6, -27.5],
							"size": [1.7, 0.2, 0.6],
							"uv": {
								"north": {"uv": [93, 100], "uv_size": [1, 1]},
								"east": {"uv": [100, 93], "uv_size": [1, 1]},
								"south": {"uv": [94, 100], "uv_size": [1, 1]},
								"west": {"uv": [100, 94], "uv_size": [1, 1]},
								"up": {"uv": [95, 100], "uv_size": [1, 1]},
								"down": {"uv": [100, 96], "uv_size": [1, -1]}
							}
						},
						{
							"origin": [-1.12, 22.26, -28.8],
							"size": [0.2, 0.2, 0.6],
							"pivot": [-1.65, 21.8195, -19.8],
							"rotation": [0, 0, 45],
							"uv": {
								"north": {"uv": [96, 100], "uv_size": [1, 1]},
								"east": {"uv": [100, 96], "uv_size": [1, 1]},
								"south": {"uv": [97, 100], "uv_size": [1, 1]},
								"west": {"uv": [100, 97], "uv_size": [1, 1]},
								"up": {"uv": [98, 100], "uv_size": [1, 1]},
								"down": {"uv": [100, 99], "uv_size": [1, -1]}
							}
						},
						{
							"origin": [-0.82, 21.6, -28.8],
							"size": [1.7, 0.2, 0.6],
							"uv": {
								"north": {"uv": [99, 100], "uv_size": [1, 1]},
								"east": {"uv": [100, 99], "uv_size": [1, 1]},
								"south": {"uv": [100, 100], "uv_size": [1, 1]},
								"west": {"uv": [0, 101], "uv_size": [1, 1]},
								"up": {"uv": [101, 0], "uv_size": [1, 1]},
								"down": {"uv": [1, 102], "uv_size": [1, -1]}
							}
						},
						{
							"origin": [-3.52, 24.6, -27],
							"size": [1.7, 0.2, 0.6],
							"pivot": [-2.85, 24.2, -18],
							"rotation": [0, 0, 90],
							"uv": {
								"north": {"uv": [92, 42], "uv_size": [2, 1]},
								"east": {"uv": [101, 1], "uv_size": [1, 1]},
								"south": {"uv": [92, 43], "uv_size": [2, 1]},
								"west": {"uv": [2, 101], "uv_size": [1, 1]},
								"up": {"uv": [44, 92], "uv_size": [2, 1]},
								"down": {"uv": [92, 45], "uv_size": [2, -1]}
							}
						},
						{
							"origin": [-3.52, 24.6, -28.3],
							"size": [1.7, 0.2, 0.6],
							"pivot": [-2.85, 24.2, -19.3],
							"rotation": [0, 0, 90],
							"uv": {
								"north": {"uv": [92, 45], "uv_size": [2, 1]},
								"east": {"uv": [101, 2], "uv_size": [1, 1]},
								"south": {"uv": [46, 92], "uv_size": [2, 1]},
								"west": {"uv": [3, 101], "uv_size": [1, 1]},
								"up": {"uv": [92, 46], "uv_size": [2, 1]},
								"down": {"uv": [92, 48], "uv_size": [2, -1]}
							}
						},
						{
							"origin": [-2.63, 23.66, -28.3],
							"size": [0.2, 0.2, 0.6],
							"pivot": [-3.13, 23.198, -19.3],
							"rotation": [0, 0, 45],
							"uv": {
								"north": {"uv": [101, 3], "uv_size": [1, 1]},
								"east": {"uv": [4, 101], "uv_size": [1, 1]},
								"south": {"uv": [101, 4], "uv_size": [1, 1]},
								"west": {"uv": [5, 101], "uv_size": [1, 1]},
								"up": {"uv": [101, 5], "uv_size": [1, 1]},
								"down": {"uv": [6, 102], "uv_size": [1, -1]}
							}
						},
						{
							"origin": [-2.625, 25.36, -28.3],
							"size": [0.2, 0.2, 0.6],
							"pivot": [-3.13, 24.9, -19.3],
							"rotation": [0, 0, 45],
							"uv": {
								"north": {"uv": [101, 6], "uv_size": [1, 1]},
								"east": {"uv": [7, 101], "uv_size": [1, 1]},
								"south": {"uv": [101, 7], "uv_size": [1, 1]},
								"west": {"uv": [8, 101], "uv_size": [1, 1]},
								"up": {"uv": [101, 8], "uv_size": [1, 1]},
								"down": {"uv": [9, 102], "uv_size": [1, -1]}
							}
						},
						{
							"origin": [-3.52, 24.6, -29.6],
							"size": [1.7, 0.2, 0.6],
							"pivot": [-2.85, 24.2, -20.6],
							"rotation": [0, 0, 90],
							"uv": {
								"north": {"uv": [48, 92], "uv_size": [2, 1]},
								"east": {"uv": [101, 9], "uv_size": [1, 1]},
								"south": {"uv": [92, 48], "uv_size": [2, 1]},
								"west": {"uv": [10, 101], "uv_size": [1, 1]},
								"up": {"uv": [50, 92], "uv_size": [2, 1]},
								"down": {"uv": [55, 93], "uv_size": [2, -1]}
							}
						},
						{
							"origin": [-2.63, 23.66, -29.6],
							"size": [0.2, 0.2, 0.6],
							"pivot": [-3.13, 23.198, -20.6],
							"rotation": [0, 0, 45],
							"uv": {
								"north": {"uv": [101, 10], "uv_size": [1, 1]},
								"east": {"uv": [11, 101], "uv_size": [1, 1]},
								"south": {"uv": [101, 11], "uv_size": [1, 1]},
								"west": {"uv": [12, 101], "uv_size": [1, 1]},
								"up": {"uv": [101, 12], "uv_size": [1, 1]},
								"down": {"uv": [13, 102], "uv_size": [1, -1]}
							}
						},
						{
							"origin": [-2.625, 25.36, -29.6],
							"size": [0.2, 0.2, 0.6],
							"pivot": [-3.13, 24.9, -20.6],
							"rotation": [0, 0, 45],
							"uv": {
								"north": {"uv": [101, 13], "uv_size": [1, 1]},
								"east": {"uv": [14, 101], "uv_size": [1, 1]},
								"south": {"uv": [101, 14], "uv_size": [1, 1]},
								"west": {"uv": [15, 101], "uv_size": [1, 1]},
								"up": {"uv": [101, 15], "uv_size": [1, 1]},
								"down": {"uv": [16, 102], "uv_size": [1, -1]}
							}
						},
						{
							"origin": [-3.52, 24.6, -30.9],
							"size": [1.7, 0.2, 0.6],
							"pivot": [-2.85, 24.2, -21.9],
							"rotation": [0, 0, 90],
							"uv": {
								"north": {"uv": [58, 92], "uv_size": [2, 1]},
								"east": {"uv": [101, 16], "uv_size": [1, 1]},
								"south": {"uv": [92, 59], "uv_size": [2, 1]},
								"west": {"uv": [17, 101], "uv_size": [1, 1]},
								"up": {"uv": [92, 60], "uv_size": [2, 1]},
								"down": {"uv": [92, 62], "uv_size": [2, -1]}
							}
						},
						{
							"origin": [-2.63, 23.66, -30.9],
							"size": [0.2, 0.2, 0.6],
							"pivot": [-3.13, 23.198, -21.9],
							"rotation": [0, 0, 45],
							"uv": {
								"north": {"uv": [101, 17], "uv_size": [1, 1]},
								"east": {"uv": [18, 101], "uv_size": [1, 1]},
								"south": {"uv": [101, 18], "uv_size": [1, 1]},
								"west": {"uv": [19, 101], "uv_size": [1, 1]},
								"up": {"uv": [101, 19], "uv_size": [1, 1]},
								"down": {"uv": [20, 102], "uv_size": [1, -1]}
							}
						},
						{
							"origin": [-2.625, 25.36, -30.9],
							"size": [0.2, 0.2, 0.6],
							"pivot": [-3.13, 24.9, -21.9],
							"rotation": [0, 0, 45],
							"uv": {
								"north": {"uv": [101, 20], "uv_size": [1, 1]},
								"east": {"uv": [21, 101], "uv_size": [1, 1]},
								"south": {"uv": [101, 21], "uv_size": [1, 1]},
								"west": {"uv": [22, 101], "uv_size": [1, 1]},
								"up": {"uv": [101, 22], "uv_size": [1, 1]},
								"down": {"uv": [23, 102], "uv_size": [1, -1]}
							}
						},
						{
							"origin": [-3.52, 24.6, -32.2],
							"size": [1.7, 0.2, 0.6],
							"pivot": [-2.85, 24.2, -23.2],
							"rotation": [0, 0, 90],
							"uv": {
								"north": {"uv": [92, 62], "uv_size": [2, 1]},
								"east": {"uv": [101, 23], "uv_size": [1, 1]},
								"south": {"uv": [92, 63], "uv_size": [2, 1]},
								"west": {"uv": [24, 101], "uv_size": [1, 1]},
								"up": {"uv": [92, 64], "uv_size": [2, 1]},
								"down": {"uv": [67, 93], "uv_size": [2, -1]}
							}
						},
						{
							"origin": [-2.63, 23.66, -32.2],
							"size": [0.2, 0.2, 0.6],
							"pivot": [-3.13, 23.198, -23.2],
							"rotation": [0, 0, 45],
							"uv": {
								"north": {"uv": [101, 24], "uv_size": [1, 1]},
								"east": {"uv": [25, 101], "uv_size": [1, 1]},
								"south": {"uv": [101, 25], "uv_size": [1, 1]},
								"west": {"uv": [26, 101], "uv_size": [1, 1]},
								"up": {"uv": [101, 26], "uv_size": [1, 1]},
								"down": {"uv": [27, 102], "uv_size": [1, -1]}
							}
						},
						{
							"origin": [-2.625, 25.36, -32.2],
							"size": [0.2, 0.2, 0.6],
							"pivot": [-3.13, 24.9, -23.2],
							"rotation": [0, 0, 45],
							"uv": {
								"north": {"uv": [101, 27], "uv_size": [1, 1]},
								"east": {"uv": [28, 101], "uv_size": [1, 1]},
								"south": {"uv": [101, 28], "uv_size": [1, 1]},
								"west": {"uv": [29, 101], "uv_size": [1, 1]},
								"up": {"uv": [101, 29], "uv_size": [1, 1]},
								"down": {"uv": [30, 102], "uv_size": [1, -1]}
							}
						},
						{
							"origin": [-3.52, 24.6, -33.5],
							"size": [1.7, 0.2, 0.6],
							"pivot": [-2.85, 24.2, -24.5],
							"rotation": [0, 0, 90],
							"uv": {
								"north": {"uv": [73, 92], "uv_size": [2, 1]},
								"east": {"uv": [101, 30], "uv_size": [1, 1]},
								"south": {"uv": [75, 92], "uv_size": [2, 1]},
								"west": {"uv": [31, 101], "uv_size": [1, 1]},
								"up": {"uv": [92, 77], "uv_size": [2, 1]},
								"down": {"uv": [92, 79], "uv_size": [2, -1]}
							}
						},
						{
							"origin": [1.18, 24.6, -33.5],
							"size": [1.7, 0.2, 0.6],
							"pivot": [1.85, 24.2, -24.5],
							"rotation": [0, 0, 90],
							"uv": {
								"north": {"uv": [92, 79], "uv_size": [2, 1]},
								"east": {"uv": [101, 31], "uv_size": [1, 1]},
								"south": {"uv": [92, 80], "uv_size": [2, 1]},
								"west": {"uv": [32, 101], "uv_size": [1, 1]},
								"up": {"uv": [88, 92], "uv_size": [2, 1]},
								"down": {"uv": [90, 93], "uv_size": [2, -1]}
							}
						},
						{
							"origin": [1.18, 24.6, -32.2],
							"size": [1.7, 0.2, 0.6],
							"pivot": [1.85, 24.2, -23.2],
							"rotation": [0, 0, 90],
							"uv": {
								"north": {"uv": [92, 92], "uv_size": [2, 1]},
								"east": {"uv": [101, 32], "uv_size": [1, 1]},
								"south": {"uv": [0, 93], "uv_size": [2, 1]},
								"west": {"uv": [33, 101], "uv_size": [1, 1]},
								"up": {"uv": [2, 93], "uv_size": [2, 1]},
								"down": {"uv": [4, 94], "uv_size": [2, -1]}
							}
						},
						{
							"origin": [1.18, 24.6, -30.9],
							"size": [1.7, 0.2, 0.6],
							"pivot": [1.85, 24.2, -21.9],
							"rotation": [0, 0, 90],
							"uv": {
								"north": {"uv": [6, 93], "uv_size": [2, 1]},
								"east": {"uv": [101, 33], "uv_size": [1, 1]},
								"south": {"uv": [10, 93], "uv_size": [2, 1]},
								"west": {"uv": [34, 101], "uv_size": [1, 1]},
								"up": {"uv": [12, 93], "uv_size": [2, 1]},
								"down": {"uv": [15, 94], "uv_size": [2, -1]}
							}
						},
						{
							"origin": [1.18, 24.6, -29.6],
							"size": [1.7, 0.2, 0.6],
							"pivot": [1.85, 24.2, -20.6],
							"rotation": [0, 0, 90],
							"uv": {
								"north": {"uv": [19, 93], "uv_size": [2, 1]},
								"east": {"uv": [101, 34], "uv_size": [1, 1]},
								"south": {"uv": [21, 93], "uv_size": [2, 1]},
								"west": {"uv": [35, 101], "uv_size": [1, 1]},
								"up": {"uv": [23, 93], "uv_size": [2, 1]},
								"down": {"uv": [25, 94], "uv_size": [2, -1]}
							}
						},
						{
							"origin": [1.18, 24.6, -28.3],
							"size": [1.7, 0.2, 0.6],
							"pivot": [1.85, 24.2, -19.3],
							"rotation": [0, 0, 90],
							"uv": {
								"north": {"uv": [30, 93], "uv_size": [2, 1]},
								"east": {"uv": [101, 35], "uv_size": [1, 1]},
								"south": {"uv": [32, 93], "uv_size": [2, 1]},
								"west": {"uv": [36, 101], "uv_size": [1, 1]},
								"up": {"uv": [93, 34], "uv_size": [2, 1]},
								"down": {"uv": [93, 36], "uv_size": [2, -1]}
							}
						},
						{
							"origin": [1.18, 24.6, -27],
							"size": [1.7, 0.2, 0.6],
							"pivot": [1.85, 24.2, -18],
							"rotation": [0, 0, 90],
							"uv": {
								"north": {"uv": [93, 36], "uv_size": [2, 1]},
								"east": {"uv": [101, 36], "uv_size": [1, 1]},
								"south": {"uv": [37, 93], "uv_size": [2, 1]},
								"west": {"uv": [37, 101], "uv_size": [1, 1]},
								"up": {"uv": [93, 38], "uv_size": [2, 1]},
								"down": {"uv": [93, 40], "uv_size": [2, -1]}
							}
						},
						{
							"origin": [-2.63, 23.66, -33.5],
							"size": [0.2, 0.2, 0.6],
							"pivot": [-3.13, 23.198, -24.5],
							"rotation": [0, 0, 45],
							"uv": {
								"north": {"uv": [101, 37], "uv_size": [1, 1]},
								"east": {"uv": [38, 101], "uv_size": [1, 1]},
								"south": {"uv": [101, 38], "uv_size": [1, 1]},
								"west": {"uv": [39, 101], "uv_size": [1, 1]},
								"up": {"uv": [101, 39], "uv_size": [1, 1]},
								"down": {"uv": [40, 102], "uv_size": [1, -1]}
							}
						},
						{
							"origin": [-2.625, 25.36, -33.5],
							"size": [0.2, 0.2, 0.6],
							"pivot": [-3.13, 24.9, -24.5],
							"rotation": [0, 0, 45],
							"uv": {
								"north": {"uv": [101, 40], "uv_size": [1, 1]},
								"east": {"uv": [41, 101], "uv_size": [1, 1]},
								"south": {"uv": [101, 41], "uv_size": [1, 1]},
								"west": {"uv": [42, 101], "uv_size": [1, 1]},
								"up": {"uv": [101, 42], "uv_size": [1, 1]},
								"down": {"uv": [43, 102], "uv_size": [1, -1]}
							}
						},
						{
							"origin": [1.975, 25.36, -33.5],
							"size": [0.2, 0.2, 0.6],
							"pivot": [1.47, 24.9, -24.5],
							"rotation": [0, 0, 45],
							"uv": {
								"north": {"uv": [101, 43], "uv_size": [1, 1]},
								"east": {"uv": [44, 101], "uv_size": [1, 1]},
								"south": {"uv": [101, 44], "uv_size": [1, 1]},
								"west": {"uv": [45, 101], "uv_size": [1, 1]},
								"up": {"uv": [101, 45], "uv_size": [1, 1]},
								"down": {"uv": [46, 102], "uv_size": [1, -1]}
							}
						},
						{
							"origin": [1.97, 23.66, -33.5],
							"size": [0.2, 0.2, 0.6],
							"pivot": [1.47, 23.198, -24.5],
							"rotation": [0, 0, 45],
							"uv": {
								"north": {"uv": [101, 46], "uv_size": [1, 1]},
								"east": {"uv": [47, 101], "uv_size": [1, 1]},
								"south": {"uv": [101, 47], "uv_size": [1, 1]},
								"west": {"uv": [48, 101], "uv_size": [1, 1]},
								"up": {"uv": [101, 48], "uv_size": [1, 1]},
								"down": {"uv": [49, 102], "uv_size": [1, -1]}
							}
						},
						{
							"origin": [1.975, 25.36, -32.2],
							"size": [0.2, 0.2, 0.6],
							"pivot": [1.47, 24.9, -23.2],
							"rotation": [0, 0, 45],
							"uv": {
								"north": {"uv": [101, 49], "uv_size": [1, 1]},
								"east": {"uv": [50, 101], "uv_size": [1, 1]},
								"south": {"uv": [101, 50], "uv_size": [1, 1]},
								"west": {"uv": [51, 101], "uv_size": [1, 1]},
								"up": {"uv": [101, 51], "uv_size": [1, 1]},
								"down": {"uv": [52, 102], "uv_size": [1, -1]}
							}
						},
						{
							"origin": [1.97, 23.66, -32.2],
							"size": [0.2, 0.2, 0.6],
							"pivot": [1.47, 23.198, -23.2],
							"rotation": [0, 0, 45],
							"uv": {
								"north": {"uv": [101, 52], "uv_size": [1, 1]},
								"east": {"uv": [53, 101], "uv_size": [1, 1]},
								"south": {"uv": [101, 53], "uv_size": [1, 1]},
								"west": {"uv": [54, 101], "uv_size": [1, 1]},
								"up": {"uv": [101, 54], "uv_size": [1, 1]},
								"down": {"uv": [55, 102], "uv_size": [1, -1]}
							}
						},
						{
							"origin": [1.975, 25.36, -30.9],
							"size": [0.2, 0.2, 0.6],
							"pivot": [1.47, 24.9, -21.9],
							"rotation": [0, 0, 45],
							"uv": {
								"north": {"uv": [101, 55], "uv_size": [1, 1]},
								"east": {"uv": [56, 101], "uv_size": [1, 1]},
								"south": {"uv": [101, 56], "uv_size": [1, 1]},
								"west": {"uv": [57, 101], "uv_size": [1, 1]},
								"up": {"uv": [101, 57], "uv_size": [1, 1]},
								"down": {"uv": [58, 102], "uv_size": [1, -1]}
							}
						},
						{
							"origin": [1.97, 23.66, -30.9],
							"size": [0.2, 0.2, 0.6],
							"pivot": [1.47, 23.198, -21.9],
							"rotation": [0, 0, 45],
							"uv": {
								"north": {"uv": [101, 58], "uv_size": [1, 1]},
								"east": {"uv": [59, 101], "uv_size": [1, 1]},
								"south": {"uv": [101, 59], "uv_size": [1, 1]},
								"west": {"uv": [60, 101], "uv_size": [1, 1]},
								"up": {"uv": [101, 60], "uv_size": [1, 1]},
								"down": {"uv": [61, 102], "uv_size": [1, -1]}
							}
						},
						{
							"origin": [1.975, 25.36, -29.6],
							"size": [0.2, 0.2, 0.6],
							"pivot": [1.47, 24.9, -20.6],
							"rotation": [0, 0, 45],
							"uv": {
								"north": {"uv": [101, 61], "uv_size": [1, 1]},
								"east": {"uv": [62, 101], "uv_size": [1, 1]},
								"south": {"uv": [101, 62], "uv_size": [1, 1]},
								"west": {"uv": [63, 101], "uv_size": [1, 1]},
								"up": {"uv": [101, 63], "uv_size": [1, 1]},
								"down": {"uv": [64, 102], "uv_size": [1, -1]}
							}
						},
						{
							"origin": [1.97, 23.66, -29.6],
							"size": [0.2, 0.2, 0.6],
							"pivot": [1.47, 23.198, -20.6],
							"rotation": [0, 0, 45],
							"uv": {
								"north": {"uv": [101, 64], "uv_size": [1, 1]},
								"east": {"uv": [65, 101], "uv_size": [1, 1]},
								"south": {"uv": [101, 65], "uv_size": [1, 1]},
								"west": {"uv": [66, 101], "uv_size": [1, 1]},
								"up": {"uv": [101, 66], "uv_size": [1, 1]},
								"down": {"uv": [67, 102], "uv_size": [1, -1]}
							}
						},
						{
							"origin": [1.975, 25.36, -28.3],
							"size": [0.2, 0.2, 0.6],
							"pivot": [1.47, 24.9, -19.3],
							"rotation": [0, 0, 45],
							"uv": {
								"north": {"uv": [101, 67], "uv_size": [1, 1]},
								"east": {"uv": [68, 101], "uv_size": [1, 1]},
								"south": {"uv": [101, 68], "uv_size": [1, 1]},
								"west": {"uv": [69, 101], "uv_size": [1, 1]},
								"up": {"uv": [101, 69], "uv_size": [1, 1]},
								"down": {"uv": [70, 102], "uv_size": [1, -1]}
							}
						},
						{
							"origin": [1.97, 23.66, -28.3],
							"size": [0.2, 0.2, 0.6],
							"pivot": [1.47, 23.198, -19.3],
							"rotation": [0, 0, 45],
							"uv": {
								"north": {"uv": [101, 70], "uv_size": [1, 1]},
								"east": {"uv": [71, 101], "uv_size": [1, 1]},
								"south": {"uv": [101, 71], "uv_size": [1, 1]},
								"west": {"uv": [72, 101], "uv_size": [1, 1]},
								"up": {"uv": [101, 72], "uv_size": [1, 1]},
								"down": {"uv": [73, 102], "uv_size": [1, -1]}
							}
						},
						{
							"origin": [1.975, 25.36, -27],
							"size": [0.2, 0.2, 0.6],
							"pivot": [1.47, 24.9, -18],
							"rotation": [0, 0, 45],
							"uv": {
								"north": {"uv": [101, 73], "uv_size": [1, 1]},
								"east": {"uv": [74, 101], "uv_size": [1, 1]},
								"south": {"uv": [101, 74], "uv_size": [1, 1]},
								"west": {"uv": [75, 101], "uv_size": [1, 1]},
								"up": {"uv": [101, 75], "uv_size": [1, 1]},
								"down": {"uv": [76, 102], "uv_size": [1, -1]}
							}
						},
						{
							"origin": [1.97, 23.66, -27],
							"size": [0.2, 0.2, 0.6],
							"pivot": [1.47, 23.198, -18],
							"rotation": [0, 0, 45],
							"uv": {
								"north": {"uv": [101, 76], "uv_size": [1, 1]},
								"east": {"uv": [77, 101], "uv_size": [1, 1]},
								"south": {"uv": [101, 77], "uv_size": [1, 1]},
								"west": {"uv": [78, 101], "uv_size": [1, 1]},
								"up": {"uv": [101, 78], "uv_size": [1, 1]},
								"down": {"uv": [79, 102], "uv_size": [1, -1]}
							}
						},
						{
							"origin": [0.58, 22.26, -27.5],
							"size": [0.2, 0.2, 0.6],
							"pivot": [0.05, 21.8195, -18.5],
							"rotation": [0, 0, 45],
							"uv": {
								"north": {"uv": [101, 79], "uv_size": [1, 1]},
								"east": {"uv": [80, 101], "uv_size": [1, 1]},
								"south": {"uv": [101, 80], "uv_size": [1, 1]},
								"west": {"uv": [81, 101], "uv_size": [1, 1]},
								"up": {"uv": [101, 81], "uv_size": [1, 1]},
								"down": {"uv": [82, 102], "uv_size": [1, -1]}
							}
						},
						{
							"origin": [0.58, 22.26, -28.8],
							"size": [0.2, 0.2, 0.6],
							"pivot": [0.05, 21.8195, -19.8],
							"rotation": [0, 0, 45],
							"uv": {
								"north": {"uv": [101, 82], "uv_size": [1, 1]},
								"east": {"uv": [83, 101], "uv_size": [1, 1]},
								"south": {"uv": [101, 83], "uv_size": [1, 1]},
								"west": {"uv": [84, 101], "uv_size": [1, 1]},
								"up": {"uv": [101, 84], "uv_size": [1, 1]},
								"down": {"uv": [85, 102], "uv_size": [1, -1]}
							}
						},
						{
							"origin": [-1.12, 22.26, -30.1],
							"size": [0.2, 0.2, 0.6],
							"pivot": [-1.65, 21.8195, -21.1],
							"rotation": [0, 0, 45],
							"uv": {
								"north": {"uv": [101, 85], "uv_size": [1, 1]},
								"east": {"uv": [86, 101], "uv_size": [1, 1]},
								"south": {"uv": [101, 86], "uv_size": [1, 1]},
								"west": {"uv": [87, 101], "uv_size": [1, 1]},
								"up": {"uv": [101, 87], "uv_size": [1, 1]},
								"down": {"uv": [88, 102], "uv_size": [1, -1]}
							}
						},
						{
							"origin": [-0.82, 21.6, -30.1],
							"size": [1.7, 0.2, 0.6],
							"uv": {
								"north": {"uv": [101, 88], "uv_size": [1, 1]},
								"east": {"uv": [89, 101], "uv_size": [1, 1]},
								"south": {"uv": [101, 89], "uv_size": [1, 1]},
								"west": {"uv": [90, 101], "uv_size": [1, 1]},
								"up": {"uv": [101, 90], "uv_size": [1, 1]},
								"down": {"uv": [91, 102], "uv_size": [1, -1]}
							}
						},
						{
							"origin": [-1.12, 22.26, -31.4],
							"size": [0.2, 0.2, 0.6],
							"pivot": [-1.65, 21.8195, -22.4],
							"rotation": [0, 0, 45],
							"uv": {
								"north": {"uv": [101, 91], "uv_size": [1, 1]},
								"east": {"uv": [92, 101], "uv_size": [1, 1]},
								"south": {"uv": [101, 92], "uv_size": [1, 1]},
								"west": {"uv": [93, 101], "uv_size": [1, 1]},
								"up": {"uv": [101, 93], "uv_size": [1, 1]},
								"down": {"uv": [94, 102], "uv_size": [1, -1]}
							}
						},
						{
							"origin": [-0.82, 21.6, -31.4],
							"size": [1.7, 0.2, 0.6],
							"uv": {
								"north": {"uv": [101, 94], "uv_size": [1, 1]},
								"east": {"uv": [95, 101], "uv_size": [1, 1]},
								"south": {"uv": [101, 95], "uv_size": [1, 1]},
								"west": {"uv": [96, 101], "uv_size": [1, 1]},
								"up": {"uv": [101, 96], "uv_size": [1, 1]},
								"down": {"uv": [97, 102], "uv_size": [1, -1]}
							}
						},
						{
							"origin": [0.58, 22.26, -30.1],
							"size": [0.2, 0.2, 0.6],
							"pivot": [0.05, 21.8195, -21.1],
							"rotation": [0, 0, 45],
							"uv": {
								"north": {"uv": [101, 97], "uv_size": [1, 1]},
								"east": {"uv": [98, 101], "uv_size": [1, 1]},
								"south": {"uv": [101, 98], "uv_size": [1, 1]},
								"west": {"uv": [99, 101], "uv_size": [1, 1]},
								"up": {"uv": [101, 99], "uv_size": [1, 1]},
								"down": {"uv": [100, 102], "uv_size": [1, -1]}
							}
						},
						{
							"origin": [0.58, 22.26, -31.4],
							"size": [0.2, 0.2, 0.6],
							"pivot": [0.05, 21.8195, -22.4],
							"rotation": [0, 0, 45],
							"uv": {
								"north": {"uv": [101, 100], "uv_size": [1, 1]},
								"east": {"uv": [101, 101], "uv_size": [1, 1]},
								"south": {"uv": [0, 102], "uv_size": [1, 1]},
								"west": {"uv": [102, 0], "uv_size": [1, 1]},
								"up": {"uv": [1, 102], "uv_size": [1, 1]},
								"down": {"uv": [102, 2], "uv_size": [1, -1]}
							}
						},
						{
							"origin": [-1.12, 22.26, -32.7],
							"size": [0.2, 0.2, 0.6],
							"pivot": [-1.65, 21.8195, -23.7],
							"rotation": [0, 0, 45],
							"uv": {
								"north": {"uv": [2, 102], "uv_size": [1, 1]},
								"east": {"uv": [102, 2], "uv_size": [1, 1]},
								"south": {"uv": [3, 102], "uv_size": [1, 1]},
								"west": {"uv": [102, 3], "uv_size": [1, 1]},
								"up": {"uv": [4, 102], "uv_size": [1, 1]},
								"down": {"uv": [102, 5], "uv_size": [1, -1]}
							}
						},
						{
							"origin": [-0.82, 21.6, -32.7],
							"size": [1.7, 0.2, 0.6],
							"uv": {
								"north": {"uv": [5, 102], "uv_size": [1, 1]},
								"east": {"uv": [102, 5], "uv_size": [1, 1]},
								"south": {"uv": [6, 102], "uv_size": [1, 1]},
								"west": {"uv": [102, 6], "uv_size": [1, 1]},
								"up": {"uv": [7, 102], "uv_size": [1, 1]},
								"down": {"uv": [102, 8], "uv_size": [1, -1]}
							}
						},
						{
							"origin": [-1.12, 22.26, -34],
							"size": [0.2, 0.2, 0.6],
							"pivot": [-1.65, 21.8195, -25],
							"rotation": [0, 0, 45],
							"uv": {
								"north": {"uv": [8, 102], "uv_size": [1, 1]},
								"east": {"uv": [102, 8], "uv_size": [1, 1]},
								"south": {"uv": [9, 102], "uv_size": [1, 1]},
								"west": {"uv": [102, 9], "uv_size": [1, 1]},
								"up": {"uv": [10, 102], "uv_size": [1, 1]},
								"down": {"uv": [102, 11], "uv_size": [1, -1]}
							}
						},
						{
							"origin": [-0.82, 21.6, -34],
							"size": [1.7, 0.2, 0.6],
							"uv": {
								"north": {"uv": [11, 102], "uv_size": [1, 1]},
								"east": {"uv": [102, 11], "uv_size": [1, 1]},
								"south": {"uv": [12, 102], "uv_size": [1, 1]},
								"west": {"uv": [102, 12], "uv_size": [1, 1]},
								"up": {"uv": [13, 102], "uv_size": [1, 1]},
								"down": {"uv": [102, 14], "uv_size": [1, -1]}
							}
						},
						{
							"origin": [0.58, 22.26, -32.7],
							"size": [0.2, 0.2, 0.6],
							"pivot": [0.05, 21.8195, -23.7],
							"rotation": [0, 0, 45],
							"uv": {
								"north": {"uv": [14, 102], "uv_size": [1, 1]},
								"east": {"uv": [102, 14], "uv_size": [1, 1]},
								"south": {"uv": [15, 102], "uv_size": [1, 1]},
								"west": {"uv": [102, 15], "uv_size": [1, 1]},
								"up": {"uv": [16, 102], "uv_size": [1, 1]},
								"down": {"uv": [102, 17], "uv_size": [1, -1]}
							}
						},
						{
							"origin": [0.58, 22.26, -34],
							"size": [0.2, 0.2, 0.6],
							"pivot": [0.05, 21.8195, -25],
							"rotation": [0, 0, 45],
							"uv": {
								"north": {"uv": [17, 102], "uv_size": [1, 1]},
								"east": {"uv": [102, 17], "uv_size": [1, 1]},
								"south": {"uv": [18, 102], "uv_size": [1, 1]},
								"west": {"uv": [102, 18], "uv_size": [1, 1]},
								"up": {"uv": [19, 102], "uv_size": [1, 1]},
								"down": {"uv": [102, 20], "uv_size": [1, -1]}
							}
						},
						{
							"origin": [-1.12, 22.26, -35.3],
							"size": [0.2, 0.2, 0.6],
							"pivot": [-1.65, 21.8195, -26.3],
							"rotation": [0, 0, 45],
							"uv": {
								"north": {"uv": [20, 102], "uv_size": [1, 1]},
								"east": {"uv": [102, 20], "uv_size": [1, 1]},
								"south": {"uv": [21, 102], "uv_size": [1, 1]},
								"west": {"uv": [102, 21], "uv_size": [1, 1]},
								"up": {"uv": [22, 102], "uv_size": [1, 1]},
								"down": {"uv": [102, 23], "uv_size": [1, -1]}
							}
						},
						{
							"origin": [-0.82, 21.6, -35.3],
							"size": [1.7, 0.2, 0.6],
							"uv": {
								"north": {"uv": [23, 102], "uv_size": [1, 1]},
								"east": {"uv": [102, 23], "uv_size": [1, 1]},
								"south": {"uv": [24, 102], "uv_size": [1, 1]},
								"west": {"uv": [102, 24], "uv_size": [1, 1]},
								"up": {"uv": [25, 102], "uv_size": [1, 1]},
								"down": {"uv": [102, 26], "uv_size": [1, -1]}
							}
						},
						{
							"origin": [0.58, 22.26, -35.3],
							"size": [0.2, 0.2, 0.6],
							"pivot": [0.05, 21.8195, -26.3],
							"rotation": [0, 0, 45],
							"uv": {
								"north": {"uv": [32, 102], "uv_size": [1, 1]},
								"east": {"uv": [102, 32], "uv_size": [1, 1]},
								"south": {"uv": [33, 102], "uv_size": [1, 1]},
								"west": {"uv": [102, 33], "uv_size": [1, 1]},
								"up": {"uv": [34, 102], "uv_size": [1, 1]},
								"down": {"uv": [102, 35], "uv_size": [1, -1]}
							}
						},
						{
							"origin": [-1.12, 22.26, -36.5],
							"size": [0.2, 0.2, 0.6],
							"pivot": [-1.65, 21.8195, -27.5],
							"rotation": [0, 0, 45],
							"uv": {
								"north": {"uv": [56, 102], "uv_size": [1, 1]},
								"east": {"uv": [102, 56], "uv_size": [1, 1]},
								"south": {"uv": [57, 102], "uv_size": [1, 1]},
								"west": {"uv": [102, 57], "uv_size": [1, 1]},
								"up": {"uv": [58, 102], "uv_size": [1, 1]},
								"down": {"uv": [102, 59], "uv_size": [1, -1]}
							}
						},
						{
							"origin": [-0.82, 21.6, -36.5],
							"size": [1.7, 0.2, 0.6],
							"uv": {
								"north": {"uv": [59, 102], "uv_size": [1, 1]},
								"east": {"uv": [102, 59], "uv_size": [1, 1]},
								"south": {"uv": [60, 102], "uv_size": [1, 1]},
								"west": {"uv": [102, 60], "uv_size": [1, 1]},
								"up": {"uv": [61, 102], "uv_size": [1, 1]},
								"down": {"uv": [102, 62], "uv_size": [1, -1]}
							}
						},
						{
							"origin": [0.58, 22.26, -36.5],
							"size": [0.2, 0.2, 0.6],
							"pivot": [0.05, 21.8195, -27.5],
							"rotation": [0, 0, 45],
							"uv": {
								"north": {"uv": [62, 102], "uv_size": [1, 1]},
								"east": {"uv": [102, 62], "uv_size": [1, 1]},
								"south": {"uv": [63, 102], "uv_size": [1, 1]},
								"west": {"uv": [102, 63], "uv_size": [1, 1]},
								"up": {"uv": [64, 102], "uv_size": [1, 1]},
								"down": {"uv": [102, 65], "uv_size": [1, -1]}
							}
						},
						{
							"origin": [-0.82, 28.5, -25.6],
							"size": [1.7, 0.2, 0.6],
							"uv": {
								"north": {"uv": [65, 102], "uv_size": [1, 1]},
								"east": {"uv": [102, 65], "uv_size": [1, 1]},
								"south": {"uv": [66, 102], "uv_size": [1, 1]},
								"west": {"uv": [102, 66], "uv_size": [1, 1]},
								"up": {"uv": [67, 102], "uv_size": [1, 1]},
								"down": {"uv": [102, 68], "uv_size": [1, -1]}
							}
						},
						{
							"origin": [-1.12, 29.0625, -25.6],
							"size": [0.2, 0.2, 0.6],
							"pivot": [-1.65, 28.6195, -16.6],
							"rotation": [0, 0, 45],
							"uv": {
								"north": {"uv": [68, 102], "uv_size": [1, 1]},
								"east": {"uv": [102, 68], "uv_size": [1, 1]},
								"south": {"uv": [69, 102], "uv_size": [1, 1]},
								"west": {"uv": [102, 69], "uv_size": [1, 1]},
								"up": {"uv": [70, 102], "uv_size": [1, 1]},
								"down": {"uv": [102, 71], "uv_size": [1, -1]}
							}
						},
						{
							"origin": [-0.82, 28.5, -26.9],
							"size": [1.7, 0.2, 0.6],
							"uv": {
								"north": {"uv": [71, 102], "uv_size": [1, 1]},
								"east": {"uv": [102, 71], "uv_size": [1, 1]},
								"south": {"uv": [72, 102], "uv_size": [1, 1]},
								"west": {"uv": [102, 72], "uv_size": [1, 1]},
								"up": {"uv": [73, 102], "uv_size": [1, 1]},
								"down": {"uv": [102, 74], "uv_size": [1, -1]}
							}
						},
						{
							"origin": [-1.12, 29.0625, -26.9],
							"size": [0.2, 0.2, 0.6],
							"pivot": [-1.65, 28.6195, -17.9],
							"rotation": [0, 0, 45],
							"uv": {
								"north": {"uv": [74, 102], "uv_size": [1, 1]},
								"east": {"uv": [102, 74], "uv_size": [1, 1]},
								"south": {"uv": [75, 102], "uv_size": [1, 1]},
								"west": {"uv": [102, 75], "uv_size": [1, 1]},
								"up": {"uv": [76, 102], "uv_size": [1, 1]},
								"down": {"uv": [102, 77], "uv_size": [1, -1]}
							}
						},
						{
							"origin": [-0.82, 28.5, -28.2],
							"size": [1.7, 0.2, 0.6],
							"uv": {
								"north": {"uv": [77, 102], "uv_size": [1, 1]},
								"east": {"uv": [102, 77], "uv_size": [1, 1]},
								"south": {"uv": [78, 102], "uv_size": [1, 1]},
								"west": {"uv": [102, 78], "uv_size": [1, 1]},
								"up": {"uv": [79, 102], "uv_size": [1, 1]},
								"down": {"uv": [102, 80], "uv_size": [1, -1]}
							}
						},
						{
							"origin": [-1.12, 29.0625, -28.2],
							"size": [0.2, 0.2, 0.6],
							"pivot": [-1.65, 28.6195, -19.2],
							"rotation": [0, 0, 45],
							"uv": {
								"north": {"uv": [80, 102], "uv_size": [1, 1]},
								"east": {"uv": [102, 80], "uv_size": [1, 1]},
								"south": {"uv": [81, 102], "uv_size": [1, 1]},
								"west": {"uv": [102, 81], "uv_size": [1, 1]},
								"up": {"uv": [82, 102], "uv_size": [1, 1]},
								"down": {"uv": [102, 83], "uv_size": [1, -1]}
							}
						},
						{
							"origin": [0.58, 29.0635, -25.6],
							"size": [0.2, 0.2, 0.6],
							"pivot": [0.05, 28.6195, -16.6],
							"rotation": [0, 0, 45],
							"uv": {
								"north": {"uv": [83, 102], "uv_size": [1, 1]},
								"east": {"uv": [102, 83], "uv_size": [1, 1]},
								"south": {"uv": [84, 102], "uv_size": [1, 1]},
								"west": {"uv": [102, 84], "uv_size": [1, 1]},
								"up": {"uv": [85, 102], "uv_size": [1, 1]},
								"down": {"uv": [102, 86], "uv_size": [1, -1]}
							}
						},
						{
							"origin": [0.58, 29.0635, -26.9],
							"size": [0.2, 0.2, 0.6],
							"pivot": [0.05, 28.6195, -17.9],
							"rotation": [0, 0, 45],
							"uv": {
								"north": {"uv": [86, 102], "uv_size": [1, 1]},
								"east": {"uv": [102, 86], "uv_size": [1, 1]},
								"south": {"uv": [87, 102], "uv_size": [1, 1]},
								"west": {"uv": [102, 87], "uv_size": [1, 1]},
								"up": {"uv": [88, 102], "uv_size": [1, 1]},
								"down": {"uv": [102, 89], "uv_size": [1, -1]}
							}
						},
						{
							"origin": [0.58, 29.0635, -28.2],
							"size": [0.2, 0.2, 0.6],
							"pivot": [0.05, 28.6195, -19.2],
							"rotation": [0, 0, 45],
							"uv": {
								"north": {"uv": [89, 102], "uv_size": [1, 1]},
								"east": {"uv": [102, 89], "uv_size": [1, 1]},
								"south": {"uv": [90, 102], "uv_size": [1, 1]},
								"west": {"uv": [102, 90], "uv_size": [1, 1]},
								"up": {"uv": [91, 102], "uv_size": [1, 1]},
								"down": {"uv": [102, 92], "uv_size": [1, -1]}
							}
						},
						{
							"origin": [-0.82, 28.5, -29.5],
							"size": [1.7, 0.2, 0.6],
							"uv": {
								"north": {"uv": [92, 102], "uv_size": [1, 1]},
								"east": {"uv": [102, 92], "uv_size": [1, 1]},
								"south": {"uv": [93, 102], "uv_size": [1, 1]},
								"west": {"uv": [102, 93], "uv_size": [1, 1]},
								"up": {"uv": [94, 102], "uv_size": [1, 1]},
								"down": {"uv": [102, 95], "uv_size": [1, -1]}
							}
						},
						{
							"origin": [-1.12, 29.0625, -29.5],
							"size": [0.2, 0.2, 0.6],
							"pivot": [-1.65, 28.6195, -20.5],
							"rotation": [0, 0, 45],
							"uv": {
								"north": {"uv": [95, 102], "uv_size": [1, 1]},
								"east": {"uv": [102, 95], "uv_size": [1, 1]},
								"south": {"uv": [96, 102], "uv_size": [1, 1]},
								"west": {"uv": [102, 96], "uv_size": [1, 1]},
								"up": {"uv": [97, 102], "uv_size": [1, 1]},
								"down": {"uv": [102, 98], "uv_size": [1, -1]}
							}
						},
						{
							"origin": [-0.82, 28.5, -30.8],
							"size": [1.7, 0.2, 0.6],
							"uv": {
								"north": {"uv": [98, 102], "uv_size": [1, 1]},
								"east": {"uv": [102, 98], "uv_size": [1, 1]},
								"south": {"uv": [99, 102], "uv_size": [1, 1]},
								"west": {"uv": [102, 99], "uv_size": [1, 1]},
								"up": {"uv": [100, 102], "uv_size": [1, 1]},
								"down": {"uv": [102, 101], "uv_size": [1, -1]}
							}
						},
						{
							"origin": [-1.12, 29.0625, -30.8],
							"size": [0.2, 0.2, 0.6],
							"pivot": [-1.65, 28.6195, -21.8],
							"rotation": [0, 0, 45],
							"uv": {
								"north": {"uv": [101, 102], "uv_size": [1, 1]},
								"east": {"uv": [102, 101], "uv_size": [1, 1]},
								"south": {"uv": [102, 102], "uv_size": [1, 1]},
								"west": {"uv": [0, 103], "uv_size": [1, 1]},
								"up": {"uv": [103, 0], "uv_size": [1, 1]},
								"down": {"uv": [1, 104], "uv_size": [1, -1]}
							}
						},
						{
							"origin": [-0.82, 28.5, -32.1],
							"size": [1.7, 0.2, 0.6],
							"uv": {
								"north": {"uv": [103, 1], "uv_size": [1, 1]},
								"east": {"uv": [2, 103], "uv_size": [1, 1]},
								"south": {"uv": [103, 2], "uv_size": [1, 1]},
								"west": {"uv": [3, 103], "uv_size": [1, 1]},
								"up": {"uv": [103, 3], "uv_size": [1, 1]},
								"down": {"uv": [4, 104], "uv_size": [1, -1]}
							}
						},
						{
							"origin": [-1.12, 29.0625, -32.1],
							"size": [0.2, 0.2, 0.6],
							"pivot": [-1.65, 28.6195, -23.1],
							"rotation": [0, 0, 45],
							"uv": {
								"north": {"uv": [103, 4], "uv_size": [1, 1]},
								"east": {"uv": [5, 103], "uv_size": [1, 1]},
								"south": {"uv": [103, 5], "uv_size": [1, 1]},
								"west": {"uv": [6, 103], "uv_size": [1, 1]},
								"up": {"uv": [103, 6], "uv_size": [1, 1]},
								"down": {"uv": [7, 104], "uv_size": [1, -1]}
							}
						},
						{
							"origin": [0.58, 29.0635, -29.5],
							"size": [0.2, 0.2, 0.6],
							"pivot": [0.05, 28.6195, -20.5],
							"rotation": [0, 0, 45],
							"uv": {
								"north": {"uv": [103, 7], "uv_size": [1, 1]},
								"east": {"uv": [8, 103], "uv_size": [1, 1]},
								"south": {"uv": [103, 8], "uv_size": [1, 1]},
								"west": {"uv": [9, 103], "uv_size": [1, 1]},
								"up": {"uv": [103, 9], "uv_size": [1, 1]},
								"down": {"uv": [10, 104], "uv_size": [1, -1]}
							}
						},
						{
							"origin": [0.58, 29.0635, -30.8],
							"size": [0.2, 0.2, 0.6],
							"pivot": [0.05, 28.6195, -21.8],
							"rotation": [0, 0, 45],
							"uv": {
								"north": {"uv": [103, 10], "uv_size": [1, 1]},
								"east": {"uv": [11, 103], "uv_size": [1, 1]},
								"south": {"uv": [103, 11], "uv_size": [1, 1]},
								"west": {"uv": [12, 103], "uv_size": [1, 1]},
								"up": {"uv": [103, 12], "uv_size": [1, 1]},
								"down": {"uv": [13, 104], "uv_size": [1, -1]}
							}
						},
						{
							"origin": [0.58, 29.0635, -32.1],
							"size": [0.2, 0.2, 0.6],
							"pivot": [0.05, 28.6195, -23.1],
							"rotation": [0, 0, 45],
							"uv": {
								"north": {"uv": [103, 13], "uv_size": [1, 1]},
								"east": {"uv": [14, 103], "uv_size": [1, 1]},
								"south": {"uv": [103, 14], "uv_size": [1, 1]},
								"west": {"uv": [15, 103], "uv_size": [1, 1]},
								"up": {"uv": [103, 15], "uv_size": [1, 1]},
								"down": {"uv": [16, 104], "uv_size": [1, -1]}
							}
						},
						{
							"origin": [-0.82, 28.5, -33.4],
							"size": [1.7, 0.2, 0.6],
							"uv": {
								"north": {"uv": [103, 16], "uv_size": [1, 1]},
								"east": {"uv": [17, 103], "uv_size": [1, 1]},
								"south": {"uv": [103, 17], "uv_size": [1, 1]},
								"west": {"uv": [18, 103], "uv_size": [1, 1]},
								"up": {"uv": [103, 18], "uv_size": [1, 1]},
								"down": {"uv": [19, 104], "uv_size": [1, -1]}
							}
						},
						{
							"origin": [-1.12, 29.0625, -33.4],
							"size": [0.2, 0.2, 0.6],
							"pivot": [-1.65, 28.6195, -24.4],
							"rotation": [0, 0, 45],
							"uv": {
								"north": {"uv": [103, 19], "uv_size": [1, 1]},
								"east": {"uv": [20, 103], "uv_size": [1, 1]},
								"south": {"uv": [103, 20], "uv_size": [1, 1]},
								"west": {"uv": [21, 103], "uv_size": [1, 1]},
								"up": {"uv": [103, 21], "uv_size": [1, 1]},
								"down": {"uv": [22, 104], "uv_size": [1, -1]}
							}
						},
						{
							"origin": [-0.82, 28.5, -34.7],
							"size": [1.7, 0.2, 0.6],
							"uv": {
								"north": {"uv": [103, 22], "uv_size": [1, 1]},
								"east": {"uv": [23, 103], "uv_size": [1, 1]},
								"south": {"uv": [103, 23], "uv_size": [1, 1]},
								"west": {"uv": [24, 103], "uv_size": [1, 1]},
								"up": {"uv": [103, 24], "uv_size": [1, 1]},
								"down": {"uv": [25, 104], "uv_size": [1, -1]}
							}
						},
						{
							"origin": [-1.12, 29.0625, -34.7],
							"size": [0.2, 0.2, 0.6],
							"pivot": [-1.65, 28.6195, -25.7],
							"rotation": [0, 0, 45],
							"uv": {
								"north": {"uv": [103, 25], "uv_size": [1, 1]},
								"east": {"uv": [26, 103], "uv_size": [1, 1]},
								"south": {"uv": [103, 26], "uv_size": [1, 1]},
								"west": {"uv": [27, 103], "uv_size": [1, 1]},
								"up": {"uv": [103, 27], "uv_size": [1, 1]},
								"down": {"uv": [28, 104], "uv_size": [1, -1]}
							}
						},
						{
							"origin": [0.58, 29.0635, -33.4],
							"size": [0.2, 0.2, 0.6],
							"pivot": [0.05, 28.6195, -24.4],
							"rotation": [0, 0, 45],
							"uv": {
								"north": {"uv": [103, 34], "uv_size": [1, 1]},
								"east": {"uv": [35, 103], "uv_size": [1, 1]},
								"south": {"uv": [103, 35], "uv_size": [1, 1]},
								"west": {"uv": [36, 103], "uv_size": [1, 1]},
								"up": {"uv": [103, 36], "uv_size": [1, 1]},
								"down": {"uv": [37, 104], "uv_size": [1, -1]}
							}
						},
						{
							"origin": [0.58, 29.0635, -34.7],
							"size": [0.2, 0.2, 0.6],
							"pivot": [0.05, 28.6195, -25.7],
							"rotation": [0, 0, 45],
							"uv": {
								"north": {"uv": [103, 37], "uv_size": [1, 1]},
								"east": {"uv": [38, 103], "uv_size": [1, 1]},
								"south": {"uv": [103, 38], "uv_size": [1, 1]},
								"west": {"uv": [39, 103], "uv_size": [1, 1]},
								"up": {"uv": [103, 39], "uv_size": [1, 1]},
								"down": {"uv": [40, 104], "uv_size": [1, -1]}
							}
						},
						{
							"origin": [-0.82, 28.5, -35.9],
							"size": [1.7, 0.2, 0.6],
							"uv": {
								"north": {"uv": [103, 55], "uv_size": [1, 1]},
								"east": {"uv": [56, 103], "uv_size": [1, 1]},
								"south": {"uv": [103, 56], "uv_size": [1, 1]},
								"west": {"uv": [57, 103], "uv_size": [1, 1]},
								"up": {"uv": [103, 57], "uv_size": [1, 1]},
								"down": {"uv": [58, 104], "uv_size": [1, -1]}
							}
						},
						{
							"origin": [-1.12, 29.0625, -35.9],
							"size": [0.2, 0.2, 0.6],
							"pivot": [-1.65, 28.6195, -26.9],
							"rotation": [0, 0, 45],
							"uv": {
								"north": {"uv": [103, 58], "uv_size": [1, 1]},
								"east": {"uv": [59, 103], "uv_size": [1, 1]},
								"south": {"uv": [103, 59], "uv_size": [1, 1]},
								"west": {"uv": [60, 103], "uv_size": [1, 1]},
								"up": {"uv": [103, 60], "uv_size": [1, 1]},
								"down": {"uv": [61, 104], "uv_size": [1, -1]}
							}
						},
						{
							"origin": [0.58, 29.0635, -35.9],
							"size": [0.2, 0.2, 0.6],
							"pivot": [0.05, 28.6195, -26.9],
							"rotation": [0, 0, 45],
							"uv": {
								"north": {"uv": [103, 67], "uv_size": [1, 1]},
								"east": {"uv": [68, 103], "uv_size": [1, 1]},
								"south": {"uv": [103, 68], "uv_size": [1, 1]},
								"west": {"uv": [69, 103], "uv_size": [1, 1]},
								"up": {"uv": [103, 69], "uv_size": [1, 1]},
								"down": {"uv": [70, 104], "uv_size": [1, -1]}
							}
						},
						{
							"origin": [-0.52, 21.57, -34.537],
							"size": [1.1, 0.258, 0.44],
							"pivot": [-0.15, 21.5, -49.3],
							"rotation": [27, 0, 0],
							"uv": {
								"north": {"uv": [103, 82], "uv_size": [1, 1]},
								"east": {"uv": [83, 103], "uv_size": [1, 1]},
								"south": {"uv": [103, 83], "uv_size": [1, 1]},
								"west": {"uv": [84, 103], "uv_size": [1, 1]},
								"up": {"uv": [103, 84], "uv_size": [1, 1]},
								"down": {"uv": [85, 104], "uv_size": [1, -1]}
							}
						},
						{
							"origin": [1.35, 24.4, -25.77],
							"size": [0.5, 0.7, 2.4],
							"uv": {
								"north": {"uv": [103, 85], "uv_size": [1, 1]},
								"east": {"uv": [93, 40], "uv_size": [2, 1]},
								"south": {"uv": [86, 103], "uv_size": [1, 1]},
								"west": {"uv": [41, 93], "uv_size": [2, 1]},
								"up": {"uv": [71, 3], "uv_size": [1, 2]},
								"down": {"uv": [19, 78], "uv_size": [1, -2]}
							}
						},
						{
							"origin": [1.35, 22.2, -25.77],
							"size": [0.5, 1.3, 2.4],
							"uv": {
								"north": {"uv": [103, 86], "uv_size": [1, 1]},
								"east": {"uv": [43, 93], "uv_size": [2, 1]},
								"south": {"uv": [87, 103], "uv_size": [1, 1]},
								"west": {"uv": [45, 93], "uv_size": [2, 1]},
								"up": {"uv": [33, 78], "uv_size": [1, 2]},
								"down": {"uv": [60, 94], "uv_size": [1, -2]}
							}
						},
						{
							"origin": [1.35, 24.4, -29.77],
							"size": [0.5, 0.7, 2.4],
							"uv": {
								"north": {"uv": [103, 87], "uv_size": [1, 1]},
								"east": {"uv": [47, 93], "uv_size": [2, 1]},
								"south": {"uv": [88, 103], "uv_size": [1, 1]},
								"west": {"uv": [49, 93], "uv_size": [2, 1]},
								"up": {"uv": [69, 92], "uv_size": [1, 2]},
								"down": {"uv": [77, 94], "uv_size": [1, -2]}
							}
						},
						{
							"origin": [1.35, 22.2, -29.77],
							"size": [0.5, 1.3, 2.4],
							"uv": {
								"north": {"uv": [103, 88], "uv_size": [1, 1]},
								"east": {"uv": [93, 51], "uv_size": [2, 1]},
								"south": {"uv": [89, 103], "uv_size": [1, 1]},
								"west": {"uv": [93, 52], "uv_size": [2, 1]},
								"up": {"uv": [8, 93], "uv_size": [1, 2]},
								"down": {"uv": [17, 95], "uv_size": [1, -2]}
							}
						},
						{
							"origin": [1.35, 22.2, -27.37],
							"size": [0.5, 2.9, 1.6],
							"uv": {
								"north": {"uv": [39, 89], "uv_size": [1, 3]},
								"east": {"uv": [78, 80], "uv_size": [2, 3]},
								"south": {"uv": [40, 89], "uv_size": [1, 3]},
								"west": {"uv": [80, 80], "uv_size": [2, 3]},
								"up": {"uv": [34, 93], "uv_size": [1, 2]},
								"down": {"uv": [51, 95], "uv_size": [1, -2]}
							}
						},
						{
							"origin": [-1.85, 22.2, -25.77],
							"size": [0.5, 1.3, 2.4],
							"uv": {
								"north": {"uv": [103, 89], "uv_size": [1, 1]},
								"east": {"uv": [55, 93], "uv_size": [2, 1]},
								"south": {"uv": [90, 103], "uv_size": [1, 1]},
								"west": {"uv": [93, 56], "uv_size": [2, 1]},
								"up": {"uv": [93, 57], "uv_size": [1, 2]},
								"down": {"uv": [58, 95], "uv_size": [1, -2]}
							}
						},
						{
							"origin": [-1.85, 24.4, -25.77],
							"size": [0.5, 0.7, 2.4],
							"uv": {
								"north": {"uv": [103, 90], "uv_size": [1, 1]},
								"east": {"uv": [66, 93], "uv_size": [2, 1]},
								"south": {"uv": [91, 103], "uv_size": [1, 1]},
								"west": {"uv": [93, 67], "uv_size": [2, 1]},
								"up": {"uv": [59, 93], "uv_size": [1, 2]},
								"down": {"uv": [68, 95], "uv_size": [1, -2]}
							}
						},
						{
							"origin": [-1.85, 22.2, -27.37],
							"size": [0.5, 2.9, 1.6],
							"uv": {
								"north": {"uv": [41, 89], "uv_size": [1, 3]},
								"east": {"uv": [81, 32], "uv_size": [2, 3]},
								"south": {"uv": [42, 89], "uv_size": [1, 3]},
								"west": {"uv": [81, 47], "uv_size": [2, 3]},
								"up": {"uv": [93, 68], "uv_size": [1, 2]},
								"down": {"uv": [70, 95], "uv_size": [1, -2]}
							}
						},
						{
							"origin": [-1.85, 22.2, -29.77],
							"size": [0.5, 1.3, 2.4],
							"uv": {
								"north": {"uv": [103, 91], "uv_size": [1, 1]},
								"east": {"uv": [71, 93], "uv_size": [2, 1]},
								"south": {"uv": [92, 103], "uv_size": [1, 1]},
								"west": {"uv": [73, 93], "uv_size": [2, 1]},
								"up": {"uv": [75, 93], "uv_size": [1, 2]},
								"down": {"uv": [76, 95], "uv_size": [1, -2]}
							}
						},
						{
							"origin": [-1.85, 24.4, -29.77],
							"size": [0.5, 0.7, 2.4],
							"uv": {
								"north": {"uv": [103, 92], "uv_size": [1, 1]},
								"east": {"uv": [93, 74], "uv_size": [2, 1]},
								"south": {"uv": [93, 103], "uv_size": [1, 1]},
								"west": {"uv": [93, 81], "uv_size": [2, 1]},
								"up": {"uv": [78, 93], "uv_size": [1, 2]},
								"down": {"uv": [82, 95], "uv_size": [1, -2]}
							}
						},
						{
							"origin": [-1.85, 22.2, -31.37],
							"size": [0.5, 2.9, 1.6],
							"uv": {
								"north": {"uv": [44, 89], "uv_size": [1, 3]},
								"east": {"uv": [49, 81], "uv_size": [2, 3]},
								"south": {"uv": [45, 89], "uv_size": [1, 3]},
								"west": {"uv": [51, 81], "uv_size": [2, 3]},
								"up": {"uv": [93, 82], "uv_size": [1, 2]},
								"down": {"uv": [83, 95], "uv_size": [1, -2]}
							}
						},
						{
							"origin": [-1.85, 22.2, -36.67],
							"size": [0.5, 2.9, 2.9],
							"uv": {
								"north": {"uv": [48, 89], "uv_size": [1, 3]},
								"east": {"uv": [73, 64], "uv_size": [3, 3]},
								"south": {"uv": [49, 89], "uv_size": [1, 3]},
								"west": {"uv": [74, 18], "uv_size": [3, 3]},
								"up": {"uv": [50, 89], "uv_size": [1, 3]},
								"down": {"uv": [51, 92], "uv_size": [1, -3]}
							}
						},
						{
							"origin": [-1.35, 22.2, -36.67],
							"size": [2.7, 0.4, 9.3],
							"uv": {
								"north": {"uv": [89, 77], "uv_size": [3, 1]},
								"east": {"uv": [61, 35], "uv_size": [17, 1]},
								"south": {"uv": [85, 89], "uv_size": [3, 1]},
								"west": {"uv": [61, 36], "uv_size": [17, 1]},
								"up": {"uv": [0, 31], "uv_size": [3, 17]},
								"down": {"uv": [33, 35], "uv_size": [3, -17]}
							}
						},
						{
							"origin": [-1.85, 22.2, -23.37],
							"size": [0.5, 2.9, 1.9],
							"uv": {
								"north": {"uv": [70, 90], "uv_size": [1, 3]},
								"east": {"uv": [2, 82], "uv_size": [2, 3]},
								"south": {"uv": [71, 90], "uv_size": [1, 3]},
								"west": {"uv": [82, 3], "uv_size": [2, 3]},
								"up": {"uv": [16, 96], "uv_size": [1, 2]},
								"down": {"uv": [19, 98], "uv_size": [1, -2]}
							}
						},
						{
							"origin": [-1.35, 22.2, -34.27],
							"size": [2.7, 0.4, 12.8],
							"uv": {
								"north": {"uv": [67, 90], "uv_size": [3, 1]},
								"east": {"uv": [61, 37], "uv_size": [17, 1]},
								"south": {"uv": [90, 67], "uv_size": [3, 1]},
								"west": {"uv": [61, 38], "uv_size": [17, 1]},
								"up": {"uv": [21, 33], "uv_size": [3, 17]},
								"down": {"uv": [3, 51], "uv_size": [3, -17]}
							}
						},
						{
							"origin": [1.35, 22.2, -23.37],
							"size": [0.5, 2.9, 1.9],
							"uv": {
								"north": {"uv": [90, 64], "uv_size": [1, 3]},
								"east": {"uv": [71, 81], "uv_size": [2, 3]},
								"south": {"uv": [66, 90], "uv_size": [1, 3]},
								"west": {"uv": [82, 0], "uv_size": [2, 3]},
								"up": {"uv": [88, 95], "uv_size": [1, 2]},
								"down": {"uv": [93, 97], "uv_size": [1, -2]}
							}
						},
						{
							"origin": [1.35, 22.2, -31.37],
							"size": [0.5, 2.9, 1.6],
							"uv": {
								"north": {"uv": [55, 89], "uv_size": [1, 3]},
								"east": {"uv": [61, 81], "uv_size": [2, 3]},
								"south": {"uv": [56, 89], "uv_size": [1, 3]},
								"west": {"uv": [67, 81], "uv_size": [2, 3]},
								"up": {"uv": [12, 94], "uv_size": [1, 2]},
								"down": {"uv": [13, 96], "uv_size": [1, -2]}
							}
						},
						{
							"origin": [1.35, 22.2, -36.67],
							"size": [0.5, 2.9, 2.9],
							"uv": {
								"north": {"uv": [88, 89], "uv_size": [1, 3]},
								"east": {"uv": [74, 70], "uv_size": [3, 3]},
								"south": {"uv": [89, 89], "uv_size": [1, 3]},
								"west": {"uv": [71, 74], "uv_size": [3, 3]},
								"up": {"uv": [0, 90], "uv_size": [1, 3]},
								"down": {"uv": [1, 93], "uv_size": [1, -3]}
							}
						},
						{
							"origin": [-2.76, 23.51, 5.4],
							"size": [0.5, 0.5, 2.3],
							"pivot": [-0.26, 23.735, -9],
							"rotation": [-180, 0, 142],
							"uv": {
								"north": {"uv": [103, 102], "uv_size": [1, 1]},
								"east": {"uv": [94, 37], "uv_size": [2, 1]},
								"south": {"uv": [103, 103], "uv_size": [1, 1]},
								"west": {"uv": [94, 41], "uv_size": [2, 1]},
								"up": {"uv": [42, 94], "uv_size": [1, 2]},
								"down": {"uv": [94, 44], "uv_size": [1, -2]}
							}
						},
						{
							"origin": [-2.76, 23.51, 4.3],
							"size": [0.5, 1, 1.7],
							"pivot": [-0.26, 23.735, -10.7],
							"rotation": [-180, 0, 142],
							"uv": {
								"north": {"uv": [0, 104], "uv_size": [1, 1]},
								"east": {"uv": [43, 94], "uv_size": [2, 1]},
								"south": {"uv": [104, 0], "uv_size": [1, 1]},
								"west": {"uv": [94, 44], "uv_size": [2, 1]},
								"up": {"uv": [45, 94], "uv_size": [1, 2]},
								"down": {"uv": [94, 47], "uv_size": [1, -2]}
							}
						},
						{
							"origin": [-2.76, 23.51, 0.3],
							"size": [0.5, 1, 1.7],
							"pivot": [-0.26, 23.735, -14.7],
							"rotation": [-180, 0, 142],
							"uv": {
								"north": {"uv": [1, 104], "uv_size": [1, 1]},
								"east": {"uv": [46, 94], "uv_size": [2, 1]},
								"south": {"uv": [104, 1], "uv_size": [1, 1]},
								"west": {"uv": [94, 47], "uv_size": [2, 1]},
								"up": {"uv": [48, 94], "uv_size": [1, 2]},
								"down": {"uv": [94, 50], "uv_size": [1, -2]}
							}
						},
						{
							"origin": [-2.76, 23.51, 1],
							"size": [0.5, 0.5, 2.3],
							"pivot": [-0.26, 23.735, -13.2],
							"rotation": [-180, 0, 142],
							"uv": {
								"north": {"uv": [2, 104], "uv_size": [1, 1]},
								"east": {"uv": [49, 94], "uv_size": [2, 1]},
								"south": {"uv": [104, 2], "uv_size": [1, 1]},
								"west": {"uv": [94, 50], "uv_size": [2, 1]},
								"up": {"uv": [52, 94], "uv_size": [1, 2]},
								"down": {"uv": [53, 96], "uv_size": [1, -2]}
							}
						},
						{
							"origin": [-2.76, 23.51, -3.7],
							"size": [0.5, 1, 2.5],
							"pivot": [-0.26, 23.735, -18.7],
							"rotation": [-180, 0, 142],
							"uv": {
								"north": {"uv": [5, 104], "uv_size": [1, 1]},
								"east": {"uv": [4, 90], "uv_size": [3, 1]},
								"south": {"uv": [104, 5], "uv_size": [1, 1]},
								"west": {"uv": [7, 90], "uv_size": [3, 1]},
								"up": {"uv": [2, 90], "uv_size": [1, 3]},
								"down": {"uv": [10, 93], "uv_size": [1, -3]}
							}
						},
						{
							"origin": [-2.76, 23.51, 59.2],
							"size": [0.4, 0.3, 0.47],
							"pivot": [-0.26, 23.735, 11.5],
							"rotation": [-180, 0, 142],
							"uv": {
								"north": {"uv": [7, 104], "uv_size": [1, 1]},
								"east": {"uv": [104, 7], "uv_size": [1, 1]},
								"south": {"uv": [8, 104], "uv_size": [1, 1]},
								"west": {"uv": [104, 8], "uv_size": [1, 1]},
								"up": {"uv": [9, 104], "uv_size": [1, 1]},
								"down": {"uv": [104, 10], "uv_size": [1, -1]}
							}
						},
						{
							"origin": [-4.99, 26.9, -25.7],
							"size": [0.5, 0.57, 2.3],
							"pivot": [-2.76, 26.74, -39.4],
							"rotation": [0, 0, -142],
							"uv": {
								"north": {"uv": [12, 104], "uv_size": [1, 1]},
								"east": {"uv": [63, 94], "uv_size": [2, 1]},
								"south": {"uv": [104, 12], "uv_size": [1, 1]},
								"west": {"uv": [94, 64], "uv_size": [2, 1]},
								"up": {"uv": [65, 94], "uv_size": [1, 2]},
								"down": {"uv": [94, 67], "uv_size": [1, -2]}
							}
						},
						{
							"origin": [-4.99, 26.4, -27.4],
							"size": [0.5, 1.07, 1.7],
							"pivot": [-2.76, 26.74, -41.7],
							"rotation": [0, 0, -142],
							"uv": {
								"north": {"uv": [13, 104], "uv_size": [1, 1]},
								"east": {"uv": [66, 94], "uv_size": [2, 1]},
								"south": {"uv": [104, 13], "uv_size": [1, 1]},
								"west": {"uv": [94, 68], "uv_size": [2, 1]},
								"up": {"uv": [69, 94], "uv_size": [1, 2]},
								"down": {"uv": [94, 71], "uv_size": [1, -2]}
							}
						},
						{
							"origin": [-4.99, 26.4, -31.4],
							"size": [0.5, 1.07, 1.7],
							"pivot": [-2.76, 26.74, -45.7],
							"rotation": [0, 0, -142],
							"uv": {
								"north": {"uv": [14, 104], "uv_size": [1, 1]},
								"east": {"uv": [71, 94], "uv_size": [2, 1]},
								"south": {"uv": [104, 14], "uv_size": [1, 1]},
								"west": {"uv": [94, 71], "uv_size": [2, 1]},
								"up": {"uv": [94, 72], "uv_size": [1, 2]},
								"down": {"uv": [73, 96], "uv_size": [1, -2]}
							}
						},
						{
							"origin": [-4.99, 26.9, -29.7],
							"size": [0.5, 0.57, 2.3],
							"pivot": [-2.76, 26.74, -43.4],
							"rotation": [0, 0, -142],
							"uv": {
								"north": {"uv": [15, 104], "uv_size": [1, 1]},
								"east": {"uv": [94, 75], "uv_size": [2, 1]},
								"south": {"uv": [104, 15], "uv_size": [1, 1]},
								"west": {"uv": [94, 76], "uv_size": [2, 1]},
								"up": {"uv": [74, 94], "uv_size": [1, 2]},
								"down": {"uv": [77, 96], "uv_size": [1, -2]}
							}
						},
						{
							"origin": [-4.99, 26.4, -36.3],
							"size": [0.5, 1.07, 2.6],
							"pivot": [-2.76, 26.74, -49.7],
							"rotation": [0, 0, -142],
							"uv": {
								"north": {"uv": [18, 104], "uv_size": [1, 1]},
								"east": {"uv": [11, 90], "uv_size": [3, 1]},
								"south": {"uv": [104, 18], "uv_size": [1, 1]},
								"west": {"uv": [16, 90], "uv_size": [3, 1]},
								"up": {"uv": [19, 90], "uv_size": [1, 3]},
								"down": {"uv": [20, 93], "uv_size": [1, -3]}
							}
						},
						{
							"origin": [-4.89, 27.17, -36.67],
							"size": [0.4, 0.3, 0.37],
							"pivot": [-2.76, 26.74, -52.3],
							"rotation": [0, 0, -142],
							"uv": {
								"north": {"uv": [20, 104], "uv_size": [1, 1]},
								"east": {"uv": [104, 20], "uv_size": [1, 1]},
								"south": {"uv": [21, 104], "uv_size": [1, 1]},
								"west": {"uv": [104, 21], "uv_size": [1, 1]},
								"up": {"uv": [22, 104], "uv_size": [1, 1]},
								"down": {"uv": [104, 23], "uv_size": [1, -1]}
							}
						},
						{
							"origin": [-1.39, 30.7, -35.395],
							"size": [0.4, 1.27, 0.8],
							"pivot": [0.74, 31.24, -50.6],
							"rotation": [21, 0, -142],
							"uv": {
								"north": {"uv": [23, 104], "uv_size": [1, 1]},
								"east": {"uv": [104, 23], "uv_size": [1, 1]},
								"south": {"uv": [24, 104], "uv_size": [1, 1]},
								"west": {"uv": [104, 24], "uv_size": [1, 1]},
								"up": {"uv": [25, 104], "uv_size": [1, 1]},
								"down": {"uv": [104, 26], "uv_size": [1, -1]}
							}
						},
						{
							"origin": [-6.39, 28.15, -35.415],
							"size": [0.4, 1.17, 0.8],
							"pivot": [-3.96, 28.64, -50.6],
							"rotation": [21, 0, 142],
							"uv": {
								"north": {"uv": [26, 104], "uv_size": [1, 1]},
								"east": {"uv": [104, 26], "uv_size": [1, 1]},
								"south": {"uv": [27, 104], "uv_size": [1, 1]},
								"west": {"uv": [104, 27], "uv_size": [1, 1]},
								"up": {"uv": [28, 104], "uv_size": [1, 1]},
								"down": {"uv": [104, 29], "uv_size": [1, -1]}
							}
						},
						{
							"origin": [-4.61, 27.53, -27.4],
							"size": [0.52, 2.2, 1.7],
							"pivot": [-2.46, 27.64, -41.7],
							"rotation": [0, 0, -167],
							"uv": {
								"north": {"uv": [95, 0], "uv_size": [1, 2]},
								"east": {"uv": [84, 41], "uv_size": [2, 2]},
								"south": {"uv": [1, 95], "uv_size": [1, 2]},
								"west": {"uv": [51, 84], "uv_size": [2, 2]},
								"up": {"uv": [95, 2], "uv_size": [1, 2]},
								"down": {"uv": [4, 97], "uv_size": [1, -2]}
							}
						},
						{
							"origin": [-4.61, 27.53, -31.4],
							"size": [0.52, 2.2, 1.7],
							"pivot": [-2.46, 27.64, -45.7],
							"rotation": [0, 0, -167],
							"uv": {
								"north": {"uv": [95, 4], "uv_size": [1, 2]},
								"east": {"uv": [84, 51], "uv_size": [2, 2]},
								"south": {"uv": [5, 95], "uv_size": [1, 2]},
								"west": {"uv": [84, 53], "uv_size": [2, 2]},
								"up": {"uv": [6, 95], "uv_size": [1, 2]},
								"down": {"uv": [95, 8], "uv_size": [1, -2]}
							}
						},
						{
							"origin": [-4.61, 27.53, -36.3],
							"size": [0.52, 2.2, 2.6],
							"pivot": [-2.46, 27.64, -47.8],
							"rotation": [0, 0, -167],
							"uv": {
								"north": {"uv": [95, 10], "uv_size": [1, 2]},
								"east": {"uv": [81, 6], "uv_size": [3, 2]},
								"south": {"uv": [95, 12], "uv_size": [1, 2]},
								"west": {"uv": [81, 9], "uv_size": [3, 2]},
								"up": {"uv": [21, 90], "uv_size": [1, 3]},
								"down": {"uv": [22, 93], "uv_size": [1, -3]}
							}
						},
						{
							"origin": [-3.62, 24.1, -36.3],
							"size": [0.52, 2.3, 2.6],
							"pivot": [-1.16, 25.44, -38],
							"rotation": [0, 0, 167],
							"uv": {
								"north": {"uv": [20, 95], "uv_size": [1, 2]},
								"east": {"uv": [81, 18], "uv_size": [3, 2]},
								"south": {"uv": [95, 20], "uv_size": [1, 2]},
								"west": {"uv": [81, 24], "uv_size": [3, 2]},
								"up": {"uv": [23, 90], "uv_size": [1, 3]},
								"down": {"uv": [24, 93], "uv_size": [1, -3]}
							}
						},
						{
							"origin": [-4.99, 26.9, -33.7],
							"size": [0.5, 0.57, 2.3],
							"pivot": [-2.76, 26.74, -47.4],
							"rotation": [0, 0, -142],
							"uv": {
								"north": {"uv": [17, 104], "uv_size": [1, 1]},
								"east": {"uv": [80, 94], "uv_size": [2, 1]},
								"south": {"uv": [104, 17], "uv_size": [1, 1]},
								"west": {"uv": [94, 82], "uv_size": [2, 1]},
								"up": {"uv": [94, 83], "uv_size": [1, 2]},
								"down": {"uv": [84, 96], "uv_size": [1, -2]}
							}
						},
						{
							"origin": [-1.85, 24.4, -33.77],
							"size": [0.5, 0.7, 2.4],
							"uv": {
								"north": {"uv": [103, 94], "uv_size": [1, 1]},
								"east": {"uv": [87, 93], "uv_size": [2, 1]},
								"south": {"uv": [95, 103], "uv_size": [1, 1]},
								"west": {"uv": [89, 93], "uv_size": [2, 1]},
								"up": {"uv": [93, 89], "uv_size": [1, 2]},
								"down": {"uv": [91, 95], "uv_size": [1, -2]}
							}
						},
						{
							"origin": [-1.85, 22.2, -33.77],
							"size": [0.5, 1.3, 2.4],
							"uv": {
								"north": {"uv": [103, 93], "uv_size": [1, 1]},
								"east": {"uv": [84, 93], "uv_size": [2, 1]},
								"south": {"uv": [94, 103], "uv_size": [1, 1]},
								"west": {"uv": [93, 85], "uv_size": [2, 1]},
								"up": {"uv": [86, 93], "uv_size": [1, 2]},
								"down": {"uv": [93, 88], "uv_size": [1, -2]}
							}
						},
						{
							"origin": [-2.76, 23.51, -3],
							"size": [0.5, 0.5, 2.3],
							"pivot": [-0.26, 23.735, -17.2],
							"rotation": [-180, 0, 142],
							"uv": {
								"north": {"uv": [4, 104], "uv_size": [1, 1]},
								"east": {"uv": [94, 57], "uv_size": [2, 1]},
								"south": {"uv": [104, 4], "uv_size": [1, 1]},
								"west": {"uv": [94, 58], "uv_size": [2, 1]},
								"up": {"uv": [57, 94], "uv_size": [1, 2]},
								"down": {"uv": [94, 61], "uv_size": [1, -2]}
							}
						},
						{
							"origin": [1.35, 24.4, -33.77],
							"size": [0.5, 0.7, 2.4],
							"uv": {
								"north": {"uv": [103, 97], "uv_size": [1, 1]},
								"east": {"uv": [14, 94], "uv_size": [2, 1]},
								"south": {"uv": [98, 103], "uv_size": [1, 1]},
								"west": {"uv": [94, 16], "uv_size": [2, 1]},
								"up": {"uv": [16, 94], "uv_size": [1, 2]},
								"down": {"uv": [19, 96], "uv_size": [1, -2]}
							}
						},
						{
							"origin": [1.35, 22.2, -33.77],
							"size": [0.5, 1.3, 2.4],
							"uv": {
								"north": {"uv": [103, 98], "uv_size": [1, 1]},
								"east": {"uv": [94, 17], "uv_size": [2, 1]},
								"south": {"uv": [99, 103], "uv_size": [1, 1]},
								"west": {"uv": [20, 94], "uv_size": [2, 1]},
								"up": {"uv": [94, 20], "uv_size": [1, 2]},
								"down": {"uv": [22, 96], "uv_size": [1, -2]}
							}
						},
						{
							"origin": [-3.62, 24.1, -31.4],
							"size": [0.52, 2.3, 1.7],
							"pivot": [-1.16, 25.44, -33.1],
							"rotation": [0, 0, 167],
							"uv": {
								"north": {"uv": [26, 95], "uv_size": [1, 2]},
								"east": {"uv": [67, 84], "uv_size": [2, 2]},
								"south": {"uv": [95, 26], "uv_size": [1, 2]},
								"west": {"uv": [69, 84], "uv_size": [2, 2]},
								"up": {"uv": [27, 95], "uv_size": [1, 2]},
								"down": {"uv": [28, 97], "uv_size": [1, -2]}
							}
						},
						{
							"origin": [-3.62, 24.1, -27.4],
							"size": [0.52, 2.3, 1.7],
							"pivot": [-1.16, 25.44, -29.1],
							"rotation": [0, 0, 167],
							"uv": {
								"north": {"uv": [95, 28], "uv_size": [1, 2]},
								"east": {"uv": [71, 84], "uv_size": [2, 2]},
								"south": {"uv": [95, 30], "uv_size": [1, 2]},
								"west": {"uv": [84, 71], "uv_size": [2, 2]},
								"up": {"uv": [31, 95], "uv_size": [1, 2]},
								"down": {"uv": [32, 97], "uv_size": [1, -2]}
							}
						},
						{
							"origin": [-0.8, 25.8, -36.95],
							"size": [1.6, 1.6, 16.7],
							"inflate": -0.3,
							"pivot": [-0.2, 26.5, -65.15],
							"rotation": [0, 0, -20],
							"uv": {
								"north": {"uv": [86, 41], "uv_size": [2, 2]},
								"east": {"uv": [36, 20], "uv_size": [21, 2]},
								"south": {"uv": [51, 86], "uv_size": [2, 2]},
								"west": {"uv": [36, 22], "uv_size": [21, 2]},
								"up": {"uv": [11, 35], "uv_size": [2, 21]},
								"down": {"uv": [33, 61], "uv_size": [2, -21]}
							}
						},
						{
							"origin": [-0.8, -13.5, -8.05],
							"size": [1.6, 1.6, 2.4],
							"inflate": -0.3,
							"pivot": [-0.2, -12.8, -46.55],
							"rotation": [75, 0, 0],
							"uv": {
								"north": {"uv": [86, 51], "uv_size": [2, 2]},
								"east": {"uv": [86, 53], "uv_size": [2, 2]},
								"south": {"uv": [86, 55], "uv_size": [2, 2]},
								"west": {"uv": [57, 86], "uv_size": [2, 2]},
								"up": {"uv": [59, 86], "uv_size": [2, 2]},
								"down": {"uv": [61, 88], "uv_size": [2, -2]}
							}
						},
						{
							"origin": [-4.85, 27.43, -23.4],
							"size": [0.76, 2.3, 1.9],
							"pivot": [-2.46, 27.64, -37.6],
							"rotation": [0, 0, -167],
							"uv": {
								"north": {"uv": [70, 95], "uv_size": [1, 2]},
								"east": {"uv": [71, 86], "uv_size": [2, 2]},
								"south": {"uv": [71, 95], "uv_size": [1, 2]},
								"west": {"uv": [6, 87], "uv_size": [2, 2]},
								"up": {"uv": [72, 95], "uv_size": [1, 2]},
								"down": {"uv": [95, 74], "uv_size": [1, -2]}
							}
						},
						{
							"origin": [-5.19, 26.4, -23.4],
							"size": [0.7, 1.07, 1.9],
							"pivot": [-2.76, 26.74, -33.9],
							"rotation": [0, 0, -142],
							"uv": {
								"north": {"uv": [105, 1], "uv_size": [1, 1]},
								"east": {"uv": [95, 67], "uv_size": [2, 1]},
								"south": {"uv": [2, 105], "uv_size": [1, 1]},
								"west": {"uv": [95, 69], "uv_size": [2, 1]},
								"up": {"uv": [61, 95], "uv_size": [1, 2]},
								"down": {"uv": [68, 97], "uv_size": [1, -2]}
							}
						},
						{
							"origin": [-2.76, 23.51, 33.7],
							"size": [0.8, 1, 1.9],
							"pivot": [-0.26, 23.735, 6.1],
							"rotation": [-180, 0, 142],
							"uv": {
								"north": {"uv": [105, 2], "uv_size": [1, 1]},
								"east": {"uv": [95, 70], "uv_size": [2, 1]},
								"south": {"uv": [3, 105], "uv_size": [1, 1]},
								"west": {"uv": [95, 74], "uv_size": [2, 1]},
								"up": {"uv": [80, 95], "uv_size": [1, 2]},
								"down": {"uv": [81, 97], "uv_size": [1, -2]}
							}
						},
						{
							"origin": [-3.62, 24, -23.4],
							"size": [0.76, 2.1, 1.9],
							"pivot": [-1.16, 25.44, -25.1],
							"rotation": [0, 0, 167],
							"uv": {
								"north": {"uv": [75, 95], "uv_size": [1, 2]},
								"east": {"uv": [20, 87], "uv_size": [2, 2]},
								"south": {"uv": [76, 95], "uv_size": [1, 2]},
								"west": {"uv": [37, 87], "uv_size": [2, 2]},
								"up": {"uv": [78, 95], "uv_size": [1, 2]},
								"down": {"uv": [95, 81], "uv_size": [1, -2]}
							}
						},
						{
							"origin": [-0.82, 28.1, -36.3],
							"size": [1.7, 0.4, 14.8],
							"uv": {
								"north": {"uv": [105, 3], "uv_size": [1, 1]},
								"east": {"uv": [58, 24], "uv_size": [19, 1]},
								"south": {"uv": [4, 105], "uv_size": [1, 1]},
								"west": {"uv": [58, 25], "uv_size": [19, 1]},
								"up": {"uv": [59, 48], "uv_size": [1, 19]},
								"down": {"uv": [24, 79], "uv_size": [1, -19]}
							}
						},
						{
							"origin": [0.58, 29.0635, -21.7],
							"size": [0.2, 0.2, 0.6],
							"pivot": [0.05, 28.6195, -12.7],
							"rotation": [0, 0, 45],
							"uv": {
								"north": {"uv": [39, 100], "uv_size": [1, 1]},
								"east": {"uv": [100, 39], "uv_size": [1, 1]},
								"south": {"uv": [40, 100], "uv_size": [1, 1]},
								"west": {"uv": [100, 40], "uv_size": [1, 1]},
								"up": {"uv": [41, 100], "uv_size": [1, 1]},
								"down": {"uv": [100, 42], "uv_size": [1, -1]}
							}
						}
					]
				},
				{
					"name": "_ca_handguard",
					"parent": "main",
					"pivot": [-0.2, 19.95, -28.725],
					"cubes": [
						{"origin": [-0.5, 22.05, -22.425], "size": [1, 1, 1], "uv": [4, 4]}
					]
				}
			]
		}
	]
}