{
	"format_version": "1.12.0",
	"minecraft:geometry": [
		{
			"description": {
				"identifier": "geometry.unknown",
				"texture_width": 128,
				"texture_height": 128,
				"visible_bounds_width": 8,
				"visible_bounds_height": 4,
				"visible_bounds_offset": [0, 1, 0]
			},
			"bones": [
				{
					"name": "main",
					"pivot": [0, 20, 0]
				},
				{
					"name": "gun",
					"parent": "main",
					"pivot": [1, 11, -1]
				},
				{
					"name": "stock",
					"parent": "gun",
					"pivot": [1.35, 27.8, -5.5],
					"cubes": [
						{
							"origin": [-1.1, 27.00884, 9.99792],
							"size": [2.3, 1, 11.6],
							"inflate": 0.001,
							"pivot": [-0.05, 27.9, 9.6],
							"rotation": [-10.00388, 0.14773, 0.10115],
							"uv": {
								"north": {"uv": [98, 28], "uv_size": [3, 1]},
								"east": {"uv": [98, 28], "uv_size": [3, 1]},
								"south": {"uv": [98, 28], "uv_size": [3, 1]},
								"west": {"uv": [98, 28], "uv_size": [3, 1]},
								"up": {"uv": [101, 29], "uv_size": [-3, -1]},
								"down": {"uv": [101, 29], "uv_size": [-3, -1]}
							}
						},
						{
							"origin": [-1.2, 27.00884, 9.99792],
							"size": [2.5, 0.9, 11.6],
							"inflate": 0.001,
							"pivot": [-0.05, 27.9, 9.6],
							"rotation": [-10.00388, 0.14773, 0.10115],
							"uv": {
								"north": {"uv": [5, 82], "uv_size": [2, 6]},
								"east": {"uv": [5, 82], "uv_size": [2, 6]},
								"south": {"uv": [5, 82], "uv_size": [2, 6]},
								"west": {"uv": [5, 82], "uv_size": [2, 6]},
								"up": {"uv": [7, 88], "uv_size": [-2, -6]},
								"down": {"uv": [7, 88], "uv_size": [-2, -6]}
							}
						},
						{
							"origin": [-1.2, 25.00884, 9.69792],
							"size": [2.5, 0.9, 12],
							"inflate": 0.001,
							"pivot": [-0.05, 25.9, 9.6],
							"rotation": [-10.00388, 0.14773, 0.10115],
							"uv": {
								"north": {"uv": [5, 82], "uv_size": [2, 6]},
								"east": {"uv": [5, 82], "uv_size": [2, 6]},
								"south": {"uv": [5, 82], "uv_size": [2, 6]},
								"west": {"uv": [5, 82], "uv_size": [2, 6]},
								"up": {"uv": [7, 88], "uv_size": [-2, -6]},
								"down": {"uv": [7, 88], "uv_size": [-2, -6]}
							}
						},
						{
							"origin": [-1.1, 24.9231, 11.37087],
							"size": [2.3, 1, 15.1],
							"inflate": 0.001,
							"uv": {
								"north": {"uv": [100, 42], "uv_size": [2, 1]},
								"east": {"uv": [82, 59], "uv_size": [12, 1]},
								"south": {"uv": [100, 43], "uv_size": [2, 1]},
								"west": {"uv": [83, 37], "uv_size": [12, 1]},
								"up": {"uv": [20, 68], "uv_size": [2, 12]},
								"down": {"uv": [70, 73], "uv_size": [2, -12]}
							}
						},
						{
							"origin": [-1.2, 25.6231, 21.37087],
							"size": [2.5, 0.2, 5.2],
							"inflate": 0.001,
							"uv": {
								"north": {"uv": [5, 82], "uv_size": [2, 6]},
								"east": {"uv": [5, 82], "uv_size": [2, 6]},
								"south": {"uv": [5, 82], "uv_size": [2, 6]},
								"west": {"uv": [5, 82], "uv_size": [2, 6]},
								"up": {"uv": [7, 88], "uv_size": [-2, -6]},
								"down": {"uv": [7, 88], "uv_size": [-2, -6]}
							}
						},
						{
							"origin": [-1.2, 24.9231, 21.27087],
							"size": [2.5, 0.7, 4.6],
							"inflate": 0.001,
							"uv": {
								"north": {"uv": [5, 82], "uv_size": [2, 6]},
								"east": {"uv": [5, 82], "uv_size": [2, 6]},
								"south": {"uv": [5, 82], "uv_size": [2, 6]},
								"west": {"uv": [5, 82], "uv_size": [2, 6]},
								"up": {"uv": [7, 88], "uv_size": [-2, -6]},
								"down": {"uv": [7, 88], "uv_size": [-2, -6]}
							}
						},
						{
							"origin": [-1.2, 22.9231, 22.17087],
							"size": [2.5, 0.9, 3],
							"inflate": 0.001,
							"uv": {
								"north": {"uv": [5, 82], "uv_size": [2, 6]},
								"east": {"uv": [5, 82], "uv_size": [2, 6]},
								"south": {"uv": [5, 82], "uv_size": [2, 6]},
								"west": {"uv": [5, 82], "uv_size": [2, 6]},
								"up": {"uv": [7, 88], "uv_size": [-2, -6]},
								"down": {"uv": [7, 88], "uv_size": [-2, -6]}
							}
						},
						{
							"origin": [-1.2, 21.4231, 21.27087],
							"size": [2.5, 3.5, 0.9],
							"inflate": 0.001,
							"uv": {
								"north": {"uv": [5, 82], "uv_size": [2, 6]},
								"east": {"uv": [5, 82], "uv_size": [2, 6]},
								"south": {"uv": [5, 82], "uv_size": [2, 6]},
								"west": {"uv": [5, 82], "uv_size": [2, 6]},
								"up": {"uv": [7, 88], "uv_size": [-2, -6]},
								"down": {"uv": [7, 88], "uv_size": [-2, -6]}
							}
						},
						{
							"origin": [-1.2, 21.5231, 16.47087],
							"size": [2.5, 4.3, 0.9],
							"inflate": 0.001,
							"uv": {
								"north": {"uv": [5, 82], "uv_size": [2, 6]},
								"east": {"uv": [5, 82], "uv_size": [2, 6]},
								"south": {"uv": [5, 82], "uv_size": [2, 6]},
								"west": {"uv": [5, 82], "uv_size": [2, 6]},
								"up": {"uv": [7, 88], "uv_size": [-2, -6]},
								"down": {"uv": [7, 88], "uv_size": [-2, -6]}
							}
						},
						{
							"origin": [-1.2, 21.5231, 12.97087],
							"size": [2.5, 5, 0.9],
							"inflate": 0.001,
							"uv": {
								"north": {"uv": [5, 82], "uv_size": [2, 6]},
								"east": {"uv": [5, 82], "uv_size": [2, 6]},
								"south": {"uv": [5, 82], "uv_size": [2, 6]},
								"west": {"uv": [5, 82], "uv_size": [2, 6]},
								"up": {"uv": [7, 88], "uv_size": [-2, -6]},
								"down": {"uv": [7, 88], "uv_size": [-2, -6]}
							}
						},
						{
							"origin": [-1.2, 20.5231, 19.37087],
							"size": [2.5, 0.9, 5.6],
							"inflate": 0.001,
							"uv": {
								"north": {"uv": [5, 82], "uv_size": [2, 6]},
								"east": {"uv": [5, 82], "uv_size": [2, 6]},
								"south": {"uv": [5, 82], "uv_size": [2, 6]},
								"west": {"uv": [5, 82], "uv_size": [2, 6]},
								"up": {"uv": [7, 88], "uv_size": [-2, -6]},
								"down": {"uv": [7, 88], "uv_size": [-2, -6]}
							}
						},
						{
							"origin": [-1.2, 20.69, 11.75],
							"size": [2.5, 0.9, 7.7],
							"inflate": 0.001,
							"uv": {
								"north": {"uv": [5, 82], "uv_size": [2, 6]},
								"east": {"uv": [5, 82], "uv_size": [2, 6]},
								"south": {"uv": [5, 82], "uv_size": [2, 6]},
								"west": {"uv": [5, 82], "uv_size": [2, 6]},
								"up": {"uv": [7, 88], "uv_size": [-2, -6]},
								"down": {"uv": [7, 88], "uv_size": [-2, -6]}
							}
						},
						{
							"origin": [-1.2, 20.11, 10.33],
							"size": [2.5, 0.9, 1.5],
							"inflate": 0.001,
							"uv": {
								"north": {"uv": [5, 82], "uv_size": [2, 6]},
								"east": {"uv": [5, 82], "uv_size": [2, 6]},
								"south": {"uv": [5, 82], "uv_size": [2, 6]},
								"west": {"uv": [5, 82], "uv_size": [2, 6]},
								"up": {"uv": [7, 88], "uv_size": [-2, -6]},
								"down": {"uv": [7, 88], "uv_size": [-2, -6]}
							}
						},
						{
							"origin": [-1.1, 25.5231, 26.47087],
							"size": [2.3, 0.4, 0.2],
							"inflate": 0.001,
							"uv": {
								"north": {"uv": [100, 42], "uv_size": [2, 1]},
								"east": {"uv": [82, 59], "uv_size": [12, 1]},
								"south": {"uv": [100, 43], "uv_size": [2, 1]},
								"west": {"uv": [83, 37], "uv_size": [12, 1]},
								"up": {"uv": [20, 68], "uv_size": [2, 12]},
								"down": {"uv": [70, 73], "uv_size": [2, -12]}
							}
						},
						{
							"origin": [-1.2, 25.5231, 25.97087],
							"size": [2.5, 0.2, 0.6],
							"inflate": 0.001,
							"uv": {
								"north": {"uv": [5, 82], "uv_size": [2, 6]},
								"east": {"uv": [5, 82], "uv_size": [2, 6]},
								"south": {"uv": [5, 82], "uv_size": [2, 6]},
								"west": {"uv": [5, 82], "uv_size": [2, 6]},
								"up": {"uv": [7, 88], "uv_size": [-2, -6]},
								"down": {"uv": [7, 88], "uv_size": [-2, -6]}
							}
						},
						{
							"origin": [-1.1, 18.3, 4.1],
							"size": [2.3, 2.4, 1.4],
							"inflate": 0.001,
							"pivot": [-0.65, 23.1, 7.2],
							"rotation": [90, 0, 0],
							"uv": {
								"north": {"uv": [48, 75], "uv_size": [2, 9]},
								"east": {"uv": [20, 87], "uv_size": [1, 9]},
								"south": {"uv": [14, 76], "uv_size": [2, 9]},
								"west": {"uv": [21, 87], "uv_size": [1, 9]},
								"up": {"uv": [100, 51], "uv_size": [2, 1]},
								"down": {"uv": [100, 53], "uv_size": [2, -1]}
							}
						},
						{
							"origin": [-1.1, 18.3, 12],
							"size": [2.3, 1.7, 1.4],
							"inflate": 0.001,
							"pivot": [1.15, 20, 12],
							"rotation": [146, 0, 0],
							"uv": {
								"north": {"uv": [86, 44], "uv_size": [2, 5]},
								"east": {"uv": [86, 44], "uv_size": [2, 5]},
								"south": {"uv": [86, 44], "uv_size": [2, 5]},
								"west": {"uv": [86, 44], "uv_size": [2, 5]},
								"up": {"uv": [88, 49], "uv_size": [-2, -5]},
								"down": {"uv": [88, 49], "uv_size": [-2, -5]}
							}
						},
						{
							"origin": [-1.2, 18.8, 12.2],
							"size": [2.5, 1.2, 0.9],
							"inflate": 0.001,
							"pivot": [1.15, 20, 12],
							"rotation": [146, 0, 0],
							"uv": {
								"north": {"uv": [5, 82], "uv_size": [2, 6]},
								"east": {"uv": [5, 82], "uv_size": [2, 6]},
								"south": {"uv": [5, 82], "uv_size": [2, 6]},
								"west": {"uv": [5, 82], "uv_size": [2, 6]},
								"up": {"uv": [7, 88], "uv_size": [-2, -6]},
								"down": {"uv": [7, 88], "uv_size": [-2, -6]}
							}
						},
						{
							"origin": [-1.1, 19.7, 17.9],
							"size": [2.3, 1.7, 1.4],
							"inflate": 0.001,
							"pivot": [1.15, 21.4, 17.9],
							"rotation": [52, 0, 0],
							"uv": {
								"north": {"uv": [86, 44], "uv_size": [2, 5]},
								"east": {"uv": [86, 44], "uv_size": [2, 5]},
								"south": {"uv": [86, 44], "uv_size": [2, 5]},
								"west": {"uv": [86, 44], "uv_size": [2, 5]},
								"up": {"uv": [88, 49], "uv_size": [-2, -5]},
								"down": {"uv": [88, 49], "uv_size": [-2, -5]}
							}
						},
						{
							"origin": [-1.2, 19.7, 18.1],
							"size": [2.5, 0.6, 0.9],
							"inflate": 0.001,
							"pivot": [1.15, 21.4, 17.9],
							"rotation": [52, 0, 0],
							"uv": {
								"north": {"uv": [5, 82], "uv_size": [2, 6]},
								"east": {"uv": [5, 82], "uv_size": [2, 6]},
								"south": {"uv": [5, 82], "uv_size": [2, 6]},
								"west": {"uv": [5, 82], "uv_size": [2, 6]},
								"up": {"uv": [7, 88], "uv_size": [-2, -6]},
								"down": {"uv": [7, 88], "uv_size": [-2, -6]}
							}
						},
						{
							"origin": [-1.1, 21.4, 9.5],
							"size": [2.3, 5.6, 2],
							"inflate": 0.001,
							"uv": {
								"north": {"uv": [86, 44], "uv_size": [2, 5]},
								"east": {"uv": [86, 44], "uv_size": [2, 5]},
								"south": {"uv": [86, 44], "uv_size": [2, 5]},
								"west": {"uv": [86, 44], "uv_size": [2, 5]},
								"up": {"uv": [88, 49], "uv_size": [-2, -5]},
								"down": {"uv": [88, 49], "uv_size": [-2, -5]}
							}
						},
						{
							"origin": [-1.1, 20.5, 11.5],
							"size": [2.3, 4.5, 7.7],
							"inflate": 0.001,
							"uv": {
								"north": {"uv": [86, 44], "uv_size": [2, 5]},
								"east": {"uv": [86, 44], "uv_size": [2, 5]},
								"south": {"uv": [86, 44], "uv_size": [2, 5]},
								"west": {"uv": [86, 44], "uv_size": [2, 5]},
								"up": {"uv": [88, 49], "uv_size": [-2, -5]},
								"down": {"uv": [88, 49], "uv_size": [-2, -5]}
							}
						},
						{
							"origin": [-1.1, 25.9, 11.5],
							"size": [2.3, 0.8, 4.1],
							"inflate": 0.001,
							"uv": {
								"north": {"uv": [86, 44], "uv_size": [2, 5]},
								"east": {"uv": [86, 44], "uv_size": [2, 5]},
								"south": {"uv": [86, 44], "uv_size": [2, 5]},
								"west": {"uv": [86, 44], "uv_size": [2, 5]},
								"up": {"uv": [88, 49], "uv_size": [-2, -5]},
								"down": {"uv": [88, 49], "uv_size": [-2, -5]}
							}
						},
						{
							"origin": [-1.1, 20.4, 19.2],
							"size": [2.3, 4.6, 5.9],
							"inflate": 0.001,
							"uv": {
								"north": {"uv": [86, 44], "uv_size": [2, 5]},
								"east": {"uv": [86, 44], "uv_size": [2, 5]},
								"south": {"uv": [86, 44], "uv_size": [2, 5]},
								"west": {"uv": [86, 44], "uv_size": [2, 5]},
								"up": {"uv": [88, 49], "uv_size": [-2, -5]},
								"down": {"uv": [88, 49], "uv_size": [-2, -5]}
							}
						},
						{
							"origin": [-1.1, 24.1, 25.1],
							"size": [2.3, 0.9, 0.3],
							"inflate": 0.001,
							"uv": {
								"north": {"uv": [86, 44], "uv_size": [2, 5]},
								"east": {"uv": [86, 44], "uv_size": [2, 5]},
								"south": {"uv": [86, 44], "uv_size": [2, 5]},
								"west": {"uv": [86, 44], "uv_size": [2, 5]},
								"up": {"uv": [88, 49], "uv_size": [-2, -5]},
								"down": {"uv": [88, 49], "uv_size": [-2, -5]}
							}
						},
						{
							"origin": [-0.3, 19.8, 19.2],
							"size": [0.7, 1.7, 5.9],
							"inflate": 0.001,
							"uv": {
								"north": {"uv": [86, 44], "uv_size": [2, 5]},
								"east": {"uv": [86, 44], "uv_size": [2, 5]},
								"south": {"uv": [86, 44], "uv_size": [2, 5]},
								"west": {"uv": [86, 44], "uv_size": [2, 5]},
								"up": {"uv": [88, 49], "uv_size": [-2, -5]},
								"down": {"uv": [88, 49], "uv_size": [-2, -5]}
							}
						},
						{
							"origin": [-1, 19.4, 19.2],
							"size": [2.3, 1, 5.9],
							"inflate": 0.001,
							"pivot": [1.25, 20.5, 22.2],
							"rotation": [0, 0, 54],
							"uv": {
								"north": {"uv": [86, 44], "uv_size": [2, 5]},
								"east": {"uv": [86, 44], "uv_size": [2, 5]},
								"south": {"uv": [86, 44], "uv_size": [2, 5]},
								"west": {"uv": [86, 44], "uv_size": [2, 5]},
								"up": {"uv": [88, 49], "uv_size": [-2, -5]},
								"down": {"uv": [88, 49], "uv_size": [-2, -5]}
							}
						},
						{
							"origin": [-1.2, 19.4, 19.2],
							"size": [2.3, 1, 5.9],
							"inflate": 0.001,
							"pivot": [-1.15, 20.5, 22.2],
							"rotation": [0, 0, -54],
							"uv": {
								"north": {"uv": [88, 44], "uv_size": [-2, 5]},
								"east": {"uv": [88, 44], "uv_size": [-2, 5]},
								"south": {"uv": [88, 44], "uv_size": [-2, 5]},
								"west": {"uv": [88, 44], "uv_size": [-2, 5]},
								"up": {"uv": [86, 49], "uv_size": [2, -5]},
								"down": {"uv": [86, 49], "uv_size": [2, -5]}
							}
						},
						{
							"origin": [-1.1, 19.3, 19.7],
							"size": [2.3, 1.1, 5.4],
							"inflate": 0.001,
							"pivot": [1.15, 20.4, 25.1],
							"rotation": [-107, 0, 0],
							"uv": {
								"north": {"uv": [86, 44], "uv_size": [2, 5]},
								"east": {"uv": [86, 44], "uv_size": [2, 5]},
								"south": {"uv": [86, 44], "uv_size": [2, 5]},
								"west": {"uv": [86, 44], "uv_size": [2, 5]},
								"up": {"uv": [88, 49], "uv_size": [-2, -5]},
								"down": {"uv": [88, 49], "uv_size": [-2, -5]}
							}
						},
						{
							"origin": [-1.2, 20.55, 19.41],
							"size": [2.5, 1, 5.49],
							"inflate": 0.001,
							"pivot": [1.15, 20.4, 25.1],
							"rotation": [-107, 0, 0],
							"uv": {
								"north": {"uv": [5, 82], "uv_size": [2, 6]},
								"east": {"uv": [5, 82], "uv_size": [2, 6]},
								"south": {"uv": [5, 82], "uv_size": [2, 6]},
								"west": {"uv": [5, 82], "uv_size": [2, 6]},
								"up": {"uv": [7, 88], "uv_size": [-2, -6]},
								"down": {"uv": [7, 88], "uv_size": [-2, -6]}
							}
						},
						{
							"origin": [-1.2, 19.4, 19.77],
							"size": [2.5, 0.9, 5.23],
							"inflate": 0.001,
							"pivot": [1.15, 20.4, 25.1],
							"rotation": [-107, 0, 0],
							"uv": {
								"north": {"uv": [5, 82], "uv_size": [2, 6]},
								"east": {"uv": [5, 82], "uv_size": [2, 6]},
								"south": {"uv": [5, 82], "uv_size": [2, 6]},
								"west": {"uv": [5, 82], "uv_size": [2, 6]},
								"up": {"uv": [7, 88], "uv_size": [-2, -6]},
								"down": {"uv": [7, 88], "uv_size": [-2, -6]}
							}
						},
						{
							"origin": [-0.28, 20, 8],
							"size": [1, 6.9, 1.6],
							"inflate": 0.001,
							"pivot": [1.35, 21.8, 11.3],
							"rotation": [0, 35, 0],
							"uv": {
								"north": {"uv": [77, 90], "uv_size": [1, 7]},
								"east": {"uv": [77, 90], "uv_size": [1, 7]},
								"south": {"uv": [77, 90], "uv_size": [1, 7]},
								"west": {"uv": [77, 90], "uv_size": [1, 7]},
								"up": {"uv": [78, 97], "uv_size": [-1, -7]},
								"down": {"uv": [78, 97], "uv_size": [-1, -7]}
							}
						},
						{
							"origin": [-0.6, 20, 9.7],
							"size": [0.5, 6.9, 1.7],
							"inflate": 0.001,
							"pivot": [1.15, 21.8, 13],
							"rotation": [0, -34, 0],
							"uv": {
								"north": {"uv": [77, 90], "uv_size": [1, 7]},
								"east": {"uv": [77, 90], "uv_size": [1, 7]},
								"south": {"uv": [77, 90], "uv_size": [1, 7]},
								"west": {"uv": [77, 90], "uv_size": [1, 7]},
								"up": {"uv": [78, 97], "uv_size": [-1, -7]},
								"down": {"uv": [78, 97], "uv_size": [-1, -7]}
							}
						},
						{
							"origin": [-1.15, 26.85, 9.5],
							"size": [2.5, 1.34, 0.6],
							"inflate": 0.001,
							"uv": {
								"north": {"uv": [88, 17], "uv_size": [3, 3]},
								"east": {"uv": [88, 17], "uv_size": [3, 3]},
								"south": {"uv": [88, 17], "uv_size": [3, 3]},
								"west": {"uv": [88, 17], "uv_size": [3, 3]},
								"up": {"uv": [91, 20], "uv_size": [-3, -3]},
								"down": {"uv": [91, 20], "uv_size": [-3, -3]}
							}
						},
						{
							"origin": [-1.3, 23.6, 18.3],
							"size": [2.7, 0.5, 0.5],
							"inflate": 0.001,
							"pivot": [1.45, 23.8, 18.5],
							"rotation": [45, 0, 0],
							"uv": {
								"north": {"uv": [38, 77], "uv_size": [1, 15]},
								"east": {"uv": [38, 77], "uv_size": [1, 15]},
								"south": {"uv": [38, 77], "uv_size": [1, 15]},
								"west": {"uv": [38, 77], "uv_size": [1, 15]},
								"up": {"uv": [39, 92], "uv_size": [-1, -15]},
								"down": {"uv": [39, 92], "uv_size": [-1, -15]}
							}
						}
					]
				},
				{
					"name": "rectractable",
					"parent": "stock",
					"pivot": [-0.65, 25.9, 34],
					"cubes": [
						{
							"origin": [-1.1, 13.3, 27.9],
							"size": [2.3, 12.6, 2.3],
							"inflate": 0.001,
							"uv": {
								"north": {"uv": [38, 77], "uv_size": [1, 15]},
								"east": {"uv": [38, 77], "uv_size": [1, 15]},
								"south": {"uv": [38, 77], "uv_size": [1, 15]},
								"west": {"uv": [38, 77], "uv_size": [1, 15]},
								"up": {"uv": [39, 92], "uv_size": [-1, -15]},
								"down": {"uv": [39, 92], "uv_size": [-1, -15]}
							}
						},
						{
							"origin": [-1.2, 13.2, 30.2],
							"size": [2.5, 12.8, 0.8],
							"inflate": 0.001,
							"uv": {
								"north": {"uv": [38, 77], "uv_size": [1, 15]},
								"east": {"uv": [38, 77], "uv_size": [1, 15]},
								"south": {"uv": [38, 77], "uv_size": [1, 15]},
								"west": {"uv": [38, 77], "uv_size": [1, 15]},
								"up": {"uv": [39, 92], "uv_size": [-1, -15]},
								"down": {"uv": [39, 92], "uv_size": [-1, -15]}
							}
						},
						{
							"origin": [-1.1, 13.3, 31],
							"size": [2.3, 12.6, 1.2],
							"inflate": 0.001,
							"uv": {
								"north": {"uv": [38, 77], "uv_size": [1, 15]},
								"east": {"uv": [38, 77], "uv_size": [1, 15]},
								"south": {"uv": [38, 77], "uv_size": [1, 15]},
								"west": {"uv": [38, 77], "uv_size": [1, 15]},
								"up": {"uv": [39, 92], "uv_size": [-1, -15]},
								"down": {"uv": [39, 92], "uv_size": [-1, -15]}
							}
						},
						{
							"origin": [-1.1, 25.4, 32.2],
							"size": [2.3, 0.5, 0.3],
							"inflate": 0.001,
							"uv": {
								"north": {"uv": [38, 77], "uv_size": [1, 15]},
								"east": {"uv": [38, 77], "uv_size": [1, 15]},
								"south": {"uv": [38, 77], "uv_size": [1, 15]},
								"west": {"uv": [38, 77], "uv_size": [1, 15]},
								"up": {"uv": [39, 92], "uv_size": [-1, -15]},
								"down": {"uv": [39, 92], "uv_size": [-1, -15]}
							}
						},
						{
							"origin": [-1.1, 24.4, 32.2],
							"size": [2.3, 0.5, 0.3],
							"inflate": 0.001,
							"uv": {
								"north": {"uv": [38, 77], "uv_size": [1, 15]},
								"east": {"uv": [38, 77], "uv_size": [1, 15]},
								"south": {"uv": [38, 77], "uv_size": [1, 15]},
								"west": {"uv": [38, 77], "uv_size": [1, 15]},
								"up": {"uv": [39, 92], "uv_size": [-1, -15]},
								"down": {"uv": [39, 92], "uv_size": [-1, -15]}
							}
						},
						{
							"origin": [-1.1, 22.4, 32.2],
							"size": [2.3, 0.5, 0.3],
							"inflate": 0.001,
							"uv": {
								"north": {"uv": [38, 77], "uv_size": [1, 15]},
								"east": {"uv": [38, 77], "uv_size": [1, 15]},
								"south": {"uv": [38, 77], "uv_size": [1, 15]},
								"west": {"uv": [38, 77], "uv_size": [1, 15]},
								"up": {"uv": [39, 92], "uv_size": [-1, -15]},
								"down": {"uv": [39, 92], "uv_size": [-1, -15]}
							}
						},
						{
							"origin": [-1.1, 23.4, 32.2],
							"size": [2.3, 0.5, 0.3],
							"inflate": 0.001,
							"uv": {
								"north": {"uv": [38, 77], "uv_size": [1, 15]},
								"east": {"uv": [38, 77], "uv_size": [1, 15]},
								"south": {"uv": [38, 77], "uv_size": [1, 15]},
								"west": {"uv": [38, 77], "uv_size": [1, 15]},
								"up": {"uv": [39, 92], "uv_size": [-1, -15]},
								"down": {"uv": [39, 92], "uv_size": [-1, -15]}
							}
						},
						{
							"origin": [-1.1, 20.4, 32.2],
							"size": [2.3, 0.5, 0.3],
							"inflate": 0.001,
							"uv": {
								"north": {"uv": [38, 77], "uv_size": [1, 15]},
								"east": {"uv": [38, 77], "uv_size": [1, 15]},
								"south": {"uv": [38, 77], "uv_size": [1, 15]},
								"west": {"uv": [38, 77], "uv_size": [1, 15]},
								"up": {"uv": [39, 92], "uv_size": [-1, -15]},
								"down": {"uv": [39, 92], "uv_size": [-1, -15]}
							}
						},
						{
							"origin": [-1.1, 21.4, 32.2],
							"size": [2.3, 0.5, 0.3],
							"inflate": 0.001,
							"uv": {
								"north": {"uv": [38, 77], "uv_size": [1, 15]},
								"east": {"uv": [38, 77], "uv_size": [1, 15]},
								"south": {"uv": [38, 77], "uv_size": [1, 15]},
								"west": {"uv": [38, 77], "uv_size": [1, 15]},
								"up": {"uv": [39, 92], "uv_size": [-1, -15]},
								"down": {"uv": [39, 92], "uv_size": [-1, -15]}
							}
						},
						{
							"origin": [-1.1, 16.4, 32.2],
							"size": [2.3, 0.5, 0.3],
							"inflate": 0.001,
							"uv": {
								"north": {"uv": [38, 77], "uv_size": [1, 15]},
								"east": {"uv": [38, 77], "uv_size": [1, 15]},
								"south": {"uv": [38, 77], "uv_size": [1, 15]},
								"west": {"uv": [38, 77], "uv_size": [1, 15]},
								"up": {"uv": [39, 92], "uv_size": [-1, -15]},
								"down": {"uv": [39, 92], "uv_size": [-1, -15]}
							}
						},
						{
							"origin": [-1.1, 17.4, 32.2],
							"size": [2.3, 0.5, 0.3],
							"inflate": 0.001,
							"uv": {
								"north": {"uv": [38, 77], "uv_size": [1, 15]},
								"east": {"uv": [38, 77], "uv_size": [1, 15]},
								"south": {"uv": [38, 77], "uv_size": [1, 15]},
								"west": {"uv": [38, 77], "uv_size": [1, 15]},
								"up": {"uv": [39, 92], "uv_size": [-1, -15]},
								"down": {"uv": [39, 92], "uv_size": [-1, -15]}
							}
						},
						{
							"origin": [-1.1, 18.4, 32.2],
							"size": [2.3, 0.5, 0.3],
							"inflate": 0.001,
							"uv": {
								"north": {"uv": [38, 77], "uv_size": [1, 15]},
								"east": {"uv": [38, 77], "uv_size": [1, 15]},
								"south": {"uv": [38, 77], "uv_size": [1, 15]},
								"west": {"uv": [38, 77], "uv_size": [1, 15]},
								"up": {"uv": [39, 92], "uv_size": [-1, -15]},
								"down": {"uv": [39, 92], "uv_size": [-1, -15]}
							}
						},
						{
							"origin": [-1.1, 19.4, 32.2],
							"size": [2.3, 0.5, 0.3],
							"inflate": 0.001,
							"uv": {
								"north": {"uv": [38, 77], "uv_size": [1, 15]},
								"east": {"uv": [38, 77], "uv_size": [1, 15]},
								"south": {"uv": [38, 77], "uv_size": [1, 15]},
								"west": {"uv": [38, 77], "uv_size": [1, 15]},
								"up": {"uv": [39, 92], "uv_size": [-1, -15]},
								"down": {"uv": [39, 92], "uv_size": [-1, -15]}
							}
						},
						{
							"origin": [-1.1, 13.3, 32.2],
							"size": [2.3, 0.6, 0.3],
							"inflate": 0.001,
							"uv": {
								"north": {"uv": [38, 77], "uv_size": [1, 15]},
								"east": {"uv": [38, 77], "uv_size": [1, 15]},
								"south": {"uv": [38, 77], "uv_size": [1, 15]},
								"west": {"uv": [38, 77], "uv_size": [1, 15]},
								"up": {"uv": [39, 92], "uv_size": [-1, -15]},
								"down": {"uv": [39, 92], "uv_size": [-1, -15]}
							}
						},
						{
							"origin": [-1.1, 14.4, 32.2],
							"size": [2.3, 0.5, 0.3],
							"inflate": 0.001,
							"uv": {
								"north": {"uv": [38, 77], "uv_size": [1, 15]},
								"east": {"uv": [38, 77], "uv_size": [1, 15]},
								"south": {"uv": [38, 77], "uv_size": [1, 15]},
								"west": {"uv": [38, 77], "uv_size": [1, 15]},
								"up": {"uv": [39, 92], "uv_size": [-1, -15]},
								"down": {"uv": [39, 92], "uv_size": [-1, -15]}
							}
						},
						{
							"origin": [-1.1, 15.4, 32.2],
							"size": [2.3, 0.5, 0.3],
							"inflate": 0.001,
							"uv": {
								"north": {"uv": [38, 77], "uv_size": [1, 15]},
								"east": {"uv": [38, 77], "uv_size": [1, 15]},
								"south": {"uv": [38, 77], "uv_size": [1, 15]},
								"west": {"uv": [38, 77], "uv_size": [1, 15]},
								"up": {"uv": [39, 92], "uv_size": [-1, -15]},
								"down": {"uv": [39, 92], "uv_size": [-1, -15]}
							}
						},
						{
							"origin": [-0.3, 19.8, 19.2],
							"size": [0.7, 1.6, 5.7],
							"inflate": 0.001,
							"pivot": [0.05, 19.8, 19.2],
							"rotation": [-12, 0, 0],
							"uv": {
								"north": {"uv": [86, 44], "uv_size": [2, 5]},
								"east": {"uv": [86, 44], "uv_size": [2, 5]},
								"south": {"uv": [86, 44], "uv_size": [2, 5]},
								"west": {"uv": [86, 44], "uv_size": [2, 5]},
								"up": {"uv": [88, 49], "uv_size": [-2, -5]},
								"down": {"uv": [88, 49], "uv_size": [-2, -5]}
							}
						},
						{
							"origin": [-0.3, 18.3, 22.4],
							"size": [0.7, 1.6, 7.6],
							"inflate": 0.001,
							"pivot": [0.05, 18.3, 24.4],
							"rotation": [-63, 0, 0],
							"uv": {
								"north": {"uv": [86, 44], "uv_size": [2, 5]},
								"east": {"uv": [86, 44], "uv_size": [2, 5]},
								"south": {"uv": [86, 44], "uv_size": [2, 5]},
								"west": {"uv": [86, 44], "uv_size": [2, 5]},
								"up": {"uv": [88, 49], "uv_size": [-2, -5]},
								"down": {"uv": [88, 49], "uv_size": [-2, -5]}
							}
						},
						{
							"origin": [-1.1, 13.49978, 28.31243],
							"size": [2.3, 7.4, 2.5],
							"inflate": 0.001,
							"pivot": [0.05, 10.9, 28.3],
							"rotation": [18.5, 0, 0],
							"uv": {
								"north": {"uv": [13, 93], "uv_size": [2, 3]},
								"east": {"uv": [15, 93], "uv_size": [2, 3]},
								"south": {"uv": [17, 93], "uv_size": [2, 3]},
								"west": {"uv": [22, 93], "uv_size": [2, 3]},
								"up": {"uv": [22, 96], "uv_size": [2, 2]},
								"down": {"uv": [96, 25], "uv_size": [2, -2]}
							}
						},
						{
							"origin": [-1.2, 13.49978, 28.51243],
							"size": [2.5, 7.5, 0.9],
							"inflate": 0.001,
							"pivot": [0.05, 10.9, 28.3],
							"rotation": [18.5, 0, 0],
							"uv": {
								"north": {"uv": [5, 82], "uv_size": [2, 6]},
								"east": {"uv": [5, 82], "uv_size": [2, 6]},
								"south": {"uv": [5, 82], "uv_size": [2, 6]},
								"west": {"uv": [5, 82], "uv_size": [2, 6]},
								"up": {"uv": [7, 88], "uv_size": [-2, -6]},
								"down": {"uv": [7, 88], "uv_size": [-2, -6]}
							}
						},
						{
							"origin": [-1.1, 13.3, 27.51],
							"size": [2.3, 1.3, 2.49],
							"inflate": 0.001,
							"uv": {
								"north": {"uv": [100, 45], "uv_size": [2, 1]},
								"east": {"uv": [47, 98], "uv_size": [3, 1]},
								"south": {"uv": [100, 46], "uv_size": [2, 1]},
								"west": {"uv": [50, 98], "uv_size": [3, 1]},
								"up": {"uv": [32, 93], "uv_size": [2, 3]},
								"down": {"uv": [34, 96], "uv_size": [2, -3]}
							}
						},
						{
							"origin": [-1.2, 13.4, 27.71],
							"size": [2.5, 0.9, 2.29],
							"inflate": 0.001,
							"uv": {
								"north": {"uv": [5, 82], "uv_size": [2, 6]},
								"east": {"uv": [5, 82], "uv_size": [2, 6]},
								"south": {"uv": [5, 82], "uv_size": [2, 6]},
								"west": {"uv": [5, 82], "uv_size": [2, 6]},
								"up": {"uv": [7, 88], "uv_size": [-2, -6]},
								"down": {"uv": [7, 88], "uv_size": [-2, -6]}
							}
						},
						{
							"origin": [-1.2, 24.9, 26.91],
							"size": [2.5, 0.9, 2.19],
							"inflate": 0.001,
							"uv": {
								"north": {"uv": [5, 82], "uv_size": [2, 6]},
								"east": {"uv": [5, 82], "uv_size": [2, 6]},
								"south": {"uv": [5, 82], "uv_size": [2, 6]},
								"west": {"uv": [5, 82], "uv_size": [2, 6]},
								"up": {"uv": [7, 88], "uv_size": [-2, -6]},
								"down": {"uv": [7, 88], "uv_size": [-2, -6]}
							}
						},
						{
							"origin": [-1.2, 14.3, 29.1],
							"size": [2.5, 11.5, 0.9],
							"inflate": 0.001,
							"uv": {
								"north": {"uv": [5, 82], "uv_size": [2, 6]},
								"east": {"uv": [5, 82], "uv_size": [2, 6]},
								"south": {"uv": [5, 82], "uv_size": [2, 6]},
								"west": {"uv": [5, 82], "uv_size": [2, 6]},
								"up": {"uv": [7, 88], "uv_size": [-2, -6]},
								"down": {"uv": [7, 88], "uv_size": [-2, -6]}
							}
						},
						{
							"origin": [-1.2, 20, 26.3],
							"size": [2.5, 0.9, 2.8],
							"inflate": 0.001,
							"uv": {
								"north": {"uv": [5, 82], "uv_size": [2, 6]},
								"east": {"uv": [5, 82], "uv_size": [2, 6]},
								"south": {"uv": [5, 82], "uv_size": [2, 6]},
								"west": {"uv": [5, 82], "uv_size": [2, 6]},
								"up": {"uv": [7, 88], "uv_size": [-2, -6]},
								"down": {"uv": [7, 88], "uv_size": [-2, -6]}
							}
						},
						{
							"origin": [-1.3, 20.2, 27.5],
							"size": [2.7, 0.5, 0.5],
							"inflate": 0.001,
							"pivot": [1.45, 20.4, 27.7],
							"rotation": [45, 0, 0],
							"uv": {
								"north": {"uv": [38, 77], "uv_size": [1, 15]},
								"east": {"uv": [38, 77], "uv_size": [1, 15]},
								"south": {"uv": [38, 77], "uv_size": [1, 15]},
								"west": {"uv": [38, 77], "uv_size": [1, 15]},
								"up": {"uv": [39, 92], "uv_size": [-1, -15]},
								"down": {"uv": [39, 92], "uv_size": [-1, -15]}
							}
						},
						{
							"origin": [-1.1, 20.4, 19.7],
							"size": [2.3, 3.1, 5.4],
							"inflate": 0.001,
							"pivot": [1.15, 20.4, 25.1],
							"rotation": [-107, 0, 0],
							"uv": {
								"north": {"uv": [86, 44], "uv_size": [2, 5]},
								"east": {"uv": [86, 44], "uv_size": [2, 5]},
								"south": {"uv": [86, 44], "uv_size": [2, 5]},
								"west": {"uv": [86, 44], "uv_size": [2, 5]},
								"up": {"uv": [88, 49], "uv_size": [-2, -5]},
								"down": {"uv": [88, 49], "uv_size": [-2, -5]}
							}
						},
						{
							"origin": [-1.1, 24.2231, 26.67087],
							"size": [2.3, 1.7, 1.3],
							"inflate": 0.001,
							"uv": {
								"north": {"uv": [100, 42], "uv_size": [2, 1]},
								"east": {"uv": [82, 59], "uv_size": [12, 1]},
								"south": {"uv": [100, 43], "uv_size": [2, 1]},
								"west": {"uv": [83, 37], "uv_size": [12, 1]},
								"up": {"uv": [20, 68], "uv_size": [2, 12]},
								"down": {"uv": [70, 73], "uv_size": [2, -12]}
							}
						}
					]
				},
				{
					"name": "bone3",
					"parent": "rectractable",
					"pivot": [1.25, 17.4, 27.7],
					"rotation": [-66, 0, 0],
					"cubes": [
						{
							"origin": [-2.27092, 15.52193, 23.6442],
							"size": [2.3, 1, 7.8],
							"inflate": 0.001,
							"pivot": [-1.15, 17.4, 27.5],
							"rotation": [-2.94382, -4.04331, -53.89606],
							"uv": {
								"north": {"uv": [88, 44], "uv_size": [-2, 5]},
								"east": {"uv": [88, 44], "uv_size": [-2, 5]},
								"south": {"uv": [88, 44], "uv_size": [-2, 5]},
								"west": {"uv": [88, 44], "uv_size": [-2, 5]},
								"up": {"uv": [86, 49], "uv_size": [2, -5]},
								"down": {"uv": [86, 49], "uv_size": [2, -5]}
							}
						},
						{
							"origin": [0.07092, 15.52193, 24.0442],
							"size": [2.3, 1, 7.4],
							"inflate": 0.001,
							"pivot": [1.25, 17.4, 27.5],
							"rotation": [-2.94382, 4.04331, 53.89606],
							"uv": {
								"north": {"uv": [86, 44], "uv_size": [2, 5]},
								"east": {"uv": [86, 44], "uv_size": [2, 5]},
								"south": {"uv": [86, 44], "uv_size": [2, 5]},
								"west": {"uv": [86, 44], "uv_size": [2, 5]},
								"up": {"uv": [88, 49], "uv_size": [-2, -5]},
								"down": {"uv": [88, 49], "uv_size": [-2, -5]}
							}
						}
					]
				},
				{
					"name": "_ca_stock",
					"parent": "main",
					"pivot": [-0.2, 21.35, 1.175],
					"cubes": [
						{"origin": [-0.45, 23.45, 9.575], "size": [1, 1, 1], "uv": [27, 69]}
					]
				}
			]
		}
	]
}