{
	"format_version": "1.12.0",
	"minecraft:geometry": [
		{
			"description": {
				"identifier": "geometry.unknown",
				"texture_width": 128,
				"texture_height": 128,
				"visible_bounds_width": 11,
				"visible_bounds_height": 4,
				"visible_bounds_offset": [0, 1, 0]
			},
			"bones": [
				{
					"name": "main",
					"pivot": [0, 20, 0]
				},
				{
					"name": "gun",
					"parent": "main",
					"pivot": [1, 11, -1]
				},
				{
					"name": "pgrip",
					"parent": "gun",
					"pivot": [1, 11, -1],
					"cubes": [
						{
							"origin": [-1.55, 8.7, -0.6],
							"size": [3.2, 9.6, 4.7],
							"pivot": [0.75, 11.6, -0.2],
							"rotation": [9, 0, 0],
							"uv": {
								"north": {"uv": [5, 82], "uv_size": [2, 6]},
								"east": {"uv": [5, 82], "uv_size": [2, 6]},
								"south": {"uv": [5, 82], "uv_size": [2, 6]},
								"west": {"uv": [5, 82], "uv_size": [2, 6]},
								"up": {"uv": [7, 88], "uv_size": [-2, -6]},
								"down": {"uv": [7, 88], "uv_size": [-2, -6]}
							}
						},
						{
							"origin": [-1.25, 14.3, -0.6],
							"size": [2.6, 1.3, 4.8],
							"pivot": [0.75, 11.6, -0.2],
							"rotation": [9, 0, 0],
							"uv": {
								"north": {"uv": [91, 19], "uv_size": [6, 1]},
								"east": {"uv": [91, 19], "uv_size": [6, 1]},
								"south": {"uv": [91, 19], "uv_size": [6, 1]},
								"west": {"uv": [91, 19], "uv_size": [6, 1]},
								"up": {"uv": [97, 20], "uv_size": [-6, -1]},
								"down": {"uv": [97, 20], "uv_size": [-6, -1]}
							}
						},
						{
							"origin": [-1.05, 8.7, -0.7],
							"size": [2.2, 5.1, 4.8],
							"pivot": [0.75, 11.6, -0.2],
							"rotation": [9, 0, 0],
							"uv": {
								"north": {"uv": [91, 19], "uv_size": [6, 1]},
								"east": {"uv": [91, 19], "uv_size": [6, 1]},
								"south": {"uv": [91, 19], "uv_size": [6, 1]},
								"west": {"uv": [91, 19], "uv_size": [6, 1]},
								"up": {"uv": [97, 20], "uv_size": [-6, -1]},
								"down": {"uv": [97, 20], "uv_size": [-6, -1]}
							}
						},
						{
							"origin": [-1.65, 8.7, 1.9],
							"size": [3.4, 8.9, 0.7],
							"pivot": [0.75, 11.6, -0.2],
							"rotation": [9, 0, 0],
							"uv": {
								"north": {"uv": [91, 19], "uv_size": [6, 1]},
								"east": {"uv": [91, 19], "uv_size": [6, 1]},
								"south": {"uv": [91, 19], "uv_size": [6, 1]},
								"west": {"uv": [91, 19], "uv_size": [6, 1]},
								"up": {"uv": [97, 20], "uv_size": [-6, -1]},
								"down": {"uv": [97, 20], "uv_size": [-6, -1]}
							}
						},
						{
							"origin": [-1.65, 14.3, -0.4],
							"size": [3.4, 1.3, 2],
							"pivot": [0.75, 11.6, -0.2],
							"rotation": [9, 0, 0],
							"uv": {
								"north": {"uv": [91, 19], "uv_size": [6, 1]},
								"east": {"uv": [91, 19], "uv_size": [6, 1]},
								"south": {"uv": [91, 19], "uv_size": [6, 1]},
								"west": {"uv": [91, 19], "uv_size": [6, 1]},
								"up": {"uv": [97, 20], "uv_size": [-6, -1]},
								"down": {"uv": [97, 20], "uv_size": [-6, -1]}
							}
						},
						{
							"origin": [-1.65, 14.3, 2.9],
							"size": [3.4, 1.3, 1],
							"pivot": [0.75, 11.6, -0.2],
							"rotation": [9, 0, 0],
							"uv": {
								"north": {"uv": [91, 19], "uv_size": [6, 1]},
								"east": {"uv": [91, 19], "uv_size": [6, 1]},
								"south": {"uv": [91, 19], "uv_size": [6, 1]},
								"west": {"uv": [91, 19], "uv_size": [6, 1]},
								"up": {"uv": [97, 20], "uv_size": [-6, -1]},
								"down": {"uv": [97, 20], "uv_size": [-6, -1]}
							}
						},
						{
							"origin": [-1.65, 16.1, 2.9],
							"size": [3.4, 1.2, 1],
							"pivot": [0.75, 11.6, -0.2],
							"rotation": [9, 0, 0],
							"uv": {
								"north": {"uv": [91, 19], "uv_size": [6, 1]},
								"east": {"uv": [91, 19], "uv_size": [6, 1]},
								"south": {"uv": [91, 19], "uv_size": [6, 1]},
								"west": {"uv": [91, 19], "uv_size": [6, 1]},
								"up": {"uv": [97, 20], "uv_size": [-6, -1]},
								"down": {"uv": [97, 20], "uv_size": [-6, -1]}
							}
						},
						{
							"origin": [-1.65, 16.1, -0.4],
							"size": [3.4, 1.2, 2],
							"pivot": [0.75, 11.6, -0.2],
							"rotation": [9, 0, 0],
							"uv": {
								"north": {"uv": [91, 19], "uv_size": [6, 1]},
								"east": {"uv": [91, 19], "uv_size": [6, 1]},
								"south": {"uv": [91, 19], "uv_size": [6, 1]},
								"west": {"uv": [91, 19], "uv_size": [6, 1]},
								"up": {"uv": [97, 20], "uv_size": [-6, -1]},
								"down": {"uv": [97, 20], "uv_size": [-6, -1]}
							}
						},
						{
							"origin": [-1.65, 11.4, 2.9],
							"size": [3.4, 2.4, 1],
							"pivot": [0.75, 11.6, -0.2],
							"rotation": [9, 0, 0],
							"uv": {
								"north": {"uv": [91, 19], "uv_size": [6, 1]},
								"east": {"uv": [91, 19], "uv_size": [6, 1]},
								"south": {"uv": [91, 19], "uv_size": [6, 1]},
								"west": {"uv": [91, 19], "uv_size": [6, 1]},
								"up": {"uv": [97, 20], "uv_size": [-6, -1]},
								"down": {"uv": [97, 20], "uv_size": [-6, -1]}
							}
						},
						{
							"origin": [-1.65, 11.4, 3.9],
							"size": [3.4, 0.33, 0.8],
							"pivot": [0.75, 11.6, -0.2],
							"rotation": [9, 0, 0],
							"uv": {
								"north": {"uv": [91, 19], "uv_size": [6, 1]},
								"east": {"uv": [91, 19], "uv_size": [6, 1]},
								"south": {"uv": [91, 19], "uv_size": [6, 1]},
								"west": {"uv": [91, 19], "uv_size": [6, 1]},
								"up": {"uv": [97, 20], "uv_size": [-6, -1]},
								"down": {"uv": [97, 20], "uv_size": [-6, -1]}
							}
						},
						{
							"origin": [-1.65, 11.98864, 3.79124],
							"size": [3.4, 2.2, 0.9],
							"pivot": [0.75, 12.1, 3.7],
							"rotation": [30.01696, -0.08749, 0.30866],
							"uv": {
								"north": {"uv": [91, 19], "uv_size": [6, 1]},
								"east": {"uv": [91, 19], "uv_size": [6, 1]},
								"south": {"uv": [91, 19], "uv_size": [6, 1]},
								"west": {"uv": [91, 19], "uv_size": [6, 1]},
								"up": {"uv": [97, 20], "uv_size": [-6, -1]},
								"down": {"uv": [97, 20], "uv_size": [-6, -1]}
							}
						},
						{
							"origin": [-1.65, 10.08864, 4.99124],
							"size": [3.4, 1.46, 0.9],
							"pivot": [0.75, 9.5, 4.9],
							"rotation": [30.01696, -0.08749, 0.30866],
							"uv": {
								"north": {"uv": [91, 19], "uv_size": [6, 1]},
								"east": {"uv": [91, 19], "uv_size": [6, 1]},
								"south": {"uv": [91, 19], "uv_size": [6, 1]},
								"west": {"uv": [91, 19], "uv_size": [6, 1]},
								"up": {"uv": [97, 20], "uv_size": [-6, -1]},
								"down": {"uv": [97, 20], "uv_size": [-6, -1]}
							}
						},
						{
							"origin": [-1.65, 9.42, 5],
							"size": [3.4, 0.33, 0.55],
							"pivot": [0.75, 9.6, 0.7],
							"rotation": [9, 0, 0],
							"uv": {
								"north": {"uv": [91, 19], "uv_size": [6, 1]},
								"east": {"uv": [91, 19], "uv_size": [6, 1]},
								"south": {"uv": [91, 19], "uv_size": [6, 1]},
								"west": {"uv": [91, 19], "uv_size": [6, 1]},
								"up": {"uv": [97, 20], "uv_size": [-6, -1]},
								"down": {"uv": [97, 20], "uv_size": [-6, -1]}
							}
						},
						{
							"origin": [-1.65, 9.3, 2.9],
							"size": [3.4, 1.7, 1.8],
							"pivot": [0.75, 11.6, -0.2],
							"rotation": [9, 0, 0],
							"uv": {
								"north": {"uv": [91, 19], "uv_size": [6, 1]},
								"east": {"uv": [91, 19], "uv_size": [6, 1]},
								"south": {"uv": [91, 19], "uv_size": [6, 1]},
								"west": {"uv": [91, 19], "uv_size": [6, 1]},
								"up": {"uv": [97, 20], "uv_size": [-6, -1]},
								"down": {"uv": [97, 20], "uv_size": [-6, -1]}
							}
						},
						{
							"origin": [-1.65, 11.4, -0.4],
							"size": [3.4, 2.4, 2],
							"pivot": [0.75, 11.6, -0.2],
							"rotation": [9, 0, 0],
							"uv": {
								"north": {"uv": [91, 19], "uv_size": [6, 1]},
								"east": {"uv": [91, 19], "uv_size": [6, 1]},
								"south": {"uv": [91, 19], "uv_size": [6, 1]},
								"west": {"uv": [91, 19], "uv_size": [6, 1]},
								"up": {"uv": [97, 20], "uv_size": [-6, -1]},
								"down": {"uv": [97, 20], "uv_size": [-6, -1]}
							}
						},
						{
							"origin": [-1.65, 9.3, -0.4],
							"size": [3.4, 1.7, 2],
							"pivot": [0.75, 11.6, -0.2],
							"rotation": [9, 0, 0],
							"uv": {
								"north": {"uv": [91, 19], "uv_size": [6, 1]},
								"east": {"uv": [91, 19], "uv_size": [6, 1]},
								"south": {"uv": [91, 19], "uv_size": [6, 1]},
								"west": {"uv": [91, 19], "uv_size": [6, 1]},
								"up": {"uv": [97, 20], "uv_size": [-6, -1]},
								"down": {"uv": [97, 20], "uv_size": [-6, -1]}
							}
						},
						{
							"origin": [-1.55, 7.6, -0.6],
							"size": [3.2, 1.5, 6.23],
							"pivot": [0.75, 12.7, 1.9],
							"rotation": [9, 0, 0],
							"uv": {
								"north": {"uv": [97, 35], "uv_size": [3, 1]},
								"east": {"uv": [90, 88], "uv_size": [6, 1]},
								"south": {"uv": [97, 36], "uv_size": [3, 1]},
								"west": {"uv": [91, 19], "uv_size": [6, 1]},
								"up": {"uv": [44, 74], "uv_size": [3, 6]},
								"down": {"uv": [74, 74], "uv_size": [3, -6]}
							}
						},
						{
							"origin": [-1.55, 7.5, -1.2],
							"size": [3.2, 0.2, 6.83],
							"pivot": [0.75, 12.7, 1.9],
							"rotation": [9, 0, 0],
							"uv": {
								"north": {"uv": [97, 43], "uv_size": [3, 1]},
								"east": {"uv": [89, 16], "uv_size": [7, 1]},
								"south": {"uv": [97, 44], "uv_size": [3, 1]},
								"west": {"uv": [89, 29], "uv_size": [7, 1]},
								"up": {"uv": [71, 30], "uv_size": [3, 7]},
								"down": {"uv": [72, 68], "uv_size": [3, -7]}
							}
						},
						{
							"origin": [-1.55, 1, -2],
							"size": [3.2, 0.6, 1.46],
							"pivot": [0.75, 5.4, -4.5],
							"rotation": [81, 0, 0],
							"uv": {
								"north": {"uv": [97, 39], "uv_size": [3, 1]},
								"east": {"uv": [97, 100], "uv_size": [1, 1]},
								"south": {"uv": [97, 40], "uv_size": [3, 1]},
								"west": {"uv": [100, 97], "uv_size": [1, 1]},
								"up": {"uv": [97, 41], "uv_size": [3, 1]},
								"down": {"uv": [97, 43], "uv_size": [3, -1]}
							}
						},
						{
							"origin": [-1.541, 8.8, 3.6],
							"size": [3.19, 0.93, 2.06],
							"pivot": [0.75, 12.5, 1.9],
							"rotation": [9, 0, 0],
							"uv": {
								"north": {"uv": [97, 37], "uv_size": [3, 1]},
								"east": {"uv": [67, 98], "uv_size": [2, 1]},
								"south": {"uv": [97, 38], "uv_size": [3, 1]},
								"west": {"uv": [98, 67], "uv_size": [2, 1]},
								"up": {"uv": [91, 40], "uv_size": [3, 2]},
								"down": {"uv": [91, 44], "uv_size": [3, -2]}
							}
						},
						{
							"origin": [-1.541, 8.4, 4.6],
							"size": [3.19, 6.1, 2.3],
							"pivot": [0.75, 7.8, 2.9],
							"rotation": [30, 0, 0],
							"uv": {
								"north": {"uv": [73, 43], "uv_size": [3, 6]},
								"east": {"uv": [45, 80], "uv_size": [2, 6]},
								"south": {"uv": [74, 30], "uv_size": [3, 6]},
								"west": {"uv": [5, 82], "uv_size": [2, 6]},
								"up": {"uv": [91, 17], "uv_size": [3, 2]},
								"down": {"uv": [91, 40], "uv_size": [3, -2]}
							}
						},
						{
							"origin": [-1.241, 8.4, 4.6],
							"size": [2.59, 1.8, 2.4],
							"pivot": [0.75, 7.8, 2.9],
							"rotation": [30, 0, 0],
							"uv": {
								"north": {"uv": [91, 19], "uv_size": [6, 1]},
								"east": {"uv": [91, 19], "uv_size": [6, 1]},
								"south": {"uv": [91, 19], "uv_size": [6, 1]},
								"west": {"uv": [91, 19], "uv_size": [6, 1]},
								"up": {"uv": [97, 20], "uv_size": [-6, -1]},
								"down": {"uv": [97, 20], "uv_size": [-6, -1]}
							}
						},
						{
							"origin": [-1.241, 10.6, 4.6],
							"size": [2.59, 2.5, 2.4],
							"pivot": [0.75, 7.8, 2.9],
							"rotation": [30, 0, 0],
							"uv": {
								"north": {"uv": [91, 19], "uv_size": [6, 1]},
								"east": {"uv": [91, 19], "uv_size": [6, 1]},
								"south": {"uv": [91, 19], "uv_size": [6, 1]},
								"west": {"uv": [91, 19], "uv_size": [6, 1]},
								"up": {"uv": [97, 20], "uv_size": [-6, -1]},
								"down": {"uv": [97, 20], "uv_size": [-6, -1]}
							}
						},
						{
							"origin": [-1.35, 18, 2.8],
							"size": [3, 2, 3.2],
							"inflate": -0.001,
							"pivot": [0.65, 18, 4],
							"rotation": [53, 0, 0],
							"uv": {
								"north": {"uv": [5, 82], "uv_size": [2, 6]},
								"east": {"uv": [5, 82], "uv_size": [2, 6]},
								"south": {"uv": [5, 82], "uv_size": [2, 6]},
								"west": {"uv": [5, 82], "uv_size": [2, 6]},
								"up": {"uv": [7, 88], "uv_size": [-2, -6]},
								"down": {"uv": [7, 88], "uv_size": [-2, -6]}
							}
						}
					]
				},
				{
					"name": "_ca_pgrip",
					"parent": "main",
					"pivot": [-0.2, 10.75, 1.175],
					"cubes": [
						{"origin": [-0.45, 18.75, 1.075], "size": [1, 1, 1], "uv": [27, 69]}
					]
				}
			]
		}
	]
}