{
	"format_version": "1.12.0",
	"minecraft:geometry": [
		{
			"description": {
				"identifier": "geometry.unknown",
				"texture_width": 128,
				"texture_height": 128,
				"visible_bounds_width": 8,
				"visible_bounds_height": 4,
				"visible_bounds_offset": [0, 1, 0]
			},
			"bones": [
				{
					"name": "main",
					"pivot": [0, 20, 0]
				},
				{
					"name": "gun",
					"parent": "main",
					"pivot": [1, 11, -1]
				},
				{
					"name": "barrel",
					"parent": "gun",
					"pivot": [1.1, 24.3, -98.25],
					"cubes": [
						{
							"origin": [-1, 22.1, -51.05],
							"size": [2.2, 2.2, 28],
							"inflate": -0.3,
							"pivot": [0.2, 23.3, -89.15],
							"rotation": [0, 0, -20],
							"uv": {
								"north": {"uv": [56, 12], "uv_size": [20, 2]},
								"east": {"uv": [56, 12], "uv_size": [20, 2]},
								"south": {"uv": [56, 12], "uv_size": [20, 2]},
								"west": {"uv": [56, 12], "uv_size": [20, 2]},
								"up": {"uv": [76, 14], "uv_size": [-20, -2]},
								"down": {"uv": [76, 14], "uv_size": [-20, -2]}
							}
						}
					]
				},
				{
					"name": "muzzledef",
					"parent": "barrel",
					"pivot": [1.1, 24.3, -98.25],
					"cubes": [
						{
							"origin": [-1.1, 22, -50.35],
							"size": [2.4, 2.4, 3.2],
							"inflate": -0.3,
							"pivot": [0.1, 23.2, -95.45],
							"rotation": [0, 0, -20],
							"uv": {
								"north": {"uv": [95, 53], "uv_size": [2, 2]},
								"east": {"uv": [92, 8], "uv_size": [3, 2]},
								"south": {"uv": [95, 55], "uv_size": [2, 2]},
								"west": {"uv": [92, 12], "uv_size": [3, 2]},
								"up": {"uv": [59, 92], "uv_size": [2, 3]},
								"down": {"uv": [61, 95], "uv_size": [2, -3]}
							}
						},
						{
							"origin": [-1.1, 22, -52.15],
							"size": [2.4, 2.4, 1.7],
							"inflate": -0.3,
							"pivot": [0.1, 23.2, -97.15],
							"rotation": [0, 0, -20],
							"uv": {
								"north": {"uv": [59, 95], "uv_size": [2, 2]},
								"east": {"uv": [61, 95], "uv_size": [2, 2]},
								"south": {"uv": [95, 61], "uv_size": [2, 2]},
								"west": {"uv": [95, 63], "uv_size": [2, 2]},
								"up": {"uv": [95, 65], "uv_size": [2, 2]},
								"down": {"uv": [95, 72], "uv_size": [2, -2]}
							}
						},
						{
							"origin": [0, 23.5, -55.55],
							"size": [1, 1.3, 4],
							"inflate": -0.3,
							"pivot": [1.1, 24.3, -98.25],
							"rotation": [0, 0, -20],
							"uv": {
								"north": {"uv": [95, 74], "uv_size": [4, 1]},
								"east": {"uv": [95, 74], "uv_size": [4, 1]},
								"south": {"uv": [95, 74], "uv_size": [4, 1]},
								"west": {"uv": [95, 74], "uv_size": [4, 1]},
								"up": {"uv": [99, 75], "uv_size": [-4, -1]},
								"down": {"uv": [99, 75], "uv_size": [-4, -1]}
							}
						},
						{
							"origin": [-1.1, 22, -55.55],
							"size": [1, 1.3, 4],
							"inflate": -0.3,
							"pivot": [0.1, 23.2, -98.25],
							"rotation": [0, 0, -20],
							"uv": {
								"north": {"uv": [95, 74], "uv_size": [4, 1]},
								"east": {"uv": [95, 74], "uv_size": [4, 1]},
								"south": {"uv": [95, 74], "uv_size": [4, 1]},
								"west": {"uv": [95, 74], "uv_size": [4, 1]},
								"up": {"uv": [99, 75], "uv_size": [-4, -1]},
								"down": {"uv": [99, 75], "uv_size": [-4, -1]}
							}
						},
						{
							"origin": [-1.4, 23.8, -55.55],
							"size": [1.3, 1, 4],
							"inflate": -0.3,
							"pivot": [1.1, 24.3, -98.25],
							"rotation": [0, 0, -20],
							"uv": {
								"north": {"uv": [95, 74], "uv_size": [4, 1]},
								"east": {"uv": [95, 74], "uv_size": [4, 1]},
								"south": {"uv": [95, 74], "uv_size": [4, 1]},
								"west": {"uv": [95, 74], "uv_size": [4, 1]},
								"up": {"uv": [99, 75], "uv_size": [-4, -1]},
								"down": {"uv": [99, 75], "uv_size": [-4, -1]}
							}
						},
						{
							"origin": [-1.4, 23.4, -55.55],
							"size": [1, 1, 4],
							"inflate": -0.3,
							"pivot": [1.1, 24.3, -98.25],
							"rotation": [0, 0, -20],
							"uv": {
								"north": {"uv": [95, 74], "uv_size": [4, 1]},
								"east": {"uv": [95, 74], "uv_size": [4, 1]},
								"south": {"uv": [95, 74], "uv_size": [4, 1]},
								"west": {"uv": [95, 74], "uv_size": [4, 1]},
								"up": {"uv": [99, 75], "uv_size": [-4, -1]},
								"down": {"uv": [99, 75], "uv_size": [-4, -1]}
							}
						},
						{
							"origin": [-0.7, 22, -55.55],
							"size": [0.9, 1, 4],
							"inflate": -0.3,
							"pivot": [0.1, 23.2, -98.25],
							"rotation": [0, 0, -20],
							"uv": {
								"north": {"uv": [95, 74], "uv_size": [4, 1]},
								"east": {"uv": [95, 74], "uv_size": [4, 1]},
								"south": {"uv": [95, 74], "uv_size": [4, 1]},
								"west": {"uv": [95, 74], "uv_size": [4, 1]},
								"up": {"uv": [99, 75], "uv_size": [-4, -1]},
								"down": {"uv": [99, 75], "uv_size": [-4, -1]}
							}
						},
						{
							"origin": [-0.3, 22.4, -55.55],
							"size": [0.9, 1, 4],
							"inflate": -0.3,
							"pivot": [1.1, 24.3, -98.25],
							"rotation": [0, 0, -20],
							"uv": {
								"north": {"uv": [95, 74], "uv_size": [4, 1]},
								"east": {"uv": [95, 74], "uv_size": [4, 1]},
								"south": {"uv": [95, 74], "uv_size": [4, 1]},
								"west": {"uv": [95, 74], "uv_size": [4, 1]},
								"up": {"uv": [99, 75], "uv_size": [-4, -1]},
								"down": {"uv": [99, 75], "uv_size": [-4, -1]}
							}
						},
						{
							"origin": [0, 22.4, -55.55],
							"size": [1, 1.3, 4],
							"inflate": -0.3,
							"pivot": [1.1, 24.3, -98.25],
							"rotation": [0, 0, -20],
							"uv": {
								"north": {"uv": [95, 74], "uv_size": [4, 1]},
								"east": {"uv": [95, 74], "uv_size": [4, 1]},
								"south": {"uv": [95, 74], "uv_size": [4, 1]},
								"west": {"uv": [95, 74], "uv_size": [4, 1]},
								"up": {"uv": [99, 75], "uv_size": [-4, -1]},
								"down": {"uv": [99, 75], "uv_size": [-4, -1]}
							}
						},
						{
							"origin": [-0.3, 23.8, -55.55],
							"size": [0.9, 1, 4],
							"inflate": -0.3,
							"pivot": [1.1, 24.3, -98.25],
							"rotation": [0, 0, -20],
							"uv": {
								"north": {"uv": [95, 74], "uv_size": [4, 1]},
								"east": {"uv": [95, 74], "uv_size": [4, 1]},
								"south": {"uv": [95, 74], "uv_size": [4, 1]},
								"west": {"uv": [95, 74], "uv_size": [4, 1]},
								"up": {"uv": [99, 75], "uv_size": [-4, -1]},
								"down": {"uv": [99, 75], "uv_size": [-4, -1]}
							}
						}
					]
				},
				{
					"name": "muzzleflash",
					"parent": "main",
					"pivot": [0.1, 23.15, -67.65],
					"cubes": [
						{
							"origin": [-0.4, 22.65, -56.25],
							"size": [1, 1, 1],
							"inflate": -0.4,
							"uv": {
								"north": {"uv": [89, 100], "uv_size": [1, 1]},
								"east": {"uv": [100, 89], "uv_size": [1, 1]},
								"south": {"uv": [90, 100], "uv_size": [1, 1]},
								"west": {"uv": [100, 90], "uv_size": [1, 1]},
								"up": {"uv": [100, 91], "uv_size": [1, 1]},
								"down": {"uv": [100, 93], "uv_size": [1, -1]}
							}
						}
					]
				},
				{
					"name": "_cb_suppressor",
					"parent": "main",
					"pivot": [0.1, 23.25, -65.325],
					"cubes": [
						{"origin": [-0.4, 22.75, -48.625], "size": [1, 1, 1], "uv": [27, 69]}
					]
				},
				{
					"name": "_ca_barrel",
					"parent": "main",
					"pivot": [-0.2, 21.05, -30.325],
					"cubes": [
						{"origin": [-0.4, 22.75, -23.325], "size": [1, 1, 1], "uv": [27, 69]}
					]
				}
			]
		}
	]
}