{
	"format_version": "1.12.0",
	"minecraft:geometry": [
		{
			"description": {
				"identifier": "geometry.unknown",
				"texture_width": 128,
				"texture_height": 128,
				"visible_bounds_width": 8,
				"visible_bounds_height": 4,
				"visible_bounds_offset": [0, 1, 0]
			},
			"bones": [
				{
					"name": "main",
					"pivot": [0, 20, 0]
				},
				{
					"name": "g11scope",
					"parent": "main",
					"pivot": [-1.5, -0.3, 7.4],
					"cubes": [
						{
							"origin": [-0.95, 29.1, -10.1],
							"size": [1.8, 1.2, 16.66],
							"inflate": 0.001,
							"uv": {
								"north": {"uv": [49, 28], "uv_size": [10, 4]},
								"east": {"uv": [49, 28], "uv_size": [10, 4]},
								"south": {"uv": [49, 28], "uv_size": [10, 4]},
								"west": {"uv": [49, 28], "uv_size": [10, 4]},
								"up": {"uv": [59, 32], "uv_size": [-10, -4]},
								"down": {"uv": [59, 32], "uv_size": [-10, -4]}
							}
						},
						{
							"origin": [-0.95, 30.6, -8.2],
							"size": [1.8, 0.6, 1.26],
							"inflate": 0.001,
							"pivot": [0.9, 31.2, -8.2],
							"rotation": [-46, 0, 0],
							"uv": {
								"north": {"uv": [49, 28], "uv_size": [10, 4]},
								"east": {"uv": [49, 28], "uv_size": [10, 4]},
								"south": {"uv": [49, 28], "uv_size": [10, 4]},
								"west": {"uv": [49, 28], "uv_size": [10, 4]},
								"up": {"uv": [59, 32], "uv_size": [-10, -4]},
								"down": {"uv": [59, 32], "uv_size": [-10, -4]}
							}
						},
						{
							"origin": [-0.95, 30.5, 3.34],
							"size": [1.8, 0.7, 1.26],
							"inflate": 0.001,
							"pivot": [0.9, 31.2, 4.6],
							"rotation": [46, 0, 0],
							"uv": {
								"north": {"uv": [59, 28], "uv_size": [-10, 4]},
								"east": {"uv": [59, 28], "uv_size": [-10, 4]},
								"south": {"uv": [59, 28], "uv_size": [-10, 4]},
								"west": {"uv": [59, 28], "uv_size": [-10, 4]},
								"up": {"uv": [59, 28], "uv_size": [-10, 4]},
								"down": {"uv": [59, 28], "uv_size": [-10, 4]}
							}
						},
						{
							"origin": [-0.75, 30.3, -10.1],
							"size": [1.4, 3.6, 1.96],
							"inflate": 0.001,
							"uv": {
								"north": {"uv": [49, 28], "uv_size": [10, 4]},
								"east": {"uv": [49, 28], "uv_size": [10, 4]},
								"south": {"uv": [49, 28], "uv_size": [10, 4]},
								"west": {"uv": [49, 28], "uv_size": [10, 4]},
								"up": {"uv": [59, 32], "uv_size": [-10, -4]},
								"down": {"uv": [59, 32], "uv_size": [-10, -4]}
							}
						},
						{
							"origin": [-0.95, 33.9, -10.1],
							"size": [1.8, 1.7, 16.66],
							"inflate": 0.001,
							"uv": {
								"north": {"uv": [49, 28], "uv_size": [10, 4]},
								"east": {"uv": [49, 28], "uv_size": [10, 4]},
								"south": {"uv": [49, 28], "uv_size": [10, 4]},
								"west": {"uv": [49, 28], "uv_size": [10, 4]},
								"up": {"uv": [59, 32], "uv_size": [-10, -4]},
								"down": {"uv": [59, 32], "uv_size": [-10, -4]}
							}
						},
						{
							"origin": [0.65, 35.6, -10.1],
							"size": [0.2, 0.92, 16.66],
							"inflate": 0.001,
							"pivot": [0.85, 35.6, -10.1],
							"rotation": [0, 0, -77],
							"uv": {
								"north": {"uv": [49, 28], "uv_size": [10, 4]},
								"east": {"uv": [49, 28], "uv_size": [10, 4]},
								"south": {"uv": [49, 28], "uv_size": [10, 4]},
								"west": {"uv": [49, 28], "uv_size": [10, 4]},
								"up": {"uv": [59, 32], "uv_size": [-10, -4]},
								"down": {"uv": [59, 32], "uv_size": [-10, -4]}
							}
						},
						{
							"origin": [-0.95, 35.6, -10.1],
							"size": [0.2, 0.92, 16.66],
							"inflate": 0.001,
							"pivot": [-0.95, 35.6, -10.1],
							"rotation": [0, 0, 77],
							"uv": {
								"north": {"uv": [59, 28], "uv_size": [-10, 4]},
								"east": {"uv": [59, 28], "uv_size": [-10, 4]},
								"south": {"uv": [59, 28], "uv_size": [-10, 4]},
								"west": {"uv": [59, 28], "uv_size": [-10, 4]},
								"up": {"uv": [49, 32], "uv_size": [10, -4]},
								"down": {"uv": [49, 32], "uv_size": [10, -4]}
							}
						},
						{
							"origin": [-0.95, 32.98, -10.1],
							"size": [0.2, 0.92, 16.66],
							"inflate": 0.001,
							"pivot": [-0.95, 33.9, -10.1],
							"rotation": [0, 0, -77],
							"uv": {
								"north": {"uv": [59, 32], "uv_size": [-10, -4]},
								"east": {"uv": [59, 32], "uv_size": [-10, -4]},
								"south": {"uv": [59, 32], "uv_size": [-10, -4]},
								"west": {"uv": [59, 32], "uv_size": [-10, -4]},
								"up": {"uv": [49, 28], "uv_size": [10, 4]},
								"down": {"uv": [49, 28], "uv_size": [10, 4]}
							}
						},
						{
							"origin": [0.65, 32.98, -10.1],
							"size": [0.2, 0.92, 16.66],
							"inflate": 0.001,
							"pivot": [0.85, 33.9, -10.1],
							"rotation": [0, 0, 77],
							"uv": {
								"north": {"uv": [49, 32], "uv_size": [10, -4]},
								"east": {"uv": [49, 32], "uv_size": [10, -4]},
								"south": {"uv": [49, 32], "uv_size": [10, -4]},
								"west": {"uv": [49, 32], "uv_size": [10, -4]},
								"up": {"uv": [59, 28], "uv_size": [-10, 4]},
								"down": {"uv": [59, 28], "uv_size": [-10, 4]}
							}
						},
						{
							"origin": [0.45, 30.3, -10.1],
							"size": [0.4, 0.9, 1.96],
							"inflate": 0.001,
							"uv": {
								"north": {"uv": [49, 28], "uv_size": [10, 4]},
								"east": {"uv": [49, 28], "uv_size": [10, 4]},
								"south": {"uv": [49, 28], "uv_size": [10, 4]},
								"west": {"uv": [49, 28], "uv_size": [10, 4]},
								"up": {"uv": [59, 32], "uv_size": [-10, -4]},
								"down": {"uv": [59, 32], "uv_size": [-10, -4]}
							}
						},
						{
							"origin": [-0.95, 31.2, -8.6],
							"size": [0.3, 2.7, 0.46],
							"inflate": 0.001,
							"uv": {
								"north": {"uv": [59, 28], "uv_size": [-10, 4]},
								"east": {"uv": [59, 28], "uv_size": [-10, 4]},
								"south": {"uv": [59, 28], "uv_size": [-10, 4]},
								"west": {"uv": [59, 28], "uv_size": [-10, 4]},
								"up": {"uv": [49, 32], "uv_size": [10, -4]},
								"down": {"uv": [49, 32], "uv_size": [10, -4]}
							}
						},
						{
							"origin": [-0.95, 31.2, -10.1],
							"size": [0.3, 2.7, 0.46],
							"inflate": 0.001,
							"uv": {
								"north": {"uv": [59, 28], "uv_size": [-10, 4]},
								"east": {"uv": [59, 28], "uv_size": [-10, 4]},
								"south": {"uv": [59, 28], "uv_size": [-10, 4]},
								"west": {"uv": [59, 28], "uv_size": [-10, 4]},
								"up": {"uv": [49, 32], "uv_size": [10, -4]},
								"down": {"uv": [49, 32], "uv_size": [10, -4]}
							}
						},
						{
							"origin": [-0.95, 31.2, 4.6],
							"size": [0.4, 2.7, 0.46],
							"inflate": 0.001,
							"uv": {
								"north": {"uv": [59, 28], "uv_size": [-10, 4]},
								"east": {"uv": [59, 28], "uv_size": [-10, 4]},
								"south": {"uv": [59, 28], "uv_size": [-10, 4]},
								"west": {"uv": [59, 28], "uv_size": [-10, 4]},
								"up": {"uv": [49, 32], "uv_size": [10, -4]},
								"down": {"uv": [49, 32], "uv_size": [10, -4]}
							}
						},
						{
							"origin": [-0.95, 31.2, 6.1],
							"size": [0.4, 2.7, 0.46],
							"inflate": 0.001,
							"uv": {
								"north": {"uv": [59, 28], "uv_size": [-10, 4]},
								"east": {"uv": [59, 28], "uv_size": [-10, 4]},
								"south": {"uv": [59, 28], "uv_size": [-10, 4]},
								"west": {"uv": [59, 28], "uv_size": [-10, 4]},
								"up": {"uv": [49, 32], "uv_size": [10, -4]},
								"down": {"uv": [49, 32], "uv_size": [10, -4]}
							}
						},
						{
							"origin": [0.45, 31.2, 6.1],
							"size": [0.4, 2.7, 0.46],
							"inflate": 0.001,
							"uv": {
								"north": {"uv": [49, 28], "uv_size": [10, 4]},
								"east": {"uv": [49, 28], "uv_size": [10, 4]},
								"south": {"uv": [49, 28], "uv_size": [10, 4]},
								"west": {"uv": [49, 28], "uv_size": [10, 4]},
								"up": {"uv": [59, 32], "uv_size": [-10, -4]},
								"down": {"uv": [59, 32], "uv_size": [-10, -4]}
							}
						},
						{
							"origin": [0.45, 31.2, 4.6],
							"size": [0.4, 2.7, 0.46],
							"inflate": 0.001,
							"uv": {
								"north": {"uv": [49, 28], "uv_size": [10, 4]},
								"east": {"uv": [49, 28], "uv_size": [10, 4]},
								"south": {"uv": [49, 28], "uv_size": [10, 4]},
								"west": {"uv": [49, 28], "uv_size": [10, 4]},
								"up": {"uv": [59, 32], "uv_size": [-10, -4]},
								"down": {"uv": [59, 32], "uv_size": [-10, -4]}
							}
						},
						{
							"origin": [0.45, 31.2, -8.6],
							"size": [0.4, 2.7, 0.46],
							"inflate": 0.001,
							"uv": {
								"north": {"uv": [49, 28], "uv_size": [10, 4]},
								"east": {"uv": [49, 28], "uv_size": [10, 4]},
								"south": {"uv": [49, 28], "uv_size": [10, 4]},
								"west": {"uv": [49, 28], "uv_size": [10, 4]},
								"up": {"uv": [59, 32], "uv_size": [-10, -4]},
								"down": {"uv": [59, 32], "uv_size": [-10, -4]}
							}
						},
						{
							"origin": [0.45, 31.2, -10.1],
							"size": [0.4, 2.7, 0.46],
							"inflate": 0.001,
							"uv": {
								"north": {"uv": [49, 28], "uv_size": [10, 4]},
								"east": {"uv": [49, 28], "uv_size": [10, 4]},
								"south": {"uv": [49, 28], "uv_size": [10, 4]},
								"west": {"uv": [49, 28], "uv_size": [10, 4]},
								"up": {"uv": [59, 32], "uv_size": [-10, -4]},
								"down": {"uv": [59, 32], "uv_size": [-10, -4]}
							}
						},
						{
							"origin": [0.45, 31.1, -9.5],
							"size": [0.4, 0.4, 0.16],
							"inflate": 0.001,
							"pivot": [0.7, 31.1, -9.4],
							"rotation": [45, 0, 0],
							"uv": {
								"north": {"uv": [49, 28], "uv_size": [10, 4]},
								"east": {"uv": [49, 28], "uv_size": [10, 4]},
								"south": {"uv": [49, 28], "uv_size": [10, 4]},
								"west": {"uv": [49, 28], "uv_size": [10, 4]},
								"up": {"uv": [59, 32], "uv_size": [-10, -4]},
								"down": {"uv": [59, 32], "uv_size": [-10, -4]}
							}
						},
						{
							"origin": [-1.05, 29.7, 5.5],
							"size": [2, 0.4, 0.4],
							"inflate": 0.001,
							"pivot": [1, 29.7, 5.8],
							"rotation": [45, 0, 0],
							"uv": {
								"north": {"uv": [67, 10], "uv_size": [-14, 2]},
								"east": {"uv": [67, 10], "uv_size": [-14, 2]},
								"south": {"uv": [67, 10], "uv_size": [-14, 2]},
								"west": {"uv": [67, 10], "uv_size": [-14, 2]},
								"up": {"uv": [53, 12], "uv_size": [14, -2]},
								"down": {"uv": [53, 12], "uv_size": [14, -2]}
							}
						},
						{
							"origin": [-1.05, 29.7, -9.2],
							"size": [2, 0.4, 0.4],
							"inflate": 0.001,
							"pivot": [1, 29.7, -8.9],
							"rotation": [45, 0, 0],
							"uv": {
								"north": {"uv": [67, 10], "uv_size": [-14, 2]},
								"east": {"uv": [67, 10], "uv_size": [-14, 2]},
								"south": {"uv": [67, 10], "uv_size": [-14, 2]},
								"west": {"uv": [67, 10], "uv_size": [-14, 2]},
								"up": {"uv": [53, 12], "uv_size": [14, -2]},
								"down": {"uv": [53, 12], "uv_size": [14, -2]}
							}
						},
						{
							"origin": [0.45, 31.1, -8.86],
							"size": [0.4, 0.4, 0.16],
							"inflate": 0.001,
							"pivot": [0.7, 31.1, -8.8],
							"rotation": [-45, 0, 0],
							"uv": {
								"north": {"uv": [59, 28], "uv_size": [-10, 4]},
								"east": {"uv": [59, 28], "uv_size": [-10, 4]},
								"south": {"uv": [59, 28], "uv_size": [-10, 4]},
								"west": {"uv": [59, 28], "uv_size": [-10, 4]},
								"up": {"uv": [59, 28], "uv_size": [-10, 4]},
								"down": {"uv": [59, 28], "uv_size": [-10, 4]}
							}
						},
						{
							"origin": [0.45, 31.1, 5.2],
							"size": [0.4, 0.4, 0.16],
							"inflate": 0.001,
							"pivot": [0.7, 31.1, 5.3],
							"rotation": [45, 0, 0],
							"uv": {
								"north": {"uv": [49, 28], "uv_size": [10, 4]},
								"east": {"uv": [49, 28], "uv_size": [10, 4]},
								"south": {"uv": [49, 28], "uv_size": [10, 4]},
								"west": {"uv": [49, 28], "uv_size": [10, 4]},
								"up": {"uv": [59, 32], "uv_size": [-10, -4]},
								"down": {"uv": [59, 32], "uv_size": [-10, -4]}
							}
						},
						{
							"origin": [0.45, 31.1, 5.84],
							"size": [0.4, 0.4, 0.16],
							"inflate": 0.001,
							"pivot": [0.7, 31.1, 5.9],
							"rotation": [-45, 0, 0],
							"uv": {
								"north": {"uv": [59, 28], "uv_size": [-10, 4]},
								"east": {"uv": [59, 28], "uv_size": [-10, 4]},
								"south": {"uv": [59, 28], "uv_size": [-10, 4]},
								"west": {"uv": [59, 28], "uv_size": [-10, 4]},
								"up": {"uv": [59, 28], "uv_size": [-10, 4]},
								"down": {"uv": [59, 28], "uv_size": [-10, 4]}
							}
						},
						{
							"origin": [-0.95, 31.1, 5.2],
							"size": [0.4, 0.4, 0.16],
							"inflate": 0.001,
							"pivot": [-0.8, 31.1, 5.3],
							"rotation": [45, 0, 0],
							"uv": {
								"north": {"uv": [59, 28], "uv_size": [-10, 4]},
								"east": {"uv": [59, 28], "uv_size": [-10, 4]},
								"south": {"uv": [59, 28], "uv_size": [-10, 4]},
								"west": {"uv": [59, 28], "uv_size": [-10, 4]},
								"up": {"uv": [49, 32], "uv_size": [10, -4]},
								"down": {"uv": [49, 32], "uv_size": [10, -4]}
							}
						},
						{
							"origin": [-0.95, 31.1, 5.84],
							"size": [0.4, 0.4, 0.16],
							"inflate": 0.001,
							"pivot": [-0.8, 31.1, 5.9],
							"rotation": [-45, 0, 0],
							"uv": {
								"north": {"uv": [49, 28], "uv_size": [10, 4]},
								"east": {"uv": [49, 28], "uv_size": [10, 4]},
								"south": {"uv": [49, 28], "uv_size": [10, 4]},
								"west": {"uv": [49, 28], "uv_size": [10, 4]},
								"up": {"uv": [49, 28], "uv_size": [10, 4]},
								"down": {"uv": [49, 28], "uv_size": [10, 4]}
							}
						},
						{
							"origin": [-0.95, 31.1, -9.5],
							"size": [0.3, 0.4, 0.16],
							"inflate": 0.001,
							"pivot": [-0.7, 31.1, -9.4],
							"rotation": [45, 0, 0],
							"uv": {
								"north": {"uv": [59, 28], "uv_size": [-10, 4]},
								"east": {"uv": [59, 28], "uv_size": [-10, 4]},
								"south": {"uv": [59, 28], "uv_size": [-10, 4]},
								"west": {"uv": [59, 28], "uv_size": [-10, 4]},
								"up": {"uv": [49, 32], "uv_size": [10, -4]},
								"down": {"uv": [49, 32], "uv_size": [10, -4]}
							}
						},
						{
							"origin": [-0.95, 31.1, -8.86],
							"size": [0.3, 0.4, 0.16],
							"inflate": 0.001,
							"pivot": [-0.7, 31.1, -8.8],
							"rotation": [-45, 0, 0],
							"uv": {
								"north": {"uv": [49, 28], "uv_size": [10, 4]},
								"east": {"uv": [49, 28], "uv_size": [10, 4]},
								"south": {"uv": [49, 28], "uv_size": [10, 4]},
								"west": {"uv": [49, 28], "uv_size": [10, 4]},
								"up": {"uv": [49, 28], "uv_size": [10, 4]},
								"down": {"uv": [49, 28], "uv_size": [10, 4]}
							}
						},
						{
							"origin": [0.45, 30.3, 4.6],
							"size": [0.4, 0.9, 1.96],
							"inflate": 0.001,
							"uv": {
								"north": {"uv": [49, 28], "uv_size": [10, 4]},
								"east": {"uv": [49, 28], "uv_size": [10, 4]},
								"south": {"uv": [49, 28], "uv_size": [10, 4]},
								"west": {"uv": [49, 28], "uv_size": [10, 4]},
								"up": {"uv": [59, 32], "uv_size": [-10, -4]},
								"down": {"uv": [59, 32], "uv_size": [-10, -4]}
							}
						},
						{
							"origin": [-0.95, 30.3, 4.6],
							"size": [0.4, 0.9, 1.96],
							"inflate": 0.001,
							"uv": {
								"north": {"uv": [59, 28], "uv_size": [-10, 4]},
								"east": {"uv": [59, 28], "uv_size": [-10, 4]},
								"south": {"uv": [59, 28], "uv_size": [-10, 4]},
								"west": {"uv": [59, 28], "uv_size": [-10, 4]},
								"up": {"uv": [49, 32], "uv_size": [10, -4]},
								"down": {"uv": [49, 32], "uv_size": [10, -4]}
							}
						},
						{
							"origin": [-0.95, 30.3, -10.1],
							"size": [0.3, 0.9, 1.96],
							"inflate": 0.001,
							"uv": {
								"north": {"uv": [59, 28], "uv_size": [-10, 4]},
								"east": {"uv": [59, 28], "uv_size": [-10, 4]},
								"south": {"uv": [59, 28], "uv_size": [-10, 4]},
								"west": {"uv": [59, 28], "uv_size": [-10, 4]},
								"up": {"uv": [49, 32], "uv_size": [10, -4]},
								"down": {"uv": [49, 32], "uv_size": [10, -4]}
							}
						},
						{
							"origin": [-0.75, 30.3, 4.6],
							"size": [1.4, 3.6, 1.96],
							"inflate": 0.001,
							"uv": {
								"north": {"uv": [49, 28], "uv_size": [10, 4]},
								"east": {"uv": [49, 28], "uv_size": [10, 4]},
								"south": {"uv": [49, 28], "uv_size": [10, 4]},
								"west": {"uv": [49, 28], "uv_size": [10, 4]},
								"up": {"uv": [59, 32], "uv_size": [-10, -4]},
								"down": {"uv": [59, 32], "uv_size": [-10, -4]}
							}
						},
						{
							"origin": [-1.14463, 33.21604, 7.35054],
							"size": [2.19986, 0.89627, 3.08805],
							"inflate": -0.3,
							"uv": {
								"north": {"uv": [49, 28], "uv_size": [10, 4]},
								"east": {"uv": [49, 28], "uv_size": [10, 4]},
								"south": {"uv": [49, 28], "uv_size": [10, 4]},
								"west": {"uv": [49, 28], "uv_size": [10, 4]},
								"up": {"uv": [59, 32], "uv_size": [-10, -4]},
								"down": {"uv": [59, 32], "uv_size": [-10, -4]}
							}
						},
						{
							"origin": [13.71041, 26.7277, 7.35054],
							"size": [0.95553, 1.35253, 3.08805],
							"inflate": -0.3,
							"pivot": [15.39103, 46.7001, 8.87412],
							"rotation": [0, 0, 45],
							"uv": {
								"north": {"uv": [49, 28], "uv_size": [10, 4]},
								"east": {"uv": [49, 28], "uv_size": [10, 4]},
								"south": {"uv": [49, 28], "uv_size": [10, 4]},
								"west": {"uv": [49, 28], "uv_size": [10, 4]},
								"up": {"uv": [59, 32], "uv_size": [-10, -4]},
								"down": {"uv": [59, 32], "uv_size": [-10, -4]}
							}
						},
						{
							"origin": [-15.40712, 28.46978, 7.35054],
							"size": [0.95553, 1.26957, 3.08805],
							"inflate": -0.3,
							"pivot": [-13.70279, 48.35922, 8.87412],
							"rotation": [0, 0, -45],
							"uv": {
								"north": {"uv": [49, 28], "uv_size": [10, 4]},
								"east": {"uv": [49, 28], "uv_size": [10, 4]},
								"south": {"uv": [49, 28], "uv_size": [10, 4]},
								"west": {"uv": [49, 28], "uv_size": [10, 4]},
								"up": {"uv": [59, 32], "uv_size": [-10, -4]},
								"down": {"uv": [59, 32], "uv_size": [-10, -4]}
							}
						},
						{
							"origin": [13.71041, 41.48419, 7.35054],
							"size": [0.95553, 1.35253, 3.08805],
							"inflate": -0.3,
							"pivot": [15.39103, 22.86431, 8.87412],
							"rotation": [0, 0, -45],
							"uv": {
								"north": {"uv": [49, 28], "uv_size": [10, 4]},
								"east": {"uv": [49, 28], "uv_size": [10, 4]},
								"south": {"uv": [49, 28], "uv_size": [10, 4]},
								"west": {"uv": [49, 28], "uv_size": [10, 4]},
								"up": {"uv": [59, 32], "uv_size": [-10, -4]},
								"down": {"uv": [59, 32], "uv_size": [-10, -4]}
							}
						},
						{
							"origin": [-15.40712, 39.82507, 7.35054],
							"size": [0.95553, 1.26957, 3.08805],
							"inflate": -0.3,
							"pivot": [-13.70279, 21.2052, 8.87412],
							"rotation": [0, 0, 45],
							"uv": {
								"north": {"uv": [49, 28], "uv_size": [10, 4]},
								"east": {"uv": [49, 28], "uv_size": [10, 4]},
								"south": {"uv": [49, 28], "uv_size": [10, 4]},
								"west": {"uv": [49, 28], "uv_size": [10, 4]},
								"up": {"uv": [59, 32], "uv_size": [-10, -4]},
								"down": {"uv": [59, 32], "uv_size": [-10, -4]}
							}
						},
						{
							"origin": [-1.61866, 33.6815, 7.35054],
							"size": [0.89627, 2.19285, 3.08805],
							"inflate": -0.3,
							"uv": {
								"north": {"uv": [49, 28], "uv_size": [10, 4]},
								"east": {"uv": [49, 28], "uv_size": [10, 4]},
								"south": {"uv": [49, 28], "uv_size": [10, 4]},
								"west": {"uv": [49, 28], "uv_size": [10, 4]},
								"up": {"uv": [59, 32], "uv_size": [-10, -4]},
								"down": {"uv": [59, 32], "uv_size": [-10, -4]}
							}
						},
						{
							"origin": [0.633, 33.74465, 7.35054],
							"size": [0.95553, 2.07044, 3.08805],
							"inflate": -0.3,
							"uv": {
								"north": {"uv": [49, 28], "uv_size": [10, 4]},
								"east": {"uv": [49, 28], "uv_size": [10, 4]},
								"south": {"uv": [49, 28], "uv_size": [10, 4]},
								"west": {"uv": [49, 28], "uv_size": [10, 4]},
								"up": {"uv": [59, 32], "uv_size": [-10, -4]},
								"down": {"uv": [59, 32], "uv_size": [-10, -4]}
							}
						},
						{
							"origin": [-1.14463, 35.45211, 7.35054],
							"size": [2.19986, 0.89627, 3.08805],
							"inflate": -0.3,
							"uv": {
								"north": {"uv": [49, 28], "uv_size": [10, 4]},
								"east": {"uv": [49, 28], "uv_size": [10, 4]},
								"south": {"uv": [49, 28], "uv_size": [10, 4]},
								"west": {"uv": [49, 28], "uv_size": [10, 4]},
								"up": {"uv": [59, 32], "uv_size": [-10, -4]},
								"down": {"uv": [59, 32], "uv_size": [-10, -4]}
							}
						},
						{
							"origin": [-1.18686, 33.16184, 9.03307],
							"size": [2.27986, 0.91108, 0.91246],
							"inflate": -0.3,
							"uv": {
								"north": {"uv": [49, 28], "uv_size": [10, 4]},
								"east": {"uv": [49, 28], "uv_size": [10, 4]},
								"south": {"uv": [49, 28], "uv_size": [10, 4]},
								"west": {"uv": [49, 28], "uv_size": [10, 4]},
								"up": {"uv": [59, 32], "uv_size": [-10, -4]},
								"down": {"uv": [59, 32], "uv_size": [-10, -4]}
							}
						},
						{
							"origin": [14.41093, 26.34909, 9.03307],
							"size": [0.9733, 1.39016, 0.91246],
							"inflate": -0.3,
							"pivot": [16.16058, 47.30511, 8.31783],
							"rotation": [0, 0, 45],
							"uv": {
								"north": {"uv": [49, 28], "uv_size": [10, 4]},
								"east": {"uv": [49, 28], "uv_size": [10, 4]},
								"south": {"uv": [49, 28], "uv_size": [10, 4]},
								"west": {"uv": [49, 28], "uv_size": [10, 4]},
								"up": {"uv": [59, 32], "uv_size": [-10, -4]},
								"down": {"uv": [59, 32], "uv_size": [-10, -4]}
							}
						},
						{
							"origin": [-16.16247, 28.17827, 9.03307],
							"size": [0.9733, 1.30305, 0.91246],
							"inflate": -0.3,
							"pivot": [-14.38793, 49.04718, 8.31783],
							"rotation": [0, 0, -45],
							"uv": {
								"north": {"uv": [49, 28], "uv_size": [10, 4]},
								"east": {"uv": [49, 28], "uv_size": [10, 4]},
								"south": {"uv": [49, 28], "uv_size": [10, 4]},
								"west": {"uv": [49, 28], "uv_size": [10, 4]},
								"up": {"uv": [59, 32], "uv_size": [-10, -4]},
								"down": {"uv": [59, 32], "uv_size": [-10, -4]}
							}
						},
						{
							"origin": [14.41093, 41.8434, 9.03307],
							"size": [0.9733, 1.39016, 0.91246],
							"inflate": -0.3,
							"pivot": [16.16058, 22.27753, 8.31783],
							"rotation": [0, 0, -45],
							"uv": {
								"north": {"uv": [49, 28], "uv_size": [10, 4]},
								"east": {"uv": [49, 28], "uv_size": [10, 4]},
								"south": {"uv": [49, 28], "uv_size": [10, 4]},
								"west": {"uv": [49, 28], "uv_size": [10, 4]},
								"up": {"uv": [59, 32], "uv_size": [-10, -4]},
								"down": {"uv": [59, 32], "uv_size": [-10, -4]}
							}
						},
						{
							"origin": [-16.16247, 40.10132, 9.03307],
							"size": [0.9733, 1.30305, 0.91246],
							"inflate": -0.3,
							"pivot": [-14.38793, 20.53546, 8.31783],
							"rotation": [0, 0, 45],
							"uv": {
								"north": {"uv": [49, 28], "uv_size": [10, 4]},
								"east": {"uv": [49, 28], "uv_size": [10, 4]},
								"south": {"uv": [49, 28], "uv_size": [10, 4]},
								"west": {"uv": [49, 28], "uv_size": [10, 4]},
								"up": {"uv": [59, 32], "uv_size": [-10, -4]},
								"down": {"uv": [59, 32], "uv_size": [-10, -4]}
							}
						},
						{
							"origin": [-1.68459, 33.65057, 9.03307],
							"size": [0.91108, 2.27249, 0.91246],
							"inflate": -0.3,
							"uv": {
								"north": {"uv": [49, 28], "uv_size": [10, 4]},
								"east": {"uv": [49, 28], "uv_size": [10, 4]},
								"south": {"uv": [49, 28], "uv_size": [10, 4]},
								"west": {"uv": [49, 28], "uv_size": [10, 4]},
								"up": {"uv": [59, 32], "uv_size": [-10, -4]},
								"down": {"uv": [59, 32], "uv_size": [-10, -4]}
							}
						},
						{
							"origin": [0.67965, 33.71688, 9.03307],
							"size": [0.9733, 2.14396, 0.91246],
							"inflate": -0.3,
							"uv": {
								"north": {"uv": [49, 28], "uv_size": [10, 4]},
								"east": {"uv": [49, 28], "uv_size": [10, 4]},
								"south": {"uv": [49, 28], "uv_size": [10, 4]},
								"west": {"uv": [49, 28], "uv_size": [10, 4]},
								"up": {"uv": [59, 32], "uv_size": [-10, -4]},
								"down": {"uv": [59, 32], "uv_size": [-10, -4]}
							}
						},
						{
							"origin": [-1.18686, 35.50971, 9.03307],
							"size": [2.27986, 0.91108, 0.91246],
							"inflate": -0.3,
							"uv": {
								"north": {"uv": [49, 28], "uv_size": [10, 4]},
								"east": {"uv": [49, 28], "uv_size": [10, 4]},
								"south": {"uv": [49, 28], "uv_size": [10, 4]},
								"west": {"uv": [49, 28], "uv_size": [10, 4]},
								"up": {"uv": [59, 32], "uv_size": [-10, -4]},
								"down": {"uv": [59, 32], "uv_size": [-10, -4]}
							}
						},
						{
							"origin": [-1.18686, 33.16184, 7.83307],
							"size": [2.27986, 0.91108, 0.91246],
							"inflate": -0.3,
							"uv": {
								"north": {"uv": [49, 28], "uv_size": [10, 4]},
								"east": {"uv": [49, 28], "uv_size": [10, 4]},
								"south": {"uv": [49, 28], "uv_size": [10, 4]},
								"west": {"uv": [49, 28], "uv_size": [10, 4]},
								"up": {"uv": [59, 32], "uv_size": [-10, -4]},
								"down": {"uv": [59, 32], "uv_size": [-10, -4]}
							}
						},
						{
							"origin": [14.41093, 26.34909, 7.83307],
							"size": [0.9733, 1.39016, 0.91246],
							"inflate": -0.3,
							"pivot": [16.16058, 47.30511, 7.11783],
							"rotation": [0, 0, 45],
							"uv": {
								"north": {"uv": [49, 28], "uv_size": [10, 4]},
								"east": {"uv": [49, 28], "uv_size": [10, 4]},
								"south": {"uv": [49, 28], "uv_size": [10, 4]},
								"west": {"uv": [49, 28], "uv_size": [10, 4]},
								"up": {"uv": [59, 32], "uv_size": [-10, -4]},
								"down": {"uv": [59, 32], "uv_size": [-10, -4]}
							}
						},
						{
							"origin": [-16.16247, 28.17827, 7.83307],
							"size": [0.9733, 1.30305, 0.91246],
							"inflate": -0.3,
							"pivot": [-14.38793, 49.04718, 7.11783],
							"rotation": [0, 0, -45],
							"uv": {
								"north": {"uv": [49, 28], "uv_size": [10, 4]},
								"east": {"uv": [49, 28], "uv_size": [10, 4]},
								"south": {"uv": [49, 28], "uv_size": [10, 4]},
								"west": {"uv": [49, 28], "uv_size": [10, 4]},
								"up": {"uv": [59, 32], "uv_size": [-10, -4]},
								"down": {"uv": [59, 32], "uv_size": [-10, -4]}
							}
						},
						{
							"origin": [14.41093, 41.8434, 7.83307],
							"size": [0.9733, 1.39016, 0.91246],
							"inflate": -0.3,
							"pivot": [16.16058, 22.27753, 7.11783],
							"rotation": [0, 0, -45],
							"uv": {
								"north": {"uv": [49, 28], "uv_size": [10, 4]},
								"east": {"uv": [49, 28], "uv_size": [10, 4]},
								"south": {"uv": [49, 28], "uv_size": [10, 4]},
								"west": {"uv": [49, 28], "uv_size": [10, 4]},
								"up": {"uv": [59, 32], "uv_size": [-10, -4]},
								"down": {"uv": [59, 32], "uv_size": [-10, -4]}
							}
						},
						{
							"origin": [-16.16247, 40.10132, 7.83307],
							"size": [0.9733, 1.30305, 0.91246],
							"inflate": -0.3,
							"pivot": [-14.38793, 20.53546, 7.11783],
							"rotation": [0, 0, 45],
							"uv": {
								"north": {"uv": [49, 28], "uv_size": [10, 4]},
								"east": {"uv": [49, 28], "uv_size": [10, 4]},
								"south": {"uv": [49, 28], "uv_size": [10, 4]},
								"west": {"uv": [49, 28], "uv_size": [10, 4]},
								"up": {"uv": [59, 32], "uv_size": [-10, -4]},
								"down": {"uv": [59, 32], "uv_size": [-10, -4]}
							}
						},
						{
							"origin": [-1.68459, 33.65057, 7.83307],
							"size": [0.91108, 2.27249, 0.91246],
							"inflate": -0.3,
							"uv": {
								"north": {"uv": [49, 28], "uv_size": [10, 4]},
								"east": {"uv": [49, 28], "uv_size": [10, 4]},
								"south": {"uv": [49, 28], "uv_size": [10, 4]},
								"west": {"uv": [49, 28], "uv_size": [10, 4]},
								"up": {"uv": [59, 32], "uv_size": [-10, -4]},
								"down": {"uv": [59, 32], "uv_size": [-10, -4]}
							}
						},
						{
							"origin": [0.67965, 33.71688, 7.83307],
							"size": [0.9733, 2.14396, 0.91246],
							"inflate": -0.3,
							"uv": {
								"north": {"uv": [49, 28], "uv_size": [10, 4]},
								"east": {"uv": [49, 28], "uv_size": [10, 4]},
								"south": {"uv": [49, 28], "uv_size": [10, 4]},
								"west": {"uv": [49, 28], "uv_size": [10, 4]},
								"up": {"uv": [59, 32], "uv_size": [-10, -4]},
								"down": {"uv": [59, 32], "uv_size": [-10, -4]}
							}
						},
						{
							"origin": [-1.18686, 35.50971, 7.83307],
							"size": [2.27986, 0.91108, 0.91246],
							"inflate": -0.3,
							"uv": {
								"north": {"uv": [49, 28], "uv_size": [10, 4]},
								"east": {"uv": [49, 28], "uv_size": [10, 4]},
								"south": {"uv": [49, 28], "uv_size": [10, 4]},
								"west": {"uv": [49, 28], "uv_size": [10, 4]},
								"up": {"uv": [59, 32], "uv_size": [-10, -4]},
								"down": {"uv": [59, 32], "uv_size": [-10, -4]}
							}
						},
						{
							"origin": [-1.18686, 33.16184, 8.43307],
							"size": [2.27986, 0.91108, 0.91246],
							"inflate": -0.3,
							"uv": {
								"north": {"uv": [49, 28], "uv_size": [10, 4]},
								"east": {"uv": [49, 28], "uv_size": [10, 4]},
								"south": {"uv": [49, 28], "uv_size": [10, 4]},
								"west": {"uv": [49, 28], "uv_size": [10, 4]},
								"up": {"uv": [59, 32], "uv_size": [-10, -4]},
								"down": {"uv": [59, 32], "uv_size": [-10, -4]}
							}
						},
						{
							"origin": [14.41093, 26.34909, 8.43307],
							"size": [0.9733, 1.39016, 0.91246],
							"inflate": -0.3,
							"pivot": [16.16058, 47.30511, 7.71783],
							"rotation": [0, 0, 45],
							"uv": {
								"north": {"uv": [49, 28], "uv_size": [10, 4]},
								"east": {"uv": [49, 28], "uv_size": [10, 4]},
								"south": {"uv": [49, 28], "uv_size": [10, 4]},
								"west": {"uv": [49, 28], "uv_size": [10, 4]},
								"up": {"uv": [59, 32], "uv_size": [-10, -4]},
								"down": {"uv": [59, 32], "uv_size": [-10, -4]}
							}
						},
						{
							"origin": [-16.16247, 28.17827, 8.43307],
							"size": [0.9733, 1.30305, 0.91246],
							"inflate": -0.3,
							"pivot": [-14.38793, 49.04718, 7.71783],
							"rotation": [0, 0, -45],
							"uv": {
								"north": {"uv": [49, 28], "uv_size": [10, 4]},
								"east": {"uv": [49, 28], "uv_size": [10, 4]},
								"south": {"uv": [49, 28], "uv_size": [10, 4]},
								"west": {"uv": [49, 28], "uv_size": [10, 4]},
								"up": {"uv": [59, 32], "uv_size": [-10, -4]},
								"down": {"uv": [59, 32], "uv_size": [-10, -4]}
							}
						},
						{
							"origin": [14.41093, 41.8434, 8.43307],
							"size": [0.9733, 1.39016, 0.91246],
							"inflate": -0.3,
							"pivot": [16.16058, 22.27753, 7.71783],
							"rotation": [0, 0, -45],
							"uv": {
								"north": {"uv": [49, 28], "uv_size": [10, 4]},
								"east": {"uv": [49, 28], "uv_size": [10, 4]},
								"south": {"uv": [49, 28], "uv_size": [10, 4]},
								"west": {"uv": [49, 28], "uv_size": [10, 4]},
								"up": {"uv": [59, 32], "uv_size": [-10, -4]},
								"down": {"uv": [59, 32], "uv_size": [-10, -4]}
							}
						},
						{
							"origin": [-16.16247, 40.10132, 8.43307],
							"size": [0.9733, 1.30305, 0.91246],
							"inflate": -0.3,
							"pivot": [-14.38793, 20.53546, 7.71783],
							"rotation": [0, 0, 45],
							"uv": {
								"north": {"uv": [49, 28], "uv_size": [10, 4]},
								"east": {"uv": [49, 28], "uv_size": [10, 4]},
								"south": {"uv": [49, 28], "uv_size": [10, 4]},
								"west": {"uv": [49, 28], "uv_size": [10, 4]},
								"up": {"uv": [59, 32], "uv_size": [-10, -4]},
								"down": {"uv": [59, 32], "uv_size": [-10, -4]}
							}
						},
						{
							"origin": [-1.68459, 33.65057, 8.43307],
							"size": [0.91108, 2.27249, 0.91246],
							"inflate": -0.3,
							"uv": {
								"north": {"uv": [49, 28], "uv_size": [10, 4]},
								"east": {"uv": [49, 28], "uv_size": [10, 4]},
								"south": {"uv": [49, 28], "uv_size": [10, 4]},
								"west": {"uv": [49, 28], "uv_size": [10, 4]},
								"up": {"uv": [59, 32], "uv_size": [-10, -4]},
								"down": {"uv": [59, 32], "uv_size": [-10, -4]}
							}
						},
						{
							"origin": [0.67965, 33.71688, 8.43307],
							"size": [0.9733, 2.14396, 0.91246],
							"inflate": -0.3,
							"uv": {
								"north": {"uv": [49, 28], "uv_size": [10, 4]},
								"east": {"uv": [49, 28], "uv_size": [10, 4]},
								"south": {"uv": [49, 28], "uv_size": [10, 4]},
								"west": {"uv": [49, 28], "uv_size": [10, 4]},
								"up": {"uv": [59, 32], "uv_size": [-10, -4]},
								"down": {"uv": [59, 32], "uv_size": [-10, -4]}
							}
						},
						{
							"origin": [-1.18686, 35.50971, 8.43307],
							"size": [2.27986, 0.91108, 0.91246],
							"inflate": -0.3,
							"uv": {
								"north": {"uv": [49, 28], "uv_size": [10, 4]},
								"east": {"uv": [49, 28], "uv_size": [10, 4]},
								"south": {"uv": [49, 28], "uv_size": [10, 4]},
								"west": {"uv": [49, 28], "uv_size": [10, 4]},
								"up": {"uv": [59, 32], "uv_size": [-10, -4]},
								"down": {"uv": [59, 32], "uv_size": [-10, -4]}
							}
						},
						{
							"origin": [-17.77445, 40.67045, 9.77015],
							"size": [1.01166, 1.37529, 1.46733],
							"inflate": -0.3,
							"pivot": [-15.84839, 19.06323, 11.48693],
							"rotation": [0, 0, 45],
							"uv": {
								"north": {"uv": [49, 28], "uv_size": [10, 4]},
								"east": {"uv": [49, 28], "uv_size": [10, 4]},
								"south": {"uv": [49, 28], "uv_size": [10, 4]},
								"west": {"uv": [49, 28], "uv_size": [10, 4]},
								"up": {"uv": [59, 32], "uv_size": [-10, -4]},
								"down": {"uv": [59, 32], "uv_size": [-10, -4]}
							}
						},
						{
							"origin": [-17.77445, 27.52222, 9.77015],
							"size": [1.01166, 1.37529, 1.46733],
							"inflate": -0.3,
							"pivot": [-15.84839, 50.50473, 11.48693],
							"rotation": [0, 0, -45],
							"uv": {
								"north": {"uv": [49, 28], "uv_size": [10, 4]},
								"east": {"uv": [49, 28], "uv_size": [10, 4]},
								"south": {"uv": [49, 28], "uv_size": [10, 4]},
								"west": {"uv": [49, 28], "uv_size": [10, 4]},
								"up": {"uv": [59, 32], "uv_size": [-10, -4]},
								"down": {"uv": [59, 32], "uv_size": [-10, -4]}
							}
						},
						{
							"origin": [-1.80887, 33.55684, 9.77015],
							"size": [0.94305, 2.44435, 1.46733],
							"inflate": -0.3,
							"uv": {
								"north": {"uv": [49, 28], "uv_size": [10, 4]},
								"east": {"uv": [49, 28], "uv_size": [10, 4]},
								"south": {"uv": [49, 28], "uv_size": [10, 4]},
								"west": {"uv": [49, 28], "uv_size": [10, 4]},
								"up": {"uv": [59, 32], "uv_size": [-10, -4]},
								"down": {"uv": [59, 32], "uv_size": [-10, -4]}
							}
						},
						{
							"origin": [-1.25999, 33.01789, 9.77015],
							"size": [2.45247, 0.94305, 1.46733],
							"inflate": -0.3,
							"uv": {
								"north": {"uv": [49, 28], "uv_size": [10, 4]},
								"east": {"uv": [49, 28], "uv_size": [10, 4]},
								"south": {"uv": [49, 28], "uv_size": [10, 4]},
								"west": {"uv": [49, 28], "uv_size": [10, 4]},
								"up": {"uv": [59, 32], "uv_size": [-10, -4]},
								"down": {"uv": [59, 32], "uv_size": [-10, -4]}
							}
						},
						{
							"origin": [15.94058, 25.50508, 9.77015],
							"size": [1.01166, 1.47135, 1.46733],
							"inflate": -0.3,
							"pivot": [17.83919, 48.58365, 11.48693],
							"rotation": [0, 0, 45],
							"uv": {
								"north": {"uv": [49, 28], "uv_size": [10, 4]},
								"east": {"uv": [49, 28], "uv_size": [10, 4]},
								"south": {"uv": [49, 28], "uv_size": [10, 4]},
								"west": {"uv": [49, 28], "uv_size": [10, 4]},
								"up": {"uv": [59, 32], "uv_size": [-10, -4]},
								"down": {"uv": [59, 32], "uv_size": [-10, -4]}
							}
						},
						{
							"origin": [0.79832, 33.62996, 9.77015],
							"size": [1.01166, 2.30262, 1.46733],
							"inflate": -0.3,
							"uv": {
								"north": {"uv": [49, 28], "uv_size": [10, 4]},
								"east": {"uv": [49, 28], "uv_size": [10, 4]},
								"south": {"uv": [49, 28], "uv_size": [10, 4]},
								"west": {"uv": [49, 28], "uv_size": [10, 4]},
								"up": {"uv": [59, 32], "uv_size": [-10, -4]},
								"down": {"uv": [59, 32], "uv_size": [-10, -4]}
							}
						},
						{
							"origin": [-1.25999, 35.60702, 9.77015],
							"size": [2.45247, 0.94305, 1.46733],
							"inflate": -0.3,
							"uv": {
								"north": {"uv": [49, 28], "uv_size": [10, 4]},
								"east": {"uv": [49, 28], "uv_size": [10, 4]},
								"south": {"uv": [49, 28], "uv_size": [10, 4]},
								"west": {"uv": [49, 28], "uv_size": [10, 4]},
								"up": {"uv": [59, 32], "uv_size": [-10, -4]},
								"down": {"uv": [59, 32], "uv_size": [-10, -4]}
							}
						},
						{
							"origin": [15.94058, 42.59153, 9.77015],
							"size": [1.01166, 1.47135, 1.46733],
							"inflate": -0.3,
							"pivot": [17.83919, 20.98431, 11.48693],
							"rotation": [0, 0, -45],
							"uv": {
								"north": {"uv": [49, 28], "uv_size": [10, 4]},
								"east": {"uv": [49, 28], "uv_size": [10, 4]},
								"south": {"uv": [49, 28], "uv_size": [10, 4]},
								"west": {"uv": [49, 28], "uv_size": [10, 4]},
								"up": {"uv": [59, 32], "uv_size": [-10, -4]},
								"down": {"uv": [59, 32], "uv_size": [-10, -4]}
							}
						},
						{
							"origin": [-1.17, 33.5848, -10.95315],
							"size": [2.295, 2.4282, 0.83],
							"uv": {
								"north": {"uv": [49, 46], "uv_size": [3, 4]},
								"east": {"uv": [49, 46], "uv_size": [3, 4]},
								"south": {"uv": [49, 28], "uv_size": [10, 4]},
								"west": {"uv": [49, 46], "uv_size": [3, 4]},
								"up": {"uv": [52, 50], "uv_size": [-3, -4]},
								"down": {"uv": [52, 50], "uv_size": [-3, -4]}
							}
						},
						{
							"origin": [-17.77445, 40.67045, -11.32985],
							"size": [1.01166, 1.37529, 1.53],
							"inflate": -0.3,
							"pivot": [-15.84839, 19.06323, -9.61307],
							"rotation": [0, 0, 45],
							"uv": {
								"north": {"uv": [49, 28], "uv_size": [10, 4]},
								"east": {"uv": [49, 28], "uv_size": [10, 4]},
								"south": {"uv": [49, 28], "uv_size": [10, 4]},
								"west": {"uv": [49, 28], "uv_size": [10, 4]},
								"up": {"uv": [59, 32], "uv_size": [-10, -4]},
								"down": {"uv": [59, 32], "uv_size": [-10, -4]}
							}
						},
						{
							"origin": [-1.25999, 35.60702, -11.32985],
							"size": [2.45247, 0.94305, 1.53],
							"inflate": -0.3,
							"uv": {
								"north": {"uv": [49, 28], "uv_size": [10, 4]},
								"east": {"uv": [49, 28], "uv_size": [10, 4]},
								"south": {"uv": [49, 28], "uv_size": [10, 4]},
								"west": {"uv": [49, 28], "uv_size": [10, 4]},
								"up": {"uv": [59, 32], "uv_size": [-10, -4]},
								"down": {"uv": [59, 32], "uv_size": [-10, -4]}
							}
						},
						{
							"origin": [-1.80887, 33.55684, -11.32985],
							"size": [0.94305, 2.44435, 1.53],
							"inflate": -0.3,
							"uv": {
								"north": {"uv": [49, 28], "uv_size": [10, 4]},
								"east": {"uv": [49, 28], "uv_size": [10, 4]},
								"south": {"uv": [49, 28], "uv_size": [10, 4]},
								"west": {"uv": [49, 28], "uv_size": [10, 4]},
								"up": {"uv": [59, 32], "uv_size": [-10, -4]},
								"down": {"uv": [59, 32], "uv_size": [-10, -4]}
							}
						},
						{
							"origin": [-17.77445, 27.52222, -11.32985],
							"size": [1.01166, 1.37529, 1.53],
							"inflate": -0.3,
							"pivot": [-15.84839, 50.50473, -9.61307],
							"rotation": [0, 0, -45],
							"uv": {
								"north": {"uv": [49, 28], "uv_size": [10, 4]},
								"east": {"uv": [49, 28], "uv_size": [10, 4]},
								"south": {"uv": [49, 28], "uv_size": [10, 4]},
								"west": {"uv": [49, 28], "uv_size": [10, 4]},
								"up": {"uv": [59, 32], "uv_size": [-10, -4]},
								"down": {"uv": [59, 32], "uv_size": [-10, -4]}
							}
						},
						{
							"origin": [-1.25999, 33.01789, -11.32985],
							"size": [2.45247, 0.94305, 1.53],
							"inflate": -0.3,
							"uv": {
								"north": {"uv": [49, 28], "uv_size": [10, 4]},
								"east": {"uv": [49, 28], "uv_size": [10, 4]},
								"south": {"uv": [49, 28], "uv_size": [10, 4]},
								"west": {"uv": [49, 28], "uv_size": [10, 4]},
								"up": {"uv": [59, 32], "uv_size": [-10, -4]},
								"down": {"uv": [59, 32], "uv_size": [-10, -4]}
							}
						},
						{
							"origin": [15.94058, 25.50508, -11.32985],
							"size": [1.01166, 1.47135, 1.53],
							"inflate": -0.3,
							"pivot": [17.83919, 48.58365, -9.61307],
							"rotation": [0, 0, 45],
							"uv": {
								"north": {"uv": [49, 28], "uv_size": [10, 4]},
								"east": {"uv": [49, 28], "uv_size": [10, 4]},
								"south": {"uv": [49, 28], "uv_size": [10, 4]},
								"west": {"uv": [49, 28], "uv_size": [10, 4]},
								"up": {"uv": [59, 32], "uv_size": [-10, -4]},
								"down": {"uv": [59, 32], "uv_size": [-10, -4]}
							}
						},
						{
							"origin": [0.79832, 33.62996, -11.32985],
							"size": [1.01166, 2.30262, 1.53],
							"inflate": -0.3,
							"uv": {
								"north": {"uv": [49, 28], "uv_size": [10, 4]},
								"east": {"uv": [49, 28], "uv_size": [10, 4]},
								"south": {"uv": [49, 28], "uv_size": [10, 4]},
								"west": {"uv": [49, 28], "uv_size": [10, 4]},
								"up": {"uv": [59, 32], "uv_size": [-10, -4]},
								"down": {"uv": [59, 32], "uv_size": [-10, -4]}
							}
						},
						{
							"origin": [15.94058, 42.59153, -11.32985],
							"size": [1.01166, 1.47135, 1.53],
							"inflate": -0.3,
							"pivot": [17.83919, 20.98431, -9.61307],
							"rotation": [0, 0, -45],
							"uv": {
								"north": {"uv": [49, 28], "uv_size": [10, 4]},
								"east": {"uv": [49, 28], "uv_size": [10, 4]},
								"south": {"uv": [49, 28], "uv_size": [10, 4]},
								"west": {"uv": [49, 28], "uv_size": [10, 4]},
								"up": {"uv": [59, 32], "uv_size": [-10, -4]},
								"down": {"uv": [59, 32], "uv_size": [-10, -4]}
							}
						},
						{
							"origin": [-1.17, 33.5848, 10.5],
							"size": [2.295, 2.4282, 0],
							"uv": {
								"north": {"uv": [49, 46], "uv_size": [3, 4]},
								"east": {"uv": [49, 46], "uv_size": [3, 4]},
								"south": {"uv": [49, 46], "uv_size": [3, 4]},
								"west": {"uv": [49, 46], "uv_size": [3, 4]},
								"up": {"uv": [52, 50], "uv_size": [-3, -4]},
								"down": {"uv": [52, 50], "uv_size": [-3, -4]}
							}
						},
						{
							"origin": [-1.17, 33.5848, 6.575],
							"size": [2.295, 2.4282, 0],
							"uv": {
								"north": {"uv": [49, 28], "uv_size": [10, 4]},
								"east": {"uv": [49, 28], "uv_size": [10, 4]},
								"south": {"uv": [49, 28], "uv_size": [10, 4]},
								"west": {"uv": [49, 28], "uv_size": [10, 4]},
								"up": {"uv": [59, 32], "uv_size": [-10, -4]},
								"down": {"uv": [59, 32], "uv_size": [-10, -4]}
							}
						},
						{
							"origin": [-17.77445, 40.67045, 6.27015],
							"size": [1.01166, 1.37529, 1.73733],
							"inflate": -0.3,
							"pivot": [-15.84839, 19.06323, 6.90693],
							"rotation": [0, 0, 45],
							"uv": {
								"north": {"uv": [49, 28], "uv_size": [10, 4]},
								"east": {"uv": [49, 28], "uv_size": [10, 4]},
								"south": {"uv": [49, 28], "uv_size": [10, 4]},
								"west": {"uv": [49, 28], "uv_size": [10, 4]},
								"up": {"uv": [59, 32], "uv_size": [-10, -4]},
								"down": {"uv": [59, 32], "uv_size": [-10, -4]}
							}
						},
						{
							"origin": [-17.77445, 27.52222, 6.27015],
							"size": [1.01166, 1.37529, 1.73733],
							"inflate": -0.3,
							"pivot": [-15.84839, 50.50473, 6.90693],
							"rotation": [0, 0, -45],
							"uv": {
								"north": {"uv": [49, 28], "uv_size": [10, 4]},
								"east": {"uv": [49, 28], "uv_size": [10, 4]},
								"south": {"uv": [49, 28], "uv_size": [10, 4]},
								"west": {"uv": [49, 28], "uv_size": [10, 4]},
								"up": {"uv": [59, 32], "uv_size": [-10, -4]},
								"down": {"uv": [59, 32], "uv_size": [-10, -4]}
							}
						},
						{
							"origin": [-1.80887, 33.55684, 6.27015],
							"size": [0.94305, 2.44435, 1.73733],
							"inflate": -0.3,
							"uv": {
								"north": {"uv": [49, 28], "uv_size": [10, 4]},
								"east": {"uv": [49, 28], "uv_size": [10, 4]},
								"south": {"uv": [49, 28], "uv_size": [10, 4]},
								"west": {"uv": [49, 28], "uv_size": [10, 4]},
								"up": {"uv": [59, 32], "uv_size": [-10, -4]},
								"down": {"uv": [59, 32], "uv_size": [-10, -4]}
							}
						},
						{
							"origin": [-1.25999, 33.01789, 6.27015],
							"size": [2.45247, 0.94305, 1.73733],
							"inflate": -0.3,
							"uv": {
								"north": {"uv": [49, 28], "uv_size": [10, 4]},
								"east": {"uv": [49, 28], "uv_size": [10, 4]},
								"south": {"uv": [49, 28], "uv_size": [10, 4]},
								"west": {"uv": [49, 28], "uv_size": [10, 4]},
								"up": {"uv": [59, 32], "uv_size": [-10, -4]},
								"down": {"uv": [59, 32], "uv_size": [-10, -4]}
							}
						},
						{
							"origin": [15.94058, 25.50508, 6.27015],
							"size": [1.01166, 1.47135, 1.73733],
							"inflate": -0.3,
							"pivot": [17.83919, 48.58365, 6.90693],
							"rotation": [0, 0, 45],
							"uv": {
								"north": {"uv": [49, 28], "uv_size": [10, 4]},
								"east": {"uv": [49, 28], "uv_size": [10, 4]},
								"south": {"uv": [49, 28], "uv_size": [10, 4]},
								"west": {"uv": [49, 28], "uv_size": [10, 4]},
								"up": {"uv": [59, 32], "uv_size": [-10, -4]},
								"down": {"uv": [59, 32], "uv_size": [-10, -4]}
							}
						},
						{
							"origin": [0.79832, 33.62996, 6.27015],
							"size": [1.01166, 2.30262, 1.73733],
							"inflate": -0.3,
							"uv": {
								"north": {"uv": [49, 28], "uv_size": [10, 4]},
								"east": {"uv": [49, 28], "uv_size": [10, 4]},
								"south": {"uv": [49, 28], "uv_size": [10, 4]},
								"west": {"uv": [49, 28], "uv_size": [10, 4]},
								"up": {"uv": [59, 32], "uv_size": [-10, -4]},
								"down": {"uv": [59, 32], "uv_size": [-10, -4]}
							}
						},
						{
							"origin": [-1.25999, 35.60702, 6.27015],
							"size": [2.45247, 0.94305, 1.73733],
							"inflate": -0.3,
							"uv": {
								"north": {"uv": [49, 28], "uv_size": [10, 4]},
								"east": {"uv": [49, 28], "uv_size": [10, 4]},
								"south": {"uv": [49, 28], "uv_size": [10, 4]},
								"west": {"uv": [49, 28], "uv_size": [10, 4]},
								"up": {"uv": [59, 32], "uv_size": [-10, -4]},
								"down": {"uv": [59, 32], "uv_size": [-10, -4]}
							}
						},
						{
							"origin": [15.94058, 42.59153, 6.27015],
							"size": [1.01166, 1.47135, 1.73733],
							"inflate": -0.3,
							"pivot": [17.83919, 20.98431, 6.90693],
							"rotation": [0, 0, -45],
							"uv": {
								"north": {"uv": [49, 28], "uv_size": [10, 4]},
								"east": {"uv": [49, 28], "uv_size": [10, 4]},
								"south": {"uv": [49, 28], "uv_size": [10, 4]},
								"west": {"uv": [49, 28], "uv_size": [10, 4]},
								"up": {"uv": [59, 32], "uv_size": [-10, -4]},
								"down": {"uv": [59, 32], "uv_size": [-10, -4]}
							}
						},
						{
							"origin": [-1.17, 33.5848, 7.39185],
							"size": [2.295, 2.4282, 0],
							"uv": {
								"north": {"uv": [45, 47], "uv_size": [3, 4]},
								"east": {"uv": [45, 47], "uv_size": [3, 4]},
								"south": {"uv": [45, 47], "uv_size": [3, 4]},
								"west": {"uv": [45, 47], "uv_size": [3, 4]},
								"up": {"uv": [48, 51], "uv_size": [-3, -4]},
								"down": {"uv": [48, 51], "uv_size": [-3, -4]}
							}
						}
					]
				},
				{
					"name": "scopepip",
					"parent": "main",
					"pivot": [0.28, 36.14, 2.73],
					"cubes": [
						{
							"origin": [-1.17, 33.5848, 10.56],
							"size": [2.295, 2.4282, 0],
							"uv": {
								"north": {"uv": [49, 46], "uv_size": [3, 4]},
								"east": {"uv": [49, 46], "uv_size": [3, 4]},
								"south": {"uv": [49, 46], "uv_size": [3, 4]},
								"west": {"uv": [49, 46], "uv_size": [3, 4]},
								"up": {"uv": [52, 50], "uv_size": [-3, -4]},
								"down": {"uv": [52, 50], "uv_size": [-3, -4]}
							}
						}
					]
				},
				{
					"name": "scope",
					"parent": "main",
					"pivot": [-0.04, 35.78, 14.39],
					"cubes": [
						{
							"origin": [-0.52, 34.3, 14.21],
							"size": [0.96, 0.96, 0.96],
							"inflate": -0.4,
							"uv": {
								"north": {"uv": [56, 113], "uv_size": [-1, 1]},
								"east": {"uv": [56, 113], "uv_size": [-1, 1]},
								"south": {"uv": [56, 113], "uv_size": [-1, 1]},
								"west": {"uv": [56, 113], "uv_size": [-1, 1]},
								"up": {"uv": [55, 114], "uv_size": [1, -1]},
								"down": {"uv": [55, 114], "uv_size": [1, -1]}
							}
						}
					]
				},
				{
					"name": "_ca_scope",
					"parent": "main",
					"pivot": [0.1, 29.95, 2.15],
					"cubes": [
						{
							"origin": [-0.42, 29.45, -2.2],
							"size": [1, 1, 1],
							"uv": {
								"north": {"uv": [104, 34], "uv_size": [1, 1]},
								"east": {"uv": [104, 34], "uv_size": [1, 1]},
								"south": {"uv": [104, 34], "uv_size": [1, 1]},
								"west": {"uv": [104, 34], "uv_size": [1, 1]},
								"up": {"uv": [105, 35], "uv_size": [-1, -1]},
								"down": {"uv": [105, 35], "uv_size": [-1, -1]}
							}
						}
					]
				}
			]
		}
	]
}