{
	"format_version": "1.12.0",
	"minecraft:geometry": [
		{
			"description": {
				"identifier": "geometry.unknown",
				"texture_width": 128,
				"texture_height": 128,
				"visible_bounds_width": 8,
				"visible_bounds_height": 4,
				"visible_bounds_offset": [0, 1, 0]
			},
			"bones": [
				{
					"name": "main",
					"pivot": [0, 20, 0]
				},
				{
					"name": "gun",
					"parent": "main",
					"pivot": [1, 11, -1]
				},
				{
					"name": "carryhandle",
					"parent": "gun",
					"pivot": [-0.8, 28.1, 5.9],
					"rotation": [-6, 0, 0],
					"cubes": [
						{
							"origin": [-0.9, 26.2, 3],
							"size": [1.8, 1.9, 2.9],
							"inflate": -0.002,
							"pivot": [0, 28.1, 5.9],
							"rotation": [-59, 0, 0],
							"uv": {
								"north": {"uv": [63, 37], "uv_size": [1.5, 1.5]},
								"east": {"uv": [63, 37], "uv_size": [1.5, 1.5]},
								"south": {"uv": [63, 37], "uv_size": [1.5, 1.5]},
								"west": {"uv": [63, 37], "uv_size": [1.5, 1.5]},
								"up": {"uv": [69, 39], "uv_size": [-2, -2]},
								"down": {"uv": [64.5, 38.5], "uv_size": [-1.5, -1.5]}
							}
						},
						{
							"origin": [-0.9, 26.1, -3.6],
							"size": [1.8, 6.3, 2.7],
							"inflate": -0.002,
							"pivot": [0, 27.1, -0.7],
							"rotation": [-84, 0, 0],
							"uv": {
								"north": {"uv": [63, 37], "uv_size": [1.5, 1.5]},
								"east": {"uv": [67, 37], "uv_size": [3, 3]},
								"south": {"uv": [63, 37], "uv_size": [1.5, 1.5]},
								"west": {"uv": [67, 37], "uv_size": [3, 3]},
								"up": {"uv": [64.5, 38.5], "uv_size": [-1.5, -1.5]},
								"down": {"uv": [64.5, 38.5], "uv_size": [-1.5, -1.5]}
							}
						},
						{
							"origin": [-0.9, 28.54435, -2.32997],
							"size": [1.8, 1, 1.1],
							"inflate": -0.002,
							"pivot": [-0.8, 29, -1.8],
							"rotation": [-45, 0, 0],
							"uv": {
								"north": {"uv": [63, 37], "uv_size": [1.5, 1.5]},
								"east": {"uv": [63, 37], "uv_size": [1.5, 1.5]},
								"south": {"uv": [63, 37], "uv_size": [1.5, 1.5]},
								"west": {"uv": [63, 37], "uv_size": [1.5, 1.5]},
								"up": {"uv": [64.5, 38.5], "uv_size": [-1.5, -1.5]},
								"down": {"uv": [64.5, 38.5], "uv_size": [-1.5, -1.5]}
							}
						},
						{
							"origin": [-0.9, 26.64435, -2.22997],
							"size": [1.8, 1.1, 1],
							"inflate": -0.002,
							"pivot": [-0.8, 27.2, -1.8],
							"rotation": [-45, 0, 0],
							"uv": {
								"north": {"uv": [63, 37], "uv_size": [1.5, 1.5]},
								"east": {"uv": [63, 37], "uv_size": [1.5, 1.5]},
								"south": {"uv": [63, 37], "uv_size": [1.5, 1.5]},
								"west": {"uv": [63, 37], "uv_size": [1.5, 1.5]},
								"up": {"uv": [64.5, 38.5], "uv_size": [-1.5, -1.5]},
								"down": {"uv": [64.5, 38.5], "uv_size": [-1.5, -1.5]}
							}
						},
						{
							"origin": [-0.9, 25.24435, -17.32997],
							"size": [1.8, 0.9, 1.1],
							"inflate": -0.002,
							"pivot": [-0.8, 25.8, -16.8],
							"rotation": [-45, 0, 0],
							"uv": {
								"north": {"uv": [63, 37], "uv_size": [1.5, 1.5]},
								"east": {"uv": [63, 37], "uv_size": [1.5, 1.5]},
								"south": {"uv": [63, 37], "uv_size": [1.5, 1.5]},
								"west": {"uv": [63, 37], "uv_size": [1.5, 1.5]},
								"up": {"uv": [64.5, 38.5], "uv_size": [-1.5, -1.5]},
								"down": {"uv": [64.5, 38.5], "uv_size": [-1.5, -1.5]}
							}
						},
						{
							"origin": [-0.9, 27.04435, -16.72997],
							"size": [1.8, 0.9, 0.6],
							"inflate": -0.002,
							"pivot": [-0.8, 27.7, -16.8],
							"rotation": [-45, 0, 0],
							"uv": {
								"north": {"uv": [63, 37], "uv_size": [1.5, 1.5]},
								"east": {"uv": [63, 37], "uv_size": [1.5, 1.5]},
								"south": {"uv": [63, 37], "uv_size": [1.5, 1.5]},
								"west": {"uv": [63, 37], "uv_size": [1.5, 1.5]},
								"up": {"uv": [64.5, 38.5], "uv_size": [-1.5, -1.5]},
								"down": {"uv": [64.5, 38.5], "uv_size": [-1.5, -1.5]}
							}
						},
						{
							"origin": [-0.9, 11.4, -3.8],
							"size": [1.8, 15.1, 0.9],
							"inflate": -0.002,
							"pivot": [0, 27.1, -1.1],
							"rotation": [-84, 0, 0],
							"uv": {
								"north": {"uv": [63, 37], "uv_size": [1.5, 1.5]},
								"east": {"uv": [63, 37], "uv_size": [3, 2]},
								"south": {"uv": [63, 37], "uv_size": [1.5, 1.5]},
								"west": {"uv": [63, 37], "uv_size": [3, 2]},
								"up": {"uv": [64.5, 38.5], "uv_size": [-1.5, -1.5]},
								"down": {"uv": [64.5, 38.5], "uv_size": [-1.5, -1.5]}
							}
						},
						{
							"origin": [-0.9, 26.8, 1.2],
							"size": [0.3, 1, 1.7],
							"inflate": -0.002,
							"pivot": [0, 27.8, 6.1],
							"rotation": [-59, 0, 0],
							"uv": {
								"north": {"uv": [63, 37], "uv_size": [1.5, 1.5]},
								"east": {"uv": [63, 37], "uv_size": [1.5, 1.5]},
								"south": {"uv": [63, 37], "uv_size": [1.5, 1.5]},
								"west": {"uv": [63, 37], "uv_size": [1.5, 1.5]},
								"up": {"uv": [64.5, 38.5], "uv_size": [-1.5, -1.5]},
								"down": {"uv": [64.5, 38.5], "uv_size": [-1.5, -1.5]}
							}
						},
						{
							"origin": [0.6, 26.8, 1.2],
							"size": [0.3, 1, 1.7],
							"inflate": -0.002,
							"pivot": [1.3, 27.8, 6.1],
							"rotation": [-59, 0, 0],
							"uv": {
								"north": {"uv": [63, 37], "uv_size": [1.5, 1.5]},
								"east": {"uv": [63, 37], "uv_size": [1.5, 1.5]},
								"south": {"uv": [63, 37], "uv_size": [1.5, 1.5]},
								"west": {"uv": [63, 37], "uv_size": [1.5, 1.5]},
								"up": {"uv": [64.5, 38.5], "uv_size": [-1.5, -1.5]},
								"down": {"uv": [64.5, 38.5], "uv_size": [-1.5, -1.5]}
							}
						},
						{
							"origin": [-0.9, 30.09, 2.59],
							"size": [0.3, 1.9, 1],
							"inflate": -0.002,
							"uv": {
								"north": {"uv": [63, 37], "uv_size": [1.5, 1.5]},
								"east": {"uv": [63, 37], "uv_size": [1.5, 1.5]},
								"south": {"uv": [63, 37], "uv_size": [1.5, 1.5]},
								"west": {"uv": [63, 37], "uv_size": [1.5, 1.5]},
								"up": {"uv": [64.5, 38.5], "uv_size": [-1.5, -1.5]},
								"down": {"uv": [64.5, 38.5], "uv_size": [-1.5, -1.5]}
							}
						},
						{
							"origin": [0.6, 30.09, 2.59],
							"size": [0.3, 1.9, 1],
							"inflate": -0.002,
							"uv": {
								"north": {"uv": [63, 37], "uv_size": [1.5, 1.5]},
								"east": {"uv": [63, 37], "uv_size": [1.5, 1.5]},
								"south": {"uv": [63, 37], "uv_size": [1.5, 1.5]},
								"west": {"uv": [63, 37], "uv_size": [1.5, 1.5]},
								"up": {"uv": [64.5, 38.5], "uv_size": [-1.5, -1.5]},
								"down": {"uv": [64.5, 38.5], "uv_size": [-1.5, -1.5]}
							}
						},
						{
							"origin": [-0.9, 30.49, -17.71],
							"size": [0.3, 1.5, 20.3],
							"inflate": -0.002,
							"pivot": [-0.7, 32, 2.6],
							"rotation": [9.5, 0, 0],
							"uv": {
								"north": {"uv": [63, 37], "uv_size": [1.5, 1.5]},
								"east": {"uv": [63, 37], "uv_size": [11, 2]},
								"south": {"uv": [63, 37], "uv_size": [1.5, 1.5]},
								"west": {"uv": [63, 37], "uv_size": [1.5, 1.5]},
								"up": {"uv": [64.5, 38.5], "uv_size": [-1.5, -1.5]},
								"down": {"uv": [64.5, 38.5], "uv_size": [-1.5, -1.5]}
							}
						},
						{
							"origin": [-0.9, 30.29, -3.71],
							"size": [0.3, 0.6, 6.1],
							"inflate": -0.002,
							"pivot": [-0.7, 32.3, 2.4],
							"rotation": [9.5, 0, 0],
							"uv": {
								"north": {"uv": [63, 37], "uv_size": [1.5, 1.5]},
								"east": {"uv": [63, 37], "uv_size": [1.5, 1.5]},
								"south": {"uv": [63, 37], "uv_size": [1.5, 1.5]},
								"west": {"uv": [63, 37], "uv_size": [1.5, 1.5]},
								"up": {"uv": [64.5, 38.5], "uv_size": [-1.5, -1.5]},
								"down": {"uv": [64.5, 38.5], "uv_size": [-1.5, -1.5]}
							}
						},
						{
							"origin": [0.6, 30.29, -3.71],
							"size": [0.3, 0.6, 6.1],
							"inflate": -0.002,
							"pivot": [0.6, 32.3, 2.4],
							"rotation": [9.5, 0, 0],
							"uv": {
								"north": {"uv": [63, 37], "uv_size": [1.5, 1.5]},
								"east": {"uv": [63, 37], "uv_size": [1.5, 1.5]},
								"south": {"uv": [63, 37], "uv_size": [1.5, 1.5]},
								"west": {"uv": [63, 37], "uv_size": [1.5, 1.5]},
								"up": {"uv": [64.5, 38.5], "uv_size": [-1.5, -1.5]},
								"down": {"uv": [64.5, 38.5], "uv_size": [-1.5, -1.5]}
							}
						},
						{
							"origin": [0.6, 30.49, -17.71],
							"size": [0.3, 1.5, 20.3],
							"inflate": -0.002,
							"pivot": [0.6, 32, 2.6],
							"rotation": [9.5, 0, 0],
							"uv": {
								"north": {"uv": [63, 37], "uv_size": [1.5, 1.5]},
								"east": {"uv": [63, 37], "uv_size": [1.5, 1.5]},
								"south": {"uv": [63, 37], "uv_size": [1.5, 1.5]},
								"west": {"uv": [63, 37], "uv_size": [11, 2]},
								"up": {"uv": [64.5, 38.5], "uv_size": [-1.5, -1.5]},
								"down": {"uv": [64.5, 38.5], "uv_size": [-1.5, -1.5]}
							}
						},
						{
							"origin": [-0.9, 25.69397, -18.17127],
							"size": [1.8, 2.1, 1.2],
							"inflate": -0.002,
							"pivot": [-0.7, 28.6, -17.1],
							"rotation": [6, 0, 0],
							"uv": {
								"north": {"uv": [63, 37], "uv_size": [1.5, 1.5]},
								"east": {"uv": [63, 37], "uv_size": [1.5, 1.5]},
								"south": {"uv": [63, 37], "uv_size": [1.5, 1.5]},
								"west": {"uv": [63, 37], "uv_size": [1.5, 1.5]},
								"up": {"uv": [64.5, 38.5], "uv_size": [-1.5, -1.5]},
								"down": {"uv": [64.5, 38.5], "uv_size": [-1.5, -1.5]}
							}
						},
						{
							"origin": [0.6, 27.6, -17.8],
							"size": [0.3, 1.15, 0.7],
							"inflate": -0.002,
							"pivot": [0.8, 28.1, -17.8],
							"rotation": [-34, 0, 0],
							"uv": {
								"north": {"uv": [63, 37], "uv_size": [1.5, 1.5]},
								"east": {"uv": [63, 37], "uv_size": [1.5, 1.5]},
								"south": {"uv": [63, 37], "uv_size": [1.5, 1.5]},
								"west": {"uv": [63, 37], "uv_size": [1.5, 1.5]},
								"up": {"uv": [64.5, 38.5], "uv_size": [-1.5, -1.5]},
								"down": {"uv": [64.5, 38.5], "uv_size": [-1.5, -1.5]}
							}
						},
						{
							"origin": [-0.9, 27.6, -17.8],
							"size": [0.3, 1.15, 0.7],
							"inflate": -0.002,
							"pivot": [-0.5, 28.1, -17.8],
							"rotation": [-34, 0, 0],
							"uv": {
								"north": {"uv": [63, 37], "uv_size": [1.5, 1.5]},
								"east": {"uv": [63, 37], "uv_size": [1.5, 1.5]},
								"south": {"uv": [63, 37], "uv_size": [1.5, 1.5]},
								"west": {"uv": [63, 37], "uv_size": [1.5, 1.5]},
								"up": {"uv": [64.5, 38.5], "uv_size": [-1.5, -1.5]},
								"down": {"uv": [64.5, 38.5], "uv_size": [-1.5, -1.5]}
							}
						},
						{
							"origin": [0.325, 30.6, 3.3],
							"size": [0.1, 0.6, 0.3],
							"inflate": 0.001,
							"uv": {
								"north": {"uv": [63, 37], "uv_size": [1.5, 1.5]},
								"east": {"uv": [63, 37], "uv_size": [1.5, 1.5]},
								"south": {"uv": [63, 37], "uv_size": [1.5, 1.5]},
								"west": {"uv": [63, 37], "uv_size": [1.5, 1.5]},
								"up": {"uv": [64.5, 38.5], "uv_size": [-1.5, -1.5]},
								"down": {"uv": [64.5, 38.5], "uv_size": [-1.5, -1.5]}
							}
						},
						{
							"origin": [-0.325, 30.3, 3.3],
							"size": [0.75, 0.3, 0.3],
							"inflate": 0.001,
							"uv": {
								"north": {"uv": [63, 37], "uv_size": [1.5, 1.5]},
								"east": {"uv": [63, 37], "uv_size": [1.5, 1.5]},
								"south": {"uv": [63, 37], "uv_size": [1.5, 1.5]},
								"west": {"uv": [63, 37], "uv_size": [1.5, 1.5]},
								"up": {"uv": [64.5, 38.5], "uv_size": [-1.5, -1.5]},
								"down": {"uv": [64.5, 38.5], "uv_size": [-1.5, -1.5]}
							}
						},
						{
							"origin": [-0.325, 30.6, 3.3],
							"size": [0.1, 0.6, 0.3],
							"inflate": 0.001,
							"uv": {
								"north": {"uv": [63, 37], "uv_size": [1.5, 1.5]},
								"east": {"uv": [63, 37], "uv_size": [1.5, 1.5]},
								"south": {"uv": [63, 37], "uv_size": [1.5, 1.5]},
								"west": {"uv": [63, 37], "uv_size": [1.5, 1.5]},
								"up": {"uv": [64.5, 38.5], "uv_size": [-1.5, -1.5]},
								"down": {"uv": [64.5, 38.5], "uv_size": [-1.5, -1.5]}
							}
						},
						{
							"origin": [-0.325, 31.2, 3.3],
							"size": [0.75, 0.1, 0.3],
							"inflate": 0.001,
							"uv": {
								"north": {"uv": [63, 37], "uv_size": [1.5, 1.5]},
								"east": {"uv": [63, 37], "uv_size": [1.5, 1.5]},
								"south": {"uv": [63, 37], "uv_size": [1.5, 1.5]},
								"west": {"uv": [63, 37], "uv_size": [1.5, 1.5]},
								"up": {"uv": [64.5, 38.5], "uv_size": [-1.5, -1.5]},
								"down": {"uv": [64.5, 38.5], "uv_size": [-1.5, -1.5]}
							}
						}
					]
				},
				{
					"name": "_ca_scope",
					"parent": "main",
					"pivot": [0.1, 28.65, -3.25],
					"cubes": [
						{"origin": [-0.45, 28.15, -7.6], "size": [1, 1, 1], "uv": [198, 208]}
					]
				}
			]
		}
	]
}