{
	"format_version": "1.12.0",
	"minecraft:geometry": [
		{
			"description": {
				"identifier": "geometry.acm556.geo",
				"texture_width": 256,
				"texture_height": 256,
				"visible_bounds_width": 9,
				"visible_bounds_height": 4,
				"visible_bounds_offset": [0, 1, 0]
			},
			"bones": [
				{
					"name": "main",
					"pivot": [0, 20, 0]
				},
				{
					"name": "gun",
					"parent": "main",
					"pivot": [1, 11, -1]
				},
				{
					"name": "barrel",
					"parent": "gun",
					"pivot": [0.1, 23.7, -79.55],
					"cubes": [
						{
							"origin": [-0.9, 22.7, -53.45],
							"size": [2, 2, 36.2],
							"inflate": -0.3,
							"pivot": [0.1, 23.7, -48.75],
							"rotation": [0, 0, -20],
							"uv": {
								"north": {"uv": [122, 95], "uv_size": [3, 3]},
								"east": {"uv": [122, 95], "uv_size": [3, 3]},
								"south": {"uv": [122, 95], "uv_size": [3, 3]},
								"west": {"uv": [122, 95], "uv_size": [3, 3]},
								"up": {"uv": [125, 98], "uv_size": [-3, -3]},
								"down": {"uv": [125, 98], "uv_size": [-3, -3]}
							}
						}
					]
				},
				{
					"name": "muzzledef",
					"parent": "barrel",
					"pivot": [0.1, 23.7, -79.85],
					"cubes": [
						{
							"origin": [-1, 22.6, -55.85],
							"size": [2.2, 2.2, 3],
							"inflate": -0.3,
							"pivot": [0.1, 23.7, -59.65],
							"rotation": [0, 0, -20],
							"uv": {
								"north": {"uv": [77, 54], "uv_size": [5, 8]},
								"east": {"uv": [77, 54], "uv_size": [5, 8]},
								"south": {"uv": [77, 54], "uv_size": [5, 8]},
								"west": {"uv": [77, 54], "uv_size": [5, 8]},
								"up": {"uv": [82, 62], "uv_size": [-5, -8]},
								"down": {"uv": [82, 62], "uv_size": [-5, -8]}
							}
						},
						{
							"origin": [0.3, 23.7, -58.25],
							"size": [0.9, 1.1, 3],
							"inflate": -0.3,
							"pivot": [0.1, 23.7, -62.05],
							"rotation": [0, 0, -20],
							"uv": {
								"north": {"uv": [77, 54], "uv_size": [5, 8]},
								"east": {"uv": [77, 54], "uv_size": [5, 8]},
								"south": {"uv": [77, 54], "uv_size": [5, 8]},
								"west": {"uv": [77, 54], "uv_size": [5, 8]},
								"up": {"uv": [82, 62], "uv_size": [-5, -8]},
								"down": {"uv": [82, 62], "uv_size": [-5, -8]}
							}
						},
						{
							"origin": [0.3, 22.6, -58.25],
							"size": [0.9, 1.1, 3],
							"inflate": -0.3,
							"pivot": [0.1, 23.7, -62.05],
							"rotation": [0, 0, -20],
							"uv": {
								"north": {"uv": [77, 54], "uv_size": [5, 8]},
								"east": {"uv": [77, 54], "uv_size": [5, 8]},
								"south": {"uv": [77, 54], "uv_size": [5, 8]},
								"west": {"uv": [77, 54], "uv_size": [5, 8]},
								"up": {"uv": [82, 62], "uv_size": [-5, -8]},
								"down": {"uv": [82, 62], "uv_size": [-5, -8]}
							}
						},
						{
							"origin": [-1, 23.7, -58.25],
							"size": [0.9, 1.1, 3],
							"inflate": -0.3,
							"pivot": [0.1, 23.7, -62.05],
							"rotation": [0, 0, -20],
							"uv": {
								"north": {"uv": [77, 54], "uv_size": [5, 8]},
								"east": {"uv": [77, 54], "uv_size": [5, 8]},
								"south": {"uv": [77, 54], "uv_size": [5, 8]},
								"west": {"uv": [77, 54], "uv_size": [5, 8]},
								"up": {"uv": [82, 62], "uv_size": [-5, -8]},
								"down": {"uv": [82, 62], "uv_size": [-5, -8]}
							}
						},
						{
							"origin": [-1, 22.6, -58.25],
							"size": [0.9, 1.1, 3],
							"inflate": -0.3,
							"pivot": [0.1, 23.7, -62.05],
							"rotation": [0, 0, -20],
							"uv": {
								"north": {"uv": [77, 54], "uv_size": [5, 8]},
								"east": {"uv": [77, 54], "uv_size": [5, 8]},
								"south": {"uv": [77, 54], "uv_size": [5, 8]},
								"west": {"uv": [77, 54], "uv_size": [5, 8]},
								"up": {"uv": [82, 62], "uv_size": [-5, -8]},
								"down": {"uv": [82, 62], "uv_size": [-5, -8]}
							}
						},
						{
							"origin": [0.3, 22.6, -58.55],
							"size": [0.9, 2.2, 1],
							"inflate": -0.3,
							"pivot": [0.1, 23.7, -62.35],
							"rotation": [0, 0, -20],
							"uv": {
								"north": {"uv": [77, 54], "uv_size": [5, 8]},
								"east": {"uv": [77, 54], "uv_size": [5, 8]},
								"south": {"uv": [77, 54], "uv_size": [5, 8]},
								"west": {"uv": [77, 54], "uv_size": [5, 8]},
								"up": {"uv": [82, 62], "uv_size": [-5, -8]},
								"down": {"uv": [82, 62], "uv_size": [-5, -8]}
							}
						},
						{
							"origin": [-0.7, 22.6, -58.55],
							"size": [1.6, 0.9, 1],
							"inflate": -0.3,
							"pivot": [0.1, 23.7, -62.35],
							"rotation": [0, 0, -20],
							"uv": {
								"north": {"uv": [77, 54], "uv_size": [5, 8]},
								"east": {"uv": [77, 54], "uv_size": [5, 8]},
								"south": {"uv": [77, 54], "uv_size": [5, 8]},
								"west": {"uv": [77, 54], "uv_size": [5, 8]},
								"up": {"uv": [82, 62], "uv_size": [-5, -8]},
								"down": {"uv": [82, 62], "uv_size": [-5, -8]}
							}
						},
						{
							"origin": [-1, 22.6, -58.55],
							"size": [0.9, 2.2, 1],
							"inflate": -0.3,
							"pivot": [0.1, 23.7, -62.35],
							"rotation": [0, 0, -20],
							"uv": {
								"north": {"uv": [77, 54], "uv_size": [5, 8]},
								"east": {"uv": [77, 54], "uv_size": [5, 8]},
								"south": {"uv": [77, 54], "uv_size": [5, 8]},
								"west": {"uv": [77, 54], "uv_size": [5, 8]},
								"up": {"uv": [82, 62], "uv_size": [-5, -8]},
								"down": {"uv": [82, 62], "uv_size": [-5, -8]}
							}
						},
						{
							"origin": [-0.7, 23.9, -58.55],
							"size": [1.6, 0.9, 1],
							"inflate": -0.3,
							"pivot": [0.1, 23.7, -62.35],
							"rotation": [0, 0, -20],
							"uv": {
								"north": {"uv": [77, 54], "uv_size": [5, 8]},
								"east": {"uv": [77, 54], "uv_size": [5, 8]},
								"south": {"uv": [77, 54], "uv_size": [5, 8]},
								"west": {"uv": [77, 54], "uv_size": [5, 8]},
								"up": {"uv": [82, 62], "uv_size": [-5, -8]},
								"down": {"uv": [82, 62], "uv_size": [-5, -8]}
							}
						}
					]
				},
				{
					"name": "muzzleflash",
					"parent": "main",
					"pivot": [0.1, 23.75, -69.15],
					"cubes": [
						{
							"origin": [-0.4, 23.25, -51.95],
							"size": [1, 1, 1],
							"inflate": -0.4,
							"uv": {
								"north": {"uv": [153, 101], "uv_size": [1, 1]},
								"east": {"uv": [102, 153], "uv_size": [1, 1]},
								"south": {"uv": [153, 102], "uv_size": [1, 1]},
								"west": {"uv": [103, 153], "uv_size": [1, 1]},
								"up": {"uv": [153, 103], "uv_size": [1, 1]},
								"down": {"uv": [104, 154], "uv_size": [1, -1]}
							}
						}
					]
				},
				{
					"name": "_cb_suppressor",
					"parent": "main",
					"pivot": [0.1, 23.75, -76.625],
					"cubes": [
						{"origin": [-0.4, 23.25, -54.125], "size": [1, 1, 1], "uv": [27, 69]}
					]
				},
				{
					"name": "_ca_barrel",
					"parent": "main",
					"pivot": [-0.2, 21.55, -26.225],
					"cubes": [
						{"origin": [-0.4, 23.25, -19.225], "size": [1, 1, 1], "uv": [27, 69]}
					]
				}
			]
		}
	]
}