{
	"format_version": "1.12.0",
	"minecraft:geometry": [
		{
			"description": {
				"identifier": "geometry.unknown",
				"texture_width": 128,
				"texture_height": 128,
				"visible_bounds_width": 9,
				"visible_bounds_height": 5,
				"visible_bounds_offset": [0, 0.5, 0]
			},
			"bones": [
				{
					"name": "main",
					"pivot": [0, 20, 0]
				},
				{
					"name": "gun",
					"parent": "main",
					"pivot": [1, 11, -1]
				},
				{
					"name": "stock",
					"parent": "gun",
					"pivot": [0.65, 8, 23.4],
					"cubes": [
						{
							"origin": [-2.72, 19.71, 12.665],
							"size": [2.91, 2.14, 16.99],
							"inflate": -0.3,
							"pivot": [-0.88, 21.77, -6.175],
							"rotation": [0, 0, -36],
							"uv": {
								"north": {"uv": [60, 69], "uv_size": [-3, -16]},
								"east": {"uv": [60, 69], "uv_size": [-3, -16]},
								"south": {"uv": [60, 69], "uv_size": [-3, -16]},
								"west": {"uv": [60, 69], "uv_size": [-3, -16]},
								"up": {"uv": [57, 53], "uv_size": [3, 16]},
								"down": {"uv": [57, 53], "uv_size": [3, 16]}
							}
						},
						{
							"origin": [-1.07, 19.93, 12.61],
							"size": [3.02, 3.02, 17.1],
							"inflate": -0.3,
							"pivot": [0.99, 21.88, -6.175],
							"rotation": [0, 0, 36],
							"uv": {
								"north": {"uv": [60, 69], "uv_size": [-3, -16]},
								"east": {"uv": [60, 69], "uv_size": [-3, -16]},
								"south": {"uv": [60, 69], "uv_size": [-3, -16]},
								"west": {"uv": [60, 69], "uv_size": [-3, -16]},
								"up": {"uv": [57, 53], "uv_size": [3, 16]},
								"down": {"uv": [57, 53], "uv_size": [3, 16]}
							}
						},
						{
							"origin": [-1.32, 19.46, 13.13],
							"size": [2.64, 2.86, 16.28],
							"uv": {
								"north": {"uv": [60, 69], "uv_size": [-3, -16]},
								"east": {"uv": [60, 69], "uv_size": [-3, -16]},
								"south": {"uv": [60, 69], "uv_size": [-3, -16]},
								"west": {"uv": [60, 69], "uv_size": [-3, -16]},
								"up": {"uv": [57, 53], "uv_size": [3, 16]},
								"down": {"uv": [57, 53], "uv_size": [3, 16]}
							}
						},
						{
							"origin": [-2.09, 8.46, 29.41],
							"size": [4.18, 15.07, 2.86],
							"uv": {
								"north": {"uv": [43, 29], "uv_size": [14, 5]},
								"east": {"uv": [43, 29], "uv_size": [14, 5]},
								"south": {"uv": [43, 29], "uv_size": [14, 5]},
								"west": {"uv": [43, 29], "uv_size": [14, 5]},
								"up": {"uv": [57, 34], "uv_size": [-14, -5]},
								"down": {"uv": [57, 34], "uv_size": [-14, -5]}
							}
						},
						{
							"origin": [-1.32, 5.49, 18.96],
							"size": [2.64, 12.87, 1.1],
							"pivot": [0.715, 13.85, 20.17],
							"rotation": [62, 0, 0],
							"uv": {
								"north": {"uv": [60, 69], "uv_size": [-3, -16]},
								"east": {"uv": [60, 69], "uv_size": [-3, -16]},
								"south": {"uv": [60, 69], "uv_size": [-3, -16]},
								"west": {"uv": [60, 69], "uv_size": [-3, -16]},
								"up": {"uv": [57, 53], "uv_size": [3, 16]},
								"down": {"uv": [57, 53], "uv_size": [3, 16]}
							}
						},
						{
							"origin": [-1.32, 8.79, 26.99],
							"size": [2.64, 1.1, 2.42],
							"uv": {
								"north": {"uv": [60, 69], "uv_size": [-3, -16]},
								"east": {"uv": [60, 69], "uv_size": [-3, -16]},
								"south": {"uv": [60, 69], "uv_size": [-3, -16]},
								"west": {"uv": [60, 69], "uv_size": [-3, -16]},
								"up": {"uv": [57, 53], "uv_size": [3, 16]},
								"down": {"uv": [57, 53], "uv_size": [3, 16]}
							}
						},
						{
							"origin": [-1.32, 14.73, 14.12],
							"size": [2.64, 5.17, 1.32],
							"pivot": [0.715, 17.92, 14.45],
							"rotation": [26, 0, 0],
							"uv": {
								"north": {"uv": [60, 69], "uv_size": [-3, -16]},
								"east": {"uv": [60, 69], "uv_size": [-3, -16]},
								"south": {"uv": [60, 69], "uv_size": [-3, -16]},
								"west": {"uv": [60, 69], "uv_size": [-3, -16]},
								"up": {"uv": [57, 53], "uv_size": [3, 16]},
								"down": {"uv": [57, 53], "uv_size": [3, 16]}
							}
						},
						{
							"origin": [-1.07, 19.38, 12.61],
							"size": [3.02, 2.03, 17.1],
							"inflate": -0.3,
							"pivot": [0.99, 20.34, -6.175],
							"rotation": [0, 0, 36],
							"uv": {
								"north": {"uv": [60, 69], "uv_size": [-3, -16]},
								"east": {"uv": [60, 69], "uv_size": [-3, -16]},
								"south": {"uv": [60, 69], "uv_size": [-3, -16]},
								"west": {"uv": [60, 69], "uv_size": [-3, -16]},
								"up": {"uv": [57, 53], "uv_size": [3, 16]},
								"down": {"uv": [57, 53], "uv_size": [3, 16]}
							}
						},
						{
							"origin": [-2.06, 20.37, 12.665],
							"size": [2.91, 3.13, 16.99],
							"inflate": -0.3,
							"pivot": [-0.22, 22.43, -6.175],
							"rotation": [0, 0, -36],
							"uv": {
								"north": {"uv": [60, 69], "uv_size": [-3, -16]},
								"east": {"uv": [60, 69], "uv_size": [-3, -16]},
								"south": {"uv": [60, 69], "uv_size": [-3, -16]},
								"west": {"uv": [60, 69], "uv_size": [-3, -16]},
								"up": {"uv": [57, 53], "uv_size": [3, 16]},
								"down": {"uv": [57, 53], "uv_size": [3, 16]}
							}
						},
						{
							"origin": [-1.73, 19.16, 12.61],
							"size": [2.8, 1.92, 2.47],
							"inflate": -0.3,
							"uv": {
								"north": {"uv": [60, 69], "uv_size": [-3, -16]},
								"east": {"uv": [60, 69], "uv_size": [-3, -16]},
								"south": {"uv": [60, 69], "uv_size": [-3, -16]},
								"west": {"uv": [60, 69], "uv_size": [-3, -16]},
								"up": {"uv": [57, 53], "uv_size": [3, 16]},
								"down": {"uv": [57, 53], "uv_size": [3, 16]}
							}
						},
						{
							"origin": [-0.77, 11.21, 27.98],
							"size": [1.54, 8.25, 1.43],
							"uv": {
								"north": {"uv": [60, 69], "uv_size": [-3, -16]},
								"east": {"uv": [60, 69], "uv_size": [-3, -16]},
								"south": {"uv": [60, 69], "uv_size": [-3, -16]},
								"west": {"uv": [60, 69], "uv_size": [-3, -16]},
								"up": {"uv": [57, 53], "uv_size": [3, 16]},
								"down": {"uv": [57, 53], "uv_size": [3, 16]}
							}
						},
						{
							"origin": [-0.77, 11.21, 22.59],
							"size": [1.54, 1.21, 5.39],
							"uv": {
								"north": {"uv": [60, 69], "uv_size": [-3, -16]},
								"east": {"uv": [60, 69], "uv_size": [-3, -16]},
								"south": {"uv": [60, 69], "uv_size": [-3, -16]},
								"west": {"uv": [60, 69], "uv_size": [-3, -16]},
								"up": {"uv": [57, 53], "uv_size": [3, 16]},
								"down": {"uv": [57, 53], "uv_size": [3, 16]}
							}
						},
						{
							"origin": [-0.77, 9.67, 28.86],
							"size": [1.54, 1.54, 0.55],
							"uv": {
								"north": {"uv": [60, 69], "uv_size": [-3, -16]},
								"east": {"uv": [60, 69], "uv_size": [-3, -16]},
								"south": {"uv": [60, 69], "uv_size": [-3, -16]},
								"west": {"uv": [60, 69], "uv_size": [-3, -16]},
								"up": {"uv": [57, 53], "uv_size": [3, 16]},
								"down": {"uv": [57, 53], "uv_size": [3, 16]}
							}
						},
						{
							"origin": [-0.77, 9.67, 27.43],
							"size": [1.54, 0.55, 1.43],
							"uv": {
								"north": {"uv": [60, 69], "uv_size": [-3, -16]},
								"east": {"uv": [60, 69], "uv_size": [-3, -16]},
								"south": {"uv": [60, 69], "uv_size": [-3, -16]},
								"west": {"uv": [60, 69], "uv_size": [-3, -16]},
								"up": {"uv": [57, 53], "uv_size": [3, 16]},
								"down": {"uv": [57, 53], "uv_size": [3, 16]}
							}
						},
						{
							"origin": [-0.77, 4.61, 21.05],
							"size": [1.54, 13.2, 0.44],
							"pivot": [0.715, 12.64, 20.17],
							"rotation": [62, 0, 0],
							"uv": {
								"north": {"uv": [60, 69], "uv_size": [-3, -16]},
								"east": {"uv": [60, 69], "uv_size": [-3, -16]},
								"south": {"uv": [60, 69], "uv_size": [-3, -16]},
								"west": {"uv": [60, 69], "uv_size": [-3, -16]},
								"up": {"uv": [57, 53], "uv_size": [3, 16]},
								"down": {"uv": [57, 53], "uv_size": [3, 16]}
							}
						},
						{
							"origin": [-0.77, 12.86, 22.26],
							"size": [1.54, 1.43, 1.87],
							"pivot": [0.715, 19.9, 21.38],
							"rotation": [62, 0, 0],
							"uv": {
								"north": {"uv": [60, 69], "uv_size": [-3, -16]},
								"east": {"uv": [60, 69], "uv_size": [-3, -16]},
								"south": {"uv": [60, 69], "uv_size": [-3, -16]},
								"west": {"uv": [60, 69], "uv_size": [-3, -16]},
								"up": {"uv": [57, 53], "uv_size": [3, 16]},
								"down": {"uv": [57, 53], "uv_size": [3, 16]}
							}
						},
						{
							"origin": [-0.77, 18.03, 26.748],
							"size": [1.54, 1.65, 0.88],
							"uv": {
								"north": {"uv": [60, 69], "uv_size": [-3, -16]},
								"east": {"uv": [60, 69], "uv_size": [-3, -16]},
								"south": {"uv": [60, 69], "uv_size": [-3, -16]},
								"west": {"uv": [60, 69], "uv_size": [-3, -16]},
								"up": {"uv": [57, 53], "uv_size": [3, 16]},
								"down": {"uv": [57, 53], "uv_size": [3, 16]}
							}
						},
						{
							"origin": [-2.28, 20.37, 12.61],
							"size": [4.56, 2.03, 17.1],
							"inflate": -0.3,
							"uv": {
								"north": {"uv": [60, 69], "uv_size": [-3, -16]},
								"east": {"uv": [60, 69], "uv_size": [-3, -16]},
								"south": {"uv": [60, 69], "uv_size": [-3, -16]},
								"west": {"uv": [60, 69], "uv_size": [-3, -16]},
								"up": {"uv": [57, 53], "uv_size": [3, 16]},
								"down": {"uv": [57, 53], "uv_size": [3, 16]}
							}
						},
						{
							"origin": [-0.77, 18.58, 14.758],
							"size": [1.54, 1.1, 11.99],
							"uv": {
								"north": {"uv": [60, 69], "uv_size": [-3, -16]},
								"east": {"uv": [60, 69], "uv_size": [-3, -16]},
								"south": {"uv": [60, 69], "uv_size": [-3, -16]},
								"west": {"uv": [60, 69], "uv_size": [-3, -16]},
								"up": {"uv": [57, 53], "uv_size": [3, 16]},
								"down": {"uv": [57, 53], "uv_size": [3, 16]}
							}
						},
						{
							"origin": [-0.77, 16.93, 15.44],
							"size": [1.54, 1.43, 0.66],
							"pivot": [0.715, 17.92, 14.89],
							"rotation": [26, 0, 0],
							"uv": {
								"north": {"uv": [60, 69], "uv_size": [-3, -16]},
								"east": {"uv": [60, 69], "uv_size": [-3, -16]},
								"south": {"uv": [60, 69], "uv_size": [-3, -16]},
								"west": {"uv": [60, 69], "uv_size": [-3, -16]},
								"up": {"uv": [57, 53], "uv_size": [3, 16]},
								"down": {"uv": [57, 53], "uv_size": [3, 16]}
							}
						},
						{
							"origin": [-0.77, 14.84, 15.858],
							"size": [1.54, 3.74, 2.97],
							"uv": {
								"north": {"uv": [60, 69], "uv_size": [-3, -16]},
								"east": {"uv": [60, 69], "uv_size": [-3, -16]},
								"south": {"uv": [60, 69], "uv_size": [-3, -16]},
								"west": {"uv": [60, 69], "uv_size": [-3, -16]},
								"up": {"uv": [57, 53], "uv_size": [3, 16]},
								"down": {"uv": [57, 53], "uv_size": [3, 16]}
							}
						},
						{
							"origin": [-0.88, 18.14, 17.508],
							"size": [1.76, 0.77, 4.4],
							"uv": {
								"north": {"uv": [82, 20], "uv_size": [5, 4]},
								"east": {"uv": [82, 20], "uv_size": [5, 4]},
								"south": {"uv": [82, 20], "uv_size": [5, 4]},
								"west": {"uv": [82, 20], "uv_size": [5, 4]},
								"up": {"uv": [87, 24], "uv_size": [-5, -4]},
								"down": {"uv": [87, 24], "uv_size": [-5, -4]}
							}
						},
						{
							"origin": [-0.88, 17.48, 16.958],
							"size": [1.76, 0.77, 6.38],
							"pivot": [0.715, 6.59, 23.69],
							"rotation": [-6, 0, 0],
							"uv": {
								"north": {"uv": [82, 20], "uv_size": [5, 4]},
								"east": {"uv": [82, 20], "uv_size": [5, 4]},
								"south": {"uv": [82, 20], "uv_size": [5, 4]},
								"west": {"uv": [82, 20], "uv_size": [5, 4]},
								"up": {"uv": [87, 24], "uv_size": [-5, -4]},
								"down": {"uv": [87, 24], "uv_size": [-5, -4]}
							}
						},
						{
							"origin": [-0.88, 18.25, 20.698],
							"size": [1.76, 0.396, 2.585],
							"pivot": [0.715, 7.03, 23.69],
							"rotation": [-6, 0, 0],
							"uv": {
								"north": {"uv": [82, 20], "uv_size": [5, 4]},
								"east": {"uv": [82, 20], "uv_size": [5, 4]},
								"south": {"uv": [82, 20], "uv_size": [5, 4]},
								"west": {"uv": [82, 20], "uv_size": [5, 4]},
								"up": {"uv": [87, 24], "uv_size": [-5, -4]},
								"down": {"uv": [87, 24], "uv_size": [-5, -4]}
							}
						},
						{
							"origin": [-0.88, 16.93, 22.238],
							"size": [1.76, 1.276, 2.53],
							"pivot": [0.715, 6.59, 23.58],
							"rotation": [-6, 0, 0],
							"uv": {
								"north": {"uv": [82, 20], "uv_size": [5, 4]},
								"east": {"uv": [82, 20], "uv_size": [5, 4]},
								"south": {"uv": [82, 20], "uv_size": [5, 4]},
								"west": {"uv": [82, 20], "uv_size": [5, 4]},
								"up": {"uv": [87, 24], "uv_size": [-5, -4]},
								"down": {"uv": [87, 24], "uv_size": [-5, -4]}
							}
						},
						{
							"origin": [-0.88, 17.26, 17.398],
							"size": [1.76, 0.55, 1.98],
							"pivot": [0.715, 6.48, 20.83],
							"rotation": [-21, 0, 0],
							"uv": {
								"north": {"uv": [82, 20], "uv_size": [5, 4]},
								"east": {"uv": [82, 20], "uv_size": [5, 4]},
								"south": {"uv": [82, 20], "uv_size": [5, 4]},
								"west": {"uv": [82, 20], "uv_size": [5, 4]},
								"up": {"uv": [87, 24], "uv_size": [-5, -4]},
								"down": {"uv": [87, 24], "uv_size": [-5, -4]}
							}
						},
						{
							"origin": [-0.88, 17.92, 20.148],
							"size": [1.76, 0.396, 1.595],
							"pivot": [0.715, 6.7, 23.14],
							"rotation": [-21, 0, 0],
							"uv": {
								"north": {"uv": [82, 20], "uv_size": [5, 4]},
								"east": {"uv": [82, 20], "uv_size": [5, 4]},
								"south": {"uv": [82, 20], "uv_size": [5, 4]},
								"west": {"uv": [82, 20], "uv_size": [5, 4]},
								"up": {"uv": [87, 24], "uv_size": [-5, -4]},
								"down": {"uv": [87, 24], "uv_size": [-5, -4]}
							}
						},
						{
							"origin": [-0.8, 20.35, 6.9],
							"size": [2, 2.1, 9.6],
							"inflate": 0.2,
							"pivot": [-0.7, 22.35, 8],
							"rotation": [0, 0, 16],
							"uv": {
								"north": {"uv": [54, 12], "uv_size": [19, 3]},
								"east": {"uv": [54, 12], "uv_size": [19, 3]},
								"south": {"uv": [54, 12], "uv_size": [19, 3]},
								"west": {"uv": [54, 12], "uv_size": [19, 3]},
								"up": {"uv": [73, 15], "uv_size": [-19, -3]},
								"down": {"uv": [73, 15], "uv_size": [-19, -3]}
							}
						}
					]
				},
				{
					"name": "_ca_stock",
					"parent": "gun",
					"pivot": [-0.2, 21.35, 0.075],
					"cubes": [
						{"origin": [-0.45, 20.75, 6.775], "size": [1, 1, 1], "uv": [27, 69]}
					]
				}
			]
		}
	]
}