{
	"format_version": "1.12.0",
	"minecraft:geometry": [
		{
			"description": {
				"identifier": "geometry.stg762.geo",
				"texture_width": 128,
				"texture_height": 128,
				"visible_bounds_width": 12,
				"visible_bounds_height": 4,
				"visible_bounds_offset": [0, 1, 0]
			},
			"bones": [
				{
					"name": "main",
					"pivot": [0, 20, 0]
				},
				{
					"name": "gun",
					"parent": "main",
					"pivot": [1, 11, -1]
				},
				{
					"name": "handguard",
					"parent": "gun",
					"pivot": [-0.1, -0.8, -6],
					"cubes": [
						{
							"origin": [-0.65, 24.5, -35.9],
							"size": [1.3, 3.9, 1.6],
							"uv": {
								"north": {"uv": [101, 102], "uv_size": [1, 4]},
								"east": {"uv": [87, 98], "uv_size": [2, 4]},
								"south": {"uv": [102, 102], "uv_size": [1, 4]},
								"west": {"uv": [98, 95], "uv_size": [2, 4]},
								"up": {"uv": [98, 105], "uv_size": [1, 2]},
								"down": {"uv": [106, 5], "uv_size": [1, -2]}
							}
						},
						{
							"origin": [1.75, 27.6, -36.1],
							"size": [1.1, 1.1, 0.2],
							"pivot": [2.95, 24.7, 17.9],
							"rotation": [0, 0, -45],
							"uv": {
								"north": {"uv": [108, 51], "uv_size": [1, 1]},
								"east": {"uv": [52, 108], "uv_size": [1, 1]},
								"south": {"uv": [108, 52], "uv_size": [1, 1]},
								"west": {"uv": [53, 108], "uv_size": [1, 1]},
								"up": {"uv": [108, 53], "uv_size": [1, 1]},
								"down": {"uv": [54, 109], "uv_size": [1, -1]}
							}
						},
						{
							"origin": [-0.35, 27.9, -32.9],
							"size": [0.7, 0.4, 17.9],
							"uv": {
								"north": {"uv": [31, 112], "uv_size": [-1, -61]},
								"east": {"uv": [31, 112], "uv_size": [-1, -61]},
								"south": {"uv": [31, 112], "uv_size": [-1, -61]},
								"west": {"uv": [31, 112], "uv_size": [-1, -61]},
								"up": {"uv": [30, 51], "uv_size": [1, 61]},
								"down": {"uv": [30, 51], "uv_size": [1, 61]}
							}
						},
						{
							"origin": [-4.1, 28.5, -34.3],
							"size": [1, 0.5, 1.4],
							"pivot": [-2.45, 24.4, 21.3],
							"rotation": [0, 0, 55],
							"uv": {
								"north": {"uv": [108, 34], "uv_size": [1, 1]},
								"east": {"uv": [35, 108], "uv_size": [1, 1]},
								"south": {"uv": [108, 35], "uv_size": [1, 1]},
								"west": {"uv": [36, 108], "uv_size": [1, 1]},
								"up": {"uv": [108, 36], "uv_size": [1, 1]},
								"down": {"uv": [37, 109], "uv_size": [1, -1]}
							}
						},
						{
							"origin": [-0.33, 26.1, -34.3],
							"size": [0.7, 2.3, 1.4],
							"uv": {
								"north": {"uv": [108, 48], "uv_size": [1, 1]},
								"east": {"uv": [49, 108], "uv_size": [1, 1]},
								"south": {"uv": [108, 49], "uv_size": [1, 1]},
								"west": {"uv": [50, 108], "uv_size": [1, 1]},
								"up": {"uv": [108, 50], "uv_size": [1, 1]},
								"down": {"uv": [51, 109], "uv_size": [1, -1]}
							}
						},
						{
							"origin": [3.1417, 28.50995, -34.3],
							"size": [1, 0.5, 1.4],
							"pivot": [2.4917, 24.40995, 21.3],
							"rotation": [0, 0, -55],
							"uv": {
								"north": {"uv": [109, 34], "uv_size": [-1, 1]},
								"east": {"uv": [37, 108], "uv_size": [-1, 1]},
								"south": {"uv": [109, 35], "uv_size": [-1, 1]},
								"west": {"uv": [36, 108], "uv_size": [-1, 1]},
								"up": {"uv": [109, 36], "uv_size": [-1, 1]},
								"down": {"uv": [38, 109], "uv_size": [-1, -1]}
							}
						},
						{
							"origin": [-0.90358, 26.28085, -34.3],
							"size": [0.7, 1.3, 1.4],
							"uv": {
								"north": {"uv": [49, 108], "uv_size": [1, 1]},
								"east": {"uv": [49, 108], "uv_size": [1, 1]},
								"south": {"uv": [49, 108], "uv_size": [1, 1]},
								"west": {"uv": [49, 108], "uv_size": [1, 1]},
								"up": {"uv": [50, 109], "uv_size": [-1, -1]},
								"down": {"uv": [50, 109], "uv_size": [-1, -1]}
							}
						},
						{
							"origin": [0.24527, 26.2709, -34.3],
							"size": [0.7, 1.3, 1.4],
							"uv": {
								"north": {"uv": [50, 108], "uv_size": [-1, 1]},
								"east": {"uv": [50, 108], "uv_size": [-1, 1]},
								"south": {"uv": [50, 108], "uv_size": [-1, 1]},
								"west": {"uv": [50, 108], "uv_size": [-1, 1]},
								"up": {"uv": [49, 109], "uv_size": [1, -1]},
								"down": {"uv": [49, 109], "uv_size": [1, -1]}
							}
						}
					]
				},
				{
					"name": "righthg",
					"parent": "handguard",
					"pivot": [-2.3, 24.4, -18.8],
					"rotation": [0, 0, -4.00076]
				},
				{
					"name": "bone10",
					"parent": "righthg",
					"pivot": [-1.25, 25.45, -15.1],
					"rotation": [0, 0, 4],
					"cubes": [
						{
							"origin": [-1.45989, 24.45897, -34.29704],
							"size": [1.5, 2.2, 18.2],
							"uv": {
								"north": {"uv": [102, 10], "uv_size": [-28, 1]},
								"east": {"uv": [102, 10], "uv_size": [-28, 1]},
								"south": {"uv": [102, 10], "uv_size": [-28, 1]},
								"west": {"uv": [102, 10], "uv_size": [-28, 1]},
								"up": {"uv": [74, 11], "uv_size": [28, -1]},
								"down": {"uv": [74, 11], "uv_size": [28, -1]}
							}
						},
						{
							"origin": [-1.45989, 26.65897, -34.29704],
							"size": [0.6, 0.6, 18.2],
							"pivot": [-1.45, 26.65, -33.4],
							"rotation": [0, 0, 48],
							"uv": {
								"north": {"uv": [102, 10], "uv_size": [-28, 1]},
								"east": {"uv": [102, 10], "uv_size": [-28, 1]},
								"south": {"uv": [102, 10], "uv_size": [-28, 1]},
								"west": {"uv": [102, 10], "uv_size": [-28, 1]},
								"up": {"uv": [74, 11], "uv_size": [28, -1]},
								"down": {"uv": [74, 11], "uv_size": [28, -1]}
							}
						}
					]
				},
				{
					"name": "bone9",
					"parent": "righthg",
					"pivot": [-1.35, 25.35, -17.5],
					"rotation": [0, 0, 15],
					"cubes": [
						{
							"origin": [-1.31006, 22.97345, -34.30682],
							"size": [1.4, 1.52, 19.2],
							"pivot": [-1.25, 24.44723, -33.51132],
							"rotation": [0, 0, -24],
							"uv": {
								"north": {"uv": [107, 81], "uv_size": [-4, 1]},
								"east": {"uv": [107, 81], "uv_size": [-4, 1]},
								"south": {"uv": [107, 81], "uv_size": [-4, 1]},
								"west": {"uv": [107, 81], "uv_size": [-4, 1]},
								"up": {"uv": [103, 82], "uv_size": [4, -1]},
								"down": {"uv": [103, 82], "uv_size": [4, -1]}
							}
						},
						{
							"origin": [-0.82698, 22.378, -34.30682],
							"size": [0.8, 0.82, 19.2],
							"pivot": [-0.65, 23.24723, -46.31132],
							"rotation": [0, 0, -59],
							"uv": {
								"north": {"uv": [107, 81], "uv_size": [-4, 1]},
								"east": {"uv": [107, 81], "uv_size": [-4, 1]},
								"south": {"uv": [107, 81], "uv_size": [-4, 1]},
								"west": {"uv": [107, 81], "uv_size": [-4, 1]},
								"up": {"uv": [103, 82], "uv_size": [4, -1]},
								"down": {"uv": [103, 82], "uv_size": [4, -1]}
							}
						},
						{
							"origin": [0.0091, 22.65236, -34.30682],
							"size": [0.57, 1.4, 19.2],
							"uv": {
								"north": {"uv": [108, 7], "uv_size": [-3, 1]},
								"east": {"uv": [103, 53], "uv_size": [-28, 1]},
								"south": {"uv": [108, 8], "uv_size": [-3, 1]},
								"west": {"uv": [102, 11], "uv_size": [-28, 1]},
								"up": {"uv": [3, 48], "uv_size": [-3, 28]},
								"down": {"uv": [6, 76], "uv_size": [-3, -28]}
							}
						}
					]
				},
				{
					"name": "lefthg",
					"parent": "handguard",
					"pivot": [2.3, 24.4, -18.8],
					"rotation": [0, 0, 4.00076]
				},
				{
					"name": "bone7",
					"parent": "lefthg",
					"pivot": [1.35, 25.35, -17.5],
					"rotation": [0, 0, -15],
					"cubes": [
						{
							"origin": [-0.08994, 22.97345, -34.30682],
							"size": [1.4, 1.52, 19.2],
							"pivot": [1.25, 24.44723, -33.51132],
							"rotation": [0, 0, 24],
							"uv": {
								"north": {"uv": [103, 81], "uv_size": [4, 1]},
								"east": {"uv": [103, 81], "uv_size": [4, 1]},
								"south": {"uv": [103, 81], "uv_size": [4, 1]},
								"west": {"uv": [103, 81], "uv_size": [4, 1]},
								"up": {"uv": [107, 82], "uv_size": [-4, -1]},
								"down": {"uv": [107, 82], "uv_size": [-4, -1]}
							}
						},
						{
							"origin": [0.02698, 22.378, -34.30682],
							"size": [0.8, 0.82, 19.2],
							"pivot": [0.65, 23.24723, -46.31132],
							"rotation": [0, 0, 59],
							"uv": {
								"north": {"uv": [103, 81], "uv_size": [4, 1]},
								"east": {"uv": [103, 81], "uv_size": [4, 1]},
								"south": {"uv": [103, 81], "uv_size": [4, 1]},
								"west": {"uv": [103, 81], "uv_size": [4, 1]},
								"up": {"uv": [107, 82], "uv_size": [-4, -1]},
								"down": {"uv": [107, 82], "uv_size": [-4, -1]}
							}
						},
						{
							"origin": [-0.6791, 22.65236, -34.30682],
							"size": [0.67, 1.4, 19.2],
							"uv": {
								"north": {"uv": [105, 7], "uv_size": [3, 1]},
								"east": {"uv": [74, 11], "uv_size": [28, 1]},
								"south": {"uv": [105, 8], "uv_size": [3, 1]},
								"west": {"uv": [75, 53], "uv_size": [28, 1]},
								"up": {"uv": [0, 48], "uv_size": [3, 28]},
								"down": {"uv": [3, 76], "uv_size": [3, -28]}
							}
						}
					]
				},
				{
					"name": "bone8",
					"parent": "lefthg",
					"pivot": [1.25, 25.45, -15.1],
					"rotation": [0, 0, -4],
					"cubes": [
						{
							"origin": [-0.04011, 24.45897, -34.29704],
							"size": [1.5, 2.2, 18.1],
							"uv": {
								"north": {"uv": [74, 10], "uv_size": [28, 1]},
								"east": {"uv": [74, 10], "uv_size": [28, 1]},
								"south": {"uv": [74, 10], "uv_size": [28, 1]},
								"west": {"uv": [74, 10], "uv_size": [28, 1]},
								"up": {"uv": [102, 11], "uv_size": [-28, -1]},
								"down": {"uv": [102, 11], "uv_size": [-28, -1]}
							}
						},
						{
							"origin": [0.85989, 26.65897, -34.29704],
							"size": [0.6, 0.6, 18.1],
							"pivot": [1.45, 26.65, -33.4],
							"rotation": [0, 0, -48],
							"uv": {
								"north": {"uv": [74, 10], "uv_size": [28, 1]},
								"east": {"uv": [74, 10], "uv_size": [28, 1]},
								"south": {"uv": [74, 10], "uv_size": [28, 1]},
								"west": {"uv": [74, 10], "uv_size": [28, 1]},
								"up": {"uv": [102, 11], "uv_size": [-28, -1]},
								"down": {"uv": [102, 11], "uv_size": [-28, -1]}
							}
						}
					]
				},
				{
					"name": "bone",
					"parent": "handguard",
					"pivot": [2.95, 24.7, 17.9]
				},
				{
					"name": "gun2",
					"parent": "bone",
					"pivot": [-2.745, 27.9, -36.5],
					"rotation": [0, 0, -180],
					"cubes": [
						{
							"origin": [-7.45, 30.1, -34.2],
							"size": [0.5, 1.8, 17.96],
							"inflate": 0.001,
							"uv": {
								"north": {"uv": [102, 10], "uv_size": [-28, 1]},
								"east": {"uv": [102, 10], "uv_size": [-28, 1]},
								"south": {"uv": [102, 10], "uv_size": [-28, 1]},
								"west": {"uv": [102, 10], "uv_size": [-28, 1]},
								"up": {"uv": [74, 11], "uv_size": [28, -1]},
								"down": {"uv": [74, 11], "uv_size": [28, -1]}
							}
						}
					]
				},
				{
					"name": "gun3",
					"parent": "bone",
					"pivot": [2.745, 27.9, -36.5],
					"rotation": [0, 0, 180],
					"cubes": [
						{
							"origin": [3.15, 30.1, -34.2],
							"size": [0.4, 1.8, 17.96],
							"inflate": 0.001,
							"uv": {
								"north": {"uv": [110, 3], "uv_size": [-1, 1]},
								"east": {"uv": [104, 22], "uv_size": [-24, 1]},
								"south": {"uv": [5, 109], "uv_size": [-1, 1]},
								"west": {"uv": [104, 21], "uv_size": [-24, 1]},
								"up": {"uv": [13, 83], "uv_size": [-1, 24]},
								"down": {"uv": [1, 109], "uv_size": [-1, -24]}
							}
						},
						{
							"origin": [2.95, 30.1, -30.7],
							"size": [0.2, 1.7, 0.6],
							"inflate": 0.001,
							"uv": {
								"north": {"uv": [110, 4], "uv_size": [-1, 1]},
								"east": {"uv": [7, 109], "uv_size": [-1, 1]},
								"south": {"uv": [110, 5], "uv_size": [-1, 1]},
								"west": {"uv": [6, 109], "uv_size": [-1, 1]},
								"up": {"uv": [110, 6], "uv_size": [-1, 1]},
								"down": {"uv": [8, 110], "uv_size": [-1, -1]}
							}
						},
						{
							"origin": [4.58713, 29.05213, -30.7],
							"size": [0.2, 0.2, 0.6],
							"pivot": [2.745, 27.7, -25.9],
							"rotation": [0, 0, -45],
							"uv": {
								"north": {"uv": [110, 7], "uv_size": [-1, 1]},
								"east": {"uv": [10, 109], "uv_size": [-1, 1]},
								"south": {"uv": [110, 8], "uv_size": [-1, 1]},
								"west": {"uv": [9, 109], "uv_size": [-1, 1]},
								"up": {"uv": [110, 9], "uv_size": [-1, 1]},
								"down": {"uv": [11, 110], "uv_size": [-1, -1]}
							}
						},
						{
							"origin": [4.58713, 30.75213, -30.7],
							"size": [0.2, 0.2, 0.6],
							"pivot": [2.745, 29.4, -25.9],
							"rotation": [0, 0, -45],
							"uv": {
								"north": {"uv": [110, 10], "uv_size": [-1, 1]},
								"east": {"uv": [13, 109], "uv_size": [-1, 1]},
								"south": {"uv": [110, 11], "uv_size": [-1, 1]},
								"west": {"uv": [12, 109], "uv_size": [-1, 1]},
								"up": {"uv": [110, 12], "uv_size": [-1, 1]},
								"down": {"uv": [14, 110], "uv_size": [-1, -1]}
							}
						},
						{
							"origin": [2.95, 30.1, -32],
							"size": [0.2, 1.7, 0.6],
							"inflate": 0.001,
							"uv": {
								"north": {"uv": [111, 27], "uv_size": [-1, 1]},
								"east": {"uv": [30, 110], "uv_size": [-1, 1]},
								"south": {"uv": [111, 28], "uv_size": [-1, 1]},
								"west": {"uv": [29, 110], "uv_size": [-1, 1]},
								"up": {"uv": [111, 29], "uv_size": [-1, 1]},
								"down": {"uv": [111, 31], "uv_size": [-1, -1]}
							}
						},
						{
							"origin": [4.58713, 29.05213, -32],
							"size": [0.2, 0.2, 0.6],
							"pivot": [2.745, 27.7, -27.2],
							"rotation": [0, 0, -45],
							"uv": {
								"north": {"uv": [111, 24], "uv_size": [-1, 1]},
								"east": {"uv": [27, 110], "uv_size": [-1, 1]},
								"south": {"uv": [111, 25], "uv_size": [-1, 1]},
								"west": {"uv": [26, 110], "uv_size": [-1, 1]},
								"up": {"uv": [111, 26], "uv_size": [-1, 1]},
								"down": {"uv": [28, 111], "uv_size": [-1, -1]}
							}
						},
						{
							"origin": [4.58713, 30.75213, -32],
							"size": [0.2, 0.2, 0.6],
							"pivot": [2.745, 29.4, -27.2],
							"rotation": [0, 0, -45],
							"uv": {
								"north": {"uv": [111, 21], "uv_size": [-1, 1]},
								"east": {"uv": [24, 110], "uv_size": [-1, 1]},
								"south": {"uv": [111, 22], "uv_size": [-1, 1]},
								"west": {"uv": [23, 110], "uv_size": [-1, 1]},
								"up": {"uv": [111, 23], "uv_size": [-1, 1]},
								"down": {"uv": [25, 111], "uv_size": [-1, -1]}
							}
						},
						{
							"origin": [2.95, 30.1, -33.3],
							"size": [0.2, 1.7, 0.6],
							"inflate": 0.001,
							"uv": {
								"north": {"uv": [111, 37], "uv_size": [-1, 1]},
								"east": {"uv": [40, 110], "uv_size": [-1, 1]},
								"south": {"uv": [111, 38], "uv_size": [-1, 1]},
								"west": {"uv": [39, 110], "uv_size": [-1, 1]},
								"up": {"uv": [111, 39], "uv_size": [-1, 1]},
								"down": {"uv": [41, 111], "uv_size": [-1, -1]}
							}
						},
						{
							"origin": [4.58713, 29.05213, -33.3],
							"size": [0.2, 0.2, 0.6],
							"pivot": [2.745, 27.7, -28.5],
							"rotation": [0, 0, -45],
							"uv": {
								"north": {"uv": [111, 34], "uv_size": [-1, 1]},
								"east": {"uv": [37, 110], "uv_size": [-1, 1]},
								"south": {"uv": [111, 35], "uv_size": [-1, 1]},
								"west": {"uv": [36, 110], "uv_size": [-1, 1]},
								"up": {"uv": [111, 36], "uv_size": [-1, 1]},
								"down": {"uv": [38, 111], "uv_size": [-1, -1]}
							}
						},
						{
							"origin": [4.58713, 30.75213, -33.3],
							"size": [0.2, 0.2, 0.6],
							"pivot": [2.745, 29.4, -28.5],
							"rotation": [0, 0, -45],
							"uv": {
								"north": {"uv": [111, 31], "uv_size": [-1, 1]},
								"east": {"uv": [34, 110], "uv_size": [-1, 1]},
								"south": {"uv": [111, 32], "uv_size": [-1, 1]},
								"west": {"uv": [33, 110], "uv_size": [-1, 1]},
								"up": {"uv": [111, 33], "uv_size": [-1, 1]},
								"down": {"uv": [35, 111], "uv_size": [-1, -1]}
							}
						},
						{
							"origin": [2.95, 30.1, -28.1],
							"size": [0.2, 1.7, 0.6],
							"inflate": 0.001,
							"uv": {
								"north": {"uv": [110, 24], "uv_size": [-1, 1]},
								"east": {"uv": [110, 26], "uv_size": [-1, 1]},
								"south": {"uv": [27, 109], "uv_size": [-1, 1]},
								"west": {"uv": [110, 25], "uv_size": [-1, 1]},
								"up": {"uv": [28, 109], "uv_size": [-1, 1]},
								"down": {"uv": [110, 28], "uv_size": [-1, -1]}
							}
						},
						{
							"origin": [4.58713, 29.05213, -28.1],
							"size": [0.2, 0.2, 0.6],
							"pivot": [2.745, 27.7, -23.3],
							"rotation": [0, 0, -45],
							"uv": {
								"north": {"uv": [29, 109], "uv_size": [-1, 1]},
								"east": {"uv": [110, 29], "uv_size": [-1, 1]},
								"south": {"uv": [30, 109], "uv_size": [-1, 1]},
								"west": {"uv": [110, 28], "uv_size": [-1, 1]},
								"up": {"uv": [110, 30], "uv_size": [-1, 1]},
								"down": {"uv": [110, 32], "uv_size": [-1, -1]}
							}
						},
						{
							"origin": [4.58713, 30.75213, -28.1],
							"size": [0.2, 0.2, 0.6],
							"pivot": [2.745, 29.4, -23.3],
							"rotation": [0, 0, -45],
							"uv": {
								"north": {"uv": [33, 109], "uv_size": [-1, 1]},
								"east": {"uv": [110, 33], "uv_size": [-1, 1]},
								"south": {"uv": [34, 109], "uv_size": [-1, 1]},
								"west": {"uv": [110, 32], "uv_size": [-1, 1]},
								"up": {"uv": [35, 109], "uv_size": [-1, 1]},
								"down": {"uv": [110, 35], "uv_size": [-1, -1]}
							}
						},
						{
							"origin": [2.95, 30.1, -29.4],
							"size": [0.2, 1.7, 0.6],
							"inflate": 0.001,
							"uv": {
								"north": {"uv": [36, 109], "uv_size": [-1, 1]},
								"east": {"uv": [110, 36], "uv_size": [-1, 1]},
								"south": {"uv": [37, 109], "uv_size": [-1, 1]},
								"west": {"uv": [110, 35], "uv_size": [-1, 1]},
								"up": {"uv": [38, 109], "uv_size": [-1, 1]},
								"down": {"uv": [110, 38], "uv_size": [-1, -1]}
							}
						},
						{
							"origin": [4.58713, 29.05213, -29.4],
							"size": [0.2, 0.2, 0.6],
							"pivot": [2.745, 27.7, -24.6],
							"rotation": [0, 0, -45],
							"uv": {
								"north": {"uv": [39, 109], "uv_size": [-1, 1]},
								"east": {"uv": [110, 39], "uv_size": [-1, 1]},
								"south": {"uv": [40, 109], "uv_size": [-1, 1]},
								"west": {"uv": [110, 38], "uv_size": [-1, 1]},
								"up": {"uv": [41, 109], "uv_size": [-1, 1]},
								"down": {"uv": [110, 41], "uv_size": [-1, -1]}
							}
						},
						{
							"origin": [4.58713, 30.75213, -29.4],
							"size": [0.2, 0.2, 0.6],
							"pivot": [2.745, 29.4, -24.6],
							"rotation": [0, 0, -45],
							"uv": {
								"north": {"uv": [42, 109], "uv_size": [-1, 1]},
								"east": {"uv": [110, 42], "uv_size": [-1, 1]},
								"south": {"uv": [43, 109], "uv_size": [-1, 1]},
								"west": {"uv": [110, 41], "uv_size": [-1, 1]},
								"up": {"uv": [44, 109], "uv_size": [-1, 1]},
								"down": {"uv": [110, 44], "uv_size": [-1, -1]}
							}
						},
						{
							"origin": [2.95, 30.1, -25.5],
							"size": [0.2, 1.7, 0.6],
							"inflate": 0.001,
							"uv": {
								"north": {"uv": [45, 109], "uv_size": [-1, 1]},
								"east": {"uv": [110, 46], "uv_size": [-1, 1]},
								"south": {"uv": [110, 45], "uv_size": [-1, 1]},
								"west": {"uv": [110, 44], "uv_size": [-1, 1]},
								"up": {"uv": [110, 47], "uv_size": [-1, 1]},
								"down": {"uv": [110, 49], "uv_size": [-1, -1]}
							}
						},
						{
							"origin": [4.58713, 29.05213, -25.5],
							"size": [0.2, 0.2, 0.6],
							"pivot": [2.745, 27.7, -20.7],
							"rotation": [0, 0, -45],
							"uv": {
								"north": {"uv": [50, 109], "uv_size": [-1, 1]},
								"east": {"uv": [110, 50], "uv_size": [-1, 1]},
								"south": {"uv": [51, 109], "uv_size": [-1, 1]},
								"west": {"uv": [110, 49], "uv_size": [-1, 1]},
								"up": {"uv": [52, 109], "uv_size": [-1, 1]},
								"down": {"uv": [110, 52], "uv_size": [-1, -1]}
							}
						},
						{
							"origin": [4.58713, 30.75213, -25.5],
							"size": [0.2, 0.2, 0.6],
							"pivot": [2.745, 29.4, -20.7],
							"rotation": [0, 0, -45],
							"uv": {
								"north": {"uv": [53, 109], "uv_size": [-1, 1]},
								"east": {"uv": [110, 53], "uv_size": [-1, 1]},
								"south": {"uv": [54, 109], "uv_size": [-1, 1]},
								"west": {"uv": [110, 52], "uv_size": [-1, 1]},
								"up": {"uv": [55, 109], "uv_size": [-1, 1]},
								"down": {"uv": [110, 55], "uv_size": [-1, -1]}
							}
						},
						{
							"origin": [2.95, 30.1, -26.8],
							"size": [0.2, 1.7, 0.6],
							"inflate": 0.001,
							"uv": {
								"north": {"uv": [56, 109], "uv_size": [-1, 1]},
								"east": {"uv": [110, 56], "uv_size": [-1, 1]},
								"south": {"uv": [57, 109], "uv_size": [-1, 1]},
								"west": {"uv": [110, 55], "uv_size": [-1, 1]},
								"up": {"uv": [58, 109], "uv_size": [-1, 1]},
								"down": {"uv": [59, 110], "uv_size": [-1, -1]}
							}
						},
						{
							"origin": [4.58713, 29.05213, -26.8],
							"size": [0.2, 0.2, 0.6],
							"pivot": [2.745, 27.7, -22],
							"rotation": [0, 0, -45],
							"uv": {
								"north": {"uv": [110, 58], "uv_size": [-1, 1]},
								"east": {"uv": [61, 109], "uv_size": [-1, 1]},
								"south": {"uv": [110, 59], "uv_size": [-1, 1]},
								"west": {"uv": [60, 109], "uv_size": [-1, 1]},
								"up": {"uv": [110, 60], "uv_size": [-1, 1]},
								"down": {"uv": [62, 110], "uv_size": [-1, -1]}
							}
						},
						{
							"origin": [4.58713, 30.75213, -26.8],
							"size": [0.2, 0.2, 0.6],
							"pivot": [2.745, 29.4, -22],
							"rotation": [0, 0, -45],
							"uv": {
								"north": {"uv": [110, 61], "uv_size": [-1, 1]},
								"east": {"uv": [64, 109], "uv_size": [-1, 1]},
								"south": {"uv": [110, 62], "uv_size": [-1, 1]},
								"west": {"uv": [63, 109], "uv_size": [-1, 1]},
								"up": {"uv": [110, 63], "uv_size": [-1, 1]},
								"down": {"uv": [65, 110], "uv_size": [-1, -1]}
							}
						},
						{
							"origin": [2.95, 30.1, -22.9],
							"size": [0.2, 1.7, 0.6],
							"inflate": 0.001,
							"uv": {
								"north": {"uv": [110, 64], "uv_size": [-1, 1]},
								"east": {"uv": [67, 109], "uv_size": [-1, 1]},
								"south": {"uv": [110, 65], "uv_size": [-1, 1]},
								"west": {"uv": [66, 109], "uv_size": [-1, 1]},
								"up": {"uv": [110, 66], "uv_size": [-1, 1]},
								"down": {"uv": [68, 110], "uv_size": [-1, -1]}
							}
						},
						{
							"origin": [4.58713, 29.05213, -22.9],
							"size": [0.2, 0.2, 0.6],
							"pivot": [2.745, 27.7, -18.1],
							"rotation": [0, 0, -45],
							"uv": {
								"north": {"uv": [110, 67], "uv_size": [-1, 1]},
								"east": {"uv": [70, 109], "uv_size": [-1, 1]},
								"south": {"uv": [110, 68], "uv_size": [-1, 1]},
								"west": {"uv": [69, 109], "uv_size": [-1, 1]},
								"up": {"uv": [110, 69], "uv_size": [-1, 1]},
								"down": {"uv": [71, 110], "uv_size": [-1, -1]}
							}
						},
						{
							"origin": [4.58713, 30.75213, -22.9],
							"size": [0.2, 0.2, 0.6],
							"pivot": [2.745, 29.4, -18.1],
							"rotation": [0, 0, -45],
							"uv": {
								"north": {"uv": [110, 70], "uv_size": [-1, 1]},
								"east": {"uv": [73, 109], "uv_size": [-1, 1]},
								"south": {"uv": [110, 71], "uv_size": [-1, 1]},
								"west": {"uv": [72, 109], "uv_size": [-1, 1]},
								"up": {"uv": [110, 72], "uv_size": [-1, 1]},
								"down": {"uv": [110, 74], "uv_size": [-1, -1]}
							}
						},
						{
							"origin": [2.95, 30.1, -24.2],
							"size": [0.2, 1.7, 0.6],
							"inflate": 0.001,
							"uv": {
								"north": {"uv": [75, 109], "uv_size": [-1, 1]},
								"east": {"uv": [110, 75], "uv_size": [-1, 1]},
								"south": {"uv": [76, 109], "uv_size": [-1, 1]},
								"west": {"uv": [110, 74], "uv_size": [-1, 1]},
								"up": {"uv": [77, 109], "uv_size": [-1, 1]},
								"down": {"uv": [110, 77], "uv_size": [-1, -1]}
							}
						},
						{
							"origin": [4.58713, 29.05213, -24.2],
							"size": [0.2, 0.2, 0.6],
							"pivot": [2.745, 27.7, -19.4],
							"rotation": [0, 0, -45],
							"uv": {
								"north": {"uv": [110, 77], "uv_size": [-1, 1]},
								"east": {"uv": [81, 109], "uv_size": [-1, 1]},
								"south": {"uv": [110, 79], "uv_size": [-1, 1]},
								"west": {"uv": [110, 78], "uv_size": [-1, 1]},
								"up": {"uv": [110, 80], "uv_size": [-1, 1]},
								"down": {"uv": [82, 110], "uv_size": [-1, -1]}
							}
						},
						{
							"origin": [4.58713, 30.75213, -24.2],
							"size": [0.2, 0.2, 0.6],
							"pivot": [2.745, 29.4, -19.4],
							"rotation": [0, 0, -45],
							"uv": {
								"north": {"uv": [110, 81], "uv_size": [-1, 1]},
								"east": {"uv": [84, 109], "uv_size": [-1, 1]},
								"south": {"uv": [110, 82], "uv_size": [-1, 1]},
								"west": {"uv": [83, 109], "uv_size": [-1, 1]},
								"up": {"uv": [110, 83], "uv_size": [-1, 1]},
								"down": {"uv": [85, 110], "uv_size": [-1, -1]}
							}
						},
						{
							"origin": [2.95, 30.1, -20.3],
							"size": [0.2, 1.7, 0.6],
							"inflate": 0.001,
							"uv": {
								"north": {"uv": [110, 84], "uv_size": [-1, 1]},
								"east": {"uv": [87, 109], "uv_size": [-1, 1]},
								"south": {"uv": [110, 85], "uv_size": [-1, 1]},
								"west": {"uv": [86, 109], "uv_size": [-1, 1]},
								"up": {"uv": [110, 86], "uv_size": [-1, 1]},
								"down": {"uv": [88, 110], "uv_size": [-1, -1]}
							}
						},
						{
							"origin": [4.58713, 29.05213, -20.3],
							"size": [0.2, 0.2, 0.6],
							"pivot": [2.745, 27.7, -15.5],
							"rotation": [0, 0, -45],
							"uv": {
								"north": {"uv": [110, 87], "uv_size": [-1, 1]},
								"east": {"uv": [90, 109], "uv_size": [-1, 1]},
								"south": {"uv": [110, 88], "uv_size": [-1, 1]},
								"west": {"uv": [89, 109], "uv_size": [-1, 1]},
								"up": {"uv": [110, 89], "uv_size": [-1, 1]},
								"down": {"uv": [91, 110], "uv_size": [-1, -1]}
							}
						},
						{
							"origin": [4.58713, 30.75213, -20.3],
							"size": [0.2, 0.2, 0.6],
							"pivot": [2.745, 29.4, -15.5],
							"rotation": [0, 0, -45],
							"uv": {
								"north": {"uv": [110, 90], "uv_size": [-1, 1]},
								"east": {"uv": [93, 109], "uv_size": [-1, 1]},
								"south": {"uv": [110, 91], "uv_size": [-1, 1]},
								"west": {"uv": [92, 109], "uv_size": [-1, 1]},
								"up": {"uv": [110, 92], "uv_size": [-1, 1]},
								"down": {"uv": [94, 110], "uv_size": [-1, -1]}
							}
						},
						{
							"origin": [2.95, 30.1, -19],
							"size": [0.2, 1.7, 0.6],
							"inflate": 0.001,
							"uv": {
								"north": {"uv": [110, 93], "uv_size": [-1, 1]},
								"east": {"uv": [96, 109], "uv_size": [-1, 1]},
								"south": {"uv": [110, 94], "uv_size": [-1, 1]},
								"west": {"uv": [95, 109], "uv_size": [-1, 1]},
								"up": {"uv": [110, 95], "uv_size": [-1, 1]},
								"down": {"uv": [97, 110], "uv_size": [-1, -1]}
							}
						},
						{
							"origin": [4.58713, 30.75213, -19],
							"size": [0.2, 0.2, 0.6],
							"pivot": [2.745, 29.4, -14.2],
							"rotation": [0, 0, -45],
							"uv": {
								"north": {"uv": [110, 96], "uv_size": [-1, 1]},
								"east": {"uv": [99, 109], "uv_size": [-1, 1]},
								"south": {"uv": [110, 97], "uv_size": [-1, 1]},
								"west": {"uv": [98, 109], "uv_size": [-1, 1]},
								"up": {"uv": [110, 98], "uv_size": [-1, 1]},
								"down": {"uv": [100, 110], "uv_size": [-1, -1]}
							}
						},
						{
							"origin": [4.58713, 29.05213, -19],
							"size": [0.2, 0.2, 0.6],
							"pivot": [2.745, 27.7, -14.2],
							"rotation": [0, 0, -45],
							"uv": {
								"north": {"uv": [110, 99], "uv_size": [-1, 1]},
								"east": {"uv": [102, 109], "uv_size": [-1, 1]},
								"south": {"uv": [110, 100], "uv_size": [-1, 1]},
								"west": {"uv": [101, 109], "uv_size": [-1, 1]},
								"up": {"uv": [110, 101], "uv_size": [-1, 1]},
								"down": {"uv": [103, 110], "uv_size": [-1, -1]}
							}
						},
						{
							"origin": [2.95, 30.1, -17.7],
							"size": [0.2, 1.7, 0.6],
							"inflate": 0.001,
							"uv": {
								"north": {"uv": [110, 102], "uv_size": [-1, 1]},
								"east": {"uv": [105, 109], "uv_size": [-1, 1]},
								"south": {"uv": [110, 103], "uv_size": [-1, 1]},
								"west": {"uv": [104, 109], "uv_size": [-1, 1]},
								"up": {"uv": [110, 104], "uv_size": [-1, 1]},
								"down": {"uv": [106, 110], "uv_size": [-1, -1]}
							}
						},
						{
							"origin": [4.58713, 30.75213, -17.7],
							"size": [0.2, 0.2, 0.6],
							"pivot": [2.745, 29.4, -12.9],
							"rotation": [0, 0, -45],
							"uv": {
								"north": {"uv": [110, 105], "uv_size": [-1, 1]},
								"east": {"uv": [108, 109], "uv_size": [-1, 1]},
								"south": {"uv": [110, 106], "uv_size": [-1, 1]},
								"west": {"uv": [107, 109], "uv_size": [-1, 1]},
								"up": {"uv": [110, 107], "uv_size": [-1, 1]},
								"down": {"uv": [109, 110], "uv_size": [-1, -1]}
							}
						},
						{
							"origin": [4.58713, 29.05213, -17.7],
							"size": [0.2, 0.2, 0.6],
							"pivot": [2.745, 27.7, -12.9],
							"rotation": [0, 0, -45],
							"uv": {
								"north": {"uv": [110, 108], "uv_size": [-1, 1]},
								"east": {"uv": [111, 0], "uv_size": [-1, 1]},
								"south": {"uv": [1, 110], "uv_size": [-1, 1]},
								"west": {"uv": [110, 109], "uv_size": [-1, 1]},
								"up": {"uv": [2, 110], "uv_size": [-1, 1]},
								"down": {"uv": [111, 2], "uv_size": [-1, -1]}
							}
						},
						{
							"origin": [2.95, 30.1, -21.6],
							"size": [0.2, 1.7, 0.6],
							"inflate": 0.001,
							"uv": {
								"north": {"uv": [12, 110], "uv_size": [-1, 1]},
								"east": {"uv": [111, 12], "uv_size": [-1, 1]},
								"south": {"uv": [13, 110], "uv_size": [-1, 1]},
								"west": {"uv": [111, 11], "uv_size": [-1, 1]},
								"up": {"uv": [14, 110], "uv_size": [-1, 1]},
								"down": {"uv": [111, 14], "uv_size": [-1, -1]}
							}
						},
						{
							"origin": [4.58713, 29.05213, -21.6],
							"size": [0.2, 0.2, 0.6],
							"pivot": [2.745, 27.7, -16.8],
							"rotation": [0, 0, -45],
							"uv": {
								"north": {"uv": [15, 110], "uv_size": [-1, 1]},
								"east": {"uv": [111, 15], "uv_size": [-1, 1]},
								"south": {"uv": [16, 110], "uv_size": [-1, 1]},
								"west": {"uv": [111, 14], "uv_size": [-1, 1]},
								"up": {"uv": [17, 110], "uv_size": [-1, 1]},
								"down": {"uv": [111, 17], "uv_size": [-1, -1]}
							}
						},
						{
							"origin": [4.58713, 30.75213, -21.6],
							"size": [0.2, 0.2, 0.6],
							"pivot": [2.745, 29.4, -16.8],
							"rotation": [0, 0, -45],
							"uv": {
								"north": {"uv": [18, 110], "uv_size": [-1, 1]},
								"east": {"uv": [21, 110], "uv_size": [-1, 1]},
								"south": {"uv": [20, 110], "uv_size": [-1, 1]},
								"west": {"uv": [19, 110], "uv_size": [-1, 1]},
								"up": {"uv": [111, 20], "uv_size": [-1, 1]},
								"down": {"uv": [22, 111], "uv_size": [-1, -1]}
							}
						}
					]
				},
				{
					"name": "bone2",
					"parent": "handguard",
					"pivot": [-2.95, 24.7, 17.9]
				},
				{
					"name": "gun5",
					"parent": "bone2",
					"pivot": [2.745, 27.9, -36.5],
					"rotation": [0, 0, 180],
					"cubes": [
						{
							"origin": [6.95, 30.1, -34.2],
							"size": [0.5, 1.8, 17.96],
							"inflate": 0.001,
							"uv": {
								"north": {"uv": [74, 10], "uv_size": [28, 1]},
								"east": {"uv": [74, 10], "uv_size": [28, 1]},
								"south": {"uv": [74, 10], "uv_size": [28, 1]},
								"west": {"uv": [74, 10], "uv_size": [28, 1]},
								"up": {"uv": [102, 11], "uv_size": [-28, -1]},
								"down": {"uv": [102, 11], "uv_size": [-28, -1]}
							}
						}
					]
				},
				{
					"name": "gun6",
					"parent": "bone2",
					"pivot": [-2.745, 27.9, -36.5],
					"rotation": [0, 0, -180],
					"cubes": [
						{
							"origin": [-3.55, 30.1, -34.2],
							"size": [0.4, 1.8, 17.96],
							"inflate": 0.001,
							"uv": {
								"north": {"uv": [109, 3], "uv_size": [1, 1]},
								"east": {"uv": [80, 21], "uv_size": [24, 1]},
								"south": {"uv": [4, 109], "uv_size": [1, 1]},
								"west": {"uv": [80, 22], "uv_size": [24, 1]},
								"up": {"uv": [12, 83], "uv_size": [1, 24]},
								"down": {"uv": [0, 109], "uv_size": [1, -24]}
							}
						},
						{
							"origin": [-3.15, 30.1, -30.7],
							"size": [0.2, 1.7, 0.6],
							"inflate": 0.001,
							"uv": {
								"north": {"uv": [109, 4], "uv_size": [1, 1]},
								"east": {"uv": [5, 109], "uv_size": [1, 1]},
								"south": {"uv": [109, 5], "uv_size": [1, 1]},
								"west": {"uv": [6, 109], "uv_size": [1, 1]},
								"up": {"uv": [109, 6], "uv_size": [1, 1]},
								"down": {"uv": [7, 110], "uv_size": [1, -1]}
							}
						},
						{
							"origin": [-4.78713, 29.05213, -30.7],
							"size": [0.2, 0.2, 0.6],
							"pivot": [-2.745, 27.7, -25.9],
							"rotation": [0, 0, 45],
							"uv": {
								"north": {"uv": [109, 7], "uv_size": [1, 1]},
								"east": {"uv": [8, 109], "uv_size": [1, 1]},
								"south": {"uv": [109, 8], "uv_size": [1, 1]},
								"west": {"uv": [9, 109], "uv_size": [1, 1]},
								"up": {"uv": [109, 9], "uv_size": [1, 1]},
								"down": {"uv": [10, 110], "uv_size": [1, -1]}
							}
						},
						{
							"origin": [-4.78713, 30.75213, -30.7],
							"size": [0.2, 0.2, 0.6],
							"pivot": [-2.745, 29.4, -25.9],
							"rotation": [0, 0, 45],
							"uv": {
								"north": {"uv": [109, 10], "uv_size": [1, 1]},
								"east": {"uv": [11, 109], "uv_size": [1, 1]},
								"south": {"uv": [109, 11], "uv_size": [1, 1]},
								"west": {"uv": [12, 109], "uv_size": [1, 1]},
								"up": {"uv": [109, 12], "uv_size": [1, 1]},
								"down": {"uv": [13, 110], "uv_size": [1, -1]}
							}
						},
						{
							"origin": [-3.15, 30.1, -32],
							"size": [0.2, 1.7, 0.6],
							"inflate": 0.001,
							"uv": {
								"north": {"uv": [110, 27], "uv_size": [1, 1]},
								"east": {"uv": [28, 110], "uv_size": [1, 1]},
								"south": {"uv": [110, 28], "uv_size": [1, 1]},
								"west": {"uv": [29, 110], "uv_size": [1, 1]},
								"up": {"uv": [110, 29], "uv_size": [1, 1]},
								"down": {"uv": [110, 31], "uv_size": [1, -1]}
							}
						},
						{
							"origin": [-4.78713, 29.05213, -32],
							"size": [0.2, 0.2, 0.6],
							"pivot": [-2.745, 27.7, -27.2],
							"rotation": [0, 0, 45],
							"uv": {
								"north": {"uv": [110, 24], "uv_size": [1, 1]},
								"east": {"uv": [25, 110], "uv_size": [1, 1]},
								"south": {"uv": [110, 25], "uv_size": [1, 1]},
								"west": {"uv": [26, 110], "uv_size": [1, 1]},
								"up": {"uv": [110, 26], "uv_size": [1, 1]},
								"down": {"uv": [27, 111], "uv_size": [1, -1]}
							}
						},
						{
							"origin": [-4.78713, 30.75213, -32],
							"size": [0.2, 0.2, 0.6],
							"pivot": [-2.745, 29.4, -27.2],
							"rotation": [0, 0, 45],
							"uv": {
								"north": {"uv": [110, 21], "uv_size": [1, 1]},
								"east": {"uv": [22, 110], "uv_size": [1, 1]},
								"south": {"uv": [110, 22], "uv_size": [1, 1]},
								"west": {"uv": [23, 110], "uv_size": [1, 1]},
								"up": {"uv": [110, 23], "uv_size": [1, 1]},
								"down": {"uv": [24, 111], "uv_size": [1, -1]}
							}
						},
						{
							"origin": [-3.15, 30.1, -33.3],
							"size": [0.2, 1.7, 0.6],
							"inflate": 0.001,
							"uv": {
								"north": {"uv": [110, 37], "uv_size": [1, 1]},
								"east": {"uv": [38, 110], "uv_size": [1, 1]},
								"south": {"uv": [110, 38], "uv_size": [1, 1]},
								"west": {"uv": [39, 110], "uv_size": [1, 1]},
								"up": {"uv": [110, 39], "uv_size": [1, 1]},
								"down": {"uv": [40, 111], "uv_size": [1, -1]}
							}
						},
						{
							"origin": [-4.78713, 29.05213, -33.3],
							"size": [0.2, 0.2, 0.6],
							"pivot": [-2.745, 27.7, -28.5],
							"rotation": [0, 0, 45],
							"uv": {
								"north": {"uv": [110, 34], "uv_size": [1, 1]},
								"east": {"uv": [35, 110], "uv_size": [1, 1]},
								"south": {"uv": [110, 35], "uv_size": [1, 1]},
								"west": {"uv": [36, 110], "uv_size": [1, 1]},
								"up": {"uv": [110, 36], "uv_size": [1, 1]},
								"down": {"uv": [37, 111], "uv_size": [1, -1]}
							}
						},
						{
							"origin": [-4.78713, 30.75213, -33.3],
							"size": [0.2, 0.2, 0.6],
							"pivot": [-2.745, 29.4, -28.5],
							"rotation": [0, 0, 45],
							"uv": {
								"north": {"uv": [110, 31], "uv_size": [1, 1]},
								"east": {"uv": [32, 110], "uv_size": [1, 1]},
								"south": {"uv": [110, 32], "uv_size": [1, 1]},
								"west": {"uv": [33, 110], "uv_size": [1, 1]},
								"up": {"uv": [110, 33], "uv_size": [1, 1]},
								"down": {"uv": [34, 111], "uv_size": [1, -1]}
							}
						},
						{
							"origin": [-3.15, 30.1, -28.1],
							"size": [0.2, 1.7, 0.6],
							"inflate": 0.001,
							"uv": {
								"north": {"uv": [109, 24], "uv_size": [1, 1]},
								"east": {"uv": [109, 25], "uv_size": [1, 1]},
								"south": {"uv": [26, 109], "uv_size": [1, 1]},
								"west": {"uv": [109, 26], "uv_size": [1, 1]},
								"up": {"uv": [27, 109], "uv_size": [1, 1]},
								"down": {"uv": [109, 28], "uv_size": [1, -1]}
							}
						},
						{
							"origin": [-4.78713, 29.05213, -28.1],
							"size": [0.2, 0.2, 0.6],
							"pivot": [-2.745, 27.7, -23.3],
							"rotation": [0, 0, 45],
							"uv": {
								"north": {"uv": [28, 109], "uv_size": [1, 1]},
								"east": {"uv": [109, 28], "uv_size": [1, 1]},
								"south": {"uv": [29, 109], "uv_size": [1, 1]},
								"west": {"uv": [109, 29], "uv_size": [1, 1]},
								"up": {"uv": [109, 30], "uv_size": [1, 1]},
								"down": {"uv": [109, 32], "uv_size": [1, -1]}
							}
						},
						{
							"origin": [-4.78713, 30.75213, -28.1],
							"size": [0.2, 0.2, 0.6],
							"pivot": [-2.745, 29.4, -23.3],
							"rotation": [0, 0, 45],
							"uv": {
								"north": {"uv": [32, 109], "uv_size": [1, 1]},
								"east": {"uv": [109, 32], "uv_size": [1, 1]},
								"south": {"uv": [33, 109], "uv_size": [1, 1]},
								"west": {"uv": [109, 33], "uv_size": [1, 1]},
								"up": {"uv": [34, 109], "uv_size": [1, 1]},
								"down": {"uv": [109, 35], "uv_size": [1, -1]}
							}
						},
						{
							"origin": [-3.15, 30.1, -29.4],
							"size": [0.2, 1.7, 0.6],
							"inflate": 0.001,
							"uv": {
								"north": {"uv": [35, 109], "uv_size": [1, 1]},
								"east": {"uv": [109, 35], "uv_size": [1, 1]},
								"south": {"uv": [36, 109], "uv_size": [1, 1]},
								"west": {"uv": [109, 36], "uv_size": [1, 1]},
								"up": {"uv": [37, 109], "uv_size": [1, 1]},
								"down": {"uv": [109, 38], "uv_size": [1, -1]}
							}
						},
						{
							"origin": [-4.78713, 29.05213, -29.4],
							"size": [0.2, 0.2, 0.6],
							"pivot": [-2.745, 27.7, -24.6],
							"rotation": [0, 0, 45],
							"uv": {
								"north": {"uv": [38, 109], "uv_size": [1, 1]},
								"east": {"uv": [109, 38], "uv_size": [1, 1]},
								"south": {"uv": [39, 109], "uv_size": [1, 1]},
								"west": {"uv": [109, 39], "uv_size": [1, 1]},
								"up": {"uv": [40, 109], "uv_size": [1, 1]},
								"down": {"uv": [109, 41], "uv_size": [1, -1]}
							}
						},
						{
							"origin": [-4.78713, 30.75213, -29.4],
							"size": [0.2, 0.2, 0.6],
							"pivot": [-2.745, 29.4, -24.6],
							"rotation": [0, 0, 45],
							"uv": {
								"north": {"uv": [41, 109], "uv_size": [1, 1]},
								"east": {"uv": [109, 41], "uv_size": [1, 1]},
								"south": {"uv": [42, 109], "uv_size": [1, 1]},
								"west": {"uv": [109, 42], "uv_size": [1, 1]},
								"up": {"uv": [43, 109], "uv_size": [1, 1]},
								"down": {"uv": [109, 44], "uv_size": [1, -1]}
							}
						},
						{
							"origin": [-3.15, 30.1, -25.5],
							"size": [0.2, 1.7, 0.6],
							"inflate": 0.001,
							"uv": {
								"north": {"uv": [44, 109], "uv_size": [1, 1]},
								"east": {"uv": [109, 44], "uv_size": [1, 1]},
								"south": {"uv": [109, 45], "uv_size": [1, 1]},
								"west": {"uv": [109, 46], "uv_size": [1, 1]},
								"up": {"uv": [109, 47], "uv_size": [1, 1]},
								"down": {"uv": [109, 49], "uv_size": [1, -1]}
							}
						},
						{
							"origin": [-4.78713, 29.05213, -25.5],
							"size": [0.2, 0.2, 0.6],
							"pivot": [-2.745, 27.7, -20.7],
							"rotation": [0, 0, 45],
							"uv": {
								"north": {"uv": [49, 109], "uv_size": [1, 1]},
								"east": {"uv": [109, 49], "uv_size": [1, 1]},
								"south": {"uv": [50, 109], "uv_size": [1, 1]},
								"west": {"uv": [109, 50], "uv_size": [1, 1]},
								"up": {"uv": [51, 109], "uv_size": [1, 1]},
								"down": {"uv": [109, 52], "uv_size": [1, -1]}
							}
						},
						{
							"origin": [-4.78713, 30.75213, -25.5],
							"size": [0.2, 0.2, 0.6],
							"pivot": [-2.745, 29.4, -20.7],
							"rotation": [0, 0, 45],
							"uv": {
								"north": {"uv": [52, 109], "uv_size": [1, 1]},
								"east": {"uv": [109, 52], "uv_size": [1, 1]},
								"south": {"uv": [53, 109], "uv_size": [1, 1]},
								"west": {"uv": [109, 53], "uv_size": [1, 1]},
								"up": {"uv": [54, 109], "uv_size": [1, 1]},
								"down": {"uv": [109, 55], "uv_size": [1, -1]}
							}
						},
						{
							"origin": [-3.15, 30.1, -26.8],
							"size": [0.2, 1.7, 0.6],
							"inflate": 0.001,
							"uv": {
								"north": {"uv": [55, 109], "uv_size": [1, 1]},
								"east": {"uv": [109, 55], "uv_size": [1, 1]},
								"south": {"uv": [56, 109], "uv_size": [1, 1]},
								"west": {"uv": [109, 56], "uv_size": [1, 1]},
								"up": {"uv": [57, 109], "uv_size": [1, 1]},
								"down": {"uv": [58, 110], "uv_size": [1, -1]}
							}
						},
						{
							"origin": [-4.78713, 29.05213, -26.8],
							"size": [0.2, 0.2, 0.6],
							"pivot": [-2.745, 27.7, -22],
							"rotation": [0, 0, 45],
							"uv": {
								"north": {"uv": [109, 58], "uv_size": [1, 1]},
								"east": {"uv": [59, 109], "uv_size": [1, 1]},
								"south": {"uv": [109, 59], "uv_size": [1, 1]},
								"west": {"uv": [60, 109], "uv_size": [1, 1]},
								"up": {"uv": [109, 60], "uv_size": [1, 1]},
								"down": {"uv": [61, 110], "uv_size": [1, -1]}
							}
						},
						{
							"origin": [-4.78713, 30.75213, -26.8],
							"size": [0.2, 0.2, 0.6],
							"pivot": [-2.745, 29.4, -22],
							"rotation": [0, 0, 45],
							"uv": {
								"north": {"uv": [109, 61], "uv_size": [1, 1]},
								"east": {"uv": [62, 109], "uv_size": [1, 1]},
								"south": {"uv": [109, 62], "uv_size": [1, 1]},
								"west": {"uv": [63, 109], "uv_size": [1, 1]},
								"up": {"uv": [109, 63], "uv_size": [1, 1]},
								"down": {"uv": [64, 110], "uv_size": [1, -1]}
							}
						},
						{
							"origin": [-3.15, 30.1, -22.9],
							"size": [0.2, 1.7, 0.6],
							"inflate": 0.001,
							"uv": {
								"north": {"uv": [109, 64], "uv_size": [1, 1]},
								"east": {"uv": [65, 109], "uv_size": [1, 1]},
								"south": {"uv": [109, 65], "uv_size": [1, 1]},
								"west": {"uv": [66, 109], "uv_size": [1, 1]},
								"up": {"uv": [109, 66], "uv_size": [1, 1]},
								"down": {"uv": [67, 110], "uv_size": [1, -1]}
							}
						},
						{
							"origin": [-4.78713, 29.05213, -22.9],
							"size": [0.2, 0.2, 0.6],
							"pivot": [-2.745, 27.7, -18.1],
							"rotation": [0, 0, 45],
							"uv": {
								"north": {"uv": [109, 67], "uv_size": [1, 1]},
								"east": {"uv": [68, 109], "uv_size": [1, 1]},
								"south": {"uv": [109, 68], "uv_size": [1, 1]},
								"west": {"uv": [69, 109], "uv_size": [1, 1]},
								"up": {"uv": [109, 69], "uv_size": [1, 1]},
								"down": {"uv": [70, 110], "uv_size": [1, -1]}
							}
						},
						{
							"origin": [-4.78713, 30.75213, -22.9],
							"size": [0.2, 0.2, 0.6],
							"pivot": [-2.745, 29.4, -18.1],
							"rotation": [0, 0, 45],
							"uv": {
								"north": {"uv": [109, 70], "uv_size": [1, 1]},
								"east": {"uv": [71, 109], "uv_size": [1, 1]},
								"south": {"uv": [109, 71], "uv_size": [1, 1]},
								"west": {"uv": [72, 109], "uv_size": [1, 1]},
								"up": {"uv": [109, 72], "uv_size": [1, 1]},
								"down": {"uv": [109, 74], "uv_size": [1, -1]}
							}
						},
						{
							"origin": [-3.15, 30.1, -24.2],
							"size": [0.2, 1.7, 0.6],
							"inflate": 0.001,
							"uv": {
								"north": {"uv": [74, 109], "uv_size": [1, 1]},
								"east": {"uv": [109, 74], "uv_size": [1, 1]},
								"south": {"uv": [75, 109], "uv_size": [1, 1]},
								"west": {"uv": [109, 75], "uv_size": [1, 1]},
								"up": {"uv": [76, 109], "uv_size": [1, 1]},
								"down": {"uv": [109, 77], "uv_size": [1, -1]}
							}
						},
						{
							"origin": [-4.78713, 29.05213, -24.2],
							"size": [0.2, 0.2, 0.6],
							"pivot": [-2.745, 27.7, -19.4],
							"rotation": [0, 0, 45],
							"uv": {
								"north": {"uv": [109, 77], "uv_size": [1, 1]},
								"east": {"uv": [109, 78], "uv_size": [1, 1]},
								"south": {"uv": [109, 79], "uv_size": [1, 1]},
								"west": {"uv": [80, 109], "uv_size": [1, 1]},
								"up": {"uv": [109, 80], "uv_size": [1, 1]},
								"down": {"uv": [81, 110], "uv_size": [1, -1]}
							}
						},
						{
							"origin": [-4.78713, 30.75213, -24.2],
							"size": [0.2, 0.2, 0.6],
							"pivot": [-2.745, 29.4, -19.4],
							"rotation": [0, 0, 45],
							"uv": {
								"north": {"uv": [109, 81], "uv_size": [1, 1]},
								"east": {"uv": [82, 109], "uv_size": [1, 1]},
								"south": {"uv": [109, 82], "uv_size": [1, 1]},
								"west": {"uv": [83, 109], "uv_size": [1, 1]},
								"up": {"uv": [109, 83], "uv_size": [1, 1]},
								"down": {"uv": [84, 110], "uv_size": [1, -1]}
							}
						},
						{
							"origin": [-3.15, 30.1, -20.3],
							"size": [0.2, 1.7, 0.6],
							"inflate": 0.001,
							"uv": {
								"north": {"uv": [109, 84], "uv_size": [1, 1]},
								"east": {"uv": [85, 109], "uv_size": [1, 1]},
								"south": {"uv": [109, 85], "uv_size": [1, 1]},
								"west": {"uv": [86, 109], "uv_size": [1, 1]},
								"up": {"uv": [109, 86], "uv_size": [1, 1]},
								"down": {"uv": [87, 110], "uv_size": [1, -1]}
							}
						},
						{
							"origin": [-4.78713, 29.05213, -20.3],
							"size": [0.2, 0.2, 0.6],
							"pivot": [-2.745, 27.7, -15.5],
							"rotation": [0, 0, 45],
							"uv": {
								"north": {"uv": [109, 87], "uv_size": [1, 1]},
								"east": {"uv": [88, 109], "uv_size": [1, 1]},
								"south": {"uv": [109, 88], "uv_size": [1, 1]},
								"west": {"uv": [89, 109], "uv_size": [1, 1]},
								"up": {"uv": [109, 89], "uv_size": [1, 1]},
								"down": {"uv": [90, 110], "uv_size": [1, -1]}
							}
						},
						{
							"origin": [-4.78713, 30.75213, -20.3],
							"size": [0.2, 0.2, 0.6],
							"pivot": [-2.745, 29.4, -15.5],
							"rotation": [0, 0, 45],
							"uv": {
								"north": {"uv": [109, 90], "uv_size": [1, 1]},
								"east": {"uv": [91, 109], "uv_size": [1, 1]},
								"south": {"uv": [109, 91], "uv_size": [1, 1]},
								"west": {"uv": [92, 109], "uv_size": [1, 1]},
								"up": {"uv": [109, 92], "uv_size": [1, 1]},
								"down": {"uv": [93, 110], "uv_size": [1, -1]}
							}
						},
						{
							"origin": [-3.15, 30.1, -19],
							"size": [0.2, 1.7, 0.6],
							"inflate": 0.001,
							"uv": {
								"north": {"uv": [109, 93], "uv_size": [1, 1]},
								"east": {"uv": [94, 109], "uv_size": [1, 1]},
								"south": {"uv": [109, 94], "uv_size": [1, 1]},
								"west": {"uv": [95, 109], "uv_size": [1, 1]},
								"up": {"uv": [109, 95], "uv_size": [1, 1]},
								"down": {"uv": [96, 110], "uv_size": [1, -1]}
							}
						},
						{
							"origin": [-4.78713, 30.75213, -19],
							"size": [0.2, 0.2, 0.6],
							"pivot": [-2.745, 29.4, -14.2],
							"rotation": [0, 0, 45],
							"uv": {
								"north": {"uv": [109, 96], "uv_size": [1, 1]},
								"east": {"uv": [97, 109], "uv_size": [1, 1]},
								"south": {"uv": [109, 97], "uv_size": [1, 1]},
								"west": {"uv": [98, 109], "uv_size": [1, 1]},
								"up": {"uv": [109, 98], "uv_size": [1, 1]},
								"down": {"uv": [99, 110], "uv_size": [1, -1]}
							}
						},
						{
							"origin": [-4.78713, 29.05213, -19],
							"size": [0.2, 0.2, 0.6],
							"pivot": [-2.745, 27.7, -14.2],
							"rotation": [0, 0, 45],
							"uv": {
								"north": {"uv": [109, 99], "uv_size": [1, 1]},
								"east": {"uv": [100, 109], "uv_size": [1, 1]},
								"south": {"uv": [109, 100], "uv_size": [1, 1]},
								"west": {"uv": [101, 109], "uv_size": [1, 1]},
								"up": {"uv": [109, 101], "uv_size": [1, 1]},
								"down": {"uv": [102, 110], "uv_size": [1, -1]}
							}
						},
						{
							"origin": [-3.15, 30.1, -17.7],
							"size": [0.2, 1.7, 0.6],
							"inflate": 0.001,
							"uv": {
								"north": {"uv": [109, 102], "uv_size": [1, 1]},
								"east": {"uv": [103, 109], "uv_size": [1, 1]},
								"south": {"uv": [109, 103], "uv_size": [1, 1]},
								"west": {"uv": [104, 109], "uv_size": [1, 1]},
								"up": {"uv": [109, 104], "uv_size": [1, 1]},
								"down": {"uv": [105, 110], "uv_size": [1, -1]}
							}
						},
						{
							"origin": [-4.78713, 30.75213, -17.7],
							"size": [0.2, 0.2, 0.6],
							"pivot": [-2.745, 29.4, -12.9],
							"rotation": [0, 0, 45],
							"uv": {
								"north": {"uv": [109, 105], "uv_size": [1, 1]},
								"east": {"uv": [106, 109], "uv_size": [1, 1]},
								"south": {"uv": [109, 106], "uv_size": [1, 1]},
								"west": {"uv": [107, 109], "uv_size": [1, 1]},
								"up": {"uv": [109, 107], "uv_size": [1, 1]},
								"down": {"uv": [108, 110], "uv_size": [1, -1]}
							}
						},
						{
							"origin": [-4.78713, 29.05213, -17.7],
							"size": [0.2, 0.2, 0.6],
							"pivot": [-2.745, 27.7, -12.9],
							"rotation": [0, 0, 45],
							"uv": {
								"north": {"uv": [109, 108], "uv_size": [1, 1]},
								"east": {"uv": [109, 109], "uv_size": [1, 1]},
								"south": {"uv": [0, 110], "uv_size": [1, 1]},
								"west": {"uv": [110, 0], "uv_size": [1, 1]},
								"up": {"uv": [1, 110], "uv_size": [1, 1]},
								"down": {"uv": [110, 2], "uv_size": [1, -1]}
							}
						},
						{
							"origin": [-3.15, 30.1, -21.6],
							"size": [0.2, 1.7, 0.6],
							"inflate": 0.001,
							"uv": {
								"north": {"uv": [11, 110], "uv_size": [1, 1]},
								"east": {"uv": [110, 11], "uv_size": [1, 1]},
								"south": {"uv": [12, 110], "uv_size": [1, 1]},
								"west": {"uv": [110, 12], "uv_size": [1, 1]},
								"up": {"uv": [13, 110], "uv_size": [1, 1]},
								"down": {"uv": [110, 14], "uv_size": [1, -1]}
							}
						},
						{
							"origin": [-4.78713, 29.05213, -21.6],
							"size": [0.2, 0.2, 0.6],
							"pivot": [-2.745, 27.7, -16.8],
							"rotation": [0, 0, 45],
							"uv": {
								"north": {"uv": [14, 110], "uv_size": [1, 1]},
								"east": {"uv": [110, 14], "uv_size": [1, 1]},
								"south": {"uv": [15, 110], "uv_size": [1, 1]},
								"west": {"uv": [110, 15], "uv_size": [1, 1]},
								"up": {"uv": [16, 110], "uv_size": [1, 1]},
								"down": {"uv": [110, 17], "uv_size": [1, -1]}
							}
						},
						{
							"origin": [-4.78713, 30.75213, -21.6],
							"size": [0.2, 0.2, 0.6],
							"pivot": [-2.745, 29.4, -16.8],
							"rotation": [0, 0, 45],
							"uv": {
								"north": {"uv": [17, 110], "uv_size": [1, 1]},
								"east": {"uv": [18, 110], "uv_size": [1, 1]},
								"south": {"uv": [19, 110], "uv_size": [1, 1]},
								"west": {"uv": [20, 110], "uv_size": [1, 1]},
								"up": {"uv": [110, 20], "uv_size": [1, 1]},
								"down": {"uv": [21, 111], "uv_size": [1, -1]}
							}
						}
					]
				},
				{
					"name": "gun4",
					"parent": "handguard",
					"pivot": [2.845, 21.8, -36.5],
					"rotation": [0, 0, -90],
					"cubes": [
						{
							"origin": [3.25, 23.8, -34.2],
							"size": [0.6, 1.7, 18.06],
							"inflate": 0.001,
							"uv": {
								"north": {"uv": [110, 3], "uv_size": [-1, 1]},
								"east": {"uv": [104, 22], "uv_size": [-24, 1]},
								"south": {"uv": [5, 109], "uv_size": [-1, 1]},
								"west": {"uv": [104, 21], "uv_size": [-24, 1]},
								"up": {"uv": [13, 83], "uv_size": [-1, 24]},
								"down": {"uv": [1, 109], "uv_size": [-1, -24]}
							}
						},
						{
							"origin": [3.05, 23.8, -30.7],
							"size": [0.2, 1.7, 0.6],
							"inflate": 0.001,
							"uv": {
								"north": {"uv": [110, 4], "uv_size": [-1, 1]},
								"east": {"uv": [7, 109], "uv_size": [-1, 1]},
								"south": {"uv": [110, 5], "uv_size": [-1, 1]},
								"west": {"uv": [6, 109], "uv_size": [-1, 1]},
								"up": {"uv": [110, 6], "uv_size": [-1, 1]},
								"down": {"uv": [8, 110], "uv_size": [-1, -1]}
							}
						},
						{
							"origin": [4.475, 22.84, -30.7],
							"size": [0.2, 0.2, 0.6],
							"pivot": [2.845, 21.7, -25.9],
							"rotation": [0, 0, -45],
							"uv": {
								"north": {"uv": [110, 7], "uv_size": [-1, 1]},
								"east": {"uv": [10, 109], "uv_size": [-1, 1]},
								"south": {"uv": [110, 8], "uv_size": [-1, 1]},
								"west": {"uv": [9, 109], "uv_size": [-1, 1]},
								"up": {"uv": [110, 9], "uv_size": [-1, 1]},
								"down": {"uv": [11, 110], "uv_size": [-1, -1]}
							}
						},
						{
							"origin": [4.475, 24.54, -30.7],
							"size": [0.2, 0.2, 0.6],
							"pivot": [2.845, 23.4, -25.9],
							"rotation": [0, 0, -45],
							"uv": {
								"north": {"uv": [110, 10], "uv_size": [-1, 1]},
								"east": {"uv": [13, 109], "uv_size": [-1, 1]},
								"south": {"uv": [110, 11], "uv_size": [-1, 1]},
								"west": {"uv": [12, 109], "uv_size": [-1, 1]},
								"up": {"uv": [110, 12], "uv_size": [-1, 1]},
								"down": {"uv": [14, 110], "uv_size": [-1, -1]}
							}
						},
						{
							"origin": [3.05, 23.8, -32],
							"size": [0.2, 1.7, 0.6],
							"inflate": 0.001,
							"uv": {
								"north": {"uv": [111, 27], "uv_size": [-1, 1]},
								"east": {"uv": [30, 110], "uv_size": [-1, 1]},
								"south": {"uv": [111, 28], "uv_size": [-1, 1]},
								"west": {"uv": [29, 110], "uv_size": [-1, 1]},
								"up": {"uv": [111, 29], "uv_size": [-1, 1]},
								"down": {"uv": [111, 31], "uv_size": [-1, -1]}
							}
						},
						{
							"origin": [4.475, 22.84, -32],
							"size": [0.2, 0.2, 0.6],
							"pivot": [2.845, 21.7, -27.2],
							"rotation": [0, 0, -45],
							"uv": {
								"north": {"uv": [111, 24], "uv_size": [-1, 1]},
								"east": {"uv": [27, 110], "uv_size": [-1, 1]},
								"south": {"uv": [111, 25], "uv_size": [-1, 1]},
								"west": {"uv": [26, 110], "uv_size": [-1, 1]},
								"up": {"uv": [111, 26], "uv_size": [-1, 1]},
								"down": {"uv": [28, 111], "uv_size": [-1, -1]}
							}
						},
						{
							"origin": [4.475, 24.54, -32],
							"size": [0.2, 0.2, 0.6],
							"pivot": [2.845, 23.4, -27.2],
							"rotation": [0, 0, -45],
							"uv": {
								"north": {"uv": [111, 21], "uv_size": [-1, 1]},
								"east": {"uv": [24, 110], "uv_size": [-1, 1]},
								"south": {"uv": [111, 22], "uv_size": [-1, 1]},
								"west": {"uv": [23, 110], "uv_size": [-1, 1]},
								"up": {"uv": [111, 23], "uv_size": [-1, 1]},
								"down": {"uv": [25, 111], "uv_size": [-1, -1]}
							}
						},
						{
							"origin": [3.05, 23.8, -33.3],
							"size": [0.2, 1.7, 0.6],
							"inflate": 0.001,
							"uv": {
								"north": {"uv": [111, 37], "uv_size": [-1, 1]},
								"east": {"uv": [40, 110], "uv_size": [-1, 1]},
								"south": {"uv": [111, 38], "uv_size": [-1, 1]},
								"west": {"uv": [39, 110], "uv_size": [-1, 1]},
								"up": {"uv": [111, 39], "uv_size": [-1, 1]},
								"down": {"uv": [41, 111], "uv_size": [-1, -1]}
							}
						},
						{
							"origin": [4.475, 22.84, -33.3],
							"size": [0.2, 0.2, 0.6],
							"pivot": [2.845, 21.7, -28.5],
							"rotation": [0, 0, -45],
							"uv": {
								"north": {"uv": [111, 34], "uv_size": [-1, 1]},
								"east": {"uv": [37, 110], "uv_size": [-1, 1]},
								"south": {"uv": [111, 35], "uv_size": [-1, 1]},
								"west": {"uv": [36, 110], "uv_size": [-1, 1]},
								"up": {"uv": [111, 36], "uv_size": [-1, 1]},
								"down": {"uv": [38, 111], "uv_size": [-1, -1]}
							}
						},
						{
							"origin": [4.475, 24.54, -33.3],
							"size": [0.2, 0.2, 0.6],
							"pivot": [2.845, 23.4, -28.5],
							"rotation": [0, 0, -45],
							"uv": {
								"north": {"uv": [111, 31], "uv_size": [-1, 1]},
								"east": {"uv": [34, 110], "uv_size": [-1, 1]},
								"south": {"uv": [111, 32], "uv_size": [-1, 1]},
								"west": {"uv": [33, 110], "uv_size": [-1, 1]},
								"up": {"uv": [111, 33], "uv_size": [-1, 1]},
								"down": {"uv": [35, 111], "uv_size": [-1, -1]}
							}
						},
						{
							"origin": [3.05, 23.8, -28.1],
							"size": [0.2, 1.7, 0.6],
							"inflate": 0.001,
							"uv": {
								"north": {"uv": [110, 24], "uv_size": [-1, 1]},
								"east": {"uv": [110, 26], "uv_size": [-1, 1]},
								"south": {"uv": [27, 109], "uv_size": [-1, 1]},
								"west": {"uv": [110, 25], "uv_size": [-1, 1]},
								"up": {"uv": [28, 109], "uv_size": [-1, 1]},
								"down": {"uv": [110, 28], "uv_size": [-1, -1]}
							}
						},
						{
							"origin": [4.475, 22.84, -28.1],
							"size": [0.2, 0.2, 0.6],
							"pivot": [2.845, 21.7, -23.3],
							"rotation": [0, 0, -45],
							"uv": {
								"north": {"uv": [29, 109], "uv_size": [-1, 1]},
								"east": {"uv": [110, 29], "uv_size": [-1, 1]},
								"south": {"uv": [30, 109], "uv_size": [-1, 1]},
								"west": {"uv": [110, 28], "uv_size": [-1, 1]},
								"up": {"uv": [110, 30], "uv_size": [-1, 1]},
								"down": {"uv": [110, 32], "uv_size": [-1, -1]}
							}
						},
						{
							"origin": [4.475, 24.54, -28.1],
							"size": [0.2, 0.2, 0.6],
							"pivot": [2.845, 23.4, -23.3],
							"rotation": [0, 0, -45],
							"uv": {
								"north": {"uv": [33, 109], "uv_size": [-1, 1]},
								"east": {"uv": [110, 33], "uv_size": [-1, 1]},
								"south": {"uv": [34, 109], "uv_size": [-1, 1]},
								"west": {"uv": [110, 32], "uv_size": [-1, 1]},
								"up": {"uv": [35, 109], "uv_size": [-1, 1]},
								"down": {"uv": [110, 35], "uv_size": [-1, -1]}
							}
						},
						{
							"origin": [3.05, 23.8, -29.4],
							"size": [0.2, 1.7, 0.6],
							"inflate": 0.001,
							"uv": {
								"north": {"uv": [36, 109], "uv_size": [-1, 1]},
								"east": {"uv": [110, 36], "uv_size": [-1, 1]},
								"south": {"uv": [37, 109], "uv_size": [-1, 1]},
								"west": {"uv": [110, 35], "uv_size": [-1, 1]},
								"up": {"uv": [38, 109], "uv_size": [-1, 1]},
								"down": {"uv": [110, 38], "uv_size": [-1, -1]}
							}
						},
						{
							"origin": [4.475, 22.84, -29.4],
							"size": [0.2, 0.2, 0.6],
							"pivot": [2.845, 21.7, -24.6],
							"rotation": [0, 0, -45],
							"uv": {
								"north": {"uv": [39, 109], "uv_size": [-1, 1]},
								"east": {"uv": [110, 39], "uv_size": [-1, 1]},
								"south": {"uv": [40, 109], "uv_size": [-1, 1]},
								"west": {"uv": [110, 38], "uv_size": [-1, 1]},
								"up": {"uv": [41, 109], "uv_size": [-1, 1]},
								"down": {"uv": [110, 41], "uv_size": [-1, -1]}
							}
						},
						{
							"origin": [4.475, 24.54, -29.4],
							"size": [0.2, 0.2, 0.6],
							"pivot": [2.845, 23.4, -24.6],
							"rotation": [0, 0, -45],
							"uv": {
								"north": {"uv": [42, 109], "uv_size": [-1, 1]},
								"east": {"uv": [110, 42], "uv_size": [-1, 1]},
								"south": {"uv": [43, 109], "uv_size": [-1, 1]},
								"west": {"uv": [110, 41], "uv_size": [-1, 1]},
								"up": {"uv": [44, 109], "uv_size": [-1, 1]},
								"down": {"uv": [110, 44], "uv_size": [-1, -1]}
							}
						},
						{
							"origin": [3.05, 23.8, -25.5],
							"size": [0.2, 1.7, 0.6],
							"inflate": 0.001,
							"uv": {
								"north": {"uv": [45, 109], "uv_size": [-1, 1]},
								"east": {"uv": [110, 46], "uv_size": [-1, 1]},
								"south": {"uv": [110, 45], "uv_size": [-1, 1]},
								"west": {"uv": [110, 44], "uv_size": [-1, 1]},
								"up": {"uv": [110, 47], "uv_size": [-1, 1]},
								"down": {"uv": [110, 49], "uv_size": [-1, -1]}
							}
						},
						{
							"origin": [4.475, 22.84, -25.5],
							"size": [0.2, 0.2, 0.6],
							"pivot": [2.845, 21.7, -20.7],
							"rotation": [0, 0, -45],
							"uv": {
								"north": {"uv": [50, 109], "uv_size": [-1, 1]},
								"east": {"uv": [110, 50], "uv_size": [-1, 1]},
								"south": {"uv": [51, 109], "uv_size": [-1, 1]},
								"west": {"uv": [110, 49], "uv_size": [-1, 1]},
								"up": {"uv": [52, 109], "uv_size": [-1, 1]},
								"down": {"uv": [110, 52], "uv_size": [-1, -1]}
							}
						},
						{
							"origin": [4.475, 24.54, -25.5],
							"size": [0.2, 0.2, 0.6],
							"pivot": [2.845, 23.4, -20.7],
							"rotation": [0, 0, -45],
							"uv": {
								"north": {"uv": [53, 109], "uv_size": [-1, 1]},
								"east": {"uv": [110, 53], "uv_size": [-1, 1]},
								"south": {"uv": [54, 109], "uv_size": [-1, 1]},
								"west": {"uv": [110, 52], "uv_size": [-1, 1]},
								"up": {"uv": [55, 109], "uv_size": [-1, 1]},
								"down": {"uv": [110, 55], "uv_size": [-1, -1]}
							}
						},
						{
							"origin": [3.05, 23.8, -26.8],
							"size": [0.2, 1.7, 0.6],
							"inflate": 0.001,
							"uv": {
								"north": {"uv": [56, 109], "uv_size": [-1, 1]},
								"east": {"uv": [110, 56], "uv_size": [-1, 1]},
								"south": {"uv": [57, 109], "uv_size": [-1, 1]},
								"west": {"uv": [110, 55], "uv_size": [-1, 1]},
								"up": {"uv": [58, 109], "uv_size": [-1, 1]},
								"down": {"uv": [59, 110], "uv_size": [-1, -1]}
							}
						},
						{
							"origin": [4.475, 22.84, -26.8],
							"size": [0.2, 0.2, 0.6],
							"pivot": [2.845, 21.7, -22],
							"rotation": [0, 0, -45],
							"uv": {
								"north": {"uv": [110, 58], "uv_size": [-1, 1]},
								"east": {"uv": [61, 109], "uv_size": [-1, 1]},
								"south": {"uv": [110, 59], "uv_size": [-1, 1]},
								"west": {"uv": [60, 109], "uv_size": [-1, 1]},
								"up": {"uv": [110, 60], "uv_size": [-1, 1]},
								"down": {"uv": [62, 110], "uv_size": [-1, -1]}
							}
						},
						{
							"origin": [4.475, 24.54, -26.8],
							"size": [0.2, 0.2, 0.6],
							"pivot": [2.845, 23.4, -22],
							"rotation": [0, 0, -45],
							"uv": {
								"north": {"uv": [110, 61], "uv_size": [-1, 1]},
								"east": {"uv": [64, 109], "uv_size": [-1, 1]},
								"south": {"uv": [110, 62], "uv_size": [-1, 1]},
								"west": {"uv": [63, 109], "uv_size": [-1, 1]},
								"up": {"uv": [110, 63], "uv_size": [-1, 1]},
								"down": {"uv": [65, 110], "uv_size": [-1, -1]}
							}
						},
						{
							"origin": [3.05, 23.8, -22.9],
							"size": [0.2, 1.7, 0.6],
							"inflate": 0.001,
							"uv": {
								"north": {"uv": [110, 64], "uv_size": [-1, 1]},
								"east": {"uv": [67, 109], "uv_size": [-1, 1]},
								"south": {"uv": [110, 65], "uv_size": [-1, 1]},
								"west": {"uv": [66, 109], "uv_size": [-1, 1]},
								"up": {"uv": [110, 66], "uv_size": [-1, 1]},
								"down": {"uv": [68, 110], "uv_size": [-1, -1]}
							}
						},
						{
							"origin": [4.475, 22.84, -22.9],
							"size": [0.2, 0.2, 0.6],
							"pivot": [2.845, 21.7, -18.1],
							"rotation": [0, 0, -45],
							"uv": {
								"north": {"uv": [110, 67], "uv_size": [-1, 1]},
								"east": {"uv": [70, 109], "uv_size": [-1, 1]},
								"south": {"uv": [110, 68], "uv_size": [-1, 1]},
								"west": {"uv": [69, 109], "uv_size": [-1, 1]},
								"up": {"uv": [110, 69], "uv_size": [-1, 1]},
								"down": {"uv": [71, 110], "uv_size": [-1, -1]}
							}
						},
						{
							"origin": [4.475, 24.54, -22.9],
							"size": [0.2, 0.2, 0.6],
							"pivot": [2.845, 23.4, -18.1],
							"rotation": [0, 0, -45],
							"uv": {
								"north": {"uv": [110, 70], "uv_size": [-1, 1]},
								"east": {"uv": [73, 109], "uv_size": [-1, 1]},
								"south": {"uv": [110, 71], "uv_size": [-1, 1]},
								"west": {"uv": [72, 109], "uv_size": [-1, 1]},
								"up": {"uv": [110, 72], "uv_size": [-1, 1]},
								"down": {"uv": [110, 74], "uv_size": [-1, -1]}
							}
						},
						{
							"origin": [3.05, 23.8, -24.2],
							"size": [0.2, 1.7, 0.6],
							"inflate": 0.001,
							"uv": {
								"north": {"uv": [75, 109], "uv_size": [-1, 1]},
								"east": {"uv": [110, 75], "uv_size": [-1, 1]},
								"south": {"uv": [76, 109], "uv_size": [-1, 1]},
								"west": {"uv": [110, 74], "uv_size": [-1, 1]},
								"up": {"uv": [77, 109], "uv_size": [-1, 1]},
								"down": {"uv": [110, 77], "uv_size": [-1, -1]}
							}
						},
						{
							"origin": [4.475, 22.84, -24.2],
							"size": [0.2, 0.2, 0.6],
							"pivot": [2.845, 21.7, -19.4],
							"rotation": [0, 0, -45],
							"uv": {
								"north": {"uv": [110, 77], "uv_size": [-1, 1]},
								"east": {"uv": [81, 109], "uv_size": [-1, 1]},
								"south": {"uv": [110, 79], "uv_size": [-1, 1]},
								"west": {"uv": [110, 78], "uv_size": [-1, 1]},
								"up": {"uv": [110, 80], "uv_size": [-1, 1]},
								"down": {"uv": [82, 110], "uv_size": [-1, -1]}
							}
						},
						{
							"origin": [4.475, 24.54, -24.2],
							"size": [0.2, 0.2, 0.6],
							"pivot": [2.845, 23.4, -19.4],
							"rotation": [0, 0, -45],
							"uv": {
								"north": {"uv": [110, 81], "uv_size": [-1, 1]},
								"east": {"uv": [84, 109], "uv_size": [-1, 1]},
								"south": {"uv": [110, 82], "uv_size": [-1, 1]},
								"west": {"uv": [83, 109], "uv_size": [-1, 1]},
								"up": {"uv": [110, 83], "uv_size": [-1, 1]},
								"down": {"uv": [85, 110], "uv_size": [-1, -1]}
							}
						},
						{
							"origin": [3.05, 23.8, -20.3],
							"size": [0.2, 1.7, 0.6],
							"inflate": 0.001,
							"uv": {
								"north": {"uv": [110, 84], "uv_size": [-1, 1]},
								"east": {"uv": [87, 109], "uv_size": [-1, 1]},
								"south": {"uv": [110, 85], "uv_size": [-1, 1]},
								"west": {"uv": [86, 109], "uv_size": [-1, 1]},
								"up": {"uv": [110, 86], "uv_size": [-1, 1]},
								"down": {"uv": [88, 110], "uv_size": [-1, -1]}
							}
						},
						{
							"origin": [4.475, 22.84, -20.3],
							"size": [0.2, 0.2, 0.6],
							"pivot": [2.845, 21.7, -15.5],
							"rotation": [0, 0, -45],
							"uv": {
								"north": {"uv": [110, 87], "uv_size": [-1, 1]},
								"east": {"uv": [90, 109], "uv_size": [-1, 1]},
								"south": {"uv": [110, 88], "uv_size": [-1, 1]},
								"west": {"uv": [89, 109], "uv_size": [-1, 1]},
								"up": {"uv": [110, 89], "uv_size": [-1, 1]},
								"down": {"uv": [91, 110], "uv_size": [-1, -1]}
							}
						},
						{
							"origin": [4.475, 24.54, -20.3],
							"size": [0.2, 0.2, 0.6],
							"pivot": [2.845, 23.4, -15.5],
							"rotation": [0, 0, -45],
							"uv": {
								"north": {"uv": [110, 90], "uv_size": [-1, 1]},
								"east": {"uv": [93, 109], "uv_size": [-1, 1]},
								"south": {"uv": [110, 91], "uv_size": [-1, 1]},
								"west": {"uv": [92, 109], "uv_size": [-1, 1]},
								"up": {"uv": [110, 92], "uv_size": [-1, 1]},
								"down": {"uv": [94, 110], "uv_size": [-1, -1]}
							}
						},
						{
							"origin": [3.05, 23.8, -19],
							"size": [0.2, 1.7, 0.6],
							"inflate": 0.001,
							"uv": {
								"north": {"uv": [110, 93], "uv_size": [-1, 1]},
								"east": {"uv": [96, 109], "uv_size": [-1, 1]},
								"south": {"uv": [110, 94], "uv_size": [-1, 1]},
								"west": {"uv": [95, 109], "uv_size": [-1, 1]},
								"up": {"uv": [110, 95], "uv_size": [-1, 1]},
								"down": {"uv": [97, 110], "uv_size": [-1, -1]}
							}
						},
						{
							"origin": [4.475, 24.54, -19],
							"size": [0.2, 0.2, 0.6],
							"pivot": [2.845, 23.4, -14.2],
							"rotation": [0, 0, -45],
							"uv": {
								"north": {"uv": [110, 96], "uv_size": [-1, 1]},
								"east": {"uv": [99, 109], "uv_size": [-1, 1]},
								"south": {"uv": [110, 97], "uv_size": [-1, 1]},
								"west": {"uv": [98, 109], "uv_size": [-1, 1]},
								"up": {"uv": [110, 98], "uv_size": [-1, 1]},
								"down": {"uv": [100, 110], "uv_size": [-1, -1]}
							}
						},
						{
							"origin": [4.475, 22.84, -19],
							"size": [0.2, 0.2, 0.6],
							"pivot": [2.845, 21.7, -14.2],
							"rotation": [0, 0, -45],
							"uv": {
								"north": {"uv": [110, 99], "uv_size": [-1, 1]},
								"east": {"uv": [102, 109], "uv_size": [-1, 1]},
								"south": {"uv": [110, 100], "uv_size": [-1, 1]},
								"west": {"uv": [101, 109], "uv_size": [-1, 1]},
								"up": {"uv": [110, 101], "uv_size": [-1, 1]},
								"down": {"uv": [103, 110], "uv_size": [-1, -1]}
							}
						},
						{
							"origin": [3.05, 23.8, -17.7],
							"size": [0.2, 1.7, 0.6],
							"inflate": 0.001,
							"uv": {
								"north": {"uv": [110, 102], "uv_size": [-1, 1]},
								"east": {"uv": [105, 109], "uv_size": [-1, 1]},
								"south": {"uv": [110, 103], "uv_size": [-1, 1]},
								"west": {"uv": [104, 109], "uv_size": [-1, 1]},
								"up": {"uv": [110, 104], "uv_size": [-1, 1]},
								"down": {"uv": [106, 110], "uv_size": [-1, -1]}
							}
						},
						{
							"origin": [4.475, 24.54, -17.7],
							"size": [0.2, 0.2, 0.6],
							"pivot": [2.845, 23.4, -12.9],
							"rotation": [0, 0, -45],
							"uv": {
								"north": {"uv": [110, 105], "uv_size": [-1, 1]},
								"east": {"uv": [108, 109], "uv_size": [-1, 1]},
								"south": {"uv": [110, 106], "uv_size": [-1, 1]},
								"west": {"uv": [107, 109], "uv_size": [-1, 1]},
								"up": {"uv": [110, 107], "uv_size": [-1, 1]},
								"down": {"uv": [109, 110], "uv_size": [-1, -1]}
							}
						},
						{
							"origin": [4.475, 22.84, -17.7],
							"size": [0.2, 0.2, 0.6],
							"pivot": [2.845, 21.7, -12.9],
							"rotation": [0, 0, -45],
							"uv": {
								"north": {"uv": [110, 108], "uv_size": [-1, 1]},
								"east": {"uv": [111, 0], "uv_size": [-1, 1]},
								"south": {"uv": [1, 110], "uv_size": [-1, 1]},
								"west": {"uv": [110, 109], "uv_size": [-1, 1]},
								"up": {"uv": [2, 110], "uv_size": [-1, 1]},
								"down": {"uv": [111, 2], "uv_size": [-1, -1]}
							}
						},
						{
							"origin": [3.05, 23.8, -21.6],
							"size": [0.2, 1.7, 0.6],
							"inflate": 0.001,
							"uv": {
								"north": {"uv": [12, 110], "uv_size": [-1, 1]},
								"east": {"uv": [111, 12], "uv_size": [-1, 1]},
								"south": {"uv": [13, 110], "uv_size": [-1, 1]},
								"west": {"uv": [111, 11], "uv_size": [-1, 1]},
								"up": {"uv": [14, 110], "uv_size": [-1, 1]},
								"down": {"uv": [111, 14], "uv_size": [-1, -1]}
							}
						},
						{
							"origin": [4.475, 22.84, -21.6],
							"size": [0.2, 0.2, 0.6],
							"pivot": [2.845, 21.7, -16.8],
							"rotation": [0, 0, -45],
							"uv": {
								"north": {"uv": [15, 110], "uv_size": [-1, 1]},
								"east": {"uv": [111, 15], "uv_size": [-1, 1]},
								"south": {"uv": [16, 110], "uv_size": [-1, 1]},
								"west": {"uv": [111, 14], "uv_size": [-1, 1]},
								"up": {"uv": [17, 110], "uv_size": [-1, 1]},
								"down": {"uv": [111, 17], "uv_size": [-1, -1]}
							}
						},
						{
							"origin": [4.475, 24.54, -21.6],
							"size": [0.2, 0.2, 0.6],
							"pivot": [2.845, 23.4, -16.8],
							"rotation": [0, 0, -45],
							"uv": {
								"north": {"uv": [18, 110], "uv_size": [-1, 1]},
								"east": {"uv": [21, 110], "uv_size": [-1, 1]},
								"south": {"uv": [20, 110], "uv_size": [-1, 1]},
								"west": {"uv": [19, 110], "uv_size": [-1, 1]},
								"up": {"uv": [111, 20], "uv_size": [-1, 1]},
								"down": {"uv": [22, 111], "uv_size": [-1, -1]}
							}
						}
					]
				},
				{
					"name": "bone21",
					"parent": "handguard",
					"pivot": [0.88968, 28.07848, 9.8],
					"rotation": [0, 0, -5],
					"cubes": [
						{
							"origin": [-0.70507, 26.05332, -32.9],
							"size": [1.7, 0.8, 17.9],
							"pivot": [0.99493, 26.05332, -15],
							"rotation": [0, 0, 17],
							"uv": {
								"north": {"uv": [107, 72], "uv_size": [-2, 1]},
								"east": {"uv": [87, 64], "uv_size": [18, 1]},
								"south": {"uv": [76, 105], "uv_size": [-2, 1]},
								"west": {"uv": [105, 64], "uv_size": [-18, 1]},
								"up": {"uv": [61, 78], "uv_size": [-2, 18]},
								"down": {"uv": [63, 96], "uv_size": [-2, -18]}
							}
						},
						{
							"origin": [-0.47118, 26.81837, -32.9],
							"size": [1.7, 0.5, 17.9],
							"uv": {
								"north": {"uv": [100, 14], "uv_size": [2, 3]},
								"east": {"uv": [32, 0], "uv_size": [61, 3]},
								"south": {"uv": [50, 12], "uv_size": [13, 5]},
								"west": {"uv": [32, 3], "uv_size": [61, 3]},
								"up": {"uv": [41, 20], "uv_size": [2, 61]},
								"down": {"uv": [43, 81], "uv_size": [2, -61]}
							}
						},
						{
							"origin": [-3.62118, 28.01837, -32.9],
							"size": [0.9, 0.7, 4.7],
							"pivot": [-2.07118, 24.21837, 4],
							"rotation": [0, 0, 55],
							"uv": {
								"north": {"uv": [39, 98], "uv_size": [-1, -37]},
								"east": {"uv": [39, 98], "uv_size": [-1, -37]},
								"south": {"uv": [39, 98], "uv_size": [-1, -37]},
								"west": {"uv": [39, 98], "uv_size": [-1, -37]},
								"up": {"uv": [98, 48], "uv_size": [7, -2]},
								"down": {"uv": [38, 61], "uv_size": [1, 37]}
							}
						},
						{
							"origin": [-3.62118, 28.01837, -17.7],
							"size": [0.9, 0.7, 2.7],
							"pivot": [-2.07118, 24.21837, 17.2],
							"rotation": [0, 0, 55],
							"uv": {
								"north": {"uv": [39, 98], "uv_size": [-1, -37]},
								"east": {"uv": [39, 98], "uv_size": [-1, -37]},
								"south": {"uv": [39, 98], "uv_size": [-1, -37]},
								"west": {"uv": [39, 98], "uv_size": [-1, -37]},
								"up": {"uv": [98, 48], "uv_size": [7, -2]},
								"down": {"uv": [38, 61], "uv_size": [1, 37]}
							}
						},
						{
							"origin": [-3.02118, 28.01837, -28.2],
							"size": [0.3, 0.7, 10.5],
							"pivot": [-2.07118, 24.21837, 14.5],
							"rotation": [0, 0, 55],
							"uv": {
								"north": {"uv": [105, 46], "uv_size": [-7, 2]},
								"east": {"uv": [105, 46], "uv_size": [-7, 2]},
								"south": {"uv": [105, 46], "uv_size": [-7, 2]},
								"west": {"uv": [105, 46], "uv_size": [-7, 2]},
								"up": {"uv": [98, 48], "uv_size": [7, -2]},
								"down": {"uv": [98, 48], "uv_size": [7, -2]}
							}
						},
						{
							"origin": [0.27597, 27.36915, -32.9],
							"size": [0.45, 0.7, 14.2],
							"pivot": [0.72597, 28.06915, 9.8],
							"rotation": [0, 0, 38],
							"uv": {
								"north": {"uv": [39, 98], "uv_size": [-1, -37]},
								"east": {"uv": [39, 98], "uv_size": [-1, -37]},
								"south": {"uv": [39, 98], "uv_size": [-1, -37]},
								"west": {"uv": [39, 98], "uv_size": [-1, -37]},
								"up": {"uv": [38, 61], "uv_size": [1, 37]},
								"down": {"uv": [38, 61], "uv_size": [1, 37]}
							}
						},
						{
							"origin": [0.27597, 27.36915, -18.7],
							"size": [0.15, 0.7, 1],
							"pivot": [0.72597, 28.06915, 10.8],
							"rotation": [0, 0, 38],
							"uv": {
								"north": {"uv": [39, 98], "uv_size": [-1, -37]},
								"east": {"uv": [39, 98], "uv_size": [-1, -37]},
								"south": {"uv": [39, 98], "uv_size": [-1, -37]},
								"west": {"uv": [39, 98], "uv_size": [-1, -37]},
								"up": {"uv": [38, 61], "uv_size": [1, 37]},
								"down": {"uv": [38, 61], "uv_size": [1, 37]}
							}
						},
						{
							"origin": [0.27597, 27.36915, -17.7],
							"size": [0.45, 0.7, 2.7],
							"pivot": [0.72597, 28.06915, 13.4],
							"rotation": [0, 0, 38],
							"uv": {
								"north": {"uv": [39, 98], "uv_size": [-1, -37]},
								"east": {"uv": [39, 98], "uv_size": [-1, -37]},
								"south": {"uv": [39, 98], "uv_size": [-1, -37]},
								"west": {"uv": [39, 98], "uv_size": [-1, -37]},
								"up": {"uv": [38, 61], "uv_size": [1, 37]},
								"down": {"uv": [38, 61], "uv_size": [1, 37]}
							}
						}
					]
				},
				{
					"name": "bone22",
					"parent": "handguard",
					"pivot": [-1.15864, 26.06266, -15],
					"rotation": [0, 0, 5],
					"cubes": [
						{
							"origin": [-0.88968, 27.37848, -32.9],
							"size": [0.45, 0.7, 17.9],
							"pivot": [-0.88968, 28.07848, 9.8],
							"rotation": [0, 0, -38],
							"uv": {
								"north": {"uv": [38, 98], "uv_size": [1, -37]},
								"east": {"uv": [38, 98], "uv_size": [1, -37]},
								"south": {"uv": [38, 98], "uv_size": [1, -37]},
								"west": {"uv": [38, 98], "uv_size": [1, -37]},
								"up": {"uv": [39, 61], "uv_size": [-1, 37]},
								"down": {"uv": [39, 61], "uv_size": [-1, 37]}
							}
						},
						{
							"origin": [2.55746, 28.0277, -32.9],
							"size": [0.9, 0.7, 17.9],
							"pivot": [1.90746, 24.2277, 4],
							"rotation": [0, 0, -55],
							"uv": {
								"north": {"uv": [38, 98], "uv_size": [1, -37]},
								"east": {"uv": [38, 98], "uv_size": [1, -37]},
								"south": {"uv": [38, 98], "uv_size": [1, -37]},
								"west": {"uv": [38, 98], "uv_size": [1, -37]},
								"up": {"uv": [39, 61], "uv_size": [-1, 37]},
								"down": {"uv": [39, 61], "uv_size": [-1, 37]}
							}
						},
						{
							"origin": [-1.39254, 26.8277, -32.9],
							"size": [1.7, 0.5, 17.9],
							"uv": {
								"north": {"uv": [102, 14], "uv_size": [-2, 3]},
								"east": {"uv": [93, 3], "uv_size": [-61, 3]},
								"south": {"uv": [63, 12], "uv_size": [-13, 5]},
								"west": {"uv": [93, 0], "uv_size": [-61, 3]},
								"up": {"uv": [43, 20], "uv_size": [-2, 61]},
								"down": {"uv": [45, 81], "uv_size": [-2, -61]}
							}
						},
						{
							"origin": [-1.15864, 26.06266, -32.9],
							"size": [1.7, 0.8, 17.9],
							"pivot": [-1.15864, 26.06266, -15],
							"rotation": [0, 0, -17],
							"uv": {
								"north": {"uv": [105, 72], "uv_size": [2, 1]},
								"east": {"uv": [87, 64], "uv_size": [18, 1]},
								"south": {"uv": [74, 105], "uv_size": [2, 1]},
								"west": {"uv": [105, 64], "uv_size": [-18, 1]},
								"up": {"uv": [59, 78], "uv_size": [2, 18]},
								"down": {"uv": [61, 96], "uv_size": [2, -18]}
							}
						}
					]
				},
				{
					"name": "_ca_handguard",
					"parent": "main",
					"pivot": [-0.2, 23.45, -30.025],
					"cubes": [
						{"origin": [-0.5, 22.95, -23.725], "size": [1, 1, 1], "uv": [50, 204]}
					]
				}
			]
		}
	]
}