{
	"format_version": "1.12.0",
	"minecraft:geometry": [
		{
			"description": {
				"identifier": "geometry.roth1903.geo",
				"texture_width": 128,
				"texture_height": 128,
				"visible_bounds_width": 14,
				"visible_bounds_height": 4,
				"visible_bounds_offset": [0, 1, 0]
			},
			"bones": [
				{
					"name": "main",
					"pivot": [0, 20, 0]
				},
				{
					"name": "specter",
					"parent": "main",
					"pivot": [0, 29.1, -5.55],
					"cubes": [
						{
							"origin": [1.012, 28.996, -17.3825],
							"size": [1.848, 0.936, 2.34],
							"uv": {
								"north": {"uv": [96, 13], "uv_size": [6, 3]},
								"east": {"uv": [96, 13], "uv_size": [6, 3]},
								"south": {"uv": [96, 13], "uv_size": [6, 3]},
								"west": {"uv": [96, 13], "uv_size": [6, 3]},
								"up": {"uv": [102, 16], "uv_size": [-6, -3]},
								"down": {"uv": [102, 16], "uv_size": [-6, -3]}
							}
						},
						{
							"origin": [1.012, 29.896, -17.3825],
							"size": [1.348, 0.436, 2.34],
							"uv": {
								"north": {"uv": [96, 13], "uv_size": [6, 3]},
								"east": {"uv": [96, 13], "uv_size": [6, 3]},
								"south": {"uv": [96, 13], "uv_size": [6, 3]},
								"west": {"uv": [96, 13], "uv_size": [6, 3]},
								"up": {"uv": [102, 16], "uv_size": [-6, -3]},
								"down": {"uv": [102, 16], "uv_size": [-6, -3]}
							}
						},
						{
							"origin": [1.012, 30.396, -17.3825],
							"size": [1.348, 0.836, 2.34],
							"uv": {
								"north": {"uv": [96, 13], "uv_size": [6, 3]},
								"east": {"uv": [96, 13], "uv_size": [6, 3]},
								"south": {"uv": [96, 13], "uv_size": [6, 3]},
								"west": {"uv": [96, 13], "uv_size": [6, 3]},
								"up": {"uv": [102, 16], "uv_size": [-6, -3]},
								"down": {"uv": [102, 16], "uv_size": [-6, -3]}
							}
						},
						{
							"origin": [1.012, 28.996, -12.9825],
							"size": [1.848, 0.936, 2.74],
							"uv": {
								"north": {"uv": [96, 13], "uv_size": [6, 3]},
								"east": {"uv": [96, 13], "uv_size": [6, 3]},
								"south": {"uv": [96, 13], "uv_size": [6, 3]},
								"west": {"uv": [96, 13], "uv_size": [6, 3]},
								"up": {"uv": [102, 16], "uv_size": [-6, -3]},
								"down": {"uv": [102, 16], "uv_size": [-6, -3]}
							}
						},
						{
							"origin": [2.112, 23.696, -17.3825],
							"size": [0.748, 5.336, 2.34],
							"uv": {
								"north": {"uv": [96, 13], "uv_size": [6, 3]},
								"east": {"uv": [96, 13], "uv_size": [6, 3]},
								"south": {"uv": [96, 13], "uv_size": [6, 3]},
								"west": {"uv": [96, 13], "uv_size": [6, 3]},
								"up": {"uv": [102, 16], "uv_size": [-6, -3]},
								"down": {"uv": [102, 16], "uv_size": [-6, -3]}
							}
						},
						{
							"origin": [2.312, 23.696, -12.9825],
							"size": [0.548, 5.336, 2.74],
							"uv": {
								"north": {"uv": [96, 13], "uv_size": [6, 3]},
								"east": {"uv": [96, 13], "uv_size": [6, 3]},
								"south": {"uv": [96, 13], "uv_size": [6, 3]},
								"west": {"uv": [96, 13], "uv_size": [6, 3]},
								"up": {"uv": [102, 16], "uv_size": [-6, -3]},
								"down": {"uv": [102, 16], "uv_size": [-6, -3]}
							}
						},
						{
							"origin": [2.312, 23.696, -15.0825],
							"size": [0.548, 2.336, 2.14],
							"uv": {
								"north": {"uv": [96, 13], "uv_size": [6, 3]},
								"east": {"uv": [96, 13], "uv_size": [6, 3]},
								"south": {"uv": [96, 13], "uv_size": [6, 3]},
								"west": {"uv": [96, 13], "uv_size": [6, 3]},
								"up": {"uv": [102, 16], "uv_size": [-6, -3]},
								"down": {"uv": [102, 16], "uv_size": [-6, -3]}
							}
						},
						{
							"origin": [2.312, 27.896, -12.7825],
							"size": [0.548, 0.336, 0.64],
							"pivot": [2.4, 28.8, -12.8365],
							"rotation": [-45, 0, 0],
							"uv": {
								"north": {"uv": [96, 13], "uv_size": [6, 3]},
								"east": {"uv": [96, 13], "uv_size": [6, 3]},
								"south": {"uv": [96, 13], "uv_size": [6, 3]},
								"west": {"uv": [96, 13], "uv_size": [6, 3]},
								"up": {"uv": [102, 16], "uv_size": [-6, -3]},
								"down": {"uv": [102, 16], "uv_size": [-6, -3]}
							}
						},
						{
							"origin": [2.312, 27.896, -15.9575],
							"size": [0.548, 0.336, 0.64],
							"pivot": [2.4, 28.8, -15.2635],
							"rotation": [45, 0, 0],
							"uv": {
								"north": {"uv": [96, 13], "uv_size": [6, 3]},
								"east": {"uv": [96, 13], "uv_size": [6, 3]},
								"south": {"uv": [96, 13], "uv_size": [6, 3]},
								"west": {"uv": [96, 13], "uv_size": [6, 3]},
								"up": {"uv": [102, 16], "uv_size": [-6, -3]},
								"down": {"uv": [102, 16], "uv_size": [-6, -3]}
							}
						},
						{
							"origin": [2.312, 25.868, -15.9575],
							"size": [0.548, 0.336, 0.64],
							"pivot": [2.4, 25.3, -15.2635],
							"rotation": [-45, 0, 0],
							"uv": {
								"north": {"uv": [96, 13], "uv_size": [6, 3]},
								"east": {"uv": [96, 13], "uv_size": [6, 3]},
								"south": {"uv": [96, 13], "uv_size": [6, 3]},
								"west": {"uv": [96, 13], "uv_size": [6, 3]},
								"up": {"uv": [102, 16], "uv_size": [-6, -3]},
								"down": {"uv": [102, 16], "uv_size": [-6, -3]}
							}
						},
						{
							"origin": [2.312, 25.868, -12.7825],
							"size": [0.548, 0.336, 0.64],
							"pivot": [2.4, 25.3, -12.8365],
							"rotation": [45, 0, 0],
							"uv": {
								"north": {"uv": [96, 13], "uv_size": [6, 3]},
								"east": {"uv": [96, 13], "uv_size": [6, 3]},
								"south": {"uv": [96, 13], "uv_size": [6, 3]},
								"west": {"uv": [96, 13], "uv_size": [6, 3]},
								"up": {"uv": [102, 16], "uv_size": [-6, -3]},
								"down": {"uv": [102, 16], "uv_size": [-6, -3]}
							}
						},
						{
							"origin": [2.312, 28.096, -15.0825],
							"size": [0.548, 1.836, 2.14],
							"uv": {
								"north": {"uv": [96, 13], "uv_size": [6, 3]},
								"east": {"uv": [96, 13], "uv_size": [6, 3]},
								"south": {"uv": [96, 13], "uv_size": [6, 3]},
								"west": {"uv": [96, 13], "uv_size": [6, 3]},
								"up": {"uv": [102, 16], "uv_size": [-6, -3]},
								"down": {"uv": [102, 16], "uv_size": [-6, -3]}
							}
						},
						{
							"origin": [1.512, 23.696, -18.0825],
							"size": [0.648, 0.836, 8.54],
							"uv": {
								"north": {"uv": [96, 13], "uv_size": [6, 3]},
								"east": {"uv": [96, 13], "uv_size": [6, 3]},
								"south": {"uv": [96, 13], "uv_size": [6, 3]},
								"west": {"uv": [96, 13], "uv_size": [6, 3]},
								"up": {"uv": [102, 16], "uv_size": [-6, -3]},
								"down": {"uv": [102, 16], "uv_size": [-6, -3]}
							}
						},
						{
							"origin": [2.512, 23.696, -17.2825],
							"size": [1.048, 1.636, 0.54],
							"uv": {
								"north": {"uv": [45, 9], "uv_size": [1, 43]},
								"east": {"uv": [45, 9], "uv_size": [1, 43]},
								"south": {"uv": [45, 9], "uv_size": [1, 43]},
								"west": {"uv": [45, 9], "uv_size": [1, 43]},
								"up": {"uv": [46, 52], "uv_size": [-1, -43]},
								"down": {"uv": [46, 52], "uv_size": [-1, -43]}
							}
						},
						{
							"origin": [2.5091, 23.696, -17.30461],
							"size": [1.048, 1.636, 0.54],
							"pivot": [3.5971, 23.9, -16.75861],
							"rotation": [0, 32, 0],
							"uv": {
								"north": {"uv": [45, 9], "uv_size": [1, 43]},
								"east": {"uv": [45, 9], "uv_size": [1, 43]},
								"south": {"uv": [45, 9], "uv_size": [1, 43]},
								"west": {"uv": [45, 9], "uv_size": [1, 43]},
								"up": {"uv": [46, 52], "uv_size": [-1, -43]},
								"down": {"uv": [46, 52], "uv_size": [-1, -43]}
							}
						},
						{
							"origin": [2.512, 23.696, -10.8575],
							"size": [1.048, 1.636, 0.54],
							"uv": {
								"north": {"uv": [45, 9], "uv_size": [1, 43]},
								"east": {"uv": [45, 9], "uv_size": [1, 43]},
								"south": {"uv": [45, 9], "uv_size": [1, 43]},
								"west": {"uv": [45, 9], "uv_size": [1, 43]},
								"up": {"uv": [46, 52], "uv_size": [-1, -43]},
								"down": {"uv": [46, 52], "uv_size": [-1, -43]}
							}
						},
						{
							"origin": [2.5091, 23.696, -10.83539],
							"size": [1.048, 1.636, 0.54],
							"pivot": [3.5971, 23.9, -10.84139],
							"rotation": [0, -32, 0],
							"uv": {
								"north": {"uv": [45, 9], "uv_size": [1, 43]},
								"east": {"uv": [45, 9], "uv_size": [1, 43]},
								"south": {"uv": [45, 9], "uv_size": [1, 43]},
								"west": {"uv": [45, 9], "uv_size": [1, 43]},
								"up": {"uv": [46, 52], "uv_size": [-1, -43]},
								"down": {"uv": [46, 52], "uv_size": [-1, -43]}
							}
						},
						{
							"origin": [2.13373, 23.696, -18.1003],
							"size": [1.348, 0.836, 1.04],
							"pivot": [2.12173, 23.7, -18.0543],
							"rotation": [0, -39, 0],
							"uv": {
								"north": {"uv": [96, 13], "uv_size": [6, 3]},
								"east": {"uv": [96, 13], "uv_size": [6, 3]},
								"south": {"uv": [96, 13], "uv_size": [6, 3]},
								"west": {"uv": [96, 13], "uv_size": [6, 3]},
								"up": {"uv": [102, 16], "uv_size": [-6, -3]},
								"down": {"uv": [102, 16], "uv_size": [-6, -3]}
							}
						},
						{
							"origin": [2.13373, 23.696, -10.5397],
							"size": [1.348, 0.836, 1.04],
							"pivot": [2.12173, 23.7, -9.5457],
							"rotation": [0, 39, 0],
							"uv": {
								"north": {"uv": [96, 13], "uv_size": [6, 3]},
								"east": {"uv": [96, 13], "uv_size": [6, 3]},
								"south": {"uv": [96, 13], "uv_size": [6, 3]},
								"west": {"uv": [96, 13], "uv_size": [6, 3]},
								"up": {"uv": [102, 16], "uv_size": [-6, -3]},
								"down": {"uv": [102, 16], "uv_size": [-6, -3]}
							}
						},
						{
							"origin": [1.012, 29.896, -12.9825],
							"size": [1.348, 0.436, 2.74],
							"uv": {
								"north": {"uv": [96, 13], "uv_size": [6, 3]},
								"east": {"uv": [96, 13], "uv_size": [6, 3]},
								"south": {"uv": [96, 13], "uv_size": [6, 3]},
								"west": {"uv": [96, 13], "uv_size": [6, 3]},
								"up": {"uv": [102, 16], "uv_size": [-6, -3]},
								"down": {"uv": [102, 16], "uv_size": [-6, -3]}
							}
						},
						{
							"origin": [1.012, 30.396, -12.9825],
							"size": [1.348, 0.836, 2.74],
							"uv": {
								"north": {"uv": [96, 13], "uv_size": [6, 3]},
								"east": {"uv": [96, 13], "uv_size": [6, 3]},
								"south": {"uv": [96, 13], "uv_size": [6, 3]},
								"west": {"uv": [96, 13], "uv_size": [6, 3]},
								"up": {"uv": [102, 16], "uv_size": [-6, -3]},
								"down": {"uv": [102, 16], "uv_size": [-6, -3]}
							}
						},
						{
							"origin": [-1.211, 29.272, 1.4005],
							"size": [2.322, 2.37, 0.76],
							"uv": {
								"north": {"uv": [57, 4], "uv_size": [3, 4]},
								"east": {"uv": [57, 4], "uv_size": [3, 4]},
								"south": {"uv": [57, 4], "uv_size": [3, 4]},
								"west": {"uv": [57, 4], "uv_size": [3, 4]},
								"up": {"uv": [60, 8], "uv_size": [-3, -4]},
								"down": {"uv": [60, 8], "uv_size": [-3, -4]}
							}
						},
						{
							"origin": [-1.211, 29.272, -19.7995],
							"size": [2.322, 2.37, 0.76],
							"uv": {
								"north": {"uv": [57, 4], "uv_size": [3, 4]},
								"east": {"uv": [57, 4], "uv_size": [3, 4]},
								"south": {"uv": [57, 4], "uv_size": [3, 4]},
								"west": {"uv": [57, 4], "uv_size": [3, 4]},
								"up": {"uv": [60, 8], "uv_size": [-3, -4]},
								"down": {"uv": [60, 8], "uv_size": [-3, -4]}
							}
						},
						{
							"origin": [-1.2576, 31.2946, -20.36235],
							"size": [2.4468, 0.942, 23.0881],
							"inflate": -0.3,
							"uv": {
								"north": {"uv": [96, 13], "uv_size": [6, 3]},
								"east": {"uv": [96, 13], "uv_size": [6, 3]},
								"south": {"uv": [96, 13], "uv_size": [6, 3]},
								"west": {"uv": [96, 13], "uv_size": [6, 3]},
								"up": {"uv": [102, 16], "uv_size": [-6, -3]},
								"down": {"uv": [102, 16], "uv_size": [-6, -3]}
							}
						},
						{
							"origin": [-1.2576, 28.7134, -20.36235],
							"size": [2.4468, 1.042, 23.0881],
							"inflate": -0.3,
							"uv": {
								"north": {"uv": [96, 13], "uv_size": [6, 3]},
								"east": {"uv": [96, 13], "uv_size": [6, 3]},
								"south": {"uv": [96, 13], "uv_size": [6, 3]},
								"west": {"uv": [96, 13], "uv_size": [6, 3]},
								"up": {"uv": [102, 16], "uv_size": [-6, -3]},
								"down": {"uv": [102, 16], "uv_size": [-6, -3]}
							}
						},
						{
							"origin": [0.7944, 29.3236, -20.36235],
							"size": [1.0104, 2.2974, 23.0881],
							"inflate": -0.3,
							"uv": {
								"north": {"uv": [96, 13], "uv_size": [6, 3]},
								"east": {"uv": [96, 13], "uv_size": [6, 3]},
								"south": {"uv": [96, 13], "uv_size": [6, 3]},
								"west": {"uv": [96, 13], "uv_size": [6, 3]},
								"up": {"uv": [102, 16], "uv_size": [-6, -3]},
								"down": {"uv": [102, 16], "uv_size": [-6, -3]}
							}
						},
						{
							"origin": [-1.8048, 29.2507, -20.36235],
							"size": [0.942, 2.4387, 23.0881],
							"inflate": -0.3,
							"uv": {
								"north": {"uv": [96, 13], "uv_size": [6, 3]},
								"east": {"uv": [96, 13], "uv_size": [6, 3]},
								"south": {"uv": [96, 13], "uv_size": [6, 3]},
								"west": {"uv": [96, 13], "uv_size": [6, 3]},
								"up": {"uv": [102, 16], "uv_size": [-6, -3]},
								"down": {"uv": [102, 16], "uv_size": [-6, -3]}
							}
						},
						{
							"origin": [-17.72148, 36.34252, -20.36235],
							"size": [1.0104, 1.37292, 23.0881],
							"inflate": -0.3,
							"pivot": [-15.8004, 14.8024, -0.96285],
							"rotation": [0, 0, 45],
							"uv": {
								"north": {"uv": [96, 13], "uv_size": [6, 3]},
								"east": {"uv": [96, 13], "uv_size": [6, 3]},
								"south": {"uv": [96, 13], "uv_size": [6, 3]},
								"west": {"uv": [96, 13], "uv_size": [6, 3]},
								"up": {"uv": [102, 16], "uv_size": [-6, -3]},
								"down": {"uv": [102, 16], "uv_size": [-6, -3]}
							}
						},
						{
							"origin": [15.89028, 38.25772, -20.36235],
							"size": [1.0104, 1.46868, 23.0881],
							"inflate": -0.3,
							"pivot": [17.784, 16.7176, -0.96285],
							"rotation": [0, 0, -45],
							"uv": {
								"north": {"uv": [96, 13], "uv_size": [6, 3]},
								"east": {"uv": [96, 13], "uv_size": [6, 3]},
								"south": {"uv": [96, 13], "uv_size": [6, 3]},
								"west": {"uv": [96, 13], "uv_size": [6, 3]},
								"up": {"uv": [102, 16], "uv_size": [-6, -3]},
								"down": {"uv": [102, 16], "uv_size": [-6, -3]}
							}
						},
						{
							"origin": [-17.72148, 23.23456, -20.36235],
							"size": [1.1104, 1.47292, 23.0881],
							"inflate": -0.3,
							"pivot": [-15.8004, 46.1476, -0.96285],
							"rotation": [0, 0, -45],
							"uv": {
								"north": {"uv": [96, 13], "uv_size": [6, 3]},
								"east": {"uv": [96, 13], "uv_size": [6, 3]},
								"south": {"uv": [96, 13], "uv_size": [6, 3]},
								"west": {"uv": [96, 13], "uv_size": [6, 3]},
								"up": {"uv": [102, 16], "uv_size": [-6, -3]},
								"down": {"uv": [102, 16], "uv_size": [-6, -3]}
							}
						},
						{
							"origin": [15.79028, 21.2236, -20.36235],
							"size": [1.1104, 1.36868, 23.0881],
							"inflate": -0.3,
							"pivot": [17.784, 44.2324, -0.96285],
							"rotation": [0, 0, 45],
							"uv": {
								"north": {"uv": [96, 13], "uv_size": [6, 3]},
								"east": {"uv": [96, 13], "uv_size": [6, 3]},
								"south": {"uv": [96, 13], "uv_size": [6, 3]},
								"west": {"uv": [96, 13], "uv_size": [6, 3]},
								"up": {"uv": [102, 16], "uv_size": [-6, -3]},
								"down": {"uv": [102, 16], "uv_size": [-6, -3]}
							}
						},
						{
							"origin": [-1.9587, 29.29825, -17.68435],
							"size": [0.9249, 2.4639, 2.96545],
							"inflate": -0.3,
							"uv": {
								"north": {"uv": [45, 9], "uv_size": [1, 43]},
								"east": {"uv": [45, 9], "uv_size": [1, 43]},
								"south": {"uv": [45, 9], "uv_size": [1, 43]},
								"west": {"uv": [45, 9], "uv_size": [1, 43]},
								"up": {"uv": [46, 52], "uv_size": [-1, -43]},
								"down": {"uv": [46, 52], "uv_size": [-1, -43]}
							}
						},
						{
							"origin": [-17.85828, 23.29273, -17.69065],
							"size": [0.9762, 1.49775, 2.97175],
							"inflate": -0.3,
							"pivot": [-15.8004, 46.2451, -11.41285],
							"rotation": [0, 0, -45],
							"uv": {
								"north": {"uv": [45, 9], "uv_size": [1, 43]},
								"east": {"uv": [45, 9], "uv_size": [1, 43]},
								"south": {"uv": [45, 9], "uv_size": [1, 43]},
								"west": {"uv": [45, 9], "uv_size": [1, 43]},
								"up": {"uv": [46, 52], "uv_size": [-1, -43]},
								"down": {"uv": [46, 52], "uv_size": [-1, -43]}
							}
						},
						{
							"origin": [-17.85828, 36.28702, -17.69965],
							"size": [0.9762, 1.49775, 2.98075],
							"inflate": -0.3,
							"pivot": [-15.8004, 14.8324, -17.26285],
							"rotation": [0, 0, 45],
							"uv": {
								"north": {"uv": [45, 9], "uv_size": [1, 43]},
								"east": {"uv": [45, 9], "uv_size": [1, 43]},
								"south": {"uv": [45, 9], "uv_size": [1, 43]},
								"west": {"uv": [45, 9], "uv_size": [1, 43]},
								"up": {"uv": [46, 52], "uv_size": [-1, -43]},
								"down": {"uv": [46, 52], "uv_size": [-1, -43]}
							}
						},
						{
							"origin": [-1.326, 31.4956, -17.69965],
							"size": [2.652, 0.89925, 2.98075],
							"inflate": -0.3,
							"uv": {
								"north": {"uv": [45, 9], "uv_size": [1, 43]},
								"east": {"uv": [45, 9], "uv_size": [1, 43]},
								"south": {"uv": [45, 9], "uv_size": [1, 43]},
								"west": {"uv": [45, 9], "uv_size": [1, 43]},
								"up": {"uv": [46, 52], "uv_size": [-1, -43]},
								"down": {"uv": [46, 52], "uv_size": [-1, -43]}
							}
						},
						{
							"origin": [16.88208, 36.28702, -17.69965],
							"size": [0.9762, 1.49775, 2.98075],
							"inflate": -0.3,
							"pivot": [15.8004, 14.8324, -17.26285],
							"rotation": [0, 0, -45],
							"uv": {
								"north": {"uv": [45, 9], "uv_size": [1, 43]},
								"east": {"uv": [45, 9], "uv_size": [1, 43]},
								"south": {"uv": [45, 9], "uv_size": [1, 43]},
								"west": {"uv": [45, 9], "uv_size": [1, 43]},
								"up": {"uv": [46, 52], "uv_size": [-1, -43]},
								"down": {"uv": [46, 52], "uv_size": [-1, -43]}
							}
						},
						{
							"origin": [1.0338, 29.29825, -17.68435],
							"size": [0.9249, 2.4639, 2.96545],
							"inflate": -0.3,
							"uv": {
								"north": {"uv": [45, 9], "uv_size": [1, 43]},
								"east": {"uv": [45, 9], "uv_size": [1, 43]},
								"south": {"uv": [45, 9], "uv_size": [1, 43]},
								"west": {"uv": [45, 9], "uv_size": [1, 43]},
								"up": {"uv": [46, 52], "uv_size": [-1, -43]},
								"down": {"uv": [46, 52], "uv_size": [-1, -43]}
							}
						},
						{
							"origin": [-1.326, 28.68265, -17.69065],
							"size": [2.652, 0.89925, 2.97175],
							"inflate": -0.3,
							"uv": {
								"north": {"uv": [45, 9], "uv_size": [1, 43]},
								"east": {"uv": [45, 9], "uv_size": [1, 43]},
								"south": {"uv": [45, 9], "uv_size": [1, 43]},
								"west": {"uv": [45, 9], "uv_size": [1, 43]},
								"up": {"uv": [46, 52], "uv_size": [-1, -43]},
								"down": {"uv": [46, 52], "uv_size": [-1, -43]}
							}
						},
						{
							"origin": [16.88208, 23.29273, -17.69065],
							"size": [0.9762, 1.49775, 2.97175],
							"inflate": -0.3,
							"pivot": [15.8004, 46.2451, -17.26285],
							"rotation": [0, 0, 45],
							"uv": {
								"north": {"uv": [45, 9], "uv_size": [1, 43]},
								"east": {"uv": [45, 9], "uv_size": [1, 43]},
								"south": {"uv": [45, 9], "uv_size": [1, 43]},
								"west": {"uv": [45, 9], "uv_size": [1, 43]},
								"up": {"uv": [46, 52], "uv_size": [-1, -43]},
								"down": {"uv": [46, 52], "uv_size": [-1, -43]}
							}
						},
						{
							"origin": [1.0338, 29.29825, -13.28435],
							"size": [0.9249, 2.4639, 3.36545],
							"inflate": -0.3,
							"uv": {
								"north": {"uv": [45, 9], "uv_size": [1, 43]},
								"east": {"uv": [45, 9], "uv_size": [1, 43]},
								"south": {"uv": [45, 9], "uv_size": [1, 43]},
								"west": {"uv": [45, 9], "uv_size": [1, 43]},
								"up": {"uv": [46, 52], "uv_size": [-1, -43]},
								"down": {"uv": [46, 52], "uv_size": [-1, -43]}
							}
						},
						{
							"origin": [16.88208, 36.28702, -13.29965],
							"size": [0.9762, 1.49775, 3.38075],
							"inflate": -0.3,
							"pivot": [15.8004, 14.8324, -12.46285],
							"rotation": [0, 0, -45],
							"uv": {
								"north": {"uv": [45, 9], "uv_size": [1, 43]},
								"east": {"uv": [45, 9], "uv_size": [1, 43]},
								"south": {"uv": [45, 9], "uv_size": [1, 43]},
								"west": {"uv": [45, 9], "uv_size": [1, 43]},
								"up": {"uv": [46, 52], "uv_size": [-1, -43]},
								"down": {"uv": [46, 52], "uv_size": [-1, -43]}
							}
						},
						{
							"origin": [-1.326, 31.4956, -13.29965],
							"size": [2.652, 0.89925, 3.38075],
							"inflate": -0.3,
							"uv": {
								"north": {"uv": [45, 9], "uv_size": [1, 43]},
								"east": {"uv": [45, 9], "uv_size": [1, 43]},
								"south": {"uv": [45, 9], "uv_size": [1, 43]},
								"west": {"uv": [45, 9], "uv_size": [1, 43]},
								"up": {"uv": [46, 52], "uv_size": [-1, -43]},
								"down": {"uv": [46, 52], "uv_size": [-1, -43]}
							}
						},
						{
							"origin": [-17.85828, 36.28702, -13.29965],
							"size": [0.9762, 1.49775, 3.38075],
							"inflate": -0.3,
							"pivot": [-15.8004, 14.8324, -12.46285],
							"rotation": [0, 0, 45],
							"uv": {
								"north": {"uv": [45, 9], "uv_size": [1, 43]},
								"east": {"uv": [45, 9], "uv_size": [1, 43]},
								"south": {"uv": [45, 9], "uv_size": [1, 43]},
								"west": {"uv": [45, 9], "uv_size": [1, 43]},
								"up": {"uv": [46, 52], "uv_size": [-1, -43]},
								"down": {"uv": [46, 52], "uv_size": [-1, -43]}
							}
						},
						{
							"origin": [-1.9587, 29.29825, -13.28435],
							"size": [0.9249, 2.4639, 3.36545],
							"inflate": -0.3,
							"uv": {
								"north": {"uv": [45, 9], "uv_size": [1, 43]},
								"east": {"uv": [45, 9], "uv_size": [1, 43]},
								"south": {"uv": [45, 9], "uv_size": [1, 43]},
								"west": {"uv": [45, 9], "uv_size": [1, 43]},
								"up": {"uv": [46, 52], "uv_size": [-1, -43]},
								"down": {"uv": [46, 52], "uv_size": [-1, -43]}
							}
						},
						{
							"origin": [-17.85828, 23.29273, -13.29065],
							"size": [0.9762, 1.49775, 3.37175],
							"inflate": -0.3,
							"pivot": [-15.8004, 46.2451, -6.61285],
							"rotation": [0, 0, -45],
							"uv": {
								"north": {"uv": [45, 9], "uv_size": [1, 43]},
								"east": {"uv": [45, 9], "uv_size": [1, 43]},
								"south": {"uv": [45, 9], "uv_size": [1, 43]},
								"west": {"uv": [45, 9], "uv_size": [1, 43]},
								"up": {"uv": [46, 52], "uv_size": [-1, -43]},
								"down": {"uv": [46, 52], "uv_size": [-1, -43]}
							}
						},
						{
							"origin": [-1.326, 28.68265, -13.29065],
							"size": [2.652, 0.89925, 3.37175],
							"inflate": -0.3,
							"uv": {
								"north": {"uv": [45, 9], "uv_size": [1, 43]},
								"east": {"uv": [45, 9], "uv_size": [1, 43]},
								"south": {"uv": [45, 9], "uv_size": [1, 43]},
								"west": {"uv": [45, 9], "uv_size": [1, 43]},
								"up": {"uv": [46, 52], "uv_size": [-1, -43]},
								"down": {"uv": [46, 52], "uv_size": [-1, -43]}
							}
						},
						{
							"origin": [16.88208, 23.29273, -13.29065],
							"size": [0.9762, 1.49775, 3.37175],
							"inflate": -0.3,
							"pivot": [15.8004, 46.2451, -12.46285],
							"rotation": [0, 0, 45],
							"uv": {
								"north": {"uv": [45, 9], "uv_size": [1, 43]},
								"east": {"uv": [45, 9], "uv_size": [1, 43]},
								"south": {"uv": [45, 9], "uv_size": [1, 43]},
								"west": {"uv": [45, 9], "uv_size": [1, 43]},
								"up": {"uv": [46, 52], "uv_size": [-1, -43]},
								"down": {"uv": [46, 52], "uv_size": [-1, -43]}
							}
						},
						{
							"origin": [1.0338, 29.29825, -0.58435],
							"size": [0.9249, 2.4639, 3.36545],
							"inflate": -0.3,
							"uv": {
								"north": {"uv": [45, 9], "uv_size": [1, 43]},
								"east": {"uv": [45, 9], "uv_size": [1, 43]},
								"south": {"uv": [45, 9], "uv_size": [1, 43]},
								"west": {"uv": [45, 9], "uv_size": [1, 43]},
								"up": {"uv": [46, 52], "uv_size": [-1, -43]},
								"down": {"uv": [46, 52], "uv_size": [-1, -43]}
							}
						},
						{
							"origin": [16.88208, 36.28702, -0.59965],
							"size": [0.9762, 1.49775, 3.38075],
							"inflate": -0.3,
							"pivot": [15.8004, 14.8324, 0.23715],
							"rotation": [0, 0, -45],
							"uv": {
								"north": {"uv": [45, 9], "uv_size": [1, 43]},
								"east": {"uv": [45, 9], "uv_size": [1, 43]},
								"south": {"uv": [45, 9], "uv_size": [1, 43]},
								"west": {"uv": [45, 9], "uv_size": [1, 43]},
								"up": {"uv": [46, 52], "uv_size": [-1, -43]},
								"down": {"uv": [46, 52], "uv_size": [-1, -43]}
							}
						},
						{
							"origin": [-1.326, 31.4956, -0.59965],
							"size": [2.652, 0.89925, 3.38075],
							"inflate": -0.3,
							"uv": {
								"north": {"uv": [45, 9], "uv_size": [1, 43]},
								"east": {"uv": [45, 9], "uv_size": [1, 43]},
								"south": {"uv": [45, 9], "uv_size": [1, 43]},
								"west": {"uv": [45, 9], "uv_size": [1, 43]},
								"up": {"uv": [46, 52], "uv_size": [-1, -43]},
								"down": {"uv": [46, 52], "uv_size": [-1, -43]}
							}
						},
						{
							"origin": [16.88208, 23.29273, -0.59065],
							"size": [0.9762, 1.49775, 3.37175],
							"inflate": -0.3,
							"pivot": [15.8004, 46.2451, 0.23715],
							"rotation": [0, 0, 45],
							"uv": {
								"north": {"uv": [45, 9], "uv_size": [1, 43]},
								"east": {"uv": [45, 9], "uv_size": [1, 43]},
								"south": {"uv": [45, 9], "uv_size": [1, 43]},
								"west": {"uv": [45, 9], "uv_size": [1, 43]},
								"up": {"uv": [46, 52], "uv_size": [-1, -43]},
								"down": {"uv": [46, 52], "uv_size": [-1, -43]}
							}
						},
						{
							"origin": [-1.326, 28.68265, -0.59065],
							"size": [2.652, 0.89925, 3.37175],
							"inflate": -0.3,
							"uv": {
								"north": {"uv": [45, 9], "uv_size": [1, 43]},
								"east": {"uv": [45, 9], "uv_size": [1, 43]},
								"south": {"uv": [45, 9], "uv_size": [1, 43]},
								"west": {"uv": [45, 9], "uv_size": [1, 43]},
								"up": {"uv": [46, 52], "uv_size": [-1, -43]},
								"down": {"uv": [46, 52], "uv_size": [-1, -43]}
							}
						},
						{
							"origin": [-17.85828, 23.29273, -0.59065],
							"size": [0.9762, 1.49775, 3.37175],
							"inflate": -0.3,
							"pivot": [-15.8004, 46.2451, 6.08715],
							"rotation": [0, 0, -45],
							"uv": {
								"north": {"uv": [45, 9], "uv_size": [1, 43]},
								"east": {"uv": [45, 9], "uv_size": [1, 43]},
								"south": {"uv": [45, 9], "uv_size": [1, 43]},
								"west": {"uv": [45, 9], "uv_size": [1, 43]},
								"up": {"uv": [46, 52], "uv_size": [-1, -43]},
								"down": {"uv": [46, 52], "uv_size": [-1, -43]}
							}
						},
						{
							"origin": [-1.9587, 29.29825, -0.58435],
							"size": [0.9249, 2.4639, 3.36545],
							"inflate": -0.3,
							"uv": {
								"north": {"uv": [45, 9], "uv_size": [1, 43]},
								"east": {"uv": [45, 9], "uv_size": [1, 43]},
								"south": {"uv": [45, 9], "uv_size": [1, 43]},
								"west": {"uv": [45, 9], "uv_size": [1, 43]},
								"up": {"uv": [46, 52], "uv_size": [-1, -43]},
								"down": {"uv": [46, 52], "uv_size": [-1, -43]}
							}
						},
						{
							"origin": [-17.85828, 36.28702, -0.59965],
							"size": [0.9762, 1.49775, 3.38075],
							"inflate": -0.3,
							"pivot": [-15.8004, 14.8324, 0.23715],
							"rotation": [0, 0, 45],
							"uv": {
								"north": {"uv": [45, 9], "uv_size": [1, 43]},
								"east": {"uv": [45, 9], "uv_size": [1, 43]},
								"south": {"uv": [45, 9], "uv_size": [1, 43]},
								"west": {"uv": [45, 9], "uv_size": [1, 43]},
								"up": {"uv": [46, 52], "uv_size": [-1, -43]},
								"down": {"uv": [46, 52], "uv_size": [-1, -43]}
							}
						},
						{
							"origin": [1.0338, 29.29825, -20.48435],
							"size": [0.9249, 2.4639, 1.16545],
							"inflate": -0.3,
							"uv": {
								"north": {"uv": [45, 9], "uv_size": [1, 43]},
								"east": {"uv": [45, 9], "uv_size": [1, 43]},
								"south": {"uv": [45, 9], "uv_size": [1, 43]},
								"west": {"uv": [45, 9], "uv_size": [1, 43]},
								"up": {"uv": [46, 52], "uv_size": [-1, -43]},
								"down": {"uv": [46, 52], "uv_size": [-1, -43]}
							}
						},
						{
							"origin": [16.88208, 36.28702, -20.49965],
							"size": [0.9762, 1.49775, 1.18075],
							"inflate": -0.3,
							"pivot": [15.8004, 14.8324, -21.86285],
							"rotation": [0, 0, -45],
							"uv": {
								"north": {"uv": [45, 9], "uv_size": [1, 43]},
								"east": {"uv": [45, 9], "uv_size": [1, 43]},
								"south": {"uv": [45, 9], "uv_size": [1, 43]},
								"west": {"uv": [45, 9], "uv_size": [1, 43]},
								"up": {"uv": [46, 52], "uv_size": [-1, -43]},
								"down": {"uv": [46, 52], "uv_size": [-1, -43]}
							}
						},
						{
							"origin": [-1.326, 31.4956, -20.49965],
							"size": [2.652, 0.89925, 1.18075],
							"inflate": -0.3,
							"uv": {
								"north": {"uv": [45, 9], "uv_size": [1, 43]},
								"east": {"uv": [45, 9], "uv_size": [1, 43]},
								"south": {"uv": [45, 9], "uv_size": [1, 43]},
								"west": {"uv": [45, 9], "uv_size": [1, 43]},
								"up": {"uv": [46, 52], "uv_size": [-1, -43]},
								"down": {"uv": [46, 52], "uv_size": [-1, -43]}
							}
						},
						{
							"origin": [16.88208, 23.29273, -20.49065],
							"size": [0.9762, 1.49775, 1.17175],
							"inflate": -0.3,
							"pivot": [15.8004, 46.2451, -21.86285],
							"rotation": [0, 0, 45],
							"uv": {
								"north": {"uv": [45, 9], "uv_size": [1, 43]},
								"east": {"uv": [45, 9], "uv_size": [1, 43]},
								"south": {"uv": [45, 9], "uv_size": [1, 43]},
								"west": {"uv": [45, 9], "uv_size": [1, 43]},
								"up": {"uv": [46, 52], "uv_size": [-1, -43]},
								"down": {"uv": [46, 52], "uv_size": [-1, -43]}
							}
						},
						{
							"origin": [-1.326, 28.68265, -20.49065],
							"size": [2.652, 0.89925, 1.17175],
							"inflate": -0.3,
							"uv": {
								"north": {"uv": [45, 9], "uv_size": [1, 43]},
								"east": {"uv": [45, 9], "uv_size": [1, 43]},
								"south": {"uv": [45, 9], "uv_size": [1, 43]},
								"west": {"uv": [45, 9], "uv_size": [1, 43]},
								"up": {"uv": [46, 52], "uv_size": [-1, -43]},
								"down": {"uv": [46, 52], "uv_size": [-1, -43]}
							}
						},
						{
							"origin": [-17.85828, 23.29273, -20.49065],
							"size": [0.9762, 1.49775, 1.17175],
							"inflate": -0.3,
							"pivot": [-15.8004, 46.2451, -16.01285],
							"rotation": [0, 0, -45],
							"uv": {
								"north": {"uv": [45, 9], "uv_size": [1, 43]},
								"east": {"uv": [45, 9], "uv_size": [1, 43]},
								"south": {"uv": [45, 9], "uv_size": [1, 43]},
								"west": {"uv": [45, 9], "uv_size": [1, 43]},
								"up": {"uv": [46, 52], "uv_size": [-1, -43]},
								"down": {"uv": [46, 52], "uv_size": [-1, -43]}
							}
						},
						{
							"origin": [-1.9587, 29.29825, -20.48435],
							"size": [0.9249, 2.4639, 1.16545],
							"inflate": -0.3,
							"uv": {
								"north": {"uv": [45, 9], "uv_size": [1, 43]},
								"east": {"uv": [45, 9], "uv_size": [1, 43]},
								"south": {"uv": [45, 9], "uv_size": [1, 43]},
								"west": {"uv": [45, 9], "uv_size": [1, 43]},
								"up": {"uv": [46, 52], "uv_size": [-1, -43]},
								"down": {"uv": [46, 52], "uv_size": [-1, -43]}
							}
						},
						{
							"origin": [-17.85828, 36.28702, -20.49965],
							"size": [0.9762, 1.49775, 1.18075],
							"inflate": -0.3,
							"pivot": [-15.8004, 14.8324, -21.86285],
							"rotation": [0, 0, 45],
							"uv": {
								"north": {"uv": [45, 9], "uv_size": [1, 43]},
								"east": {"uv": [45, 9], "uv_size": [1, 43]},
								"south": {"uv": [45, 9], "uv_size": [1, 43]},
								"west": {"uv": [45, 9], "uv_size": [1, 43]},
								"up": {"uv": [46, 52], "uv_size": [-1, -43]},
								"down": {"uv": [46, 52], "uv_size": [-1, -43]}
							}
						}
					]
				},
				{
					"name": "specter2",
					"parent": "specter",
					"pivot": [0.23, 32.806, -4.8365],
					"rotation": [0, 0, 90],
					"cubes": [
						{
							"origin": [-0.28144, 28.02623, -9.5763],
							"size": [0.81736, 1.97282, 1.97282],
							"inflate": -0.2,
							"pivot": [1.61796, 31.71673, -1.45991],
							"rotation": [-27.5, 0, 0],
							"uv": {
								"north": {"uv": [45, 9], "uv_size": [1, 43]},
								"east": {"uv": [45, 9], "uv_size": [1, 43]},
								"south": {"uv": [45, 9], "uv_size": [1, 43]},
								"west": {"uv": [45, 9], "uv_size": [1, 43]},
								"up": {"uv": [46, 52], "uv_size": [-1, -43]},
								"down": {"uv": [46, 52], "uv_size": [-1, -43]}
							}
						},
						{
							"origin": [-3.35261, 24.65865, -11.96633],
							"size": [8.31212, 8.02594, 8.02594],
							"inflate": -3.4,
							"pivot": [1.224, 32.806, -0.4265],
							"rotation": [-27.5, 0, 0],
							"uv": {
								"north": {"uv": [96, 13], "uv_size": [6, 3]},
								"east": {"uv": [96, 13], "uv_size": [6, 3]},
								"south": {"uv": [96, 13], "uv_size": [6, 3]},
								"west": {"uv": [96, 13], "uv_size": [6, 3]},
								"up": {"uv": [102, 16], "uv_size": [-6, -3]},
								"down": {"uv": [102, 16], "uv_size": [-6, -3]}
							}
						}
					]
				},
				{
					"name": "specter9",
					"parent": "specter",
					"pivot": [-2.47, 30.706, -4.8365]
				},
				{
					"name": "specter14",
					"parent": "specter",
					"pivot": [2.47, 30.706, -4.8365],
					"cubes": [
						{
							"origin": [2.06408, 25.92623, -9.5763],
							"size": [0.81736, 1.97282, 1.97282],
							"inflate": -0.2,
							"pivot": [0.98204, 29.61673, -1.45991],
							"rotation": [-27.5, 0, 0],
							"uv": {
								"north": {"uv": [45, 9], "uv_size": [1, 43]},
								"east": {"uv": [45, 9], "uv_size": [1, 43]},
								"south": {"uv": [45, 9], "uv_size": [1, 43]},
								"west": {"uv": [45, 9], "uv_size": [1, 43]},
								"up": {"uv": [46, 52], "uv_size": [-1, -43]},
								"down": {"uv": [46, 52], "uv_size": [-1, -43]}
							}
						},
						{
							"origin": [-2.35951, 22.55865, -11.96633],
							"size": [8.31212, 8.02594, 8.02594],
							"inflate": -3.4,
							"pivot": [1.376, 30.706, -0.4265],
							"rotation": [-27.5, 0, 0],
							"uv": {
								"north": {"uv": [96, 13], "uv_size": [6, 3]},
								"east": {"uv": [96, 13], "uv_size": [6, 3]},
								"south": {"uv": [96, 13], "uv_size": [6, 3]},
								"west": {"uv": [96, 13], "uv_size": [6, 3]},
								"up": {"uv": [102, 16], "uv_size": [-6, -3]},
								"down": {"uv": [102, 16], "uv_size": [-6, -3]}
							}
						}
					]
				},
				{
					"name": "specter7",
					"parent": "specter",
					"pivot": [-1.356, 27.539, -15.1365],
					"rotation": [0, 0, 32],
					"cubes": [
						{
							"origin": [-1.29, 29.052, -15.3725],
							"size": [0.56, 0.44, 1.276],
							"inflate": -0.2,
							"pivot": [-1.3, 27.9, -16.2365],
							"rotation": [0, 0, -34],
							"uv": {
								"north": {"uv": [4, 52], "uv_size": [1, 2]},
								"east": {"uv": [42, 45], "uv_size": [3, 2]},
								"south": {"uv": [5, 52], "uv_size": [1, 2]},
								"west": {"uv": [45, 45], "uv_size": [3, 2]},
								"up": {"uv": [18, 50], "uv_size": [1, 3]},
								"down": {"uv": [19, 53], "uv_size": [1, -3]}
							}
						}
					]
				},
				{
					"name": "specter8",
					"parent": "specter",
					"pivot": [1.356, 27.539, -15.1365],
					"rotation": [0, 0, -32],
					"cubes": [
						{
							"origin": [0.73, 29.052, -14.2725],
							"size": [0.56, 0.44, 1.276],
							"inflate": -0.2,
							"pivot": [1.3, 27.9, -16.2365],
							"rotation": [0, 0, 34],
							"uv": {
								"north": {"uv": [5, 52], "uv_size": [-1, 2]},
								"east": {"uv": [48, 45], "uv_size": [-3, 2]},
								"south": {"uv": [6, 52], "uv_size": [-1, 2]},
								"west": {"uv": [45, 45], "uv_size": [-3, 2]},
								"up": {"uv": [19, 50], "uv_size": [-1, 3]},
								"down": {"uv": [20, 53], "uv_size": [-1, -3]}
							}
						},
						{
							"origin": [0.73, 29.052, -4.9725],
							"size": [0.56, 0.44, 1.276],
							"inflate": -0.2,
							"pivot": [1.3, 27.9, -16.2365],
							"rotation": [0, 0, 34],
							"uv": {
								"north": {"uv": [5, 52], "uv_size": [-1, 2]},
								"east": {"uv": [48, 45], "uv_size": [-3, 2]},
								"south": {"uv": [6, 52], "uv_size": [-1, 2]},
								"west": {"uv": [45, 45], "uv_size": [-3, 2]},
								"up": {"uv": [19, 50], "uv_size": [-1, 3]},
								"down": {"uv": [20, 53], "uv_size": [-1, -3]}
							}
						}
					]
				},
				{
					"name": "bone15",
					"parent": "specter",
					"pivot": [-1.372, 31.7158, 1.36532]
				},
				{
					"name": "bone16",
					"parent": "bone15",
					"pivot": [1.80804, 30.72519, 3.71932]
				},
				{
					"name": "specter10",
					"parent": "bone16",
					"pivot": [1.16604, 32.11619, 4.25432],
					"rotation": [0, 0, -97]
				},
				{
					"name": "specter11",
					"parent": "bone16",
					"pivot": [-0.86696, 32.33019, 4.25432],
					"rotation": [0, 0, 106]
				},
				{
					"name": "bone17",
					"parent": "bone15",
					"pivot": [1.80804, 30.21159, 3.71932]
				},
				{
					"name": "specter12",
					"parent": "bone17",
					"pivot": [1.16604, 28.82059, 4.25432],
					"rotation": [0, 0, 97]
				},
				{
					"name": "specter13",
					"parent": "bone17",
					"pivot": [-0.86696, 28.60659, 4.25432],
					"rotation": [0, 0, -106]
				},
				{
					"name": "bone18",
					"parent": "specter",
					"pivot": [-1.372, 31.7158, -19.36532]
				},
				{
					"name": "bone19",
					"parent": "bone18",
					"pivot": [1.80804, 30.72519, -21.71932]
				},
				{
					"name": "specter3",
					"parent": "bone19",
					"pivot": [1.16604, 32.11619, -22.25432],
					"rotation": [0, 0, -97]
				},
				{
					"name": "specter4",
					"parent": "bone19",
					"pivot": [-0.86696, 32.33019, -22.25432],
					"rotation": [0, 0, 106]
				},
				{
					"name": "bone20",
					"parent": "bone18",
					"pivot": [1.80804, 30.21159, -21.71932]
				},
				{
					"name": "specter5",
					"parent": "bone20",
					"pivot": [1.16604, 28.82059, -22.25432],
					"rotation": [0, 0, 97]
				},
				{
					"name": "specter6",
					"parent": "bone20",
					"pivot": [-0.86696, 28.60659, -22.25432],
					"rotation": [0, 0, -106]
				},
				{
					"name": "scopepip",
					"parent": "specter",
					"pivot": [0.08, 27.64, 2.63],
					"cubes": [
						{
							"origin": [-1.211, 29.272, 1.5005],
							"size": [2.322, 2.37, 0.76],
							"uv": {
								"north": {"uv": [57, 4], "uv_size": [3, 4]},
								"east": {"uv": [57, 4], "uv_size": [3, 4]},
								"south": {"uv": [57, 4], "uv_size": [3, 4]},
								"west": {"uv": [57, 4], "uv_size": [3, 4]},
								"up": {"uv": [60, 8], "uv_size": [-3, -4]},
								"down": {"uv": [60, 8], "uv_size": [-3, -4]}
							}
						}
					]
				},
				{
					"name": "_ca_scope",
					"parent": "main",
					"pivot": [0.1, 26.55, -19.15],
					"cubes": [
						{"origin": [-0.42, 26.05, -24.5], "size": [1, 1, 1], "uv": [198, 208]}
					]
				},
				{
					"name": "scope",
					"parent": "main",
					"pivot": [-0.04, 30.48, 15.59],
					"cubes": [
						{
							"origin": [-0.532, 30.07, 6.871],
							"size": [0.976, 0.976, 0.976],
							"inflate": -0.4,
							"uv": {
								"north": {"uv": [60, 19], "uv_size": [1, 1]},
								"east": {"uv": [23, 56], "uv_size": [1, 1]},
								"south": {"uv": [58, 18], "uv_size": [1, 1]},
								"west": {"uv": [24, 57], "uv_size": [1, 1]},
								"up": {"uv": [58, 23], "uv_size": [1, 1]},
								"down": {"uv": [26, 60], "uv_size": [1, -1]}
							}
						}
					]
				}
			]
		}
	]
}