{
	"format_version": "1.12.0",
	"minecraft:geometry": [
		{
			"description": {
				"identifier": "geometry.unknown",
				"texture_width": 128,
				"texture_height": 128,
				"visible_bounds_width": 9,
				"visible_bounds_height": 6,
				"visible_bounds_offset": [0, 1, 0]
			},
			"bones": [
				{
					"name": "main",
					"pivot": [0, 20, 0]
				},
				{
					"name": "1p87",
					"parent": "main",
					"pivot": [0.2, 29.5, -13.35],
					"cubes": [
						{
							"origin": [-1.35925, 26.86975, -13.26766],
							"size": [2.81925, 1.3285, 6.915],
							"uv": {
								"north": {"uv": [47, 30], "uv_size": [4, 1]},
								"east": {"uv": [47, 30], "uv_size": [4, 1]},
								"south": {"uv": [47, 30], "uv_size": [4, 1]},
								"west": {"uv": [47, 30], "uv_size": [4, 1]},
								"up": {"uv": [51, 31], "uv_size": [-4, -1]},
								"down": {"uv": [51, 31], "uv_size": [-4, -1]}
							}
						},
						{
							"origin": [-1.35925, 28.36975, -13.26766],
							"size": [2.81925, 0.8285, 3.79],
							"uv": {
								"north": {"uv": [47, 30], "uv_size": [4, 1]},
								"east": {"uv": [47, 30], "uv_size": [4, 1]},
								"south": {"uv": [47, 30], "uv_size": [4, 1]},
								"west": {"uv": [47, 30], "uv_size": [4, 1]},
								"up": {"uv": [51, 31], "uv_size": [-4, -1]},
								"down": {"uv": [51, 31], "uv_size": [-4, -1]}
							}
						},
						{
							"origin": [-1.35925, 28.61975, -9.51766],
							"size": [2.81925, 0.4535, 1.665],
							"uv": {
								"north": {"uv": [47, 30], "uv_size": [4, 1]},
								"east": {"uv": [47, 30], "uv_size": [4, 1]},
								"south": {"uv": [47, 30], "uv_size": [4, 1]},
								"west": {"uv": [47, 30], "uv_size": [4, 1]},
								"up": {"uv": [51, 31], "uv_size": [-4, -1]},
								"down": {"uv": [51, 31], "uv_size": [-4, -1]}
							}
						},
						{
							"origin": [-1.35925, 28.86975, -7.89266],
							"size": [2.81925, 0.2035, 1.665],
							"uv": {
								"north": {"uv": [47, 30], "uv_size": [4, 1]},
								"east": {"uv": [47, 30], "uv_size": [4, 1]},
								"south": {"uv": [47, 30], "uv_size": [4, 1]},
								"west": {"uv": [47, 30], "uv_size": [4, 1]},
								"up": {"uv": [51, 31], "uv_size": [-4, -1]},
								"down": {"uv": [51, 31], "uv_size": [-4, -1]}
							}
						},
						{
							"origin": [-1.35925, 28.99475, -9.51766],
							"size": [2.81925, 0.2035, 3.79],
							"uv": {
								"north": {"uv": [47, 30], "uv_size": [4, 1]},
								"east": {"uv": [47, 30], "uv_size": [4, 1]},
								"south": {"uv": [47, 30], "uv_size": [4, 1]},
								"west": {"uv": [47, 30], "uv_size": [4, 1]},
								"up": {"uv": [51, 31], "uv_size": [-4, -1]},
								"down": {"uv": [51, 31], "uv_size": [-4, -1]}
							}
						},
						{
							"origin": [-1.35925, 29.11975, -8.64266],
							"size": [2.81925, 0.3285, 4.79],
							"uv": {
								"north": {"uv": [47, 30], "uv_size": [4, 1]},
								"east": {"uv": [47, 30], "uv_size": [4, 1]},
								"south": {"uv": [47, 30], "uv_size": [4, 1]},
								"west": {"uv": [47, 30], "uv_size": [4, 1]},
								"up": {"uv": [51, 31], "uv_size": [-4, -1]},
								"down": {"uv": [51, 31], "uv_size": [-4, -1]}
							}
						},
						{
							"origin": [-1.35925, 29.36975, -7.89266],
							"size": [2.81925, 0.61875, 4.04],
							"uv": {
								"north": {"uv": [47, 30], "uv_size": [4, 1]},
								"east": {"uv": [47, 30], "uv_size": [4, 1]},
								"south": {"uv": [47, 30], "uv_size": [4, 1]},
								"west": {"uv": [47, 30], "uv_size": [4, 1]},
								"up": {"uv": [51, 31], "uv_size": [-4, -1]},
								"down": {"uv": [51, 31], "uv_size": [-4, -1]}
							}
						},
						{
							"origin": [0.51575, 28.99475, -8.64266],
							"size": [0.94425, 0.4535, 0.91625],
							"pivot": [1.46, 29.45, -8.64263],
							"rotation": [36, 0, 0],
							"uv": {
								"north": {"uv": [47, 30], "uv_size": [4, 1]},
								"east": {"uv": [47, 30], "uv_size": [4, 1]},
								"south": {"uv": [47, 30], "uv_size": [4, 1]},
								"west": {"uv": [47, 30], "uv_size": [4, 1]},
								"up": {"uv": [51, 31], "uv_size": [-4, -1]},
								"down": {"uv": [51, 31], "uv_size": [-4, -1]}
							}
						},
						{
							"origin": [-1.35925, 28.99475, -8.64266],
							"size": [0.94425, 0.4535, 0.91625],
							"pivot": [-0.415, 29.45, -8.64263],
							"rotation": [36, 0, 0],
							"uv": {
								"north": {"uv": [47, 30], "uv_size": [4, 1]},
								"east": {"uv": [47, 30], "uv_size": [4, 1]},
								"south": {"uv": [47, 30], "uv_size": [4, 1]},
								"west": {"uv": [47, 30], "uv_size": [4, 1]},
								"up": {"uv": [51, 31], "uv_size": [-4, -1]},
								"down": {"uv": [51, 31], "uv_size": [-4, -1]}
							}
						},
						{
							"origin": [-1.35925, 28.49475, -9.51766],
							"size": [2.81925, 0.3285, 5.665],
							"pivot": [1.45, 28.7125, -8.40103],
							"rotation": [6.5, 0, 0],
							"uv": {
								"north": {"uv": [47, 30], "uv_size": [4, 1]},
								"east": {"uv": [47, 30], "uv_size": [4, 1]},
								"south": {"uv": [47, 30], "uv_size": [4, 1]},
								"west": {"uv": [47, 30], "uv_size": [4, 1]},
								"up": {"uv": [51, 31], "uv_size": [-4, -1]},
								"down": {"uv": [51, 31], "uv_size": [-4, -1]}
							}
						},
						{
							"origin": [-1.23425, 28.11975, -13.26766],
							"size": [2.56925, 0.3285, 6.915],
							"uv": {
								"north": {"uv": [47, 30], "uv_size": [4, 1]},
								"east": {"uv": [47, 30], "uv_size": [4, 1]},
								"south": {"uv": [47, 30], "uv_size": [4, 1]},
								"west": {"uv": [47, 30], "uv_size": [4, 1]},
								"up": {"uv": [51, 31], "uv_size": [-4, -1]},
								"down": {"uv": [51, 31], "uv_size": [-4, -1]}
							}
						},
						{
							"origin": [-1.2375, 32.051, -13.26763],
							"size": [2.625, 0.30187, 1.14625],
							"uv": {
								"north": {"uv": [79, 7], "uv_size": [10, 2]},
								"east": {"uv": [79, 7], "uv_size": [10, 2]},
								"south": {"uv": [79, 7], "uv_size": [10, 2]},
								"west": {"uv": [79, 7], "uv_size": [10, 2]},
								"up": {"uv": [89, 9], "uv_size": [-10, -2]},
								"down": {"uv": [89, 9], "uv_size": [-10, -2]}
							}
						},
						{
							"origin": [-1.32875, 29.926, -13.26766],
							"size": [0.28875, 0.5, 1.14625],
							"pivot": [-1.3275, 30.02575, -13.24478],
							"rotation": [0, 0, -35],
							"uv": {
								"north": {"uv": [79, 7], "uv_size": [10, 2]},
								"east": {"uv": [79, 7], "uv_size": [10, 2]},
								"south": {"uv": [79, 7], "uv_size": [10, 2]},
								"west": {"uv": [79, 7], "uv_size": [10, 2]},
								"up": {"uv": [89, 9], "uv_size": [-10, -2]},
								"down": {"uv": [89, 9], "uv_size": [-10, -2]}
							}
						},
						{
							"origin": [-1.57875, 30.35, -13.26766],
							"size": [0.28875, 0.475, 1.14625],
							"pivot": [-1.5775, 30.40075, -13.24478],
							"rotation": [0, 0, -19],
							"uv": {
								"north": {"uv": [79, 7], "uv_size": [10, 2]},
								"east": {"uv": [79, 7], "uv_size": [10, 2]},
								"south": {"uv": [79, 7], "uv_size": [10, 2]},
								"west": {"uv": [79, 7], "uv_size": [10, 2]},
								"up": {"uv": [89, 9], "uv_size": [-10, -2]},
								"down": {"uv": [89, 9], "uv_size": [-10, -2]}
							}
						},
						{
							"origin": [-1.71375, 30.801, -13.26766],
							"size": [0.28875, 0.3625, 1.14625],
							"uv": {
								"north": {"uv": [79, 7], "uv_size": [10, 2]},
								"east": {"uv": [79, 7], "uv_size": [10, 2]},
								"south": {"uv": [79, 7], "uv_size": [10, 2]},
								"west": {"uv": [79, 7], "uv_size": [10, 2]},
								"up": {"uv": [89, 9], "uv_size": [-10, -2]},
								"down": {"uv": [89, 9], "uv_size": [-10, -2]}
							}
						},
						{
							"origin": [-1.71375, 31.0865, -13.26766],
							"size": [0.28875, 0.3625, 1.14625],
							"uv": {
								"north": {"uv": [79, 9], "uv_size": [10, -2]},
								"east": {"uv": [79, 9], "uv_size": [10, -2]},
								"south": {"uv": [79, 9], "uv_size": [10, -2]},
								"west": {"uv": [79, 9], "uv_size": [10, -2]},
								"up": {"uv": [89, 7], "uv_size": [-10, 2]},
								"down": {"uv": [89, 7], "uv_size": [-10, 2]}
							}
						},
						{
							"origin": [-1.57875, 31.425, -13.26766],
							"size": [0.28875, 0.475, 1.14625],
							"pivot": [-1.5775, 31.84925, -13.24478],
							"rotation": [0, 0, 19],
							"uv": {
								"north": {"uv": [79, 9], "uv_size": [10, -2]},
								"east": {"uv": [79, 9], "uv_size": [10, -2]},
								"south": {"uv": [79, 9], "uv_size": [10, -2]},
								"west": {"uv": [79, 9], "uv_size": [10, -2]},
								"up": {"uv": [89, 7], "uv_size": [-10, 2]},
								"down": {"uv": [89, 7], "uv_size": [-10, 2]}
							}
						},
						{
							"origin": [-1.32875, 31.824, -13.26766],
							"size": [0.28875, 0.55625, 1.14625],
							"pivot": [-1.3275, 32.22425, -13.24478],
							"rotation": [0, 0, 35],
							"uv": {
								"north": {"uv": [79, 9], "uv_size": [10, -2]},
								"east": {"uv": [79, 9], "uv_size": [10, -2]},
								"south": {"uv": [79, 9], "uv_size": [10, -2]},
								"west": {"uv": [79, 9], "uv_size": [10, -2]},
								"up": {"uv": [89, 7], "uv_size": [-10, 2]},
								"down": {"uv": [89, 7], "uv_size": [-10, 2]}
							}
						},
						{
							"origin": [1.19, 31.824, -13.26766],
							"size": [0.28875, 0.55625, 1.14625],
							"pivot": [1.4775, 32.22425, -13.24478],
							"rotation": [0, 0, -35],
							"uv": {
								"north": {"uv": [89, 9], "uv_size": [-10, -2]},
								"east": {"uv": [89, 9], "uv_size": [-10, -2]},
								"south": {"uv": [89, 9], "uv_size": [-10, -2]},
								"west": {"uv": [89, 9], "uv_size": [-10, -2]},
								"up": {"uv": [79, 7], "uv_size": [10, 2]},
								"down": {"uv": [79, 7], "uv_size": [10, 2]}
							}
						},
						{
							"origin": [-1.32875, 29.801, -13.26766],
							"size": [2.78875, 0.21875, 1.1375],
							"uv": {
								"north": {"uv": [79, 7], "uv_size": [10, 2]},
								"east": {"uv": [79, 7], "uv_size": [10, 2]},
								"south": {"uv": [79, 7], "uv_size": [10, 2]},
								"west": {"uv": [79, 7], "uv_size": [10, 2]},
								"up": {"uv": [89, 9], "uv_size": [-10, -2]},
								"down": {"uv": [89, 9], "uv_size": [-10, -2]}
							}
						},
						{
							"origin": [-1.07875, 29.176, -13.26766],
							"size": [2.28875, 0.71875, 1.1375],
							"uv": {
								"north": {"uv": [79, 7], "uv_size": [10, 2]},
								"east": {"uv": [79, 7], "uv_size": [10, 2]},
								"south": {"uv": [79, 7], "uv_size": [10, 2]},
								"west": {"uv": [79, 7], "uv_size": [10, 2]},
								"up": {"uv": [89, 9], "uv_size": [-10, -2]},
								"down": {"uv": [89, 9], "uv_size": [-10, -2]}
							}
						},
						{
							"origin": [0.9175, 29.176, -13.26766],
							"size": [0.28875, 0.675, 1.1375],
							"pivot": [1.21, 29.176, -13.24478],
							"rotation": [0, 0, 22],
							"uv": {
								"north": {"uv": [79, 7], "uv_size": [10, 2]},
								"east": {"uv": [79, 7], "uv_size": [10, 2]},
								"south": {"uv": [79, 7], "uv_size": [10, 2]},
								"west": {"uv": [79, 7], "uv_size": [10, 2]},
								"up": {"uv": [89, 9], "uv_size": [-10, -2]},
								"down": {"uv": [89, 9], "uv_size": [-10, -2]}
							}
						},
						{
							"origin": [1.1675, 29.176, -13.26766],
							"size": [0.28875, 0.425, 1.1375],
							"pivot": [1.46, 29.176, -13.24478],
							"rotation": [0, 0, -22],
							"uv": {
								"north": {"uv": [79, 7], "uv_size": [10, 2]},
								"east": {"uv": [79, 7], "uv_size": [10, 2]},
								"south": {"uv": [79, 7], "uv_size": [10, 2]},
								"west": {"uv": [79, 7], "uv_size": [10, 2]},
								"up": {"uv": [89, 9], "uv_size": [-10, -2]},
								"down": {"uv": [89, 9], "uv_size": [-10, -2]}
							}
						},
						{
							"origin": [-1.30625, 29.176, -13.26766],
							"size": [0.28875, 0.425, 1.1375],
							"pivot": [-1.31, 29.176, -13.24478],
							"rotation": [0, 0, 22],
							"uv": {
								"north": {"uv": [89, 7], "uv_size": [-10, 2]},
								"east": {"uv": [89, 7], "uv_size": [-10, 2]},
								"south": {"uv": [89, 7], "uv_size": [-10, 2]},
								"west": {"uv": [89, 7], "uv_size": [-10, 2]},
								"up": {"uv": [79, 9], "uv_size": [10, -2]},
								"down": {"uv": [79, 9], "uv_size": [10, -2]}
							}
						},
						{
							"origin": [-1.05625, 29.176, -13.26766],
							"size": [0.28875, 0.675, 1.1375],
							"pivot": [-1.06, 29.176, -13.24478],
							"rotation": [0, 0, -22],
							"uv": {
								"north": {"uv": [89, 7], "uv_size": [-10, 2]},
								"east": {"uv": [89, 7], "uv_size": [-10, 2]},
								"south": {"uv": [89, 7], "uv_size": [-10, 2]},
								"west": {"uv": [89, 7], "uv_size": [-10, 2]},
								"up": {"uv": [79, 9], "uv_size": [10, -2]},
								"down": {"uv": [79, 9], "uv_size": [10, -2]}
							}
						},
						{
							"origin": [-1.65812, 29.75, -13.26766],
							"size": [0.21625, 0.5375, 1.14625],
							"pivot": [-1.2775, 30.451, -8.61353],
							"rotation": [0, 0, -65],
							"uv": {
								"north": {"uv": [89, 7], "uv_size": [-10, 2]},
								"east": {"uv": [89, 7], "uv_size": [-10, 2]},
								"south": {"uv": [89, 7], "uv_size": [-10, 2]},
								"west": {"uv": [89, 7], "uv_size": [-10, 2]},
								"up": {"uv": [79, 9], "uv_size": [10, -2]},
								"down": {"uv": [79, 9], "uv_size": [10, -2]}
							}
						},
						{
							"origin": [1.59188, 29.75, -13.26766],
							"size": [0.21625, 0.5375, 1.14625],
							"pivot": [1.4275, 30.451, -8.61353],
							"rotation": [0, 0, 65],
							"uv": {
								"north": {"uv": [79, 7], "uv_size": [10, 2]},
								"east": {"uv": [79, 7], "uv_size": [10, 2]},
								"south": {"uv": [79, 7], "uv_size": [10, 2]},
								"west": {"uv": [79, 7], "uv_size": [10, 2]},
								"up": {"uv": [89, 9], "uv_size": [-10, -2]},
								"down": {"uv": [89, 9], "uv_size": [-10, -2]}
							}
						},
						{
							"origin": [1.19, 29.926, -13.26766],
							"size": [0.28875, 0.5, 1.14625],
							"pivot": [1.4775, 30.02575, -13.24478],
							"rotation": [0, 0, 35],
							"uv": {
								"north": {"uv": [89, 7], "uv_size": [-10, 2]},
								"east": {"uv": [89, 7], "uv_size": [-10, 2]},
								"south": {"uv": [89, 7], "uv_size": [-10, 2]},
								"west": {"uv": [89, 7], "uv_size": [-10, 2]},
								"up": {"uv": [79, 9], "uv_size": [10, -2]},
								"down": {"uv": [79, 9], "uv_size": [10, -2]}
							}
						},
						{
							"origin": [1.44, 30.35, -13.26766],
							"size": [0.28875, 0.475, 1.14625],
							"pivot": [1.7275, 30.40075, -13.24478],
							"rotation": [0, 0, 19],
							"uv": {
								"north": {"uv": [89, 7], "uv_size": [-10, 2]},
								"east": {"uv": [89, 7], "uv_size": [-10, 2]},
								"south": {"uv": [89, 7], "uv_size": [-10, 2]},
								"west": {"uv": [89, 7], "uv_size": [-10, 2]},
								"up": {"uv": [79, 9], "uv_size": [10, -2]},
								"down": {"uv": [79, 9], "uv_size": [10, -2]}
							}
						},
						{
							"origin": [1.575, 31.0865, -13.26766],
							"size": [0.28875, 0.3625, 1.14625],
							"uv": {
								"north": {"uv": [89, 9], "uv_size": [-10, -2]},
								"east": {"uv": [89, 9], "uv_size": [-10, -2]},
								"south": {"uv": [89, 9], "uv_size": [-10, -2]},
								"west": {"uv": [89, 9], "uv_size": [-10, -2]},
								"up": {"uv": [79, 7], "uv_size": [10, 2]},
								"down": {"uv": [79, 7], "uv_size": [10, 2]}
							}
						},
						{
							"origin": [1.575, 30.801, -13.26766],
							"size": [0.28875, 0.3625, 1.14625],
							"uv": {
								"north": {"uv": [89, 7], "uv_size": [-10, 2]},
								"east": {"uv": [89, 7], "uv_size": [-10, 2]},
								"south": {"uv": [89, 7], "uv_size": [-10, 2]},
								"west": {"uv": [89, 7], "uv_size": [-10, 2]},
								"up": {"uv": [79, 9], "uv_size": [10, -2]},
								"down": {"uv": [79, 9], "uv_size": [10, -2]}
							}
						},
						{
							"origin": [1.44, 31.425, -13.26766],
							"size": [0.28875, 0.475, 1.14625],
							"pivot": [1.7275, 31.84925, -13.24478],
							"rotation": [0, 0, -19],
							"uv": {
								"north": {"uv": [89, 9], "uv_size": [-10, -2]},
								"east": {"uv": [89, 9], "uv_size": [-10, -2]},
								"south": {"uv": [89, 9], "uv_size": [-10, -2]},
								"west": {"uv": [89, 9], "uv_size": [-10, -2]},
								"up": {"uv": [79, 7], "uv_size": [10, 2]},
								"down": {"uv": [79, 7], "uv_size": [10, 2]}
							}
						},
						{
							"origin": [-1.7685, 27.90313, -13.31778],
							"size": [3.624, 1.209, 1.209],
							"inflate": -0.3,
							"pivot": [1.85475, 27.51013, -13.71078],
							"rotation": [-45, 0, 0],
							"uv": {
								"north": {"uv": [116, 20], "uv_size": [1, 1]},
								"east": {"uv": [116, 20], "uv_size": [1, 1]},
								"south": {"uv": [116, 20], "uv_size": [1, 1]},
								"west": {"uv": [116, 20], "uv_size": [1, 1]},
								"up": {"uv": [117, 21], "uv_size": [-1, -1]},
								"down": {"uv": [117, 21], "uv_size": [-1, -1]}
							}
						},
						{
							"origin": [-1.7685, 27.90313, -8.19278],
							"size": [3.624, 1.209, 1.209],
							"inflate": -0.3,
							"pivot": [1.85475, 27.51013, -8.58578],
							"rotation": [-45, 0, 0],
							"uv": {
								"north": {"uv": [116, 20], "uv_size": [1, 1]},
								"east": {"uv": [116, 20], "uv_size": [1, 1]},
								"south": {"uv": [116, 20], "uv_size": [1, 1]},
								"west": {"uv": [116, 20], "uv_size": [1, 1]},
								"up": {"uv": [117, 21], "uv_size": [-1, -1]},
								"down": {"uv": [117, 21], "uv_size": [-1, -1]}
							}
						},
						{
							"origin": [0.8565, 29.27813, -9.69278],
							"size": [0.999, 0.959, 0.959],
							"inflate": -0.3,
							"pivot": [1.85475, 28.76013, -10.21078],
							"rotation": [-45, 0, 0],
							"uv": {
								"north": {"uv": [116, 20], "uv_size": [1, 1]},
								"east": {"uv": [116, 20], "uv_size": [1, 1]},
								"south": {"uv": [116, 20], "uv_size": [1, 1]},
								"west": {"uv": [116, 20], "uv_size": [1, 1]},
								"up": {"uv": [117, 21], "uv_size": [-1, -1]},
								"down": {"uv": [117, 21], "uv_size": [-1, -1]}
							}
						}
					]
				},
				{
					"name": "pso4",
					"parent": "1p87",
					"pivot": [-0.36512, 28.19156, -10.00497],
					"rotation": [-45, 0, -90],
					"cubes": [
						{
							"origin": [0.4065, 26.66818, -10.90918],
							"size": [1.02512, 2.05713, 2.05713],
							"inflate": -0.2,
							"uv": {
								"north": {"uv": [79, 7], "uv_size": [10, 2]},
								"east": {"uv": [79, 7], "uv_size": [10, 2]},
								"south": {"uv": [79, 7], "uv_size": [10, 2]},
								"west": {"uv": [79, 7], "uv_size": [10, 2]},
								"up": {"uv": [89, 9], "uv_size": [-10, -2]},
								"down": {"uv": [89, 9], "uv_size": [-10, -2]}
							}
						},
						{
							"origin": [0.56306, 26.56187, -11.01549],
							"size": [0.79381, 2.26975, 2.26975],
							"inflate": -0.2,
							"uv": {
								"north": {"uv": [79, 7], "uv_size": [10, 2]},
								"east": {"uv": [79, 7], "uv_size": [10, 2]},
								"south": {"uv": [79, 7], "uv_size": [10, 2]},
								"west": {"uv": [79, 7], "uv_size": [10, 2]},
								"up": {"uv": [89, 9], "uv_size": [-10, -2]},
								"down": {"uv": [89, 9], "uv_size": [-10, -2]}
							}
						}
					]
				},
				{
					"name": "pso2",
					"parent": "1p87",
					"pivot": [-1.86512, 27.31656, -4.00497],
					"rotation": [-45, 0, -90],
					"cubes": [
						{
							"origin": [-1.17326, 24.39936, -4.31925],
							"size": [0.96417, 1.64556, 1.64556],
							"inflate": -0.2,
							"uv": {
								"north": {"uv": [79, 7], "uv_size": [10, 2]},
								"east": {"uv": [79, 7], "uv_size": [10, 2]},
								"south": {"uv": [79, 7], "uv_size": [10, 2]},
								"west": {"uv": [79, 7], "uv_size": [10, 2]},
								"up": {"uv": [89, 9], "uv_size": [-10, -2]},
								"down": {"uv": [89, 9], "uv_size": [-10, -2]}
							}
						},
						{
							"origin": [-1.03197, 24.30341, -4.4152],
							"size": [1.10603, 1.83745, 1.83745],
							"inflate": -0.2,
							"uv": {
								"north": {"uv": [79, 7], "uv_size": [10, 2]},
								"east": {"uv": [79, 7], "uv_size": [10, 2]},
								"south": {"uv": [79, 7], "uv_size": [10, 2]},
								"west": {"uv": [79, 7], "uv_size": [10, 2]},
								"up": {"uv": [89, 9], "uv_size": [-10, -2]},
								"down": {"uv": [89, 9], "uv_size": [-10, -2]}
							}
						}
					]
				},
				{
					"name": "scope",
					"parent": "main",
					"pivot": [0.06, 31.68, 4.59],
					"cubes": [
						{
							"origin": [-0.36, 30.6, -1.39],
							"size": [0.96, 0.96, 0.96],
							"inflate": -0.4,
							"uv": {
								"north": {"uv": [60, 19], "uv_size": [1, 1]},
								"east": {"uv": [23, 56], "uv_size": [1, 1]},
								"south": {"uv": [58, 18], "uv_size": [1, 1]},
								"west": {"uv": [24, 57], "uv_size": [1, 1]},
								"up": {"uv": [58, 23], "uv_size": [1, 1]},
								"down": {"uv": [26, 60], "uv_size": [1, -1]}
							}
						}
					]
				},
				{
					"name": "_ca_scope",
					"parent": "main",
					"pivot": [-0.1, 28.68, -10.67],
					"cubes": [
						{
							"origin": [-0.18, 27.186, -10.9565],
							"size": [0.76, 0.76, 0.76],
							"uv": {
								"north": {"uv": [53, 14], "uv_size": [1, 1]},
								"east": {"uv": [15, 53], "uv_size": [1, 1]},
								"south": {"uv": [53, 15], "uv_size": [1, 1]},
								"west": {"uv": [16, 53], "uv_size": [1, 1]},
								"up": {"uv": [53, 16], "uv_size": [1, 1]},
								"down": {"uv": [17, 54], "uv_size": [1, -1]}
							}
						}
					]
				}
			]
		}
	]
}