{
	"format_version": "1.12.0",
	"minecraft:geometry": [
		{
			"description": {
				"identifier": "geometry.unknown",
				"texture_width": 128,
				"texture_height": 128,
				"visible_bounds_width": 10,
				"visible_bounds_height": 5,
				"visible_bounds_offset": [0, 0.5, 0]
			},
			"bones": [
				{
					"name": "main",
					"pivot": [0, 20, 0]
				},
				{
					"name": "gun",
					"parent": "main",
					"pivot": [1, 11, -1]
				},
				{
					"name": "barrel",
					"parent": "gun",
					"pivot": [0.2, 22.6, -82.85],
					"cubes": [
						{
							"origin": [-0.9, 21.6, -79.45],
							"size": [2.1, 2, 49.4],
							"inflate": -0.3,
							"pivot": [0.2, 22.6, -91.85],
							"rotation": [0, 0, -20],
							"uv": {
								"north": {"uv": [103, 34], "uv_size": [2, 2]},
								"east": {"uv": [39, 20], "uv_size": [37, 2]},
								"south": {"uv": [61, 27], "uv_size": [2, 2]},
								"west": {"uv": [39, 22], "uv_size": [37, 2]},
								"up": {"uv": [39, 24], "uv_size": [2, 37]},
								"down": {"uv": [41, 61], "uv_size": [2, -37]}
							}
						},
						{
							"origin": [-0.55, 19.975, -78.15],
							"size": [1.5, 2.3, 1.75],
							"inflate": -0.2,
							"uv": {
								"north": {"uv": [106, 61], "uv_size": [2, 2]},
								"east": {"uv": [106, 63], "uv_size": [2, 2]},
								"south": {"uv": [106, 66], "uv_size": [2, 2]},
								"west": {"uv": [106, 68], "uv_size": [2, 2]},
								"up": {"uv": [75, 106], "uv_size": [2, 2]},
								"down": {"uv": [106, 77], "uv_size": [2, -2]}
							}
						},
						{
							"origin": [-0.4, 20.1, -76.95],
							"size": [1.3, 1.3, 49.4],
							"inflate": -0.3,
							"pivot": [0.2, 20.7, -89.35],
							"rotation": [0, 0, -20],
							"uv": {
								"north": {"uv": [19, 116], "uv_size": [1, 1]},
								"east": {"uv": [54, 19], "uv_size": [37, 1]},
								"south": {"uv": [116, 19], "uv_size": [1, 1]},
								"west": {"uv": [66, 44], "uv_size": [37, 1]},
								"up": {"uv": [26, 64], "uv_size": [1, 37]},
								"down": {"uv": [27, 101], "uv_size": [1, -37]}
							}
						},
						{
							"origin": [-0.55, 22.775, -78.05],
							"size": [1.5, 2, 1.75],
							"inflate": -0.2,
							"uv": {
								"north": {"uv": [105, 84], "uv_size": [2, 2]},
								"east": {"uv": [105, 92], "uv_size": [2, 2]},
								"south": {"uv": [105, 99], "uv_size": [2, 2]},
								"west": {"uv": [106, 0], "uv_size": [2, 2]},
								"up": {"uv": [16, 106], "uv_size": [2, 2]},
								"down": {"uv": [106, 19], "uv_size": [2, -2]}
							}
						},
						{
							"origin": [-0.7, 26.575, -79.4],
							"size": [1, 1.7, 2],
							"inflate": -0.301,
							"pivot": [-0.4, 27.075, -79.1],
							"rotation": [0, 0, -28],
							"uv": {
								"north": {"uv": [39, 109], "uv_size": [1, 2]},
								"east": {"uv": [106, 22], "uv_size": [2, 2]},
								"south": {"uv": [40, 109], "uv_size": [1, 2]},
								"west": {"uv": [25, 106], "uv_size": [2, 2]},
								"up": {"uv": [41, 109], "uv_size": [1, 2]},
								"down": {"uv": [42, 111], "uv_size": [1, -2]}
							}
						},
						{
							"origin": [-1.12, 27.565, -79.4],
							"size": [1, 1.5, 2],
							"inflate": -0.302,
							"pivot": [-0.8, 27.875, -79.1],
							"rotation": [0, 0, 15],
							"uv": {
								"north": {"uv": [109, 42], "uv_size": [1, 2]},
								"east": {"uv": [27, 106], "uv_size": [2, 2]},
								"south": {"uv": [43, 109], "uv_size": [1, 2]},
								"west": {"uv": [106, 27], "uv_size": [2, 2]},
								"up": {"uv": [44, 109], "uv_size": [1, 2]},
								"down": {"uv": [45, 111], "uv_size": [1, -2]}
							}
						},
						{
							"origin": [0.1, 26.575, -79.4],
							"size": [1, 1.7, 2],
							"inflate": -0.301,
							"pivot": [0.8, 27.075, -79.1],
							"rotation": [0, 0, 28],
							"uv": {
								"north": {"uv": [109, 46], "uv_size": [1, 2]},
								"east": {"uv": [29, 106], "uv_size": [2, 2]},
								"south": {"uv": [109, 48], "uv_size": [1, 2]},
								"west": {"uv": [106, 29], "uv_size": [2, 2]},
								"up": {"uv": [50, 109], "uv_size": [1, 2]},
								"down": {"uv": [51, 111], "uv_size": [1, -2]}
							}
						},
						{
							"origin": [0.52, 27.565, -79.4],
							"size": [1, 1.5, 2],
							"inflate": -0.302,
							"pivot": [1.2, 27.875, -79.1],
							"rotation": [0, 0, -15],
							"uv": {
								"north": {"uv": [52, 109], "uv_size": [1, 2]},
								"east": {"uv": [106, 36], "uv_size": [2, 2]},
								"south": {"uv": [53, 109], "uv_size": [1, 2]},
								"west": {"uv": [38, 106], "uv_size": [2, 2]},
								"up": {"uv": [54, 109], "uv_size": [1, 2]},
								"down": {"uv": [55, 111], "uv_size": [1, -2]}
							}
						},
						{
							"origin": [-0.3, 26.675, -79.15],
							"size": [1, 2, 1.25],
							"inflate": -0.35,
							"uv": {
								"north": {"uv": [56, 109], "uv_size": [1, 2]},
								"east": {"uv": [57, 109], "uv_size": [1, 2]},
								"south": {"uv": [58, 109], "uv_size": [1, 2]},
								"west": {"uv": [60, 109], "uv_size": [1, 2]},
								"up": {"uv": [18, 116], "uv_size": [1, 1]},
								"down": {"uv": [116, 19], "uv_size": [1, -1]}
							}
						},
						{
							"origin": [-0.55, 23.65, -78.525],
							"size": [1.5, 3.675, 1.75],
							"inflate": -0.201,
							"pivot": [0.45, 25.4, -78.525],
							"rotation": [22.25, 0, 0],
							"uv": {
								"north": {"uv": [16, 99], "uv_size": [2, 4]},
								"east": {"uv": [18, 99], "uv_size": [2, 4]},
								"south": {"uv": [20, 99], "uv_size": [2, 4]},
								"west": {"uv": [46, 99], "uv_size": [2, 4]},
								"up": {"uv": [40, 106], "uv_size": [2, 2]},
								"down": {"uv": [106, 42], "uv_size": [2, -2]}
							}
						},
						{
							"origin": [-0.55, 22.775, -79.3],
							"size": [1.5, 5, 1.75],
							"inflate": -0.2,
							"uv": {
								"north": {"uv": [1, 94], "uv_size": [2, 5]},
								"east": {"uv": [94, 24], "uv_size": [2, 5]},
								"south": {"uv": [46, 94], "uv_size": [2, 5]},
								"west": {"uv": [94, 71], "uv_size": [2, 5]},
								"up": {"uv": [42, 106], "uv_size": [2, 2]},
								"down": {"uv": [106, 47], "uv_size": [2, -2]}
							}
						}
					]
				},
				{
					"name": "muzbrake",
					"parent": "barrel",
					"pivot": [0.2, 22.525, -78.15],
					"cubes": [
						{
							"origin": [-0.8, 21.525, -85.55],
							"size": [2, 2, 6.4],
							"pivot": [0.2, 22.525, -87.15],
							"rotation": [0, 0, -20],
							"uv": {
								"north": {"uv": [18, 106], "uv_size": [2, 2]},
								"east": {"uv": [85, 61], "uv_size": [8, 2]},
								"south": {"uv": [22, 106], "uv_size": [2, 2]},
								"west": {"uv": [86, 42], "uv_size": [8, 2]},
								"up": {"uv": [75, 86], "uv_size": [2, 8]},
								"down": {"uv": [77, 94], "uv_size": [2, -8]}
							}
						}
					]
				},
				{
					"name": "muzzleflash",
					"parent": "main",
					"pivot": [0, 22.5, -78.85],
					"cubes": [
						{
							"origin": [-0.5, 22.25, -86.55],
							"size": [1, 1, 1],
							"inflate": -0.4,
							"uv": {
								"north": {"uv": [69, 73], "uv_size": [1, 1]},
								"east": {"uv": [80, 78], "uv_size": [1, 1]},
								"south": {"uv": [55, 82], "uv_size": [1, 1]},
								"west": {"uv": [84, 61], "uv_size": [1, 1]},
								"up": {"uv": [90, 27], "uv_size": [1, 1]},
								"down": {"uv": [90, 76], "uv_size": [1, -1]}
							}
						}
					]
				},
				{
					"name": "_cb_suppressor",
					"parent": "main",
					"pivot": [0.2, 22.75, -71.225],
					"cubes": [
						{"origin": [-0.3, 22.125, -80.15], "size": [1, 1, 1], "uv": [8, 121]}
					]
				},
				{
					"name": "_ca_barrelsig",
					"parent": "main",
					"pivot": [-0.2, 21.35, -40.325],
					"cubes": [
						{"origin": [-0.4, 22.25, -34.125], "size": [1, 1, 1], "uv": [30, 121]}
					]
				}
			]
		}
	]
}