{
	"format_version": "1.12.0",
	"minecraft:geometry": [
		{
			"description": {
				"identifier": "geometry.unknown",
				"texture_width": 64,
				"texture_height": 64,
				"visible_bounds_width": 8,
				"visible_bounds_height": 5,
				"visible_bounds_offset": [0, 1.5, 0]
			},
			"bones": [
				{
					"name": "main",
					"pivot": [0, 20, 6.65]
				},
				{
					"name": "specter",
					"parent": "main",
					"pivot": [0, 26.4, -2.95],
					"cubes": [
						{
							"origin": [-1.235, 23.895, -5.86562],
							"size": [2.185, 0.42, 3.8],
							"uv": {
								"north": {"uv": [40, 49], "uv_size": [3, 1]},
								"east": {"uv": [47, 28], "uv_size": [4, 1]},
								"south": {"uv": [43, 49], "uv_size": [3, 1]},
								"west": {"uv": [47, 30], "uv_size": [4, 1]},
								"up": {"uv": [40, 34], "uv_size": [3, 4]},
								"down": {"uv": [0, 45], "uv_size": [3, -4]}
							}
						},
						{
							"origin": [-1.9288, 24.07495, -6.11067],
							"size": [3.06635, 1.0651, 4.2901],
							"inflate": -0.201,
							"uv": {
								"north": {"uv": [12, 48], "uv_size": [-3, -2]},
								"east": {"uv": [12, 48], "uv_size": [-3, -2]},
								"south": {"uv": [12, 48], "uv_size": [-3, -2]},
								"west": {"uv": [12, 48], "uv_size": [-3, -2]},
								"up": {"uv": [9, 46], "uv_size": [3, 2]},
								"down": {"uv": [9, 46], "uv_size": [3, 2]}
							}
						},
						{
							"origin": [-1.63875, 26.49, 5.78688],
							"size": [3.2775, 3.2125, 0.95],
							"uv": {
								"north": {"uv": [26, 41], "uv_size": [3, 4]},
								"east": {"uv": [17, 47], "uv_size": [1, 4]},
								"south": {"uv": [41, 38], "uv_size": [3, 4]},
								"west": {"uv": [33, 47], "uv_size": [1, 4]},
								"up": {"uv": [50, 13], "uv_size": [3, 1]},
								"down": {"uv": [50, 15], "uv_size": [3, -1]}
							}
						},
						{
							"origin": [-1.63, 29.3425, -6.17688],
							"size": [3.165, 1.075, 13.36125],
							"inflate": -0.3,
							"uv": {
								"north": {"uv": [27, 39], "uv_size": [1.1, 1]},
								"east": {"uv": [27, 30], "uv_size": [5.1, 7]},
								"south": {"uv": [15, 7], "uv_size": [1.1, 1]},
								"west": {"uv": [27, 30], "uv_size": [5.1, 7]},
								"up": {"uv": [33.2, 36], "uv_size": [-6.2, -3.8]},
								"down": {"uv": [16.1, 8], "uv_size": [-1.1, -1]}
							}
						},
						{
							"origin": [-1.63, 25.7575, -6.17688],
							"size": [3.165, 1.075, 13.36125],
							"inflate": -0.3,
							"uv": {
								"north": {"uv": [27, 40], "uv_size": [1.1, -1]},
								"east": {"uv": [27, 37], "uv_size": [5.1, -7]},
								"south": {"uv": [15, 8], "uv_size": [1.1, -1]},
								"west": {"uv": [27, 37], "uv_size": [5.1, -7]},
								"up": {"uv": [16.1, 7], "uv_size": [-1.1, 1]},
								"down": {"uv": [33.2, 32.2], "uv_size": [-6.2, 3.8]}
							}
						},
						{
							"origin": [-2.38, 25.2575, -5.92688],
							"size": [3.915, 1.075, 3.98625],
							"inflate": -0.3,
							"uv": {
								"north": {"uv": [27, 40], "uv_size": [1.1, -1]},
								"east": {"uv": [27, 37], "uv_size": [5.1, -7]},
								"south": {"uv": [15, 8], "uv_size": [1.1, -1]},
								"west": {"uv": [27, 37], "uv_size": [5.1, -7]},
								"up": {"uv": [16.1, 7], "uv_size": [-1.1, 1]},
								"down": {"uv": [33.2, 32.2], "uv_size": [-6.2, 3.8]}
							}
						},
						{
							"origin": [-1.725, 29.58, -6.29812],
							"size": [3.45, 1.01563, 7.30937],
							"inflate": -0.3,
							"uv": {
								"north": {"uv": [9, 46], "uv_size": [3, 2]},
								"east": {"uv": [9, 46], "uv_size": [3, 2]},
								"south": {"uv": [27, 39], "uv_size": [1.1, 1]},
								"west": {"uv": [9, 46], "uv_size": [3, 2]},
								"up": {"uv": [12, 48], "uv_size": [-3, -2]},
								"down": {"uv": [12, 48], "uv_size": [-3, -2]}
							}
						},
						{
							"origin": [1.22, 26.605, -6.17688],
							"size": [1.17, 2.9575, 13.36125],
							"inflate": -0.3,
							"uv": {
								"north": {"uv": [27, 39], "uv_size": [1.1, 1]},
								"east": {"uv": [15, 7], "uv_size": [1.1, 1]},
								"south": {"uv": [15, 7], "uv_size": [1.1, 1]},
								"west": {"uv": [27, 32.2], "uv_size": [6.2, 3.8]},
								"up": {"uv": [32.1, 37], "uv_size": [-5.1, -7]},
								"down": {"uv": [32.1, 37], "uv_size": [-5.1, -7]}
							}
						},
						{
							"origin": [1.5525, 26.52813, -6.27688],
							"size": [1.05125, 3.18875, 7.28812],
							"inflate": -0.3,
							"uv": {
								"north": {"uv": [12, 48], "uv_size": [-3, -2]},
								"east": {"uv": [27, 30], "uv_size": [5.1, 7]},
								"south": {"uv": [27, 39], "uv_size": [1.1, 1]},
								"west": {"uv": [27, 32.2], "uv_size": [6.2, 3.8]},
								"up": {"uv": [32.1, 37], "uv_size": [-5.1, -7]},
								"down": {"uv": [32.1, 37], "uv_size": [-5.1, -7]}
							}
						},
						{
							"origin": [2.00375, 27.02813, -6.27688],
							"size": [0.725, 2.18875, 7.28812],
							"inflate": -0.3,
							"uv": {
								"north": {"uv": [27, 32.2], "uv_size": [6.2, 3.8]},
								"east": {"uv": [27, 32.2], "uv_size": [6.2, 3.8]},
								"south": {"uv": [27, 32.2], "uv_size": [6.2, 3.8]},
								"west": {"uv": [27, 33.4], "uv_size": [3.3, 1.8]},
								"up": {"uv": [33.2, 36], "uv_size": [-6.2, -3.8]},
								"down": {"uv": [33.2, 36], "uv_size": [-6.2, -3.8]}
							}
						},
						{
							"origin": [-2.60375, 26.52813, -6.27688],
							"size": [1.05125, 3.18875, 7.28812],
							"inflate": -0.3,
							"uv": {
								"north": {"uv": [12, 48], "uv_size": [-3, -2]},
								"east": {"uv": [33.2, 32.2], "uv_size": [-6.2, 3.8]},
								"south": {"uv": [27, 39], "uv_size": [1.1, 1]},
								"west": {"uv": [32.1, 30], "uv_size": [-5.1, 7]},
								"up": {"uv": [27, 37], "uv_size": [5.1, -7]},
								"down": {"uv": [27, 37], "uv_size": [5.1, -7]}
							}
						},
						{
							"origin": [-3.2225, 26.75313, -5.01438],
							"size": [1.67, 2.73875, 4.75],
							"inflate": -0.3,
							"uv": {
								"north": {"uv": [9, 46], "uv_size": [3, 2]},
								"east": {"uv": [9, 46], "uv_size": [3, 2]},
								"south": {"uv": [9, 46], "uv_size": [3, 2]},
								"west": {"uv": [9, 46], "uv_size": [3, 2]},
								"up": {"uv": [12, 48], "uv_size": [-3, -2]},
								"down": {"uv": [12, 48], "uv_size": [-3, -2]}
							}
						},
						{
							"origin": [-3.2225, 26.75313, -6.375],
							"size": [1.67, 2.73875, 1.96312],
							"inflate": -0.3,
							"pivot": [-2.91875, 28.9375, -4.7125],
							"rotation": [0, -28, 0],
							"uv": {
								"north": {"uv": [9, 46], "uv_size": [3, 2]},
								"east": {"uv": [9, 46], "uv_size": [3, 2]},
								"south": {"uv": [9, 46], "uv_size": [3, 2]},
								"west": {"uv": [9, 46], "uv_size": [3, 2]},
								"up": {"uv": [12, 48], "uv_size": [-3, -2]},
								"down": {"uv": [12, 48], "uv_size": [-3, -2]}
							}
						},
						{
							"origin": [-3.2225, 26.75313, -0.86312],
							"size": [1.67, 2.73875, 1.96312],
							"inflate": -0.3,
							"pivot": [-2.91875, 28.9375, -0.5625],
							"rotation": [0, 28, 0],
							"uv": {
								"north": {"uv": [9, 46], "uv_size": [3, 2]},
								"east": {"uv": [9, 46], "uv_size": [3, 2]},
								"south": {"uv": [9, 46], "uv_size": [3, 2]},
								"west": {"uv": [9, 46], "uv_size": [3, 2]},
								"up": {"uv": [12, 48], "uv_size": [-3, -2]},
								"down": {"uv": [12, 48], "uv_size": [-3, -2]}
							}
						},
						{
							"origin": [-2.39, 26.50375, -6.17688],
							"size": [1.075, 3.15375, 13.36125],
							"inflate": -0.3,
							"uv": {
								"north": {"uv": [27, 39], "uv_size": [1.1, 1]},
								"east": {"uv": [27, 32.2], "uv_size": [6.2, 3.8]},
								"south": {"uv": [15, 7], "uv_size": [1.1, 1]},
								"west": {"uv": [15, 7], "uv_size": [1.1, 1]},
								"up": {"uv": [32.1, 37], "uv_size": [-5.1, -7]},
								"down": {"uv": [32.1, 37], "uv_size": [-5.1, -7]}
							}
						},
						{
							"origin": [-24.4965, 36.3535, -6.17688],
							"size": [1.17, 1.6735, 13.36125],
							"inflate": -0.3,
							"pivot": [-21.945, 6.32, 2.31688],
							"rotation": [0, 0, 45],
							"uv": {
								"north": {"uv": [27, 39], "uv_size": [1.1, 1]},
								"east": {"uv": [27, 30], "uv_size": [5.1, 7]},
								"south": {"uv": [15, 7], "uv_size": [1.1, 1]},
								"west": {"uv": [15, 7], "uv_size": [1.1, 1]},
								"up": {"uv": [32.1, 37], "uv_size": [-5.1, -7]},
								"down": {"uv": [32.1, 37], "uv_size": [-5.1, -7]}
							}
						},
						{
							"origin": [22.1865, 39.0135, -6.17688],
							"size": [1.17, 1.8065, 13.36125],
							"inflate": -0.3,
							"pivot": [24.7, 8.98, 2.31688],
							"rotation": [0, 0, -45],
							"uv": {
								"north": {"uv": [27, 39], "uv_size": [1.1, 1]},
								"east": {"uv": [15, 7], "uv_size": [1.1, 1]},
								"south": {"uv": [15, 7], "uv_size": [1.1, 1]},
								"west": {"uv": [27, 32.2], "uv_size": [6.2, 3.8]},
								"up": {"uv": [32.1, 37], "uv_size": [-5.1, -7]},
								"down": {"uv": [32.1, 37], "uv_size": [-5.1, -7]}
							}
						},
						{
							"origin": [-24.4965, 18.148, -6.17688],
							"size": [1.17, 1.6735, 13.36125],
							"inflate": -0.3,
							"pivot": [-21.945, 49.855, 2.31688],
							"rotation": [0, 0, -45],
							"uv": {
								"north": {"uv": [27, 40], "uv_size": [1.1, -1]},
								"east": {"uv": [27, 37], "uv_size": [5.1, -7]},
								"south": {"uv": [15, 8], "uv_size": [1.1, -1]},
								"west": {"uv": [15, 8], "uv_size": [1.1, -1]},
								"up": {"uv": [32.1, 30], "uv_size": [-5.1, 7]},
								"down": {"uv": [32.1, 30], "uv_size": [-5.1, 7]}
							}
						},
						{
							"origin": [22.1865, 15.355, -6.17688],
							"size": [1.17, 1.8065, 13.36125],
							"inflate": -0.3,
							"pivot": [24.7, 47.195, 2.31688],
							"rotation": [0, 0, 45],
							"uv": {
								"north": {"uv": [27, 40], "uv_size": [1.1, -1]},
								"east": {"uv": [15, 8], "uv_size": [1.1, -1]},
								"south": {"uv": [15, 8], "uv_size": [1.1, -1]},
								"west": {"uv": [27, 36], "uv_size": [6.2, -3.8]},
								"up": {"uv": [32.1, 30], "uv_size": [-5.1, 7]},
								"down": {"uv": [32.1, 30], "uv_size": [-5.1, 7]}
							}
						},
						{
							"origin": [-1.6832, 29.4172, 1.09855],
							"size": [3.2676, 1.094, 4.3817],
							"inflate": -0.3,
							"uv": {
								"north": {"uv": [27, 39], "uv_size": [1.1, 1]},
								"east": {"uv": [27, 30], "uv_size": [5.1, 7]},
								"south": {"uv": [15, 7], "uv_size": [1.1, 1]},
								"west": {"uv": [27, 30], "uv_size": [5.1, 7]},
								"up": {"uv": [33.2, 36], "uv_size": [-6.2, -3.8]},
								"down": {"uv": [16.1, 8], "uv_size": [-1.1, -1]}
							}
						},
						{
							"origin": [1.2808, 26.5702, 1.09855],
							"size": [1.1928, 3.0518, 4.3817],
							"inflate": -0.3,
							"uv": {
								"north": {"uv": [27, 39], "uv_size": [1.1, 1]},
								"east": {"uv": [15, 7], "uv_size": [1.1, 1]},
								"south": {"uv": [15, 7], "uv_size": [1.1, 1]},
								"west": {"uv": [27, 32.2], "uv_size": [6.2, 3.8]},
								"up": {"uv": [32.1, 37], "uv_size": [-5.1, -7]},
								"down": {"uv": [32.1, 37], "uv_size": [-5.1, -7]}
							}
						},
						{
							"origin": [-2.4736, 26.4649, 1.09855],
							"size": [1.094, 3.2559, 4.3817],
							"inflate": -0.3,
							"uv": {
								"north": {"uv": [27, 39], "uv_size": [1.1, 1]},
								"east": {"uv": [27, 32.2], "uv_size": [6.2, 3.8]},
								"south": {"uv": [15, 7], "uv_size": [1.1, 1]},
								"west": {"uv": [15, 7], "uv_size": [1.1, 1]},
								"up": {"uv": [32.1, 37], "uv_size": [-5.1, -7]},
								"down": {"uv": [32.1, 37], "uv_size": [-5.1, -7]}
							}
						},
						{
							"origin": [-25.46436, 36.70864, 1.09855],
							"size": [1.1928, 1.71644, 4.3817],
							"inflate": -0.3,
							"pivot": [-22.8228, 5.4618, 2.38005],
							"rotation": [0, 0, 45],
							"uv": {
								"north": {"uv": [27, 39], "uv_size": [1.1, 1]},
								"east": {"uv": [27, 30], "uv_size": [5.1, 7]},
								"south": {"uv": [15, 7], "uv_size": [1.1, 1]},
								"west": {"uv": [15, 7], "uv_size": [1.1, 1]},
								"up": {"uv": [32.1, 37], "uv_size": [-5.1, -7]},
								"down": {"uv": [32.1, 37], "uv_size": [-5.1, -7]}
							}
						},
						{
							"origin": [23.08596, 39.47504, 1.09855],
							"size": [1.1928, 1.85476, 4.3817],
							"inflate": -0.3,
							"pivot": [25.688, 8.2282, 2.38005],
							"rotation": [0, 0, -45],
							"uv": {
								"north": {"uv": [27, 39], "uv_size": [1.1, 1]},
								"east": {"uv": [15, 7], "uv_size": [1.1, 1]},
								"south": {"uv": [15, 7], "uv_size": [1.1, 1]},
								"west": {"uv": [27, 32.2], "uv_size": [6.2, 3.8]},
								"up": {"uv": [32.1, 37], "uv_size": [-5.1, -7]},
								"down": {"uv": [32.1, 37], "uv_size": [-5.1, -7]}
							}
						},
						{
							"origin": [23.08596, 14.8702, 1.09855],
							"size": [1.1928, 1.85476, 4.3817],
							"inflate": -0.3,
							"pivot": [25.688, 47.9718, 2.38005],
							"rotation": [0, 0, 45],
							"uv": {
								"north": {"uv": [27, 40], "uv_size": [1.1, -1]},
								"east": {"uv": [15, 8], "uv_size": [1.1, -1]},
								"south": {"uv": [15, 8], "uv_size": [1.1, -1]},
								"west": {"uv": [27, 36], "uv_size": [6.2, -3.8]},
								"up": {"uv": [32.1, 30], "uv_size": [-5.1, 7]},
								"down": {"uv": [32.1, 30], "uv_size": [-5.1, 7]}
							}
						},
						{
							"origin": [-25.46436, 17.77492, 1.09855],
							"size": [1.1928, 1.71644, 4.3817],
							"inflate": -0.3,
							"pivot": [-22.8228, 50.7382, 2.38005],
							"rotation": [0, 0, -45],
							"uv": {
								"north": {"uv": [27, 40], "uv_size": [1.1, -1]},
								"east": {"uv": [27, 37], "uv_size": [5.1, -7]},
								"south": {"uv": [15, 8], "uv_size": [1.1, -1]},
								"west": {"uv": [15, 8], "uv_size": [1.1, -1]},
								"up": {"uv": [32.1, 30], "uv_size": [-5.1, 7]},
								"down": {"uv": [32.1, 30], "uv_size": [-5.1, 7]}
							}
						},
						{
							"origin": [-1.6832, 25.6888, 1.09855],
							"size": [3.2676, 1.094, 4.3817],
							"inflate": -0.3,
							"uv": {
								"north": {"uv": [27, 40], "uv_size": [1.1, -1]},
								"east": {"uv": [27, 37], "uv_size": [5.1, -7]},
								"south": {"uv": [15, 8], "uv_size": [1.1, -1]},
								"west": {"uv": [27, 37], "uv_size": [5.1, -7]},
								"up": {"uv": [16.1, 7], "uv_size": [-1.1, 1]},
								"down": {"uv": [33.2, 32.2], "uv_size": [-6.2, 3.8]}
							}
						},
						{
							"origin": [-1.6832, 29.4172, 5.59855],
							"size": [3.2676, 1.094, 1.2567],
							"inflate": -0.3,
							"uv": {
								"north": {"uv": [27, 39], "uv_size": [1.1, 1]},
								"east": {"uv": [27, 30], "uv_size": [5.1, 7]},
								"south": {"uv": [15, 7], "uv_size": [1.1, 1]},
								"west": {"uv": [27, 30], "uv_size": [5.1, 7]},
								"up": {"uv": [33.2, 36], "uv_size": [-6.2, -3.8]},
								"down": {"uv": [16.1, 8], "uv_size": [-1.1, -1]}
							}
						},
						{
							"origin": [1.2808, 26.5702, 5.59855],
							"size": [1.1928, 3.0518, 1.2567],
							"inflate": -0.3,
							"uv": {
								"north": {"uv": [27, 39], "uv_size": [1.1, 1]},
								"east": {"uv": [15, 7], "uv_size": [1.1, 1]},
								"south": {"uv": [15, 7], "uv_size": [1.1, 1]},
								"west": {"uv": [27, 32.2], "uv_size": [6.2, 3.8]},
								"up": {"uv": [32.1, 37], "uv_size": [-5.1, -7]},
								"down": {"uv": [32.1, 37], "uv_size": [-5.1, -7]}
							}
						},
						{
							"origin": [-2.4736, 26.4649, 5.59855],
							"size": [1.094, 3.2559, 1.2567],
							"inflate": -0.3,
							"uv": {
								"north": {"uv": [27, 39], "uv_size": [1.1, 1]},
								"east": {"uv": [27, 32.2], "uv_size": [6.2, 3.8]},
								"south": {"uv": [15, 7], "uv_size": [1.1, 1]},
								"west": {"uv": [15, 7], "uv_size": [1.1, 1]},
								"up": {"uv": [32.1, 37], "uv_size": [-5.1, -7]},
								"down": {"uv": [32.1, 37], "uv_size": [-5.1, -7]}
							}
						},
						{
							"origin": [-25.46436, 36.70864, 5.59855],
							"size": [1.1928, 1.71644, 1.2567],
							"inflate": -0.3,
							"pivot": [-22.8228, 5.4618, 6.88005],
							"rotation": [0, 0, 45],
							"uv": {
								"north": {"uv": [27, 39], "uv_size": [1.1, 1]},
								"east": {"uv": [27, 30], "uv_size": [5.1, 7]},
								"south": {"uv": [15, 7], "uv_size": [1.1, 1]},
								"west": {"uv": [15, 7], "uv_size": [1.1, 1]},
								"up": {"uv": [32.1, 37], "uv_size": [-5.1, -7]},
								"down": {"uv": [32.1, 37], "uv_size": [-5.1, -7]}
							}
						},
						{
							"origin": [23.08596, 39.47504, 5.59855],
							"size": [1.1928, 1.85476, 1.2567],
							"inflate": -0.3,
							"pivot": [25.688, 8.2282, 6.88005],
							"rotation": [0, 0, -45],
							"uv": {
								"north": {"uv": [27, 39], "uv_size": [1.1, 1]},
								"east": {"uv": [15, 7], "uv_size": [1.1, 1]},
								"south": {"uv": [15, 7], "uv_size": [1.1, 1]},
								"west": {"uv": [27, 32.2], "uv_size": [6.2, 3.8]},
								"up": {"uv": [32.1, 37], "uv_size": [-5.1, -7]},
								"down": {"uv": [32.1, 37], "uv_size": [-5.1, -7]}
							}
						},
						{
							"origin": [23.08596, 14.8702, 5.59855],
							"size": [1.1928, 1.85476, 1.2567],
							"inflate": -0.3,
							"pivot": [25.688, 47.9718, 6.88005],
							"rotation": [0, 0, 45],
							"uv": {
								"north": {"uv": [27, 40], "uv_size": [1.1, -1]},
								"east": {"uv": [15, 8], "uv_size": [1.1, -1]},
								"south": {"uv": [15, 8], "uv_size": [1.1, -1]},
								"west": {"uv": [27, 36], "uv_size": [6.2, -3.8]},
								"up": {"uv": [32.1, 30], "uv_size": [-5.1, 7]},
								"down": {"uv": [32.1, 30], "uv_size": [-5.1, 7]}
							}
						},
						{
							"origin": [-25.46436, 17.77492, 5.59855],
							"size": [1.1928, 1.71644, 1.2567],
							"inflate": -0.3,
							"pivot": [-22.8228, 50.7382, 6.88005],
							"rotation": [0, 0, -45],
							"uv": {
								"north": {"uv": [27, 40], "uv_size": [1.1, -1]},
								"east": {"uv": [27, 37], "uv_size": [5.1, -7]},
								"south": {"uv": [15, 8], "uv_size": [1.1, -1]},
								"west": {"uv": [15, 8], "uv_size": [1.1, -1]},
								"up": {"uv": [32.1, 30], "uv_size": [-5.1, 7]},
								"down": {"uv": [32.1, 30], "uv_size": [-5.1, 7]}
							}
						},
						{
							"origin": [-1.6832, 25.6888, 5.59855],
							"size": [3.2676, 1.094, 1.2567],
							"inflate": -0.3,
							"uv": {
								"north": {"uv": [27, 40], "uv_size": [1.1, -1]},
								"east": {"uv": [27, 37], "uv_size": [5.1, -7]},
								"south": {"uv": [15, 8], "uv_size": [1.1, -1]},
								"west": {"uv": [27, 37], "uv_size": [5.1, -7]},
								"up": {"uv": [16.1, 7], "uv_size": [-1.1, 1]},
								"down": {"uv": [33.2, 32.2], "uv_size": [-6.2, 3.8]}
							}
						},
						{
							"origin": [1.5308, 26.5702, 6.59855],
							"size": [0.9428, 3.0518, 1.1317],
							"inflate": -0.3,
							"uv": {
								"north": {"uv": [16, 13], "uv_size": [3.1, 2]},
								"east": {"uv": [16, 13], "uv_size": [3.1, 2]},
								"south": {"uv": [16, 13], "uv_size": [3.1, 2]},
								"west": {"uv": [16, 13], "uv_size": [3.1, 2]},
								"up": {"uv": [19.1, 15], "uv_size": [-3.1, -2]},
								"down": {"uv": [19.1, 15], "uv_size": [-3.1, -2]}
							}
						},
						{
							"origin": [23.33596, 39.47504, 6.59855],
							"size": [0.9428, 1.85476, 1.1317],
							"inflate": -0.3,
							"pivot": [25.688, 8.2282, 7.88005],
							"rotation": [0, 0, -45],
							"uv": {
								"north": {"uv": [16, 13], "uv_size": [3.1, 2]},
								"east": {"uv": [16, 13], "uv_size": [3.1, 2]},
								"south": {"uv": [16, 13], "uv_size": [3.1, 2]},
								"west": {"uv": [16, 13], "uv_size": [3.1, 2]},
								"up": {"uv": [19.1, 15], "uv_size": [-3.1, -2]},
								"down": {"uv": [19.1, 15], "uv_size": [-3.1, -2]}
							}
						},
						{
							"origin": [23.58596, 39.60004, 6.59855],
							"size": [0.8178, 0.97976, 1.0067],
							"inflate": -0.3,
							"pivot": [25.688, 8.2282, 7.88005],
							"rotation": [0, 0, -45],
							"uv": {
								"north": {"uv": [35, 11], "uv_size": [1.1, 1]},
								"east": {"uv": [35, 11], "uv_size": [1.1, 1]},
								"south": {"uv": [35, 11], "uv_size": [1.1, 1]},
								"west": {"uv": [35, 11], "uv_size": [1.1, 1]},
								"up": {"uv": [36.1, 12], "uv_size": [-1.1, -1]},
								"down": {"uv": [36.1, 12], "uv_size": [-1.1, -1]}
							}
						},
						{
							"origin": [23.58596, 40.22504, 6.59855],
							"size": [0.8178, 0.97976, 1.0067],
							"inflate": -0.3,
							"pivot": [25.688, 8.2282, 7.88005],
							"rotation": [0, 0, -45],
							"uv": {
								"north": {"uv": [35, 11], "uv_size": [1.1, 1]},
								"east": {"uv": [35, 11], "uv_size": [1.1, 1]},
								"south": {"uv": [35, 11], "uv_size": [1.1, 1]},
								"west": {"uv": [35, 11], "uv_size": [1.1, 1]},
								"up": {"uv": [36.1, 12], "uv_size": [-1.1, -1]},
								"down": {"uv": [36.1, 12], "uv_size": [-1.1, -1]}
							}
						},
						{
							"origin": [-24.40376, 40.22504, 6.59855],
							"size": [0.8178, 0.97976, 1.0067],
							"inflate": -0.3,
							"pivot": [-25.688, 8.2282, 7.88005],
							"rotation": [0, 0, 45],
							"uv": {
								"north": {"uv": [36.1, 11], "uv_size": [-1.1, 1]},
								"east": {"uv": [36.1, 11], "uv_size": [-1.1, 1]},
								"south": {"uv": [36.1, 11], "uv_size": [-1.1, 1]},
								"west": {"uv": [36.1, 11], "uv_size": [-1.1, 1]},
								"up": {"uv": [35, 12], "uv_size": [1.1, -1]},
								"down": {"uv": [35, 12], "uv_size": [1.1, -1]}
							}
						},
						{
							"origin": [-24.40376, 39.60004, 6.59855],
							"size": [0.8178, 0.97976, 1.0067],
							"inflate": -0.3,
							"pivot": [-25.688, 8.2282, 7.88005],
							"rotation": [0, 0, 45],
							"uv": {
								"north": {"uv": [36.1, 11], "uv_size": [-1.1, 1]},
								"east": {"uv": [36.1, 11], "uv_size": [-1.1, 1]},
								"south": {"uv": [36.1, 11], "uv_size": [-1.1, 1]},
								"west": {"uv": [36.1, 11], "uv_size": [-1.1, 1]},
								"up": {"uv": [35, 12], "uv_size": [1.1, -1]},
								"down": {"uv": [35, 12], "uv_size": [1.1, -1]}
							}
						},
						{
							"origin": [-1.6832, 29.6672, 6.59855],
							"size": [3.2676, 0.844, 1.1317],
							"inflate": -0.3,
							"uv": {
								"north": {"uv": [16, 13], "uv_size": [3.1, 2]},
								"east": {"uv": [16, 13], "uv_size": [3.1, 2]},
								"south": {"uv": [16, 13], "uv_size": [3.1, 2]},
								"west": {"uv": [16, 13], "uv_size": [3.1, 2]},
								"up": {"uv": [19.1, 15], "uv_size": [-3.1, -2]},
								"down": {"uv": [19.1, 15], "uv_size": [-3.1, -2]}
							}
						},
						{
							"origin": [0.4418, 29.7922, 6.59855],
							"size": [1.0176, 0.844, 1.0067],
							"inflate": -0.3,
							"uv": {
								"north": {"uv": [35, 11], "uv_size": [1.1, 1]},
								"east": {"uv": [35, 11], "uv_size": [1.1, 1]},
								"south": {"uv": [35, 11], "uv_size": [1.1, 1]},
								"west": {"uv": [35, 11], "uv_size": [1.1, 1]},
								"up": {"uv": [36.1, 12], "uv_size": [-1.1, -1]},
								"down": {"uv": [36.1, 12], "uv_size": [-1.1, -1]}
							}
						},
						{
							"origin": [-1.5582, 29.7922, 6.59855],
							"size": [1.0176, 0.844, 1.0067],
							"inflate": -0.3,
							"uv": {
								"north": {"uv": [35, 11], "uv_size": [1.1, 1]},
								"east": {"uv": [35, 11], "uv_size": [1.1, 1]},
								"south": {"uv": [35, 11], "uv_size": [1.1, 1]},
								"west": {"uv": [35, 11], "uv_size": [1.1, 1]},
								"up": {"uv": [36.1, 12], "uv_size": [-1.1, -1]},
								"down": {"uv": [36.1, 12], "uv_size": [-1.1, -1]}
							}
						},
						{
							"origin": [-2.5582, 28.5422, 6.59855],
							"size": [0.7676, 0.975, 1.0067],
							"inflate": -0.3,
							"uv": {
								"north": {"uv": [35, 11], "uv_size": [1.1, 1]},
								"east": {"uv": [35, 11], "uv_size": [1.1, 1]},
								"south": {"uv": [35, 11], "uv_size": [1.1, 1]},
								"west": {"uv": [35, 11], "uv_size": [1.1, 1]},
								"up": {"uv": [36.1, 12], "uv_size": [-1.1, -1]},
								"down": {"uv": [36.1, 12], "uv_size": [-1.1, -1]}
							}
						},
						{
							"origin": [-2.5582, 26.6672, 6.59855],
							"size": [0.7676, 0.975, 1.0067],
							"inflate": -0.3,
							"uv": {
								"north": {"uv": [35, 11], "uv_size": [1.1, 1]},
								"east": {"uv": [35, 11], "uv_size": [1.1, 1]},
								"south": {"uv": [35, 11], "uv_size": [1.1, 1]},
								"west": {"uv": [35, 11], "uv_size": [1.1, 1]},
								"up": {"uv": [36.1, 12], "uv_size": [-1.1, -1]},
								"down": {"uv": [36.1, 12], "uv_size": [-1.1, -1]}
							}
						},
						{
							"origin": [1.7906, 26.6672, 6.59855],
							"size": [0.7676, 0.975, 1.0067],
							"inflate": -0.3,
							"uv": {
								"north": {"uv": [36.1, 11], "uv_size": [-1.1, 1]},
								"east": {"uv": [36.1, 11], "uv_size": [-1.1, 1]},
								"south": {"uv": [36.1, 11], "uv_size": [-1.1, 1]},
								"west": {"uv": [36.1, 11], "uv_size": [-1.1, 1]},
								"up": {"uv": [35, 12], "uv_size": [1.1, -1]},
								"down": {"uv": [35, 12], "uv_size": [1.1, -1]}
							}
						},
						{
							"origin": [1.7906, 28.5422, 6.59855],
							"size": [0.7676, 0.975, 1.0067],
							"inflate": -0.3,
							"uv": {
								"north": {"uv": [36.1, 11], "uv_size": [-1.1, 1]},
								"east": {"uv": [36.1, 11], "uv_size": [-1.1, 1]},
								"south": {"uv": [36.1, 11], "uv_size": [-1.1, 1]},
								"west": {"uv": [36.1, 11], "uv_size": [-1.1, 1]},
								"up": {"uv": [35, 12], "uv_size": [1.1, -1]},
								"down": {"uv": [35, 12], "uv_size": [1.1, -1]}
							}
						},
						{
							"origin": [-24.40376, 14.9702, 6.59855],
							"size": [0.8178, 0.97976, 1.0067],
							"inflate": -0.3,
							"pivot": [-25.688, 47.9468, 7.88005],
							"rotation": [0, 0, -45],
							"uv": {
								"north": {"uv": [36.1, 12], "uv_size": [-1.1, -1]},
								"east": {"uv": [36.1, 12], "uv_size": [-1.1, -1]},
								"south": {"uv": [36.1, 12], "uv_size": [-1.1, -1]},
								"west": {"uv": [36.1, 12], "uv_size": [-1.1, -1]},
								"up": {"uv": [35, 11], "uv_size": [1.1, 1]},
								"down": {"uv": [35, 11], "uv_size": [1.1, 1]}
							}
						},
						{
							"origin": [-24.40376, 15.5952, 6.59855],
							"size": [0.8178, 0.97976, 1.0067],
							"inflate": -0.3,
							"pivot": [-25.688, 47.9468, 7.88005],
							"rotation": [0, 0, -45],
							"uv": {
								"north": {"uv": [36.1, 12], "uv_size": [-1.1, -1]},
								"east": {"uv": [36.1, 12], "uv_size": [-1.1, -1]},
								"south": {"uv": [36.1, 12], "uv_size": [-1.1, -1]},
								"west": {"uv": [36.1, 12], "uv_size": [-1.1, -1]},
								"up": {"uv": [35, 11], "uv_size": [1.1, 1]},
								"down": {"uv": [35, 11], "uv_size": [1.1, 1]}
							}
						},
						{
							"origin": [23.58596, 14.9702, 6.59855],
							"size": [0.8178, 0.97976, 1.0067],
							"inflate": -0.3,
							"pivot": [25.688, 47.9468, 7.88005],
							"rotation": [0, 0, 45],
							"uv": {
								"north": {"uv": [35, 12], "uv_size": [1.1, -1]},
								"east": {"uv": [35, 12], "uv_size": [1.1, -1]},
								"south": {"uv": [35, 12], "uv_size": [1.1, -1]},
								"west": {"uv": [35, 12], "uv_size": [1.1, -1]},
								"up": {"uv": [36.1, 11], "uv_size": [-1.1, 1]},
								"down": {"uv": [36.1, 11], "uv_size": [-1.1, 1]}
							}
						},
						{
							"origin": [23.58596, 15.5952, 6.59855],
							"size": [0.8178, 0.97976, 1.0067],
							"inflate": -0.3,
							"pivot": [25.688, 47.9468, 7.88005],
							"rotation": [0, 0, 45],
							"uv": {
								"north": {"uv": [35, 12], "uv_size": [1.1, -1]},
								"east": {"uv": [35, 12], "uv_size": [1.1, -1]},
								"south": {"uv": [35, 12], "uv_size": [1.1, -1]},
								"west": {"uv": [35, 12], "uv_size": [1.1, -1]},
								"up": {"uv": [36.1, 11], "uv_size": [-1.1, 1]},
								"down": {"uv": [36.1, 11], "uv_size": [-1.1, 1]}
							}
						},
						{
							"origin": [0.4418, 25.5388, 6.59855],
							"size": [1.0176, 0.844, 1.0067],
							"inflate": -0.3,
							"uv": {
								"north": {"uv": [35, 12], "uv_size": [1.1, -1]},
								"east": {"uv": [35, 12], "uv_size": [1.1, -1]},
								"south": {"uv": [35, 12], "uv_size": [1.1, -1]},
								"west": {"uv": [35, 12], "uv_size": [1.1, -1]},
								"up": {"uv": [36.1, 11], "uv_size": [-1.1, 1]},
								"down": {"uv": [36.1, 11], "uv_size": [-1.1, 1]}
							}
						},
						{
							"origin": [-1.5582, 25.5388, 6.59855],
							"size": [1.0176, 0.844, 1.0067],
							"inflate": -0.3,
							"uv": {
								"north": {"uv": [35, 12], "uv_size": [1.1, -1]},
								"east": {"uv": [35, 12], "uv_size": [1.1, -1]},
								"south": {"uv": [35, 12], "uv_size": [1.1, -1]},
								"west": {"uv": [35, 12], "uv_size": [1.1, -1]},
								"up": {"uv": [36.1, 11], "uv_size": [-1.1, 1]},
								"down": {"uv": [36.1, 11], "uv_size": [-1.1, 1]}
							}
						},
						{
							"origin": [-25.46436, 36.70864, 6.59855],
							"size": [0.9428, 1.71644, 1.1317],
							"inflate": -0.3,
							"pivot": [-22.8228, 5.4618, 7.88005],
							"rotation": [0, 0, 45],
							"uv": {
								"north": {"uv": [16, 13], "uv_size": [3.1, 2]},
								"east": {"uv": [16, 13], "uv_size": [3.1, 2]},
								"south": {"uv": [16, 13], "uv_size": [3.1, 2]},
								"west": {"uv": [16, 13], "uv_size": [3.1, 2]},
								"up": {"uv": [19.1, 15], "uv_size": [-3.1, -2]},
								"down": {"uv": [19.1, 15], "uv_size": [-3.1, -2]}
							}
						},
						{
							"origin": [-2.4736, 26.4649, 6.59855],
							"size": [0.844, 3.2559, 1.1317],
							"inflate": -0.3,
							"uv": {
								"north": {"uv": [16, 13], "uv_size": [3.1, 2]},
								"east": {"uv": [16, 13], "uv_size": [3.1, 2]},
								"south": {"uv": [16, 13], "uv_size": [3.1, 2]},
								"west": {"uv": [16, 13], "uv_size": [3.1, 2]},
								"up": {"uv": [19.1, 15], "uv_size": [-3.1, -2]},
								"down": {"uv": [19.1, 15], "uv_size": [-3.1, -2]}
							}
						},
						{
							"origin": [-25.46436, 17.77492, 6.59855],
							"size": [0.9428, 1.71644, 1.1317],
							"inflate": -0.3,
							"pivot": [-22.8228, 50.7382, 7.88005],
							"rotation": [0, 0, -45],
							"uv": {
								"north": {"uv": [16, 13], "uv_size": [3.1, 2]},
								"east": {"uv": [16, 13], "uv_size": [3.1, 2]},
								"south": {"uv": [16, 13], "uv_size": [3.1, 2]},
								"west": {"uv": [16, 13], "uv_size": [3.1, 2]},
								"up": {"uv": [19.1, 15], "uv_size": [-3.1, -2]},
								"down": {"uv": [19.1, 15], "uv_size": [-3.1, -2]}
							}
						},
						{
							"origin": [-1.6832, 25.6888, 6.59855],
							"size": [3.2676, 0.844, 1.1317],
							"inflate": -0.3,
							"uv": {
								"north": {"uv": [16, 13], "uv_size": [3.1, 2]},
								"east": {"uv": [16, 13], "uv_size": [3.1, 2]},
								"south": {"uv": [16, 13], "uv_size": [3.1, 2]},
								"west": {"uv": [16, 13], "uv_size": [3.1, 2]},
								"up": {"uv": [19.1, 15], "uv_size": [-3.1, -2]},
								"down": {"uv": [19.1, 15], "uv_size": [-3.1, -2]}
							}
						},
						{
							"origin": [23.33596, 14.8702, 6.59855],
							"size": [0.9428, 1.85476, 1.1317],
							"inflate": -0.3,
							"pivot": [25.688, 47.9718, 7.88005],
							"rotation": [0, 0, 45],
							"uv": {
								"north": {"uv": [16, 13], "uv_size": [3.1, 2]},
								"east": {"uv": [16, 13], "uv_size": [3.1, 2]},
								"south": {"uv": [16, 13], "uv_size": [3.1, 2]},
								"west": {"uv": [16, 13], "uv_size": [3.1, 2]},
								"up": {"uv": [19.1, 15], "uv_size": [-3.1, -2]},
								"down": {"uv": [19.1, 15], "uv_size": [-3.1, -2]}
							}
						},
						{
							"origin": [-6.55775, 24.61, -6.72687],
							"size": [6.67, 7.9275, 7.9275],
							"inflate": -3.4,
							"pivot": [-2.2125, 28.4075, -3.80813],
							"rotation": [-27.5, 0, 0],
							"uv": {
								"north": {"uv": [15, 7], "uv_size": [1.1, 1]},
								"east": {"uv": [15, 7], "uv_size": [1.1, 1]},
								"south": {"uv": [15, 7], "uv_size": [1.1, 1]},
								"west": {"uv": [15, 7], "uv_size": [1.1, 1]},
								"up": {"uv": [16.1, 8], "uv_size": [-1.1, -1]},
								"down": {"uv": [16.1, 8], "uv_size": [-1.1, -1]}
							}
						},
						{
							"origin": [-0.93275, 24.985, -4.35187],
							"size": [6.67, 7.4275, 7.4275],
							"inflate": -3.4,
							"pivot": [3.4125, 28.5325, -1.68312],
							"rotation": [-27.5, 0, 0],
							"uv": {
								"north": {"uv": [15, 7], "uv_size": [1.1, 1]},
								"east": {"uv": [15, 7], "uv_size": [1.1, 1]},
								"south": {"uv": [15, 7], "uv_size": [1.1, 1]},
								"west": {"uv": [15, 7], "uv_size": [1.1, 1]},
								"up": {"uv": [16.1, 8], "uv_size": [-1.1, -1]},
								"down": {"uv": [16.1, 8], "uv_size": [-1.1, -1]}
							}
						},
						{
							"origin": [-3.3525, 27.9525, -4.21563],
							"size": [1.01, 1.9075, 1.9075],
							"inflate": -0.2,
							"pivot": [-1.8775, 27.48125, -4.68687],
							"rotation": [-27.5, 0, 0],
							"uv": {
								"north": {"uv": [32, 44], "uv_size": [2, 3]},
								"east": {"uv": [3, 43], "uv_size": [3, 3]},
								"south": {"uv": [25, 45], "uv_size": [2, 3]},
								"west": {"uv": [27, 32.2], "uv_size": [6.2, 3.8]},
								"up": {"uv": [27, 45], "uv_size": [2, 3]},
								"down": {"uv": [34, 48], "uv_size": [2, -3]}
							}
						},
						{
							"origin": [-2.1875, 24.265, -6.05313],
							"size": [1.225, 2.5325, 4.245],
							"inflate": -0.2,
							"pivot": [-1.625, 24.9, -5.80812],
							"rotation": [0, 0, -41],
							"uv": {
								"north": {"uv": [4, 52], "uv_size": [1, 2]},
								"east": {"uv": [42, 45], "uv_size": [3, 2]},
								"south": {"uv": [5, 52], "uv_size": [1, 2]},
								"west": {"uv": [45, 45], "uv_size": [3, 2]},
								"up": {"uv": [18, 50], "uv_size": [1, 3]},
								"down": {"uv": [19, 53], "uv_size": [1, -3]}
							}
						},
						{
							"origin": [-1.5625, 24.265, -6.05313],
							"size": [0.6, 2.5325, 4.245],
							"inflate": -0.2,
							"pivot": [-1.625, 24.9, -5.80812],
							"rotation": [0, 0, -34],
							"uv": {
								"north": {"uv": [4, 52], "uv_size": [1, 2]},
								"east": {"uv": [42, 45], "uv_size": [3, 2]},
								"south": {"uv": [5, 52], "uv_size": [1, 2]},
								"west": {"uv": [45, 45], "uv_size": [3, 2]},
								"up": {"uv": [18, 50], "uv_size": [1, 3]},
								"down": {"uv": [19, 53], "uv_size": [1, -3]}
							}
						},
						{
							"origin": [-1.5625, 26.39, -6.05313],
							"size": [0.6, 0.45, 4.245],
							"inflate": -0.2,
							"pivot": [-1.625, 24.9, -5.80812],
							"rotation": [0, 0, -34],
							"uv": {
								"north": {"uv": [4, 52], "uv_size": [1, 2]},
								"east": {"uv": [42, 45], "uv_size": [3, 2]},
								"south": {"uv": [5, 52], "uv_size": [1, 2]},
								"west": {"uv": [45, 45], "uv_size": [3, 2]},
								"up": {"uv": [18, 50], "uv_size": [1, 3]},
								"down": {"uv": [19, 53], "uv_size": [1, -3]}
							}
						},
						{
							"origin": [-24.6865, 36.23475, -6.29812],
							"size": [1.1225, 1.84688, 7.30937],
							"inflate": -0.3,
							"pivot": [-21.945, 6.32, -5.80812],
							"rotation": [0, 0, 45],
							"uv": {
								"north": {"uv": [12, 46], "uv_size": [-3, 2]},
								"east": {"uv": [27, 32.2], "uv_size": [6.2, 3.8]},
								"south": {"uv": [27, 39], "uv_size": [1.1, 1]},
								"west": {"uv": [12, 46], "uv_size": [-3, 2]},
								"up": {"uv": [9, 48], "uv_size": [3, -2]},
								"down": {"uv": [9, 48], "uv_size": [3, -2]}
							}
						},
						{
							"origin": [23.564, 36.23475, -6.29812],
							"size": [1.1225, 1.84688, 7.30937],
							"inflate": -0.3,
							"pivot": [21.945, 6.32, -5.80812],
							"rotation": [0, 0, -45],
							"uv": {
								"north": {"uv": [9, 46], "uv_size": [3, 2]},
								"east": {"uv": [9, 46], "uv_size": [3, 2]},
								"south": {"uv": [27, 39], "uv_size": [1.1, 1]},
								"west": {"uv": [27, 32.2], "uv_size": [6.2, 3.8]},
								"up": {"uv": [12, 48], "uv_size": [-3, -2]},
								"down": {"uv": [12, 48], "uv_size": [-3, -2]}
							}
						},
						{
							"origin": [23.564, 18.18713, -6.28563],
							"size": [1.1225, 1.84688, 7.29688],
							"inflate": -0.3,
							"pivot": [21.945, 49.94875, -5.80812],
							"rotation": [0, 0, 45],
							"uv": {
								"north": {"uv": [9, 48], "uv_size": [3, -2]},
								"east": {"uv": [9, 48], "uv_size": [3, -2]},
								"south": {"uv": [27, 39], "uv_size": [1.1, 1]},
								"west": {"uv": [27, 32.2], "uv_size": [6.2, 3.8]},
								"up": {"uv": [12, 46], "uv_size": [-3, 2]},
								"down": {"uv": [12, 46], "uv_size": [-3, 2]}
							}
						},
						{
							"origin": [-25.0615, 17.93713, -6.28562],
							"size": [1.1225, 1.09688, 4.67188],
							"inflate": -0.3,
							"pivot": [-22.32, 48.94875, 2.31688],
							"rotation": [0, 0, -45],
							"uv": {
								"north": {"uv": [15, 7], "uv_size": [1.1, 1]},
								"east": {"uv": [15, 7], "uv_size": [1.1, 1]},
								"south": {"uv": [15, 7], "uv_size": [1.1, 1]},
								"west": {"uv": [15, 7], "uv_size": [1.1, 1]},
								"up": {"uv": [16.1, 8], "uv_size": [-1.1, -1]},
								"down": {"uv": [16.1, 8], "uv_size": [-1.1, -1]}
							}
						},
						{
							"origin": [-24.6865, 18.18713, -6.28562],
							"size": [1.1225, 1.84688, 7.29688],
							"inflate": -0.3,
							"pivot": [-21.945, 49.94875, 2.31688],
							"rotation": [0, 0, -45],
							"uv": {
								"north": {"uv": [12, 48], "uv_size": [-3, -2]},
								"east": {"uv": [27, 32.2], "uv_size": [6.2, 3.8]},
								"south": {"uv": [27, 39], "uv_size": [1.1, 1]},
								"west": {"uv": [12, 48], "uv_size": [-3, -2]},
								"up": {"uv": [9, 46], "uv_size": [3, 2]},
								"down": {"uv": [9, 46], "uv_size": [3, 2]}
							}
						},
						{
							"origin": [-1.725, 25.67313, -6.28562],
							"size": [3.45, 1.01562, 7.29687],
							"inflate": -0.3,
							"uv": {
								"north": {"uv": [9, 48], "uv_size": [3, -2]},
								"east": {"uv": [9, 48], "uv_size": [3, -2]},
								"south": {"uv": [27, 39], "uv_size": [1.1, 1]},
								"west": {"uv": [9, 48], "uv_size": [3, -2]},
								"up": {"uv": [12, 46], "uv_size": [-3, 2]},
								"down": {"uv": [12, 46], "uv_size": [-3, 2]}
							}
						},
						{
							"origin": [-1.63875, 26.4775, -5.71063],
							"size": [3.15875, 3.26, 0.83125],
							"uv": {
								"north": {"uv": [42, 11], "uv_size": [3, 4]},
								"east": {"uv": [11, 48], "uv_size": [1, 4]},
								"south": {"uv": [42, 11], "uv_size": [3, 4]},
								"west": {"uv": [20, 48], "uv_size": [1, 4]},
								"up": {"uv": [50, 29], "uv_size": [3, 1]},
								"down": {"uv": [50, 37], "uv_size": [3, -1]}
							}
						}
					]
				},
				{
					"name": "specter2",
					"parent": "specter",
					"pivot": [0.2875, 30.4075, -3.80813],
					"rotation": [0, 0, 90],
					"cubes": [
						{
							"origin": [-0.4725, 28.75313, -6.375],
							"size": [1.67, 2.73875, 1.96312],
							"inflate": -0.3,
							"pivot": [-0.16875, 30.9375, -4.7125],
							"rotation": [0, -28, 0],
							"uv": {
								"north": {"uv": [9, 46], "uv_size": [3, 2]},
								"east": {"uv": [9, 46], "uv_size": [3, 2]},
								"south": {"uv": [9, 46], "uv_size": [3, 2]},
								"west": {"uv": [9, 46], "uv_size": [3, 2]},
								"up": {"uv": [12, 48], "uv_size": [-3, -2]},
								"down": {"uv": [12, 48], "uv_size": [-3, -2]}
							}
						},
						{
							"origin": [-0.4725, 28.75313, -5.01438],
							"size": [1.67, 2.73875, 4.75],
							"inflate": -0.3,
							"uv": {
								"north": {"uv": [9, 46], "uv_size": [3, 2]},
								"east": {"uv": [9, 46], "uv_size": [3, 2]},
								"south": {"uv": [9, 46], "uv_size": [3, 2]},
								"west": {"uv": [9, 46], "uv_size": [3, 2]},
								"up": {"uv": [12, 48], "uv_size": [-3, -2]},
								"down": {"uv": [12, 48], "uv_size": [-3, -2]}
							}
						},
						{
							"origin": [-0.4725, 28.75313, -0.86312],
							"size": [1.67, 2.73875, 1.96312],
							"inflate": -0.3,
							"pivot": [-0.16875, 30.9375, -0.5625],
							"rotation": [0, 28, 0],
							"uv": {
								"north": {"uv": [9, 46], "uv_size": [3, 2]},
								"east": {"uv": [9, 46], "uv_size": [3, 2]},
								"south": {"uv": [9, 46], "uv_size": [3, 2]},
								"west": {"uv": [9, 46], "uv_size": [3, 2]},
								"up": {"uv": [12, 48], "uv_size": [-3, -2]},
								"down": {"uv": [12, 48], "uv_size": [-3, -2]}
							}
						},
						{
							"origin": [-0.6025, 29.9525, -4.21563],
							"size": [1.01, 1.9075, 1.9075],
							"inflate": -0.2,
							"pivot": [0.8725, 29.48125, -4.68687],
							"rotation": [-27.5, 0, 0],
							"uv": {
								"north": {"uv": [32, 44], "uv_size": [2, 3]},
								"east": {"uv": [3, 43], "uv_size": [3, 3]},
								"south": {"uv": [25, 45], "uv_size": [2, 3]},
								"west": {"uv": [27, 32.2], "uv_size": [6.2, 3.8]},
								"up": {"uv": [27, 45], "uv_size": [2, 3]},
								"down": {"uv": [34, 48], "uv_size": [2, -3]}
							}
						},
						{
							"origin": [-3.18275, 26.61, -6.72687],
							"size": [6.045, 7.9275, 7.9275],
							"inflate": -3.4,
							"pivot": [0.5375, 30.4075, -3.80813],
							"rotation": [-27.5, 0, 0],
							"uv": {
								"north": {"uv": [15, 7], "uv_size": [1.1, 1]},
								"east": {"uv": [15, 7], "uv_size": [1.1, 1]},
								"south": {"uv": [15, 7], "uv_size": [1.1, 1]},
								"west": {"uv": [15, 7], "uv_size": [1.1, 1]},
								"up": {"uv": [16.1, 8], "uv_size": [-1.1, -1]},
								"down": {"uv": [16.1, 8], "uv_size": [-1.1, -1]}
							}
						}
					]
				},
				{
					"name": "scopepip",
					"parent": "main",
					"pivot": [-0.02, 27.84, 4.63],
					"cubes": [
						{
							"origin": [-1.611, 26.472, 5.9965],
							"size": [3.222, 3.17, 0.76],
							"uv": {
								"north": {"uv": [42, 7], "uv_size": [3, 4]},
								"east": {"uv": [11, 48], "uv_size": [1, 4]},
								"south": {"uv": [42, 11], "uv_size": [3, 4]},
								"west": {"uv": [20, 48], "uv_size": [1, 4]},
								"up": {"uv": [50, 29], "uv_size": [3, 1]},
								"down": {"uv": [50, 37], "uv_size": [3, -1]}
							}
						}
					]
				},
				{
					"name": "_ca_scope",
					"parent": "main",
					"pivot": [-0.1, 25.68, -1.87],
					"cubes": [
						{
							"origin": [-0.38, 24.186, -2.1565],
							"size": [0.76, 0.76, 0.76],
							"uv": {
								"north": {"uv": [53, 14], "uv_size": [1, 1]},
								"east": {"uv": [15, 53], "uv_size": [1, 1]},
								"south": {"uv": [53, 15], "uv_size": [1, 1]},
								"west": {"uv": [16, 53], "uv_size": [1, 1]},
								"up": {"uv": [53, 16], "uv_size": [1, 1]},
								"down": {"uv": [17, 54], "uv_size": [1, -1]}
							}
						}
					]
				},
				{
					"name": "_cb_scope",
					"parent": "main",
					"pivot": [0, 30.76, 4.13],
					"cubes": [
						{
							"origin": [-0.44, 30.22, 2.63],
							"size": [0.8, 0.8, 0.8],
							"uv": {
								"north": {"uv": [60, 18], "uv_size": [1, 1]},
								"east": {"uv": [19, 58], "uv_size": [1, 1]},
								"south": {"uv": [58, 18], "uv_size": [1, 1]},
								"west": {"uv": [20, 58], "uv_size": [1, 1]},
								"up": {"uv": [58, 20], "uv_size": [1, 1]},
								"down": {"uv": [58, 21], "uv_size": [1, -1]}
							}
						}
					]
				},
				{
					"name": "scope",
					"parent": "main",
					"pivot": [-0.04, 28.18, 12.39],
					"cubes": [
						{
							"origin": [-0.52, 27.7, 11.01],
							"size": [0.96, 0.96, 0.96],
							"inflate": -0.4,
							"uv": {
								"north": {"uv": [60, 19], "uv_size": [1, 1]},
								"east": {"uv": [23, 56], "uv_size": [1, 1]},
								"south": {"uv": [58, 18], "uv_size": [1, 1]},
								"west": {"uv": [24, 57], "uv_size": [1, 1]},
								"up": {"uv": [58, 23], "uv_size": [1, 1]},
								"down": {"uv": [26, 60], "uv_size": [1, -1]}
							}
						}
					]
				}
			]
		}
	]
}