{
	"format_version": "1.12.0",
	"minecraft:geometry": [
		{
			"description": {
				"identifier": "geometry.unknown",
				"texture_width": 128,
				"texture_height": 128,
				"visible_bounds_width": 11,
				"visible_bounds_height": 4,
				"visible_bounds_offset": [0, 1, 0]
			},
			"bones": [
				{
					"name": "main",
					"pivot": [0, 20, 0]
				},
				{
					"name": "gun",
					"parent": "main",
					"pivot": [1, 11, -1]
				},
				{
					"name": "stock",
					"parent": "gun",
					"pivot": [0, 0, 1],
					"cubes": [
						{
							"origin": [-1.05, 21.7, 8.9],
							"size": [2.2, 3.3, 3.1],
							"uv": {
								"north": {"uv": [92, 38], "uv_size": [2, 3]},
								"east": {"uv": [88, 56], "uv_size": [3, 3]},
								"south": {"uv": [92, 41], "uv_size": [2, 3]},
								"west": {"uv": [88, 71], "uv_size": [3, 3]},
								"up": {"uv": [92, 61], "uv_size": [2, 3]},
								"down": {"uv": [65, 95], "uv_size": [2, -3]}
							}
						},
						{
							"origin": [-1.05, 23.8, 33.9],
							"size": [2.2, 0.9, 1.5],
							"uv": {
								"north": {"uv": [25, 98], "uv_size": [2, 1]},
								"east": {"uv": [32, 98], "uv_size": [2, 1]},
								"south": {"uv": [98, 33], "uv_size": [2, 1]},
								"west": {"uv": [98, 34], "uv_size": [2, 1]},
								"up": {"uv": [93, 48], "uv_size": [2, 2]},
								"down": {"uv": [62, 95], "uv_size": [2, -2]}
							}
						},
						{
							"origin": [-1.05, 12.7, 34.3],
							"size": [2.2, 11.1, 1.1],
							"uv": {
								"north": {"uv": [22, 66], "uv_size": [2, 11]},
								"east": {"uv": [1, 84], "uv_size": [1, 11]},
								"south": {"uv": [57, 71], "uv_size": [2, 11]},
								"west": {"uv": [70, 85], "uv_size": [1, 11]},
								"up": {"uv": [98, 35], "uv_size": [2, 1]},
								"down": {"uv": [40, 99], "uv_size": [2, -1]}
							}
						},
						{
							"origin": [-1.05, 12.5, 30.8],
							"size": [2.2, 8, 1.1],
							"pivot": [0.65, 18, 31.3],
							"rotation": [21, 0, 0],
							"uv": {
								"north": {"uv": [48, 76], "uv_size": [2, 8]},
								"east": {"uv": [40, 90], "uv_size": [1, 8]},
								"south": {"uv": [59, 76], "uv_size": [2, 8]},
								"west": {"uv": [41, 90], "uv_size": [1, 8]},
								"up": {"uv": [98, 50], "uv_size": [2, 1]},
								"down": {"uv": [51, 99], "uv_size": [2, -1]}
							}
						},
						{
							"origin": [-1.05, 12.7, 35.4],
							"size": [2.2, 12.1, 0.8],
							"uv": {
								"north": {"uv": [60, 45], "uv_size": [2, 12]},
								"east": {"uv": [31, 82], "uv_size": [1, 12]},
								"south": {"uv": [10, 66], "uv_size": [2, 12]},
								"west": {"uv": [58, 82], "uv_size": [1, 12]},
								"up": {"uv": [98, 51], "uv_size": [2, 1]},
								"down": {"uv": [53, 99], "uv_size": [2, -1]}
							}
						},
						{
							"origin": [-1.05, 24.68, 35.4],
							"size": [2.2, 0.12, 1.53],
							"uv": {
								"north": {"uv": [55, 98], "uv_size": [2, 1]},
								"east": {"uv": [98, 56], "uv_size": [2, 1]},
								"south": {"uv": [57, 98], "uv_size": [2, 1]},
								"west": {"uv": [98, 57], "uv_size": [2, 1]},
								"up": {"uv": [93, 69], "uv_size": [2, 2]},
								"down": {"uv": [90, 95], "uv_size": [2, -2]}
							}
						},
						{
							"origin": [-1.05, 12.7, 35.9],
							"size": [2.2, 12, 0.8],
							"pivot": [0.65, 18, 36.4],
							"rotation": [-2, 0, 0],
							"uv": {
								"north": {"uv": [12, 66], "uv_size": [2, 12]},
								"east": {"uv": [5, 83], "uv_size": [1, 12]},
								"south": {"uv": [14, 66], "uv_size": [2, 12]},
								"west": {"uv": [0, 84], "uv_size": [1, 12]},
								"up": {"uv": [98, 58], "uv_size": [2, 1]},
								"down": {"uv": [98, 60], "uv_size": [2, -1]}
							}
						},
						{
							"origin": [-1.05, 24.9, 13.7],
							"size": [2.2, 0.95, 18.4],
							"uv": {
								"north": {"uv": [98, 60], "uv_size": [2, 1]},
								"east": {"uv": [75, 48], "uv_size": [18, 1]},
								"south": {"uv": [98, 61], "uv_size": [2, 1]},
								"west": {"uv": [75, 49], "uv_size": [18, 1]},
								"up": {"uv": [65, 58], "uv_size": [2, 18]},
								"down": {"uv": [0, 84], "uv_size": [2, -18]}
							}
						},
						{
							"origin": [-1.05, 21.7, 12],
							"size": [2.2, 0.95, 16.8],
							"uv": {
								"north": {"uv": [98, 65], "uv_size": [2, 1]},
								"east": {"uv": [75, 62], "uv_size": [17, 1]},
								"south": {"uv": [98, 71], "uv_size": [2, 1]},
								"west": {"uv": [75, 63], "uv_size": [17, 1]},
								"up": {"uv": [2, 66], "uv_size": [2, 17]},
								"down": {"uv": [4, 83], "uv_size": [2, -17]}
							}
						},
						{
							"origin": [-0.65, 19.8, 30.9],
							"size": [1.4, 0.95, 3.4],
							"uv": {
								"north": {"uv": [78, 76], "uv_size": [1, 1]},
								"east": {"uv": [97, 20], "uv_size": [3, 1]},
								"south": {"uv": [90, 52], "uv_size": [1, 1]},
								"west": {"uv": [29, 97], "uv_size": [3, 1]},
								"up": {"uv": [8, 96], "uv_size": [1, 3]},
								"down": {"uv": [14, 99], "uv_size": [1, -3]}
							}
						},
						{
							"origin": [-0.65, 13.8, 32.7],
							"size": [1.4, 2.15, 1.6],
							"uv": {
								"north": {"uv": [57, 82], "uv_size": [1, 2]},
								"east": {"uv": [93, 91], "uv_size": [2, 2]},
								"south": {"uv": [87, 53], "uv_size": [1, 2]},
								"west": {"uv": [92, 93], "uv_size": [2, 2]},
								"up": {"uv": [34, 98], "uv_size": [1, 2]},
								"down": {"uv": [37, 100], "uv_size": [1, -2]}
							}
						},
						{
							"origin": [-0.65, 11.3, 38.9],
							"size": [1.4, 0.6, 0.6],
							"pivot": [0.65, 6.1, 25.2],
							"rotation": [45, 0, 0],
							"uv": {
								"north": {"uv": [33, 99], "uv_size": [1, 1]},
								"east": {"uv": [36, 99], "uv_size": [1, 1]},
								"south": {"uv": [68, 99], "uv_size": [1, 1]},
								"west": {"uv": [70, 99], "uv_size": [1, 1]},
								"up": {"uv": [0, 100], "uv_size": [1, 1]},
								"down": {"uv": [5, 102], "uv_size": [1, -1]}
							}
						},
						{
							"origin": [-0.65, 11.3, 42.1],
							"size": [1.4, 0.6, 0.6],
							"pivot": [0.65, 6.1, 28.4],
							"rotation": [45, 0, 0],
							"uv": {
								"north": {"uv": [101, 6], "uv_size": [1, 1]},
								"east": {"uv": [101, 6], "uv_size": [1, 1]},
								"south": {"uv": [101, 6], "uv_size": [1, 1]},
								"west": {"uv": [101, 6], "uv_size": [1, 1]},
								"up": {"uv": [102, 7], "uv_size": [-1, -1]},
								"down": {"uv": [102, 7], "uv_size": [-1, -1]}
							}
						},
						{
							"origin": [-0.65, 16.7, 32.4],
							"size": [1.4, 0.6, 0.6],
							"pivot": [0.65, 11.5, 18.7],
							"rotation": [25, 0, 0],
							"uv": {
								"north": {"uv": [15, 102], "uv_size": [-1, -1]},
								"east": {"uv": [15, 102], "uv_size": [-1, -1]},
								"south": {"uv": [15, 102], "uv_size": [-1, -1]},
								"west": {"uv": [15, 102], "uv_size": [-1, -1]},
								"up": {"uv": [14, 101], "uv_size": [1, 1]},
								"down": {"uv": [14, 101], "uv_size": [1, 1]}
							}
						},
						{
							"origin": [-0.65, 12.1, 42.1],
							"size": [1.4, 0.6, 0.6],
							"pivot": [0.65, 6.9, 28.4],
							"rotation": [45, 0, 0],
							"uv": {
								"north": {"uv": [70, 85], "uv_size": [1, 11]},
								"east": {"uv": [70, 85], "uv_size": [1, 11]},
								"south": {"uv": [70, 85], "uv_size": [1, 11]},
								"west": {"uv": [70, 85], "uv_size": [1, 11]},
								"up": {"uv": [71, 96], "uv_size": [-1, -11]},
								"down": {"uv": [71, 96], "uv_size": [-1, -11]}
							}
						},
						{
							"origin": [-0.65, 7.3, 42.1],
							"size": [1.4, 0.6, 0.6],
							"pivot": [0.65, 2.1, 28.4],
							"rotation": [45, 0, 0],
							"uv": {
								"north": {"uv": [102, 22], "uv_size": [-1, -1]},
								"east": {"uv": [102, 22], "uv_size": [-1, -1]},
								"south": {"uv": [102, 22], "uv_size": [-1, -1]},
								"west": {"uv": [102, 22], "uv_size": [-1, -1]},
								"up": {"uv": [101, 21], "uv_size": [1, 1]},
								"down": {"uv": [101, 21], "uv_size": [1, 1]}
							}
						},
						{
							"origin": [-0.65, 21.1, 33.6],
							"size": [1.4, 0.6, 0.6],
							"pivot": [0.65, 15.9, 19.9],
							"rotation": [15, 0, 0],
							"uv": {
								"north": {"uv": [70, 85], "uv_size": [1, 11]},
								"east": {"uv": [70, 85], "uv_size": [1, 11]},
								"south": {"uv": [70, 85], "uv_size": [1, 11]},
								"west": {"uv": [70, 85], "uv_size": [1, 11]},
								"up": {"uv": [71, 96], "uv_size": [-1, -11]},
								"down": {"uv": [71, 96], "uv_size": [-1, -11]}
							}
						},
						{
							"origin": [-0.65, 12.7, 30.5],
							"size": [1.4, 0.6, 0.6],
							"pivot": [0.65, 7.5, 16.8],
							"rotation": [62, 0, 0],
							"uv": {
								"north": {"uv": [101, 28], "uv_size": [1, 1]},
								"east": {"uv": [101, 28], "uv_size": [1, 1]},
								"south": {"uv": [101, 28], "uv_size": [1, 1]},
								"west": {"uv": [101, 28], "uv_size": [1, 1]},
								"up": {"uv": [102, 29], "uv_size": [-1, -1]},
								"down": {"uv": [102, 29], "uv_size": [-1, -1]}
							}
						},
						{
							"origin": [-0.65, 15.3, 27.8],
							"size": [1.4, 0.6, 0.6],
							"pivot": [0.65, 10.1, 14.1],
							"rotation": [62, 0, 0],
							"uv": {
								"north": {"uv": [70, 85], "uv_size": [1, 11]},
								"east": {"uv": [70, 85], "uv_size": [1, 11]},
								"south": {"uv": [70, 85], "uv_size": [1, 11]},
								"west": {"uv": [70, 85], "uv_size": [1, 11]},
								"up": {"uv": [71, 96], "uv_size": [-1, -11]},
								"down": {"uv": [71, 96], "uv_size": [-1, -11]}
							}
						},
						{
							"origin": [-0.65, 12.1, 38.4],
							"size": [1.4, 0.6, 0.6],
							"pivot": [0.65, 6.9, 24.7],
							"rotation": [45, 0, 0],
							"uv": {
								"north": {"uv": [101, 38], "uv_size": [1, 1]},
								"east": {"uv": [101, 38], "uv_size": [1, 1]},
								"south": {"uv": [101, 38], "uv_size": [1, 1]},
								"west": {"uv": [101, 38], "uv_size": [1, 1]},
								"up": {"uv": [102, 39], "uv_size": [-1, -1]},
								"down": {"uv": [102, 39], "uv_size": [-1, -1]}
							}
						},
						{
							"origin": [-0.65, 7.3, 40.2],
							"size": [1.4, 0.6, 0.6],
							"pivot": [0.65, 2.1, 26.5],
							"rotation": [45, 0, 0],
							"uv": {
								"north": {"uv": [41, 101], "uv_size": [1, 1]},
								"east": {"uv": [41, 101], "uv_size": [1, 1]},
								"south": {"uv": [41, 101], "uv_size": [1, 1]},
								"west": {"uv": [41, 101], "uv_size": [1, 1]},
								"up": {"uv": [42, 102], "uv_size": [-1, -1]},
								"down": {"uv": [42, 102], "uv_size": [-1, -1]}
							}
						},
						{
							"origin": [-0.65, 14.9, 34.9],
							"size": [1.4, 0.6, 0.6],
							"pivot": [0.65, 9.7, 21.2],
							"rotation": [33, 0, 0],
							"uv": {
								"north": {"uv": [101, 43], "uv_size": [1, 1]},
								"east": {"uv": [44, 101], "uv_size": [1, 1]},
								"south": {"uv": [45, 101], "uv_size": [1, 1]},
								"west": {"uv": [46, 101], "uv_size": [1, 1]},
								"up": {"uv": [101, 46], "uv_size": [1, 1]},
								"down": {"uv": [47, 102], "uv_size": [1, -1]}
							}
						},
						{
							"origin": [-0.65, 15.5, 22.3],
							"size": [1.4, 0.6, 0.6],
							"pivot": [0.65, 10.3, 8.6],
							"rotation": [33, 0, 0],
							"uv": {
								"north": {"uv": [70, 85], "uv_size": [1, 11]},
								"east": {"uv": [70, 85], "uv_size": [1, 11]},
								"south": {"uv": [70, 85], "uv_size": [1, 11]},
								"west": {"uv": [70, 85], "uv_size": [1, 11]},
								"up": {"uv": [71, 96], "uv_size": [-1, -11]},
								"down": {"uv": [71, 96], "uv_size": [-1, -11]}
							}
						},
						{
							"origin": [-0.65, 18, 21.9],
							"size": [1.4, 0.6, 0.6],
							"pivot": [0.65, 12.8, 8.2],
							"rotation": [33, 0, 0],
							"uv": {
								"north": {"uv": [55, 101], "uv_size": [-1, 1]},
								"east": {"uv": [55, 101], "uv_size": [-1, 1]},
								"south": {"uv": [55, 101], "uv_size": [-1, 1]},
								"west": {"uv": [55, 101], "uv_size": [-1, 1]},
								"up": {"uv": [54, 102], "uv_size": [1, -1]},
								"down": {"uv": [54, 102], "uv_size": [1, -1]}
							}
						},
						{
							"origin": [-0.65, 18, 35.8],
							"size": [1.4, 0.6, 0.6],
							"pivot": [0.65, 12.8, 22.1],
							"rotation": [33, 0, 0],
							"uv": {
								"north": {"uv": [101, 54], "uv_size": [1, 1]},
								"east": {"uv": [101, 54], "uv_size": [1, 1]},
								"south": {"uv": [101, 54], "uv_size": [1, 1]},
								"west": {"uv": [101, 54], "uv_size": [1, 1]},
								"up": {"uv": [102, 55], "uv_size": [-1, -1]},
								"down": {"uv": [102, 55], "uv_size": [-1, -1]}
							}
						},
						{
							"origin": [-0.65, 15.3, 37.6],
							"size": [1.4, 0.95, 3.7],
							"pivot": [0.65, 10.4, 26.7],
							"rotation": [51, 0, 0],
							"uv": {
								"north": {"uv": [59, 101], "uv_size": [1, 1]},
								"east": {"uv": [93, 37], "uv_size": [4, 1]},
								"south": {"uv": [60, 101], "uv_size": [1, 1]},
								"west": {"uv": [94, 26], "uv_size": [4, 1]},
								"up": {"uv": [64, 93], "uv_size": [1, 4]},
								"down": {"uv": [69, 97], "uv_size": [1, -4]}
							}
						},
						{
							"origin": [-0.65, 21.5, 39.9],
							"size": [1.4, 0.95, 3.7],
							"pivot": [0.65, 16.6, 29],
							"rotation": [126, 0, 0],
							"uv": {
								"north": {"uv": [61, 101], "uv_size": [1, 1]},
								"east": {"uv": [94, 27], "uv_size": [4, 1]},
								"south": {"uv": [62, 101], "uv_size": [1, 1]},
								"west": {"uv": [94, 28], "uv_size": [4, 1]},
								"up": {"uv": [73, 93], "uv_size": [1, 4]},
								"down": {"uv": [3, 98], "uv_size": [1, -4]}
							}
						},
						{
							"origin": [-1.05, 25.6, 8.4],
							"size": [2.2, 2.5, 1],
							"pivot": [0.65, 22.8, 9.3],
							"rotation": [-65, 0, 0],
							"uv": {
								"north": {"uv": [74, 92], "uv_size": [2, 3]},
								"east": {"uv": [15, 96], "uv_size": [1, 3]},
								"south": {"uv": [76, 92], "uv_size": [2, 3]},
								"west": {"uv": [20, 96], "uv_size": [1, 3]},
								"up": {"uv": [98, 72], "uv_size": [2, 1]},
								"down": {"uv": [98, 79], "uv_size": [2, -1]}
							}
						},
						{
							"origin": [-1.05, 26.2, 35.9],
							"size": [2.2, 2.5, 1],
							"pivot": [0.65, 23.4, 36.8],
							"rotation": [64, 0, 0],
							"uv": {
								"north": {"uv": [78, 92], "uv_size": [2, 3]},
								"east": {"uv": [21, 96], "uv_size": [1, 3]},
								"south": {"uv": [80, 92], "uv_size": [2, 3]},
								"west": {"uv": [36, 96], "uv_size": [1, 3]},
								"up": {"uv": [98, 79], "uv_size": [2, 1]},
								"down": {"uv": [98, 81], "uv_size": [2, -1]}
							}
						},
						{
							"origin": [-1.05, 23.8, 32.7],
							"size": [2.2, 1.8, 1],
							"pivot": [0.65, 20.2, 33.6],
							"rotation": [64, 0, 0],
							"uv": {
								"north": {"uv": [14, 94], "uv_size": [2, 2]},
								"east": {"uv": [61, 98], "uv_size": [1, 2]},
								"south": {"uv": [20, 94], "uv_size": [2, 2]},
								"west": {"uv": [71, 98], "uv_size": [1, 2]},
								"up": {"uv": [98, 81], "uv_size": [2, 1]},
								"down": {"uv": [82, 99], "uv_size": [2, -1]}
							}
						},
						{
							"origin": [-1.05, 25.4, 36.1],
							"size": [2.2, 2.1, 0.6],
							"pivot": [0.65, 22.2, 37],
							"rotation": [53, 0, 0],
							"uv": {
								"north": {"uv": [29, 94], "uv_size": [2, 2]},
								"east": {"uv": [98, 82], "uv_size": [1, 2]},
								"south": {"uv": [94, 29], "uv_size": [2, 2]},
								"west": {"uv": [84, 98], "uv_size": [1, 2]},
								"up": {"uv": [98, 87], "uv_size": [2, 1]},
								"down": {"uv": [98, 89], "uv_size": [2, -1]}
							}
						},
						{
							"origin": [-1.05, 23, 35.5],
							"size": [2.2, 1.4, 1.1],
							"pivot": [0.65, 19.9, 36.4],
							"rotation": [24, 0, 0],
							"uv": {
								"north": {"uv": [98, 89], "uv_size": [2, 1]},
								"east": {"uv": [63, 101], "uv_size": [1, 1]},
								"south": {"uv": [98, 90], "uv_size": [2, 1]},
								"west": {"uv": [101, 63], "uv_size": [1, 1]},
								"up": {"uv": [98, 91], "uv_size": [2, 1]},
								"down": {"uv": [98, 93], "uv_size": [2, -1]}
							}
						},
						{
							"origin": [-1.05, 20.7, 31.2],
							"size": [2.2, 1.5, 1.1],
							"pivot": [0.65, 17.6, 32.1],
							"rotation": [24, 0, 0],
							"uv": {
								"north": {"uv": [31, 94], "uv_size": [2, 2]},
								"east": {"uv": [85, 98], "uv_size": [1, 2]},
								"south": {"uv": [33, 94], "uv_size": [2, 2]},
								"west": {"uv": [98, 93], "uv_size": [1, 2]},
								"up": {"uv": [98, 95], "uv_size": [2, 1]},
								"down": {"uv": [98, 97], "uv_size": [2, -1]}
							}
						},
						{
							"origin": [-1.05, 12.7, 32.8],
							"size": [2.2, 1.1, 1.5],
							"uv": {
								"north": {"uv": [42, 98], "uv_size": [2, 1]},
								"east": {"uv": [98, 45], "uv_size": [2, 1]},
								"south": {"uv": [47, 98], "uv_size": [2, 1]},
								"west": {"uv": [49, 98], "uv_size": [2, 1]},
								"up": {"uv": [67, 93], "uv_size": [2, 2]},
								"down": {"uv": [93, 69], "uv_size": [2, -2]}
							}
						}
					]
				},
				{
					"name": "shitonstock",
					"parent": "stock",
					"pivot": [0.75, 26.25, 9]
				},
				{
					"name": "_ca_stock",
					"parent": "main",
					"pivot": [-0.2, 21.35, 0.075],
					"cubes": [
						{"origin": [-0.45, 22.75, 7.875], "size": [1, 1, 1], "uv": [27, 69]}
					]
				}
			]
		}
	]
}