{
	"format_version": "1.12.0",
	"minecraft:geometry": [
		{
			"description": {
				"identifier": "geometry.unknown",
				"texture_width": 128,
				"texture_height": 128,
				"visible_bounds_width": 8,
				"visible_bounds_height": 4,
				"visible_bounds_offset": [0, 1, 0]
			},
			"bones": [
				{
					"name": "main",
					"pivot": [0, 20, 0]
				},
				{
					"name": "gun",
					"parent": "main",
					"pivot": [1, 11, -1]
				},
				{
					"name": "handguard",
					"parent": "gun",
					"pivot": [1.35, 28, -31.6],
					"cubes": [
						{
							"origin": [0.95, 27.2, -36.5],
							"size": [0.4, 0.8, 19.3],
							"uv": {
								"north": {"uv": [46, 4], "uv_size": [16, 4]},
								"east": {"uv": [46, 4], "uv_size": [16, 4]},
								"south": {"uv": [46, 4], "uv_size": [16, 4]},
								"west": {"uv": [46, 4], "uv_size": [16, 4]},
								"up": {"uv": [62, 8], "uv_size": [-16, -4]},
								"down": {"uv": [62, 8], "uv_size": [-16, -4]}
							}
						},
						{
							"origin": [-1.35, 26.6, -28.7],
							"size": [2.7, 0.6, 1.1],
							"uv": {
								"north": {"uv": [118, 63], "uv_size": [1, 1]},
								"east": {"uv": [118, 63], "uv_size": [1, 1]},
								"south": {"uv": [118, 63], "uv_size": [1, 1]},
								"west": {"uv": [118, 63], "uv_size": [1, 1]},
								"up": {"uv": [119, 64], "uv_size": [-1, -1]},
								"down": {"uv": [119, 64], "uv_size": [-1, -1]}
							}
						},
						{
							"origin": [0.95, 26.6, -32.7],
							"size": [0.4, 0.6, 1.9],
							"uv": {
								"north": {"uv": [118, 63], "uv_size": [1, 1]},
								"east": {"uv": [118, 63], "uv_size": [1, 1]},
								"south": {"uv": [118, 63], "uv_size": [1, 1]},
								"west": {"uv": [118, 63], "uv_size": [1, 1]},
								"up": {"uv": [119, 64], "uv_size": [-1, -1]},
								"down": {"uv": [119, 64], "uv_size": [-1, -1]}
							}
						},
						{
							"origin": [0.95, 27, -31.1],
							"size": [0.4, 0.3, 0.4],
							"pivot": [0.65, 27.3, -30.9],
							"rotation": [45, 0, 0],
							"uv": {
								"north": {"uv": [118, 63], "uv_size": [1, 1]},
								"east": {"uv": [118, 63], "uv_size": [1, 1]},
								"south": {"uv": [118, 63], "uv_size": [1, 1]},
								"west": {"uv": [118, 63], "uv_size": [1, 1]},
								"up": {"uv": [119, 64], "uv_size": [-1, -1]},
								"down": {"uv": [119, 64], "uv_size": [-1, -1]}
							}
						},
						{
							"origin": [0.95, 26.4, -31],
							"size": [0.4, 0.3, 0.3],
							"pivot": [0.65, 26.6, -30.9],
							"rotation": [45, 0, 0],
							"uv": {
								"north": {"uv": [118, 63], "uv_size": [1, 1]},
								"east": {"uv": [118, 63], "uv_size": [1, 1]},
								"south": {"uv": [118, 63], "uv_size": [1, 1]},
								"west": {"uv": [118, 63], "uv_size": [1, 1]},
								"up": {"uv": [119, 64], "uv_size": [-1, -1]},
								"down": {"uv": [119, 64], "uv_size": [-1, -1]}
							}
						},
						{
							"origin": [1.35, 23.9, -31.3],
							"size": [0.5, 0.3, 0.4],
							"pivot": [1.05, 24.2, -31.1],
							"rotation": [45, 0, 0],
							"uv": {
								"north": {"uv": [118, 63], "uv_size": [1, 1]},
								"east": {"uv": [118, 63], "uv_size": [1, 1]},
								"south": {"uv": [118, 63], "uv_size": [1, 1]},
								"west": {"uv": [118, 63], "uv_size": [1, 1]},
								"up": {"uv": [119, 64], "uv_size": [-1, -1]},
								"down": {"uv": [119, 64], "uv_size": [-1, -1]}
							}
						},
						{
							"origin": [1.35, 23.1, -31.2],
							"size": [0.5, 0.3, 0.3],
							"pivot": [1.05, 23.3, -31.1],
							"rotation": [45, 0, 0],
							"uv": {
								"north": {"uv": [118, 63], "uv_size": [1, 1]},
								"east": {"uv": [118, 63], "uv_size": [1, 1]},
								"south": {"uv": [118, 63], "uv_size": [1, 1]},
								"west": {"uv": [118, 63], "uv_size": [1, 1]},
								"up": {"uv": [119, 64], "uv_size": [-1, -1]},
								"down": {"uv": [119, 64], "uv_size": [-1, -1]}
							}
						},
						{
							"origin": [1.35, 23.9, -27.4],
							"size": [0.5, 0.3, 0.4],
							"pivot": [1.05, 24.2, -27.2],
							"rotation": [-45, 0, 0],
							"uv": {
								"north": {"uv": [118, 63], "uv_size": [1, 1]},
								"east": {"uv": [118, 63], "uv_size": [1, 1]},
								"south": {"uv": [118, 63], "uv_size": [1, 1]},
								"west": {"uv": [118, 63], "uv_size": [1, 1]},
								"up": {"uv": [119, 64], "uv_size": [-1, -1]},
								"down": {"uv": [119, 64], "uv_size": [-1, -1]}
							}
						},
						{
							"origin": [1.35, 23.1, -27.4],
							"size": [0.5, 0.3, 0.3],
							"pivot": [1.05, 23.3, -27.2],
							"rotation": [-45, 0, 0],
							"uv": {
								"north": {"uv": [118, 63], "uv_size": [1, 1]},
								"east": {"uv": [118, 63], "uv_size": [1, 1]},
								"south": {"uv": [118, 63], "uv_size": [1, 1]},
								"west": {"uv": [118, 63], "uv_size": [1, 1]},
								"up": {"uv": [119, 64], "uv_size": [-1, -1]},
								"down": {"uv": [119, 64], "uv_size": [-1, -1]}
							}
						},
						{
							"origin": [1.35, 23.9, -23],
							"size": [0.5, 0.3, 0.4],
							"pivot": [1.05, 24.2, -22.8],
							"rotation": [-45, 0, 0],
							"uv": {
								"north": {"uv": [118, 63], "uv_size": [1, 1]},
								"east": {"uv": [118, 63], "uv_size": [1, 1]},
								"south": {"uv": [118, 63], "uv_size": [1, 1]},
								"west": {"uv": [118, 63], "uv_size": [1, 1]},
								"up": {"uv": [119, 64], "uv_size": [-1, -1]},
								"down": {"uv": [119, 64], "uv_size": [-1, -1]}
							}
						},
						{
							"origin": [1.35, 22.1, -18.4],
							"size": [0.5, 0.4, 0.2],
							"pivot": [1.05, 22.5, -18.2],
							"rotation": [-45, 0, 0],
							"uv": {
								"north": {"uv": [118, 63], "uv_size": [1, 1]},
								"east": {"uv": [118, 63], "uv_size": [1, 1]},
								"south": {"uv": [118, 63], "uv_size": [1, 1]},
								"west": {"uv": [118, 63], "uv_size": [1, 1]},
								"up": {"uv": [119, 64], "uv_size": [-1, -1]},
								"down": {"uv": [119, 64], "uv_size": [-1, -1]}
							}
						},
						{
							"origin": [1.35, 22.2, -19.7],
							"size": [0.5, 0.2, 0.3],
							"pivot": [1.05, 22.5, -19.5],
							"rotation": [-33, 0, 0],
							"uv": {
								"north": {"uv": [118, 63], "uv_size": [1, 1]},
								"east": {"uv": [118, 63], "uv_size": [1, 1]},
								"south": {"uv": [118, 63], "uv_size": [1, 1]},
								"west": {"uv": [118, 63], "uv_size": [1, 1]},
								"up": {"uv": [119, 64], "uv_size": [-1, -1]},
								"down": {"uv": [119, 64], "uv_size": [-1, -1]}
							}
						},
						{
							"origin": [1.35, 24.4, -19.5],
							"size": [0.5, 0.2, 0.3],
							"pivot": [1.05, 24.7, -19.3],
							"rotation": [-33, 0, 0],
							"uv": {
								"north": {"uv": [118, 63], "uv_size": [1, 1]},
								"east": {"uv": [118, 63], "uv_size": [1, 1]},
								"south": {"uv": [118, 63], "uv_size": [1, 1]},
								"west": {"uv": [118, 63], "uv_size": [1, 1]},
								"up": {"uv": [119, 64], "uv_size": [-1, -1]},
								"down": {"uv": [119, 64], "uv_size": [-1, -1]}
							}
						},
						{
							"origin": [1.35, 23.9, -26.9],
							"size": [0.5, 0.3, 0.4],
							"pivot": [1.05, 24.2, -26.7],
							"rotation": [45, 0, 0],
							"uv": {
								"north": {"uv": [118, 63], "uv_size": [1, 1]},
								"east": {"uv": [118, 63], "uv_size": [1, 1]},
								"south": {"uv": [118, 63], "uv_size": [1, 1]},
								"west": {"uv": [118, 63], "uv_size": [1, 1]},
								"up": {"uv": [119, 64], "uv_size": [-1, -1]},
								"down": {"uv": [119, 64], "uv_size": [-1, -1]}
							}
						},
						{
							"origin": [1.35, 24.3, -21],
							"size": [0.5, 0.3, 0.4],
							"pivot": [1.05, 24.6, -20.8],
							"rotation": [45, 0, 0],
							"uv": {
								"north": {"uv": [118, 63], "uv_size": [1, 1]},
								"east": {"uv": [118, 63], "uv_size": [1, 1]},
								"south": {"uv": [118, 63], "uv_size": [1, 1]},
								"west": {"uv": [118, 63], "uv_size": [1, 1]},
								"up": {"uv": [119, 64], "uv_size": [-1, -1]},
								"down": {"uv": [119, 64], "uv_size": [-1, -1]}
							}
						},
						{
							"origin": [1.35, 23.1, -26.8],
							"size": [0.5, 0.3, 0.3],
							"pivot": [1.05, 23.3, -26.7],
							"rotation": [45, 0, 0],
							"uv": {
								"north": {"uv": [118, 63], "uv_size": [1, 1]},
								"east": {"uv": [118, 63], "uv_size": [1, 1]},
								"south": {"uv": [118, 63], "uv_size": [1, 1]},
								"west": {"uv": [118, 63], "uv_size": [1, 1]},
								"up": {"uv": [119, 64], "uv_size": [-1, -1]},
								"down": {"uv": [119, 64], "uv_size": [-1, -1]}
							}
						},
						{
							"origin": [-1.35, 26.6, -32.7],
							"size": [0.4, 0.6, 1.9],
							"uv": {
								"north": {"uv": [118, 63], "uv_size": [1, 1]},
								"east": {"uv": [118, 63], "uv_size": [1, 1]},
								"south": {"uv": [118, 63], "uv_size": [1, 1]},
								"west": {"uv": [118, 63], "uv_size": [1, 1]},
								"up": {"uv": [119, 64], "uv_size": [-1, -1]},
								"down": {"uv": [119, 64], "uv_size": [-1, -1]}
							}
						},
						{
							"origin": [-1.35, 26.4, -31],
							"size": [0.4, 0.3, 0.3],
							"pivot": [-1.65, 26.6, -30.9],
							"rotation": [45, 0, 0],
							"uv": {
								"north": {"uv": [118, 63], "uv_size": [1, 1]},
								"east": {"uv": [118, 63], "uv_size": [1, 1]},
								"south": {"uv": [118, 63], "uv_size": [1, 1]},
								"west": {"uv": [118, 63], "uv_size": [1, 1]},
								"up": {"uv": [119, 64], "uv_size": [-1, -1]},
								"down": {"uv": [119, 64], "uv_size": [-1, -1]}
							}
						},
						{
							"origin": [-1.35, 27, -31.1],
							"size": [0.4, 0.3, 0.4],
							"pivot": [-1.65, 27.3, -30.9],
							"rotation": [45, 0, 0],
							"uv": {
								"north": {"uv": [118, 63], "uv_size": [1, 1]},
								"east": {"uv": [118, 63], "uv_size": [1, 1]},
								"south": {"uv": [118, 63], "uv_size": [1, 1]},
								"west": {"uv": [118, 63], "uv_size": [1, 1]},
								"up": {"uv": [119, 64], "uv_size": [-1, -1]},
								"down": {"uv": [119, 64], "uv_size": [-1, -1]}
							}
						},
						{
							"origin": [-1.35, 27, -27.9],
							"size": [2.7, 0.3, 0.4],
							"pivot": [0.65, 27.3, -27.7],
							"rotation": [45, 0, 0],
							"uv": {
								"north": {"uv": [118, 63], "uv_size": [1, 1]},
								"east": {"uv": [118, 63], "uv_size": [1, 1]},
								"south": {"uv": [118, 63], "uv_size": [1, 1]},
								"west": {"uv": [118, 63], "uv_size": [1, 1]},
								"up": {"uv": [119, 64], "uv_size": [-1, -1]},
								"down": {"uv": [119, 64], "uv_size": [-1, -1]}
							}
						},
						{
							"origin": [1.35, 23.1, -23],
							"size": [0.5, 0.3, 0.3],
							"pivot": [1.05, 23.3, -22.8],
							"rotation": [-45, 0, 0],
							"uv": {
								"north": {"uv": [118, 63], "uv_size": [1, 1]},
								"east": {"uv": [118, 63], "uv_size": [1, 1]},
								"south": {"uv": [118, 63], "uv_size": [1, 1]},
								"west": {"uv": [118, 63], "uv_size": [1, 1]},
								"up": {"uv": [119, 64], "uv_size": [-1, -1]},
								"down": {"uv": [119, 64], "uv_size": [-1, -1]}
							}
						},
						{
							"origin": [-1.35, 26.4, -27.8],
							"size": [2.7, 0.3, 0.3],
							"pivot": [0.65, 26.6, -27.7],
							"rotation": [45, 0, 0],
							"uv": {
								"north": {"uv": [118, 63], "uv_size": [1, 1]},
								"east": {"uv": [118, 63], "uv_size": [1, 1]},
								"south": {"uv": [118, 63], "uv_size": [1, 1]},
								"west": {"uv": [118, 63], "uv_size": [1, 1]},
								"up": {"uv": [119, 64], "uv_size": [-1, -1]},
								"down": {"uv": [119, 64], "uv_size": [-1, -1]}
							}
						},
						{
							"origin": [-1.35, 26.4, -28.8],
							"size": [2.7, 0.3, 0.3],
							"pivot": [0.65, 26.6, -28.6],
							"rotation": [-45, 0, 0],
							"uv": {
								"north": {"uv": [118, 63], "uv_size": [1, 1]},
								"east": {"uv": [118, 63], "uv_size": [1, 1]},
								"south": {"uv": [118, 63], "uv_size": [1, 1]},
								"west": {"uv": [118, 63], "uv_size": [1, 1]},
								"up": {"uv": [119, 64], "uv_size": [-1, -1]},
								"down": {"uv": [119, 64], "uv_size": [-1, -1]}
							}
						},
						{
							"origin": [-1.35, 27, -28.8],
							"size": [2.7, 0.3, 0.4],
							"pivot": [0.65, 27.3, -28.6],
							"rotation": [-45, 0, 0],
							"uv": {
								"north": {"uv": [118, 63], "uv_size": [1, 1]},
								"east": {"uv": [118, 63], "uv_size": [1, 1]},
								"south": {"uv": [118, 63], "uv_size": [1, 1]},
								"west": {"uv": [118, 63], "uv_size": [1, 1]},
								"up": {"uv": [119, 64], "uv_size": [-1, -1]},
								"down": {"uv": [119, 64], "uv_size": [-1, -1]}
							}
						},
						{
							"origin": [0.95, 27, -35.1],
							"size": [0.4, 0.3, 0.4],
							"pivot": [0.65, 27.3, -34.9],
							"rotation": [45, 0, 0],
							"uv": {
								"north": {"uv": [118, 63], "uv_size": [1, 1]},
								"east": {"uv": [118, 63], "uv_size": [1, 1]},
								"south": {"uv": [118, 63], "uv_size": [1, 1]},
								"west": {"uv": [118, 63], "uv_size": [1, 1]},
								"up": {"uv": [119, 64], "uv_size": [-1, -1]},
								"down": {"uv": [119, 64], "uv_size": [-1, -1]}
							}
						},
						{
							"origin": [-1.35, 27, -35.1],
							"size": [0.4, 0.3, 0.4],
							"pivot": [-1.65, 27.3, -34.9],
							"rotation": [45, 0, 0],
							"uv": {
								"north": {"uv": [118, 63], "uv_size": [1, 1]},
								"east": {"uv": [118, 63], "uv_size": [1, 1]},
								"south": {"uv": [118, 63], "uv_size": [1, 1]},
								"west": {"uv": [118, 63], "uv_size": [1, 1]},
								"up": {"uv": [119, 64], "uv_size": [-1, -1]},
								"down": {"uv": [119, 64], "uv_size": [-1, -1]}
							}
						},
						{
							"origin": [0.95, 26.4, -35],
							"size": [0.4, 0.3, 0.3],
							"pivot": [0.65, 26.6, -34.9],
							"rotation": [45, 0, 0],
							"uv": {
								"north": {"uv": [118, 63], "uv_size": [1, 1]},
								"east": {"uv": [118, 63], "uv_size": [1, 1]},
								"south": {"uv": [118, 63], "uv_size": [1, 1]},
								"west": {"uv": [118, 63], "uv_size": [1, 1]},
								"up": {"uv": [119, 64], "uv_size": [-1, -1]},
								"down": {"uv": [119, 64], "uv_size": [-1, -1]}
							}
						},
						{
							"origin": [-1.35, 26.4, -35],
							"size": [0.4, 0.3, 0.3],
							"pivot": [-1.65, 26.6, -34.9],
							"rotation": [45, 0, 0],
							"uv": {
								"north": {"uv": [118, 63], "uv_size": [1, 1]},
								"east": {"uv": [118, 63], "uv_size": [1, 1]},
								"south": {"uv": [118, 63], "uv_size": [1, 1]},
								"west": {"uv": [118, 63], "uv_size": [1, 1]},
								"up": {"uv": [119, 64], "uv_size": [-1, -1]},
								"down": {"uv": [119, 64], "uv_size": [-1, -1]}
							}
						},
						{
							"origin": [-1.35, 26.4, -32.8],
							"size": [2.7, 0.3, 0.3],
							"pivot": [0.65, 26.6, -32.6],
							"rotation": [-45, 0, 0],
							"uv": {
								"north": {"uv": [118, 63], "uv_size": [1, 1]},
								"east": {"uv": [118, 63], "uv_size": [1, 1]},
								"south": {"uv": [118, 63], "uv_size": [1, 1]},
								"west": {"uv": [118, 63], "uv_size": [1, 1]},
								"up": {"uv": [119, 64], "uv_size": [-1, -1]},
								"down": {"uv": [119, 64], "uv_size": [-1, -1]}
							}
						},
						{
							"origin": [-1.35, 27, -32.8],
							"size": [2.7, 0.3, 0.4],
							"pivot": [0.65, 27.3, -32.6],
							"rotation": [-45, 0, 0],
							"uv": {
								"north": {"uv": [118, 63], "uv_size": [1, 1]},
								"east": {"uv": [118, 63], "uv_size": [1, 1]},
								"south": {"uv": [118, 63], "uv_size": [1, 1]},
								"west": {"uv": [118, 63], "uv_size": [1, 1]},
								"up": {"uv": [119, 64], "uv_size": [-1, -1]},
								"down": {"uv": [119, 64], "uv_size": [-1, -1]}
							}
						},
						{
							"origin": [0.95, 26.6, -36.5],
							"size": [0.4, 0.6, 1.7],
							"uv": {
								"north": {"uv": [118, 63], "uv_size": [1, 1]},
								"east": {"uv": [118, 63], "uv_size": [1, 1]},
								"south": {"uv": [118, 63], "uv_size": [1, 1]},
								"west": {"uv": [118, 63], "uv_size": [1, 1]},
								"up": {"uv": [119, 64], "uv_size": [-1, -1]},
								"down": {"uv": [119, 64], "uv_size": [-1, -1]}
							}
						},
						{
							"origin": [-1.35, 26.6, -36.5],
							"size": [0.4, 0.6, 1.7],
							"uv": {
								"north": {"uv": [118, 63], "uv_size": [1, 1]},
								"east": {"uv": [118, 63], "uv_size": [1, 1]},
								"south": {"uv": [118, 63], "uv_size": [1, 1]},
								"west": {"uv": [118, 63], "uv_size": [1, 1]},
								"up": {"uv": [119, 64], "uv_size": [-1, -1]},
								"down": {"uv": [119, 64], "uv_size": [-1, -1]}
							}
						},
						{
							"origin": [-1.35, 25.5, -36.5],
							"size": [0.4, 1.1, 19.3],
							"uv": {
								"north": {"uv": [46, 4], "uv_size": [16, 4]},
								"east": {"uv": [46, 4], "uv_size": [16, 4]},
								"south": {"uv": [46, 4], "uv_size": [16, 4]},
								"west": {"uv": [46, 4], "uv_size": [16, 4]},
								"up": {"uv": [62, 8], "uv_size": [-16, -4]},
								"down": {"uv": [62, 8], "uv_size": [-16, -4]}
							}
						},
						{
							"origin": [0.95, 25.5, -36.5],
							"size": [0.4, 1.1, 19.3],
							"uv": {
								"north": {"uv": [46, 4], "uv_size": [16, 4]},
								"east": {"uv": [46, 4], "uv_size": [16, 4]},
								"south": {"uv": [46, 4], "uv_size": [16, 4]},
								"west": {"uv": [46, 4], "uv_size": [16, 4]},
								"up": {"uv": [62, 8], "uv_size": [-16, -4]},
								"down": {"uv": [62, 8], "uv_size": [-16, -4]}
							}
						},
						{
							"origin": [-0.95, 25.5, -27.4],
							"size": [1.9, 1.1, 10.2],
							"uv": {
								"north": {"uv": [46, 4], "uv_size": [16, 4]},
								"east": {"uv": [46, 4], "uv_size": [16, 4]},
								"south": {"uv": [46, 4], "uv_size": [16, 4]},
								"west": {"uv": [46, 4], "uv_size": [16, 4]},
								"up": {"uv": [62, 8], "uv_size": [-16, -4]},
								"down": {"uv": [62, 8], "uv_size": [-16, -4]}
							}
						},
						{
							"origin": [1.25, 24.1, -36.5],
							"size": [0.6, 1.1, 15],
							"uv": {
								"north": {"uv": [46, 4], "uv_size": [16, 4]},
								"east": {"uv": [46, 4], "uv_size": [16, 4]},
								"south": {"uv": [46, 4], "uv_size": [16, 4]},
								"west": {"uv": [46, 4], "uv_size": [16, 4]},
								"up": {"uv": [62, 8], "uv_size": [-16, -4]},
								"down": {"uv": [62, 8], "uv_size": [-16, -4]}
							}
						},
						{
							"origin": [1.25, 24.5, -21.5],
							"size": [0.6, 0.7, 3.2],
							"uv": {
								"north": {"uv": [118, 63], "uv_size": [1, 1]},
								"east": {"uv": [118, 63], "uv_size": [1, 1]},
								"south": {"uv": [118, 63], "uv_size": [1, 1]},
								"west": {"uv": [118, 63], "uv_size": [1, 1]},
								"up": {"uv": [119, 64], "uv_size": [-1, -1]},
								"down": {"uv": [119, 64], "uv_size": [-1, -1]}
							}
						},
						{
							"origin": [1.25, 22.4, -20.7],
							"size": [0.6, 1.2, 2.4],
							"pivot": [1.85, 22.4, -18.3],
							"rotation": [-61, 0, 0],
							"uv": {
								"north": {"uv": [118, 63], "uv_size": [1, 1]},
								"east": {"uv": [118, 63], "uv_size": [1, 1]},
								"south": {"uv": [118, 63], "uv_size": [1, 1]},
								"west": {"uv": [118, 63], "uv_size": [1, 1]},
								"up": {"uv": [119, 64], "uv_size": [-1, -1]},
								"down": {"uv": [119, 64], "uv_size": [-1, -1]}
							}
						},
						{
							"origin": [1.25, 22.4, -23.4],
							"size": [0.6, 1.2, 3.1],
							"pivot": [1.85, 22.4, -21],
							"rotation": [-61, 0, 0],
							"uv": {
								"north": {"uv": [118, 63], "uv_size": [1, 1]},
								"east": {"uv": [118, 63], "uv_size": [1, 1]},
								"south": {"uv": [118, 63], "uv_size": [1, 1]},
								"west": {"uv": [118, 63], "uv_size": [1, 1]},
								"up": {"uv": [119, 64], "uv_size": [-1, -1]},
								"down": {"uv": [119, 64], "uv_size": [-1, -1]}
							}
						},
						{
							"origin": [1.25, 21.7, -36.5],
							"size": [0.6, 1.6, 15.7],
							"uv": {
								"north": {"uv": [46, 4], "uv_size": [16, 4]},
								"east": {"uv": [46, 4], "uv_size": [16, 4]},
								"south": {"uv": [46, 4], "uv_size": [16, 4]},
								"west": {"uv": [46, 4], "uv_size": [16, 4]},
								"up": {"uv": [62, 8], "uv_size": [-16, -4]},
								"down": {"uv": [62, 8], "uv_size": [-16, -4]}
							}
						},
						{
							"origin": [1.25, 21.7, -18.3],
							"size": [0.6, 3.5, 1.1],
							"uv": {
								"north": {"uv": [118, 63], "uv_size": [1, 1]},
								"east": {"uv": [118, 63], "uv_size": [1, 1]},
								"south": {"uv": [118, 63], "uv_size": [1, 1]},
								"west": {"uv": [118, 63], "uv_size": [1, 1]},
								"up": {"uv": [119, 64], "uv_size": [-1, -1]},
								"down": {"uv": [119, 64], "uv_size": [-1, -1]}
							}
						},
						{
							"origin": [1.25, 21.7, -20.8],
							"size": [0.6, 0.7, 2.5],
							"uv": {
								"north": {"uv": [118, 63], "uv_size": [1, 1]},
								"east": {"uv": [118, 63], "uv_size": [1, 1]},
								"south": {"uv": [118, 63], "uv_size": [1, 1]},
								"west": {"uv": [118, 63], "uv_size": [1, 1]},
								"up": {"uv": [119, 64], "uv_size": [-1, -1]},
								"down": {"uv": [119, 64], "uv_size": [-1, -1]}
							}
						},
						{
							"origin": [1.25, 23.3, -31.9],
							"size": [0.6, 0.8, 0.9],
							"uv": {
								"north": {"uv": [118, 63], "uv_size": [1, 1]},
								"east": {"uv": [118, 63], "uv_size": [1, 1]},
								"south": {"uv": [118, 63], "uv_size": [1, 1]},
								"west": {"uv": [118, 63], "uv_size": [1, 1]},
								"up": {"uv": [119, 64], "uv_size": [-1, -1]},
								"down": {"uv": [119, 64], "uv_size": [-1, -1]}
							}
						},
						{
							"origin": [1.25, 23.3, -36.5],
							"size": [0.6, 0.8, 0.9],
							"uv": {
								"north": {"uv": [118, 63], "uv_size": [1, 1]},
								"east": {"uv": [118, 63], "uv_size": [1, 1]},
								"south": {"uv": [118, 63], "uv_size": [1, 1]},
								"west": {"uv": [118, 63], "uv_size": [1, 1]},
								"up": {"uv": [119, 64], "uv_size": [-1, -1]},
								"down": {"uv": [119, 64], "uv_size": [-1, -1]}
							}
						},
						{
							"origin": [1.35, 23.9, -35.9],
							"size": [0.5, 0.3, 0.4],
							"pivot": [1.05, 24.2, -35.7],
							"rotation": [45, 0, 0],
							"uv": {
								"north": {"uv": [118, 63], "uv_size": [1, 1]},
								"east": {"uv": [118, 63], "uv_size": [1, 1]},
								"south": {"uv": [118, 63], "uv_size": [1, 1]},
								"west": {"uv": [118, 63], "uv_size": [1, 1]},
								"up": {"uv": [119, 64], "uv_size": [-1, -1]},
								"down": {"uv": [119, 64], "uv_size": [-1, -1]}
							}
						},
						{
							"origin": [1.35, 23.1, -35.8],
							"size": [0.5, 0.3, 0.3],
							"pivot": [1.05, 23.3, -35.7],
							"rotation": [45, 0, 0],
							"uv": {
								"north": {"uv": [118, 63], "uv_size": [1, 1]},
								"east": {"uv": [118, 63], "uv_size": [1, 1]},
								"south": {"uv": [118, 63], "uv_size": [1, 1]},
								"west": {"uv": [118, 63], "uv_size": [1, 1]},
								"up": {"uv": [119, 64], "uv_size": [-1, -1]},
								"down": {"uv": [119, 64], "uv_size": [-1, -1]}
							}
						},
						{
							"origin": [1.35, 23.1, -32],
							"size": [0.5, 0.3, 0.3],
							"pivot": [1.05, 23.3, -31.8],
							"rotation": [-45, 0, 0],
							"uv": {
								"north": {"uv": [118, 63], "uv_size": [1, 1]},
								"east": {"uv": [118, 63], "uv_size": [1, 1]},
								"south": {"uv": [118, 63], "uv_size": [1, 1]},
								"west": {"uv": [118, 63], "uv_size": [1, 1]},
								"up": {"uv": [119, 64], "uv_size": [-1, -1]},
								"down": {"uv": [119, 64], "uv_size": [-1, -1]}
							}
						},
						{
							"origin": [1.35, 23.9, -32],
							"size": [0.5, 0.3, 0.4],
							"pivot": [1.05, 24.2, -31.8],
							"rotation": [-45, 0, 0],
							"uv": {
								"north": {"uv": [118, 63], "uv_size": [1, 1]},
								"east": {"uv": [118, 63], "uv_size": [1, 1]},
								"south": {"uv": [118, 63], "uv_size": [1, 1]},
								"west": {"uv": [118, 63], "uv_size": [1, 1]},
								"up": {"uv": [119, 64], "uv_size": [-1, -1]},
								"down": {"uv": [119, 64], "uv_size": [-1, -1]}
							}
						},
						{
							"origin": [-1.85, 23.1, -32],
							"size": [0.5, 0.3, 0.3],
							"pivot": [-2.15, 23.3, -31.8],
							"rotation": [-45, 0, 0],
							"uv": {
								"north": {"uv": [118, 63], "uv_size": [1, 1]},
								"east": {"uv": [118, 63], "uv_size": [1, 1]},
								"south": {"uv": [118, 63], "uv_size": [1, 1]},
								"west": {"uv": [118, 63], "uv_size": [1, 1]},
								"up": {"uv": [119, 64], "uv_size": [-1, -1]},
								"down": {"uv": [119, 64], "uv_size": [-1, -1]}
							}
						},
						{
							"origin": [-1.85, 23.9, -32],
							"size": [0.5, 0.3, 0.4],
							"pivot": [-2.15, 24.2, -31.8],
							"rotation": [-45, 0, 0],
							"uv": {
								"north": {"uv": [118, 63], "uv_size": [1, 1]},
								"east": {"uv": [118, 63], "uv_size": [1, 1]},
								"south": {"uv": [118, 63], "uv_size": [1, 1]},
								"west": {"uv": [118, 63], "uv_size": [1, 1]},
								"up": {"uv": [119, 64], "uv_size": [-1, -1]},
								"down": {"uv": [119, 64], "uv_size": [-1, -1]}
							}
						},
						{
							"origin": [-1.85, 23.3, -36.5],
							"size": [0.6, 0.8, 0.9],
							"uv": {
								"north": {"uv": [118, 63], "uv_size": [1, 1]},
								"east": {"uv": [118, 63], "uv_size": [1, 1]},
								"south": {"uv": [118, 63], "uv_size": [1, 1]},
								"west": {"uv": [118, 63], "uv_size": [1, 1]},
								"up": {"uv": [119, 64], "uv_size": [-1, -1]},
								"down": {"uv": [119, 64], "uv_size": [-1, -1]}
							}
						},
						{
							"origin": [-1.75, 23.9, -35.9],
							"size": [0.5, 0.3, 0.4],
							"pivot": [-2.05, 24.2, -35.7],
							"rotation": [45, 0, 0],
							"uv": {
								"north": {"uv": [118, 63], "uv_size": [1, 1]},
								"east": {"uv": [118, 63], "uv_size": [1, 1]},
								"south": {"uv": [118, 63], "uv_size": [1, 1]},
								"west": {"uv": [118, 63], "uv_size": [1, 1]},
								"up": {"uv": [119, 64], "uv_size": [-1, -1]},
								"down": {"uv": [119, 64], "uv_size": [-1, -1]}
							}
						},
						{
							"origin": [-1.75, 23.1, -35.8],
							"size": [0.5, 0.3, 0.3],
							"pivot": [-2.05, 23.3, -35.7],
							"rotation": [45, 0, 0],
							"uv": {
								"north": {"uv": [118, 63], "uv_size": [1, 1]},
								"east": {"uv": [118, 63], "uv_size": [1, 1]},
								"south": {"uv": [118, 63], "uv_size": [1, 1]},
								"west": {"uv": [118, 63], "uv_size": [1, 1]},
								"up": {"uv": [119, 64], "uv_size": [-1, -1]},
								"down": {"uv": [119, 64], "uv_size": [-1, -1]}
							}
						},
						{
							"origin": [1.25, 23.3, -27.3],
							"size": [0.6, 0.8, 0.7],
							"uv": {
								"north": {"uv": [118, 63], "uv_size": [1, 1]},
								"east": {"uv": [118, 63], "uv_size": [1, 1]},
								"south": {"uv": [118, 63], "uv_size": [1, 1]},
								"west": {"uv": [118, 63], "uv_size": [1, 1]},
								"up": {"uv": [119, 64], "uv_size": [-1, -1]},
								"down": {"uv": [119, 64], "uv_size": [-1, -1]}
							}
						},
						{
							"origin": [1.25, 23.3, -22.9],
							"size": [0.6, 0.8, 1.7],
							"uv": {
								"north": {"uv": [118, 63], "uv_size": [1, 1]},
								"east": {"uv": [118, 63], "uv_size": [1, 1]},
								"south": {"uv": [118, 63], "uv_size": [1, 1]},
								"west": {"uv": [118, 63], "uv_size": [1, 1]},
								"up": {"uv": [119, 64], "uv_size": [-1, -1]},
								"down": {"uv": [119, 64], "uv_size": [-1, -1]}
							}
						},
						{
							"origin": [-1.85, 21.7, -36.5],
							"size": [0.6, 1.6, 15.7],
							"uv": {
								"north": {"uv": [46, 4], "uv_size": [16, 4]},
								"east": {"uv": [46, 4], "uv_size": [16, 4]},
								"south": {"uv": [46, 4], "uv_size": [16, 4]},
								"west": {"uv": [46, 4], "uv_size": [16, 4]},
								"up": {"uv": [62, 8], "uv_size": [-16, -4]},
								"down": {"uv": [62, 8], "uv_size": [-16, -4]}
							}
						},
						{
							"origin": [-1.25, 21.7, -36.5],
							"size": [2.5, 0.6, 19.3],
							"uv": {
								"north": {"uv": [118, 63], "uv_size": [1, 1]},
								"east": {"uv": [118, 63], "uv_size": [1, 1]},
								"south": {"uv": [118, 63], "uv_size": [1, 1]},
								"west": {"uv": [118, 63], "uv_size": [1, 1]},
								"up": {"uv": [119, 64], "uv_size": [-1, -1]},
								"down": {"uv": [119, 64], "uv_size": [-1, -1]}
							}
						},
						{
							"origin": [-1.85, 23.1, -31.2],
							"size": [0.5, 0.3, 0.3],
							"pivot": [-1.05, 23.3, -31.1],
							"rotation": [45, 0, 0],
							"uv": {
								"north": {"uv": [118, 63], "uv_size": [1, 1]},
								"east": {"uv": [118, 63], "uv_size": [1, 1]},
								"south": {"uv": [118, 63], "uv_size": [1, 1]},
								"west": {"uv": [118, 63], "uv_size": [1, 1]},
								"up": {"uv": [119, 64], "uv_size": [-1, -1]},
								"down": {"uv": [119, 64], "uv_size": [-1, -1]}
							}
						},
						{
							"origin": [-1.85, 23.3, -31.9],
							"size": [0.6, 0.8, 0.9],
							"uv": {
								"north": {"uv": [118, 63], "uv_size": [1, 1]},
								"east": {"uv": [118, 63], "uv_size": [1, 1]},
								"south": {"uv": [118, 63], "uv_size": [1, 1]},
								"west": {"uv": [118, 63], "uv_size": [1, 1]},
								"up": {"uv": [119, 64], "uv_size": [-1, -1]},
								"down": {"uv": [119, 64], "uv_size": [-1, -1]}
							}
						},
						{
							"origin": [-1.85, 24.1, -36.5],
							"size": [0.6, 1.1, 15],
							"uv": {
								"north": {"uv": [46, 4], "uv_size": [16, 4]},
								"east": {"uv": [46, 4], "uv_size": [16, 4]},
								"south": {"uv": [46, 4], "uv_size": [16, 4]},
								"west": {"uv": [46, 4], "uv_size": [16, 4]},
								"up": {"uv": [62, 8], "uv_size": [-16, -4]},
								"down": {"uv": [62, 8], "uv_size": [-16, -4]}
							}
						},
						{
							"origin": [-1.85, 23.9, -31.3],
							"size": [0.5, 0.3, 0.4],
							"pivot": [-1.05, 24.2, -31.1],
							"rotation": [45, 0, 0],
							"uv": {
								"north": {"uv": [118, 63], "uv_size": [1, 1]},
								"east": {"uv": [118, 63], "uv_size": [1, 1]},
								"south": {"uv": [118, 63], "uv_size": [1, 1]},
								"west": {"uv": [118, 63], "uv_size": [1, 1]},
								"up": {"uv": [119, 64], "uv_size": [-1, -1]},
								"down": {"uv": [119, 64], "uv_size": [-1, -1]}
							}
						},
						{
							"origin": [-1.85, 23.3, -27.3],
							"size": [0.6, 0.8, 0.7],
							"uv": {
								"north": {"uv": [118, 63], "uv_size": [1, 1]},
								"east": {"uv": [118, 63], "uv_size": [1, 1]},
								"south": {"uv": [118, 63], "uv_size": [1, 1]},
								"west": {"uv": [118, 63], "uv_size": [1, 1]},
								"up": {"uv": [119, 64], "uv_size": [-1, -1]},
								"down": {"uv": [119, 64], "uv_size": [-1, -1]}
							}
						},
						{
							"origin": [-1.85, 23.9, -27.4],
							"size": [0.5, 0.3, 0.4],
							"pivot": [-1.05, 24.2, -27.2],
							"rotation": [-45, 0, 0],
							"uv": {
								"north": {"uv": [118, 63], "uv_size": [1, 1]},
								"east": {"uv": [118, 63], "uv_size": [1, 1]},
								"south": {"uv": [118, 63], "uv_size": [1, 1]},
								"west": {"uv": [118, 63], "uv_size": [1, 1]},
								"up": {"uv": [119, 64], "uv_size": [-1, -1]},
								"down": {"uv": [119, 64], "uv_size": [-1, -1]}
							}
						},
						{
							"origin": [-1.85, 23.1, -27.4],
							"size": [0.5, 0.3, 0.3],
							"pivot": [-1.05, 23.3, -27.2],
							"rotation": [-45, 0, 0],
							"uv": {
								"north": {"uv": [118, 63], "uv_size": [1, 1]},
								"east": {"uv": [118, 63], "uv_size": [1, 1]},
								"south": {"uv": [118, 63], "uv_size": [1, 1]},
								"west": {"uv": [118, 63], "uv_size": [1, 1]},
								"up": {"uv": [119, 64], "uv_size": [-1, -1]},
								"down": {"uv": [119, 64], "uv_size": [-1, -1]}
							}
						},
						{
							"origin": [-1.85, 23.1, -26.8],
							"size": [0.5, 0.3, 0.3],
							"pivot": [-1.05, 23.3, -26.7],
							"rotation": [45, 0, 0],
							"uv": {
								"north": {"uv": [118, 63], "uv_size": [1, 1]},
								"east": {"uv": [118, 63], "uv_size": [1, 1]},
								"south": {"uv": [118, 63], "uv_size": [1, 1]},
								"west": {"uv": [118, 63], "uv_size": [1, 1]},
								"up": {"uv": [119, 64], "uv_size": [-1, -1]},
								"down": {"uv": [119, 64], "uv_size": [-1, -1]}
							}
						},
						{
							"origin": [-1.85, 23.9, -26.9],
							"size": [0.5, 0.3, 0.4],
							"pivot": [-1.05, 24.2, -26.7],
							"rotation": [45, 0, 0],
							"uv": {
								"north": {"uv": [118, 63], "uv_size": [1, 1]},
								"east": {"uv": [118, 63], "uv_size": [1, 1]},
								"south": {"uv": [118, 63], "uv_size": [1, 1]},
								"west": {"uv": [118, 63], "uv_size": [1, 1]},
								"up": {"uv": [119, 64], "uv_size": [-1, -1]},
								"down": {"uv": [119, 64], "uv_size": [-1, -1]}
							}
						},
						{
							"origin": [-1.85, 23.3, -22.9],
							"size": [0.6, 0.8, 1.7],
							"uv": {
								"north": {"uv": [118, 63], "uv_size": [1, 1]},
								"east": {"uv": [118, 63], "uv_size": [1, 1]},
								"south": {"uv": [118, 63], "uv_size": [1, 1]},
								"west": {"uv": [118, 63], "uv_size": [1, 1]},
								"up": {"uv": [119, 64], "uv_size": [-1, -1]},
								"down": {"uv": [119, 64], "uv_size": [-1, -1]}
							}
						},
						{
							"origin": [-1.85, 23.1, -23],
							"size": [0.5, 0.3, 0.3],
							"pivot": [-1.05, 23.3, -22.8],
							"rotation": [-45, 0, 0],
							"uv": {
								"north": {"uv": [118, 63], "uv_size": [1, 1]},
								"east": {"uv": [118, 63], "uv_size": [1, 1]},
								"south": {"uv": [118, 63], "uv_size": [1, 1]},
								"west": {"uv": [118, 63], "uv_size": [1, 1]},
								"up": {"uv": [119, 64], "uv_size": [-1, -1]},
								"down": {"uv": [119, 64], "uv_size": [-1, -1]}
							}
						},
						{
							"origin": [-1.85, 23.9, -23],
							"size": [0.5, 0.3, 0.4],
							"pivot": [-1.05, 24.2, -22.8],
							"rotation": [-45, 0, 0],
							"uv": {
								"north": {"uv": [118, 63], "uv_size": [1, 1]},
								"east": {"uv": [118, 63], "uv_size": [1, 1]},
								"south": {"uv": [118, 63], "uv_size": [1, 1]},
								"west": {"uv": [118, 63], "uv_size": [1, 1]},
								"up": {"uv": [119, 64], "uv_size": [-1, -1]},
								"down": {"uv": [119, 64], "uv_size": [-1, -1]}
							}
						},
						{
							"origin": [-1.85, 22.4, -23.4],
							"size": [0.6, 1.2, 3.1],
							"pivot": [-1.85, 22.4, -21],
							"rotation": [-61, 0, 0],
							"uv": {
								"north": {"uv": [118, 63], "uv_size": [1, 1]},
								"east": {"uv": [118, 63], "uv_size": [1, 1]},
								"south": {"uv": [118, 63], "uv_size": [1, 1]},
								"west": {"uv": [118, 63], "uv_size": [1, 1]},
								"up": {"uv": [119, 64], "uv_size": [-1, -1]},
								"down": {"uv": [119, 64], "uv_size": [-1, -1]}
							}
						},
						{
							"origin": [-1.85, 24.3, -21],
							"size": [0.5, 0.3, 0.4],
							"pivot": [-1.05, 24.6, -20.8],
							"rotation": [45, 0, 0],
							"uv": {
								"north": {"uv": [118, 63], "uv_size": [1, 1]},
								"east": {"uv": [118, 63], "uv_size": [1, 1]},
								"south": {"uv": [118, 63], "uv_size": [1, 1]},
								"west": {"uv": [118, 63], "uv_size": [1, 1]},
								"up": {"uv": [119, 64], "uv_size": [-1, -1]},
								"down": {"uv": [119, 64], "uv_size": [-1, -1]}
							}
						},
						{
							"origin": [-1.85, 24.5, -21.5],
							"size": [0.6, 0.7, 3.2],
							"uv": {
								"north": {"uv": [118, 63], "uv_size": [1, 1]},
								"east": {"uv": [118, 63], "uv_size": [1, 1]},
								"south": {"uv": [118, 63], "uv_size": [1, 1]},
								"west": {"uv": [118, 63], "uv_size": [1, 1]},
								"up": {"uv": [119, 64], "uv_size": [-1, -1]},
								"down": {"uv": [119, 64], "uv_size": [-1, -1]}
							}
						},
						{
							"origin": [-1.85, 24.4, -19.5],
							"size": [0.5, 0.2, 0.3],
							"pivot": [-1.05, 24.7, -19.3],
							"rotation": [-33, 0, 0],
							"uv": {
								"north": {"uv": [118, 63], "uv_size": [1, 1]},
								"east": {"uv": [118, 63], "uv_size": [1, 1]},
								"south": {"uv": [118, 63], "uv_size": [1, 1]},
								"west": {"uv": [118, 63], "uv_size": [1, 1]},
								"up": {"uv": [119, 64], "uv_size": [-1, -1]},
								"down": {"uv": [119, 64], "uv_size": [-1, -1]}
							}
						},
						{
							"origin": [-1.85, 22.4, -20.7],
							"size": [0.6, 1.2, 2.4],
							"pivot": [-1.85, 22.4, -18.3],
							"rotation": [-61, 0, 0],
							"uv": {
								"north": {"uv": [118, 63], "uv_size": [1, 1]},
								"east": {"uv": [118, 63], "uv_size": [1, 1]},
								"south": {"uv": [118, 63], "uv_size": [1, 1]},
								"west": {"uv": [118, 63], "uv_size": [1, 1]},
								"up": {"uv": [119, 64], "uv_size": [-1, -1]},
								"down": {"uv": [119, 64], "uv_size": [-1, -1]}
							}
						},
						{
							"origin": [-1.85, 21.7, -20.8],
							"size": [0.6, 0.7, 2.5],
							"uv": {
								"north": {"uv": [118, 63], "uv_size": [1, 1]},
								"east": {"uv": [118, 63], "uv_size": [1, 1]},
								"south": {"uv": [118, 63], "uv_size": [1, 1]},
								"west": {"uv": [118, 63], "uv_size": [1, 1]},
								"up": {"uv": [119, 64], "uv_size": [-1, -1]},
								"down": {"uv": [119, 64], "uv_size": [-1, -1]}
							}
						},
						{
							"origin": [-1.85, 22.1, -18.4],
							"size": [0.5, 0.4, 0.2],
							"pivot": [-1.05, 22.5, -18.2],
							"rotation": [-45, 0, 0],
							"uv": {
								"north": {"uv": [118, 63], "uv_size": [1, 1]},
								"east": {"uv": [118, 63], "uv_size": [1, 1]},
								"south": {"uv": [118, 63], "uv_size": [1, 1]},
								"west": {"uv": [118, 63], "uv_size": [1, 1]},
								"up": {"uv": [119, 64], "uv_size": [-1, -1]},
								"down": {"uv": [119, 64], "uv_size": [-1, -1]}
							}
						},
						{
							"origin": [-1.85, 22.2, -19.7],
							"size": [0.5, 0.2, 0.3],
							"pivot": [-1.05, 22.5, -19.5],
							"rotation": [-33, 0, 0],
							"uv": {
								"north": {"uv": [118, 63], "uv_size": [1, 1]},
								"east": {"uv": [118, 63], "uv_size": [1, 1]},
								"south": {"uv": [118, 63], "uv_size": [1, 1]},
								"west": {"uv": [118, 63], "uv_size": [1, 1]},
								"up": {"uv": [119, 64], "uv_size": [-1, -1]},
								"down": {"uv": [119, 64], "uv_size": [-1, -1]}
							}
						},
						{
							"origin": [-1.85, 21.7, -18.3],
							"size": [0.6, 3.5, 1.1],
							"uv": {
								"north": {"uv": [118, 63], "uv_size": [1, 1]},
								"east": {"uv": [118, 63], "uv_size": [1, 1]},
								"south": {"uv": [118, 63], "uv_size": [1, 1]},
								"west": {"uv": [118, 63], "uv_size": [1, 1]},
								"up": {"uv": [119, 64], "uv_size": [-1, -1]},
								"down": {"uv": [119, 64], "uv_size": [-1, -1]}
							}
						},
						{
							"origin": [1.35, 25.2, -36.5],
							"size": [0.5, 0.8, 19.3],
							"pivot": [1.85, 25.2, -31.6],
							"rotation": [0, 0, -40],
							"uv": {
								"north": {"uv": [71, 41.1], "uv_size": [24, 1.9]},
								"east": {"uv": [71, 41.1], "uv_size": [24, 1.9]},
								"south": {"uv": [71, 41.1], "uv_size": [24, 1.9]},
								"west": {"uv": [71, 41.1], "uv_size": [24, 1.9]},
								"up": {"uv": [95, 43], "uv_size": [-24, -1.9]},
								"down": {"uv": [95, 43], "uv_size": [-24, -1.9]}
							}
						},
						{
							"origin": [-1.85, 25.2, -36.5],
							"size": [0.5, 0.8, 19.3],
							"pivot": [-1.85, 25.2, -31.6],
							"rotation": [0, 0, 40],
							"uv": {
								"north": {"uv": [71, 41.1], "uv_size": [24, 1.9]},
								"east": {"uv": [71, 41.1], "uv_size": [24, 1.9]},
								"south": {"uv": [71, 41.1], "uv_size": [24, 1.9]},
								"west": {"uv": [71, 41.1], "uv_size": [24, 1.9]},
								"up": {"uv": [95, 43], "uv_size": [-24, -1.9]},
								"down": {"uv": [95, 43], "uv_size": [-24, -1.9]}
							}
						},
						{
							"origin": [-1.35, 28, -36.5],
							"size": [0.4, 0.8, 19.3],
							"pivot": [-1.35, 28, -31.6],
							"rotation": [0, 0, 62],
							"uv": {
								"north": {"uv": [71, 41.1], "uv_size": [24, 1.9]},
								"east": {"uv": [71, 41.1], "uv_size": [24, 1.9]},
								"south": {"uv": [71, 41.1], "uv_size": [24, 1.9]},
								"west": {"uv": [71, 41.1], "uv_size": [24, 1.9]},
								"up": {"uv": [95, 43], "uv_size": [-24, -1.9]},
								"down": {"uv": [95, 43], "uv_size": [-24, -1.9]}
							}
						},
						{
							"origin": [-0.65, 28, -36.5],
							"size": [1.3, 0.4, 19.3],
							"uv": {
								"north": {"uv": [38, 84], "uv_size": [-2, -9]},
								"east": {"uv": [38, 84], "uv_size": [-2, -9]},
								"south": {"uv": [38, 84], "uv_size": [-2, -9]},
								"west": {"uv": [38, 84], "uv_size": [-2, -9]},
								"up": {"uv": [36, 75], "uv_size": [2, 9]},
								"down": {"uv": [36, 75], "uv_size": [2, 9]}
							}
						},
						{
							"origin": [-1.05, 27.2, -28.9],
							"size": [2.1, 0.8, 11.7],
							"uv": {
								"north": {"uv": [38, 84], "uv_size": [-2, -9]},
								"east": {"uv": [38, 84], "uv_size": [-2, -9]},
								"south": {"uv": [38, 84], "uv_size": [-2, -9]},
								"west": {"uv": [38, 84], "uv_size": [-2, -9]},
								"up": {"uv": [36, 75], "uv_size": [2, 9]},
								"down": {"uv": [36, 75], "uv_size": [2, 9]}
							}
						},
						{
							"origin": [0.95, 28, -36.5],
							"size": [0.4, 0.8, 19.3],
							"pivot": [1.35, 28, -31.6],
							"rotation": [0, 0, -62],
							"uv": {
								"north": {"uv": [71, 41.1], "uv_size": [24, 1.9]},
								"east": {"uv": [71, 41.1], "uv_size": [24, 1.9]},
								"south": {"uv": [71, 41.1], "uv_size": [24, 1.9]},
								"west": {"uv": [71, 41.1], "uv_size": [24, 1.9]},
								"up": {"uv": [95, 43], "uv_size": [-24, -1.9]},
								"down": {"uv": [95, 43], "uv_size": [-24, -1.9]}
							}
						},
						{
							"origin": [-1.35, 27.2, -36.5],
							"size": [0.4, 0.8, 19.3],
							"uv": {
								"north": {"uv": [46, 4], "uv_size": [16, 4]},
								"east": {"uv": [46, 4], "uv_size": [16, 4]},
								"south": {"uv": [46, 4], "uv_size": [16, 4]},
								"west": {"uv": [46, 4], "uv_size": [16, 4]},
								"up": {"uv": [62, 8], "uv_size": [-16, -4]},
								"down": {"uv": [62, 8], "uv_size": [-16, -4]}
							}
						}
					]
				},
				{
					"name": "bottomrail",
					"parent": "handguard",
					"pivot": [-30.4, 23.6, -15.1],
					"rotation": [0, 0, 90],
					"cubes": [
						{
							"origin": [-28.55, 53.2, -36.5],
							"size": [0.4, 1.6, 19.66],
							"inflate": 0.001,
							"uv": {
								"north": {"uv": [74, 15], "uv_size": [22, 1]},
								"east": {"uv": [74, 15], "uv_size": [22, 1]},
								"south": {"uv": [74, 15], "uv_size": [22, 1]},
								"west": {"uv": [74, 15], "uv_size": [22, 1]},
								"up": {"uv": [96, 16], "uv_size": [-22, -1]},
								"down": {"uv": [96, 16], "uv_size": [-22, -1]}
							}
						},
						{
							"origin": [-28.15, 53.2, -28.6],
							"size": [0.2, 1.6, 0.6],
							"inflate": 0.001,
							"uv": {
								"north": {"uv": [113, 119], "uv_size": [1, 1]},
								"east": {"uv": [113, 119], "uv_size": [1, 1]},
								"south": {"uv": [113, 119], "uv_size": [1, 1]},
								"west": {"uv": [120, 2], "uv_size": [1, 1]},
								"up": {"uv": [114, 120], "uv_size": [-1, -1]},
								"down": {"uv": [114, 120], "uv_size": [-1, -1]}
							}
						},
						{
							"origin": [-29.575, 52.24, -28.6],
							"size": [0.2, 0.2, 0.6],
							"pivot": [-27.745, 51.1, -23.8],
							"rotation": [0, 0, 45],
							"uv": {
								"north": {"uv": [113, 119], "uv_size": [1, 1]},
								"east": {"uv": [113, 119], "uv_size": [1, 1]},
								"south": {"uv": [113, 119], "uv_size": [1, 1]},
								"west": {"uv": [113, 119], "uv_size": [1, 1]},
								"up": {"uv": [114, 120], "uv_size": [-1, -1]},
								"down": {"uv": [114, 120], "uv_size": [-1, -1]}
							}
						},
						{
							"origin": [-29.575, 53.84, -28.6],
							"size": [0.2, 0.2, 0.6],
							"pivot": [-27.745, 52.7, -23.8],
							"rotation": [0, 0, 45],
							"uv": {
								"north": {"uv": [113, 119], "uv_size": [1, 1]},
								"east": {"uv": [113, 119], "uv_size": [1, 1]},
								"south": {"uv": [113, 119], "uv_size": [1, 1]},
								"west": {"uv": [113, 119], "uv_size": [1, 1]},
								"up": {"uv": [114, 120], "uv_size": [-1, -1]},
								"down": {"uv": [114, 120], "uv_size": [-1, -1]}
							}
						},
						{
							"origin": [-29.575, 53.84, -29.9],
							"size": [0.2, 0.2, 0.6],
							"pivot": [-27.745, 52.7, -25.1],
							"rotation": [0, 0, 45],
							"uv": {
								"north": {"uv": [113, 119], "uv_size": [1, 1]},
								"east": {"uv": [113, 119], "uv_size": [1, 1]},
								"south": {"uv": [113, 119], "uv_size": [1, 1]},
								"west": {"uv": [113, 119], "uv_size": [1, 1]},
								"up": {"uv": [114, 120], "uv_size": [-1, -1]},
								"down": {"uv": [114, 120], "uv_size": [-1, -1]}
							}
						},
						{
							"origin": [-29.575, 52.24, -29.9],
							"size": [0.2, 0.2, 0.6],
							"pivot": [-27.745, 51.1, -25.1],
							"rotation": [0, 0, 45],
							"uv": {
								"north": {"uv": [113, 119], "uv_size": [1, 1]},
								"east": {"uv": [113, 119], "uv_size": [1, 1]},
								"south": {"uv": [113, 119], "uv_size": [1, 1]},
								"west": {"uv": [113, 119], "uv_size": [1, 1]},
								"up": {"uv": [114, 120], "uv_size": [-1, -1]},
								"down": {"uv": [114, 120], "uv_size": [-1, -1]}
							}
						},
						{
							"origin": [-28.15, 53.2, -29.9],
							"size": [0.2, 1.6, 0.6],
							"inflate": 0.001,
							"uv": {
								"north": {"uv": [113, 119], "uv_size": [1, 1]},
								"east": {"uv": [113, 119], "uv_size": [1, 1]},
								"south": {"uv": [113, 119], "uv_size": [1, 1]},
								"west": {"uv": [120, 2], "uv_size": [1, 1]},
								"up": {"uv": [114, 120], "uv_size": [-1, -1]},
								"down": {"uv": [114, 120], "uv_size": [-1, -1]}
							}
						},
						{
							"origin": [-29.575, 53.84, -31.2],
							"size": [0.2, 0.2, 0.6],
							"pivot": [-27.745, 52.7, -26.4],
							"rotation": [0, 0, 45],
							"uv": {
								"north": {"uv": [113, 119], "uv_size": [1, 1]},
								"east": {"uv": [113, 119], "uv_size": [1, 1]},
								"south": {"uv": [113, 119], "uv_size": [1, 1]},
								"west": {"uv": [113, 119], "uv_size": [1, 1]},
								"up": {"uv": [114, 120], "uv_size": [-1, -1]},
								"down": {"uv": [114, 120], "uv_size": [-1, -1]}
							}
						},
						{
							"origin": [-29.575, 52.24, -31.2],
							"size": [0.2, 0.2, 0.6],
							"pivot": [-27.745, 51.1, -26.4],
							"rotation": [0, 0, 45],
							"uv": {
								"north": {"uv": [113, 119], "uv_size": [1, 1]},
								"east": {"uv": [113, 119], "uv_size": [1, 1]},
								"south": {"uv": [113, 119], "uv_size": [1, 1]},
								"west": {"uv": [113, 119], "uv_size": [1, 1]},
								"up": {"uv": [114, 120], "uv_size": [-1, -1]},
								"down": {"uv": [114, 120], "uv_size": [-1, -1]}
							}
						},
						{
							"origin": [-28.15, 53.2, -31.2],
							"size": [0.2, 1.6, 0.6],
							"inflate": 0.001,
							"uv": {
								"north": {"uv": [113, 119], "uv_size": [1, 1]},
								"east": {"uv": [113, 119], "uv_size": [1, 1]},
								"south": {"uv": [113, 119], "uv_size": [1, 1]},
								"west": {"uv": [120, 2], "uv_size": [1, 1]},
								"up": {"uv": [114, 120], "uv_size": [-1, -1]},
								"down": {"uv": [114, 120], "uv_size": [-1, -1]}
							}
						},
						{
							"origin": [-28.15, 53.2, -33.8],
							"size": [0.2, 1.6, 0.6],
							"inflate": 0.001,
							"uv": {
								"north": {"uv": [113, 119], "uv_size": [1, 1]},
								"east": {"uv": [113, 119], "uv_size": [1, 1]},
								"south": {"uv": [113, 119], "uv_size": [1, 1]},
								"west": {"uv": [120, 2], "uv_size": [1, 1]},
								"up": {"uv": [114, 120], "uv_size": [-1, -1]},
								"down": {"uv": [114, 120], "uv_size": [-1, -1]}
							}
						},
						{
							"origin": [-29.575, 52.24, -33.8],
							"size": [0.2, 0.2, 0.6],
							"pivot": [-27.745, 51.1, -29],
							"rotation": [0, 0, 45],
							"uv": {
								"north": {"uv": [113, 119], "uv_size": [1, 1]},
								"east": {"uv": [113, 119], "uv_size": [1, 1]},
								"south": {"uv": [113, 119], "uv_size": [1, 1]},
								"west": {"uv": [113, 119], "uv_size": [1, 1]},
								"up": {"uv": [114, 120], "uv_size": [-1, -1]},
								"down": {"uv": [114, 120], "uv_size": [-1, -1]}
							}
						},
						{
							"origin": [-29.575, 53.84, -33.8],
							"size": [0.2, 0.2, 0.6],
							"pivot": [-27.745, 52.7, -29],
							"rotation": [0, 0, 45],
							"uv": {
								"north": {"uv": [113, 119], "uv_size": [1, 1]},
								"east": {"uv": [113, 119], "uv_size": [1, 1]},
								"south": {"uv": [113, 119], "uv_size": [1, 1]},
								"west": {"uv": [113, 119], "uv_size": [1, 1]},
								"up": {"uv": [114, 120], "uv_size": [-1, -1]},
								"down": {"uv": [114, 120], "uv_size": [-1, -1]}
							}
						},
						{
							"origin": [-29.575, 53.84, -32.5],
							"size": [0.2, 0.2, 0.6],
							"pivot": [-27.745, 52.7, -27.7],
							"rotation": [0, 0, 45],
							"uv": {
								"north": {"uv": [113, 119], "uv_size": [1, 1]},
								"east": {"uv": [113, 119], "uv_size": [1, 1]},
								"south": {"uv": [113, 119], "uv_size": [1, 1]},
								"west": {"uv": [113, 119], "uv_size": [1, 1]},
								"up": {"uv": [114, 120], "uv_size": [-1, -1]},
								"down": {"uv": [114, 120], "uv_size": [-1, -1]}
							}
						},
						{
							"origin": [-28.15, 53.2, -32.5],
							"size": [0.2, 1.6, 0.6],
							"inflate": 0.001,
							"uv": {
								"north": {"uv": [113, 119], "uv_size": [1, 1]},
								"east": {"uv": [113, 119], "uv_size": [1, 1]},
								"south": {"uv": [113, 119], "uv_size": [1, 1]},
								"west": {"uv": [120, 2], "uv_size": [1, 1]},
								"up": {"uv": [114, 120], "uv_size": [-1, -1]},
								"down": {"uv": [114, 120], "uv_size": [-1, -1]}
							}
						},
						{
							"origin": [-29.575, 52.24, -32.5],
							"size": [0.2, 0.2, 0.6],
							"pivot": [-27.745, 51.1, -27.7],
							"rotation": [0, 0, 45],
							"uv": {
								"north": {"uv": [113, 119], "uv_size": [1, 1]},
								"east": {"uv": [113, 119], "uv_size": [1, 1]},
								"south": {"uv": [113, 119], "uv_size": [1, 1]},
								"west": {"uv": [113, 119], "uv_size": [1, 1]},
								"up": {"uv": [114, 120], "uv_size": [-1, -1]},
								"down": {"uv": [114, 120], "uv_size": [-1, -1]}
							}
						},
						{
							"origin": [-28.15, 53.2, -36.4],
							"size": [0.2, 1.6, 0.6],
							"inflate": 0.001,
							"uv": {
								"north": {"uv": [113, 119], "uv_size": [1, 1]},
								"east": {"uv": [113, 119], "uv_size": [1, 1]},
								"south": {"uv": [113, 119], "uv_size": [1, 1]},
								"west": {"uv": [120, 2], "uv_size": [1, 1]},
								"up": {"uv": [114, 120], "uv_size": [-1, -1]},
								"down": {"uv": [114, 120], "uv_size": [-1, -1]}
							}
						},
						{
							"origin": [-29.575, 52.24, -36.4],
							"size": [0.2, 0.2, 0.6],
							"pivot": [-27.745, 51.1, -31.6],
							"rotation": [0, 0, 45],
							"uv": {
								"north": {"uv": [113, 119], "uv_size": [1, 1]},
								"east": {"uv": [113, 119], "uv_size": [1, 1]},
								"south": {"uv": [113, 119], "uv_size": [1, 1]},
								"west": {"uv": [113, 119], "uv_size": [1, 1]},
								"up": {"uv": [114, 120], "uv_size": [-1, -1]},
								"down": {"uv": [114, 120], "uv_size": [-1, -1]}
							}
						},
						{
							"origin": [-29.575, 53.84, -36.4],
							"size": [0.2, 0.2, 0.6],
							"pivot": [-27.745, 52.7, -31.6],
							"rotation": [0, 0, 45],
							"uv": {
								"north": {"uv": [113, 119], "uv_size": [1, 1]},
								"east": {"uv": [113, 119], "uv_size": [1, 1]},
								"south": {"uv": [113, 119], "uv_size": [1, 1]},
								"west": {"uv": [113, 119], "uv_size": [1, 1]},
								"up": {"uv": [114, 120], "uv_size": [-1, -1]},
								"down": {"uv": [114, 120], "uv_size": [-1, -1]}
							}
						},
						{
							"origin": [-29.575, 53.84, -35.1],
							"size": [0.2, 0.2, 0.6],
							"pivot": [-27.745, 52.7, -30.3],
							"rotation": [0, 0, 45],
							"uv": {
								"north": {"uv": [113, 119], "uv_size": [1, 1]},
								"east": {"uv": [113, 119], "uv_size": [1, 1]},
								"south": {"uv": [113, 119], "uv_size": [1, 1]},
								"west": {"uv": [113, 119], "uv_size": [1, 1]},
								"up": {"uv": [114, 120], "uv_size": [-1, -1]},
								"down": {"uv": [114, 120], "uv_size": [-1, -1]}
							}
						},
						{
							"origin": [-28.15, 53.2, -35.1],
							"size": [0.2, 1.6, 0.6],
							"inflate": 0.001,
							"uv": {
								"north": {"uv": [113, 119], "uv_size": [1, 1]},
								"east": {"uv": [113, 119], "uv_size": [1, 1]},
								"south": {"uv": [113, 119], "uv_size": [1, 1]},
								"west": {"uv": [120, 2], "uv_size": [1, 1]},
								"up": {"uv": [114, 120], "uv_size": [-1, -1]},
								"down": {"uv": [114, 120], "uv_size": [-1, -1]}
							}
						},
						{
							"origin": [-29.575, 52.24, -35.1],
							"size": [0.2, 0.2, 0.6],
							"pivot": [-27.745, 51.1, -30.3],
							"rotation": [0, 0, 45],
							"uv": {
								"north": {"uv": [113, 119], "uv_size": [1, 1]},
								"east": {"uv": [113, 119], "uv_size": [1, 1]},
								"south": {"uv": [113, 119], "uv_size": [1, 1]},
								"west": {"uv": [113, 119], "uv_size": [1, 1]},
								"up": {"uv": [114, 120], "uv_size": [-1, -1]},
								"down": {"uv": [114, 120], "uv_size": [-1, -1]}
							}
						},
						{
							"origin": [-28.15, 53.2, -27.3],
							"size": [0.2, 1.6, 0.6],
							"inflate": 0.001,
							"uv": {
								"north": {"uv": [113, 119], "uv_size": [1, 1]},
								"east": {"uv": [113, 119], "uv_size": [1, 1]},
								"south": {"uv": [113, 119], "uv_size": [1, 1]},
								"west": {"uv": [120, 2], "uv_size": [1, 1]},
								"up": {"uv": [114, 120], "uv_size": [-1, -1]},
								"down": {"uv": [114, 120], "uv_size": [-1, -1]}
							}
						},
						{
							"origin": [-29.575, 53.84, -27.3],
							"size": [0.2, 0.2, 0.6],
							"pivot": [-27.745, 52.7, -22.5],
							"rotation": [0, 0, 45],
							"uv": {
								"north": {"uv": [113, 119], "uv_size": [1, 1]},
								"east": {"uv": [113, 119], "uv_size": [1, 1]},
								"south": {"uv": [113, 119], "uv_size": [1, 1]},
								"west": {"uv": [113, 119], "uv_size": [1, 1]},
								"up": {"uv": [114, 120], "uv_size": [-1, -1]},
								"down": {"uv": [114, 120], "uv_size": [-1, -1]}
							}
						},
						{
							"origin": [-29.575, 52.24, -27.3],
							"size": [0.2, 0.2, 0.6],
							"pivot": [-27.745, 51.1, -22.5],
							"rotation": [0, 0, 45],
							"uv": {
								"north": {"uv": [113, 119], "uv_size": [1, 1]},
								"east": {"uv": [113, 119], "uv_size": [1, 1]},
								"south": {"uv": [113, 119], "uv_size": [1, 1]},
								"west": {"uv": [113, 119], "uv_size": [1, 1]},
								"up": {"uv": [114, 120], "uv_size": [-1, -1]},
								"down": {"uv": [114, 120], "uv_size": [-1, -1]}
							}
						},
						{
							"origin": [-28.15, 53.2, -26],
							"size": [0.2, 1.6, 0.6],
							"inflate": 0.001,
							"uv": {
								"north": {"uv": [113, 119], "uv_size": [1, 1]},
								"east": {"uv": [113, 119], "uv_size": [1, 1]},
								"south": {"uv": [113, 119], "uv_size": [1, 1]},
								"west": {"uv": [120, 2], "uv_size": [1, 1]},
								"up": {"uv": [114, 120], "uv_size": [-1, -1]},
								"down": {"uv": [114, 120], "uv_size": [-1, -1]}
							}
						},
						{
							"origin": [-29.575, 53.84, -26],
							"size": [0.2, 0.2, 0.6],
							"pivot": [-27.745, 52.7, -21.2],
							"rotation": [0, 0, 45],
							"uv": {
								"north": {"uv": [113, 119], "uv_size": [1, 1]},
								"east": {"uv": [113, 119], "uv_size": [1, 1]},
								"south": {"uv": [113, 119], "uv_size": [1, 1]},
								"west": {"uv": [113, 119], "uv_size": [1, 1]},
								"up": {"uv": [114, 120], "uv_size": [-1, -1]},
								"down": {"uv": [114, 120], "uv_size": [-1, -1]}
							}
						},
						{
							"origin": [-29.575, 52.24, -26],
							"size": [0.2, 0.2, 0.6],
							"pivot": [-27.745, 51.1, -21.2],
							"rotation": [0, 0, 45],
							"uv": {
								"north": {"uv": [113, 119], "uv_size": [1, 1]},
								"east": {"uv": [113, 119], "uv_size": [1, 1]},
								"south": {"uv": [113, 119], "uv_size": [1, 1]},
								"west": {"uv": [113, 119], "uv_size": [1, 1]},
								"up": {"uv": [114, 120], "uv_size": [-1, -1]},
								"down": {"uv": [114, 120], "uv_size": [-1, -1]}
							}
						},
						{
							"origin": [-28.15, 53.2, -24.7],
							"size": [0.2, 1.6, 0.6],
							"inflate": 0.001,
							"uv": {
								"north": {"uv": [113, 119], "uv_size": [1, 1]},
								"east": {"uv": [113, 119], "uv_size": [1, 1]},
								"south": {"uv": [113, 119], "uv_size": [1, 1]},
								"west": {"uv": [120, 2], "uv_size": [1, 1]},
								"up": {"uv": [114, 120], "uv_size": [-1, -1]},
								"down": {"uv": [114, 120], "uv_size": [-1, -1]}
							}
						},
						{
							"origin": [-29.575, 53.84, -24.7],
							"size": [0.2, 0.2, 0.6],
							"pivot": [-27.745, 52.7, -19.9],
							"rotation": [0, 0, 45],
							"uv": {
								"north": {"uv": [113, 119], "uv_size": [1, 1]},
								"east": {"uv": [113, 119], "uv_size": [1, 1]},
								"south": {"uv": [113, 119], "uv_size": [1, 1]},
								"west": {"uv": [113, 119], "uv_size": [1, 1]},
								"up": {"uv": [114, 120], "uv_size": [-1, -1]},
								"down": {"uv": [114, 120], "uv_size": [-1, -1]}
							}
						},
						{
							"origin": [-29.575, 52.24, -24.7],
							"size": [0.2, 0.2, 0.6],
							"pivot": [-27.745, 51.1, -19.9],
							"rotation": [0, 0, 45],
							"uv": {
								"north": {"uv": [113, 119], "uv_size": [1, 1]},
								"east": {"uv": [113, 119], "uv_size": [1, 1]},
								"south": {"uv": [113, 119], "uv_size": [1, 1]},
								"west": {"uv": [113, 119], "uv_size": [1, 1]},
								"up": {"uv": [114, 120], "uv_size": [-1, -1]},
								"down": {"uv": [114, 120], "uv_size": [-1, -1]}
							}
						},
						{
							"origin": [-28.15, 53.2, -23.4],
							"size": [0.2, 1.6, 0.6],
							"inflate": 0.001,
							"uv": {
								"north": {"uv": [113, 119], "uv_size": [1, 1]},
								"east": {"uv": [113, 119], "uv_size": [1, 1]},
								"south": {"uv": [113, 119], "uv_size": [1, 1]},
								"west": {"uv": [120, 2], "uv_size": [1, 1]},
								"up": {"uv": [114, 120], "uv_size": [-1, -1]},
								"down": {"uv": [114, 120], "uv_size": [-1, -1]}
							}
						},
						{
							"origin": [-29.575, 53.84, -23.4],
							"size": [0.2, 0.2, 0.6],
							"pivot": [-27.745, 52.7, -18.6],
							"rotation": [0, 0, 45],
							"uv": {
								"north": {"uv": [113, 119], "uv_size": [1, 1]},
								"east": {"uv": [113, 119], "uv_size": [1, 1]},
								"south": {"uv": [113, 119], "uv_size": [1, 1]},
								"west": {"uv": [113, 119], "uv_size": [1, 1]},
								"up": {"uv": [114, 120], "uv_size": [-1, -1]},
								"down": {"uv": [114, 120], "uv_size": [-1, -1]}
							}
						},
						{
							"origin": [-29.575, 52.24, -23.4],
							"size": [0.2, 0.2, 0.6],
							"pivot": [-27.745, 51.1, -18.6],
							"rotation": [0, 0, 45],
							"uv": {
								"north": {"uv": [113, 119], "uv_size": [1, 1]},
								"east": {"uv": [113, 119], "uv_size": [1, 1]},
								"south": {"uv": [113, 119], "uv_size": [1, 1]},
								"west": {"uv": [113, 119], "uv_size": [1, 1]},
								"up": {"uv": [114, 120], "uv_size": [-1, -1]},
								"down": {"uv": [114, 120], "uv_size": [-1, -1]}
							}
						},
						{
							"origin": [-28.15, 53.2, -22.1],
							"size": [0.2, 1.6, 0.6],
							"inflate": 0.001,
							"uv": {
								"north": {"uv": [113, 119], "uv_size": [1, 1]},
								"east": {"uv": [113, 119], "uv_size": [1, 1]},
								"south": {"uv": [113, 119], "uv_size": [1, 1]},
								"west": {"uv": [120, 2], "uv_size": [1, 1]},
								"up": {"uv": [114, 120], "uv_size": [-1, -1]},
								"down": {"uv": [114, 120], "uv_size": [-1, -1]}
							}
						},
						{
							"origin": [-29.575, 53.84, -22.1],
							"size": [0.2, 0.2, 0.6],
							"pivot": [-27.745, 52.7, -17.3],
							"rotation": [0, 0, 45],
							"uv": {
								"north": {"uv": [113, 119], "uv_size": [1, 1]},
								"east": {"uv": [113, 119], "uv_size": [1, 1]},
								"south": {"uv": [113, 119], "uv_size": [1, 1]},
								"west": {"uv": [113, 119], "uv_size": [1, 1]},
								"up": {"uv": [114, 120], "uv_size": [-1, -1]},
								"down": {"uv": [114, 120], "uv_size": [-1, -1]}
							}
						},
						{
							"origin": [-29.575, 52.24, -22.1],
							"size": [0.2, 0.2, 0.6],
							"pivot": [-27.745, 51.1, -17.3],
							"rotation": [0, 0, 45],
							"uv": {
								"north": {"uv": [113, 119], "uv_size": [1, 1]},
								"east": {"uv": [113, 119], "uv_size": [1, 1]},
								"south": {"uv": [113, 119], "uv_size": [1, 1]},
								"west": {"uv": [113, 119], "uv_size": [1, 1]},
								"up": {"uv": [114, 120], "uv_size": [-1, -1]},
								"down": {"uv": [114, 120], "uv_size": [-1, -1]}
							}
						},
						{
							"origin": [-28.15, 53.2, -20.8],
							"size": [0.2, 1.6, 0.6],
							"inflate": 0.001,
							"uv": {
								"north": {"uv": [113, 119], "uv_size": [1, 1]},
								"east": {"uv": [120, 1], "uv_size": [1, 1]},
								"south": {"uv": [113, 119], "uv_size": [1, 1]},
								"west": {"uv": [120, 2], "uv_size": [1, 1]},
								"up": {"uv": [3, 120], "uv_size": [1, 1]},
								"down": {"uv": [120, 4], "uv_size": [1, -1]}
							}
						},
						{
							"origin": [-29.575, 53.84, -20.8],
							"size": [0.2, 0.2, 0.6],
							"pivot": [-27.745, 52.7, -16],
							"rotation": [0, 0, 45],
							"uv": {
								"north": {"uv": [113, 119], "uv_size": [1, 1]},
								"east": {"uv": [113, 119], "uv_size": [1, 1]},
								"south": {"uv": [113, 119], "uv_size": [1, 1]},
								"west": {"uv": [113, 119], "uv_size": [1, 1]},
								"up": {"uv": [114, 120], "uv_size": [-1, -1]},
								"down": {"uv": [114, 120], "uv_size": [-1, -1]}
							}
						},
						{
							"origin": [-29.575, 52.24, -20.8],
							"size": [0.2, 0.2, 0.6],
							"pivot": [-27.745, 51.1, -16],
							"rotation": [0, 0, 45],
							"uv": {
								"north": {"uv": [113, 119], "uv_size": [1, 1]},
								"east": {"uv": [113, 119], "uv_size": [1, 1]},
								"south": {"uv": [113, 119], "uv_size": [1, 1]},
								"west": {"uv": [113, 119], "uv_size": [1, 1]},
								"up": {"uv": [114, 120], "uv_size": [-1, -1]},
								"down": {"uv": [114, 120], "uv_size": [-1, -1]}
							}
						}
					]
				},
				{
					"name": "toprail",
					"parent": "handguard",
					"pivot": [-30.4, 26.5, -15.1],
					"rotation": [0, 0, -90],
					"cubes": [
						{
							"origin": [-28.65, -4.7, -35.2],
							"size": [0.5, 1.6, 17.96],
							"inflate": 0.001,
							"uv": {
								"north": {"uv": [74, 15], "uv_size": [22, 1]},
								"east": {"uv": [74, 15], "uv_size": [22, 1]},
								"south": {"uv": [74, 15], "uv_size": [22, 1]},
								"west": {"uv": [74, 15], "uv_size": [22, 1]},
								"up": {"uv": [96, 16], "uv_size": [-22, -1]},
								"down": {"uv": [96, 16], "uv_size": [-22, -1]}
							}
						},
						{
							"origin": [-28.15, -4.7, -28.6],
							"size": [0.2, 1.6, 0.6],
							"inflate": 0.001,
							"uv": {
								"north": {"uv": [113, 119], "uv_size": [1, 1]},
								"east": {"uv": [113, 119], "uv_size": [1, 1]},
								"south": {"uv": [113, 119], "uv_size": [1, 1]},
								"west": {"uv": [120, 2], "uv_size": [1, 1]},
								"up": {"uv": [114, 120], "uv_size": [-1, -1]},
								"down": {"uv": [114, 120], "uv_size": [-1, -1]}
							}
						},
						{
							"origin": [-29.575, -2.34, -28.6],
							"size": [0.2, 0.2, 0.6],
							"pivot": [-27.745, -1, -23.8],
							"rotation": [0, 0, -45],
							"uv": {
								"north": {"uv": [113, 119], "uv_size": [1, 1]},
								"east": {"uv": [113, 119], "uv_size": [1, 1]},
								"south": {"uv": [113, 119], "uv_size": [1, 1]},
								"west": {"uv": [113, 119], "uv_size": [1, 1]},
								"up": {"uv": [114, 120], "uv_size": [-1, -1]},
								"down": {"uv": [114, 120], "uv_size": [-1, -1]}
							}
						},
						{
							"origin": [-29.575, -3.94, -28.6],
							"size": [0.2, 0.2, 0.6],
							"pivot": [-27.745, -2.6, -23.8],
							"rotation": [0, 0, -45],
							"uv": {
								"north": {"uv": [113, 119], "uv_size": [1, 1]},
								"east": {"uv": [113, 119], "uv_size": [1, 1]},
								"south": {"uv": [113, 119], "uv_size": [1, 1]},
								"west": {"uv": [113, 119], "uv_size": [1, 1]},
								"up": {"uv": [114, 120], "uv_size": [-1, -1]},
								"down": {"uv": [114, 120], "uv_size": [-1, -1]}
							}
						},
						{
							"origin": [-29.575, -3.94, -29.9],
							"size": [0.2, 0.2, 0.6],
							"pivot": [-27.745, -2.6, -25.1],
							"rotation": [0, 0, -45],
							"uv": {
								"north": {"uv": [113, 119], "uv_size": [1, 1]},
								"east": {"uv": [113, 119], "uv_size": [1, 1]},
								"south": {"uv": [113, 119], "uv_size": [1, 1]},
								"west": {"uv": [113, 119], "uv_size": [1, 1]},
								"up": {"uv": [114, 120], "uv_size": [-1, -1]},
								"down": {"uv": [114, 120], "uv_size": [-1, -1]}
							}
						},
						{
							"origin": [-29.575, -2.34, -29.9],
							"size": [0.2, 0.2, 0.6],
							"pivot": [-27.745, -1, -25.1],
							"rotation": [0, 0, -45],
							"uv": {
								"north": {"uv": [113, 119], "uv_size": [1, 1]},
								"east": {"uv": [113, 119], "uv_size": [1, 1]},
								"south": {"uv": [113, 119], "uv_size": [1, 1]},
								"west": {"uv": [113, 119], "uv_size": [1, 1]},
								"up": {"uv": [114, 120], "uv_size": [-1, -1]},
								"down": {"uv": [114, 120], "uv_size": [-1, -1]}
							}
						},
						{
							"origin": [-28.15, -4.7, -29.9],
							"size": [0.2, 1.6, 0.6],
							"inflate": 0.001,
							"uv": {
								"north": {"uv": [113, 119], "uv_size": [1, 1]},
								"east": {"uv": [113, 119], "uv_size": [1, 1]},
								"south": {"uv": [113, 119], "uv_size": [1, 1]},
								"west": {"uv": [120, 2], "uv_size": [1, 1]},
								"up": {"uv": [114, 120], "uv_size": [-1, -1]},
								"down": {"uv": [114, 120], "uv_size": [-1, -1]}
							}
						},
						{
							"origin": [-28.15, -4.7, -32.5],
							"size": [0.2, 1.6, 0.6],
							"inflate": 0.001,
							"uv": {
								"north": {"uv": [113, 119], "uv_size": [1, 1]},
								"east": {"uv": [113, 119], "uv_size": [1, 1]},
								"south": {"uv": [113, 119], "uv_size": [1, 1]},
								"west": {"uv": [120, 2], "uv_size": [1, 1]},
								"up": {"uv": [114, 120], "uv_size": [-1, -1]},
								"down": {"uv": [114, 120], "uv_size": [-1, -1]}
							}
						},
						{
							"origin": [-29.575, -2.34, -32.5],
							"size": [0.2, 0.2, 0.6],
							"pivot": [-27.745, -1, -27.7],
							"rotation": [0, 0, -45],
							"uv": {
								"north": {"uv": [113, 119], "uv_size": [1, 1]},
								"east": {"uv": [113, 119], "uv_size": [1, 1]},
								"south": {"uv": [113, 119], "uv_size": [1, 1]},
								"west": {"uv": [113, 119], "uv_size": [1, 1]},
								"up": {"uv": [114, 120], "uv_size": [-1, -1]},
								"down": {"uv": [114, 120], "uv_size": [-1, -1]}
							}
						},
						{
							"origin": [-29.575, -3.94, -32.5],
							"size": [0.2, 0.2, 0.6],
							"pivot": [-27.745, -2.6, -27.7],
							"rotation": [0, 0, -45],
							"uv": {
								"north": {"uv": [113, 119], "uv_size": [1, 1]},
								"east": {"uv": [113, 119], "uv_size": [1, 1]},
								"south": {"uv": [113, 119], "uv_size": [1, 1]},
								"west": {"uv": [113, 119], "uv_size": [1, 1]},
								"up": {"uv": [114, 120], "uv_size": [-1, -1]},
								"down": {"uv": [114, 120], "uv_size": [-1, -1]}
							}
						},
						{
							"origin": [-28.15, -4.7, -31.2],
							"size": [0.2, 1.6, 0.6],
							"inflate": 0.001,
							"uv": {
								"north": {"uv": [113, 119], "uv_size": [1, 1]},
								"east": {"uv": [113, 119], "uv_size": [1, 1]},
								"south": {"uv": [113, 119], "uv_size": [1, 1]},
								"west": {"uv": [120, 2], "uv_size": [1, 1]},
								"up": {"uv": [114, 120], "uv_size": [-1, -1]},
								"down": {"uv": [114, 120], "uv_size": [-1, -1]}
							}
						},
						{
							"origin": [-29.575, -2.34, -31.2],
							"size": [0.2, 0.2, 0.6],
							"pivot": [-27.745, -1, -26.4],
							"rotation": [0, 0, -45],
							"uv": {
								"north": {"uv": [113, 119], "uv_size": [1, 1]},
								"east": {"uv": [113, 119], "uv_size": [1, 1]},
								"south": {"uv": [113, 119], "uv_size": [1, 1]},
								"west": {"uv": [113, 119], "uv_size": [1, 1]},
								"up": {"uv": [114, 120], "uv_size": [-1, -1]},
								"down": {"uv": [114, 120], "uv_size": [-1, -1]}
							}
						},
						{
							"origin": [-29.575, -3.94, -31.2],
							"size": [0.2, 0.2, 0.6],
							"pivot": [-27.745, -2.6, -26.4],
							"rotation": [0, 0, -45],
							"uv": {
								"north": {"uv": [113, 119], "uv_size": [1, 1]},
								"east": {"uv": [113, 119], "uv_size": [1, 1]},
								"south": {"uv": [113, 119], "uv_size": [1, 1]},
								"west": {"uv": [113, 119], "uv_size": [1, 1]},
								"up": {"uv": [114, 120], "uv_size": [-1, -1]},
								"down": {"uv": [114, 120], "uv_size": [-1, -1]}
							}
						},
						{
							"origin": [-28.15, -4.7, -35.1],
							"size": [0.2, 1.6, 0.6],
							"inflate": 0.001,
							"uv": {
								"north": {"uv": [113, 119], "uv_size": [1, 1]},
								"east": {"uv": [113, 119], "uv_size": [1, 1]},
								"south": {"uv": [113, 119], "uv_size": [1, 1]},
								"west": {"uv": [120, 2], "uv_size": [1, 1]},
								"up": {"uv": [114, 120], "uv_size": [-1, -1]},
								"down": {"uv": [114, 120], "uv_size": [-1, -1]}
							}
						},
						{
							"origin": [-29.575, -2.34, -35.1],
							"size": [0.2, 0.2, 0.6],
							"pivot": [-27.745, -1, -30.3],
							"rotation": [0, 0, -45],
							"uv": {
								"north": {"uv": [113, 119], "uv_size": [1, 1]},
								"east": {"uv": [113, 119], "uv_size": [1, 1]},
								"south": {"uv": [113, 119], "uv_size": [1, 1]},
								"west": {"uv": [113, 119], "uv_size": [1, 1]},
								"up": {"uv": [114, 120], "uv_size": [-1, -1]},
								"down": {"uv": [114, 120], "uv_size": [-1, -1]}
							}
						},
						{
							"origin": [-29.575, -3.94, -35.1],
							"size": [0.2, 0.2, 0.6],
							"pivot": [-27.745, -2.6, -30.3],
							"rotation": [0, 0, -45],
							"uv": {
								"north": {"uv": [113, 119], "uv_size": [1, 1]},
								"east": {"uv": [113, 119], "uv_size": [1, 1]},
								"south": {"uv": [113, 119], "uv_size": [1, 1]},
								"west": {"uv": [113, 119], "uv_size": [1, 1]},
								"up": {"uv": [114, 120], "uv_size": [-1, -1]},
								"down": {"uv": [114, 120], "uv_size": [-1, -1]}
							}
						},
						{
							"origin": [-28.15, -4.7, -33.8],
							"size": [0.2, 1.6, 0.6],
							"inflate": 0.001,
							"uv": {
								"north": {"uv": [113, 119], "uv_size": [1, 1]},
								"east": {"uv": [113, 119], "uv_size": [1, 1]},
								"south": {"uv": [113, 119], "uv_size": [1, 1]},
								"west": {"uv": [120, 2], "uv_size": [1, 1]},
								"up": {"uv": [114, 120], "uv_size": [-1, -1]},
								"down": {"uv": [114, 120], "uv_size": [-1, -1]}
							}
						},
						{
							"origin": [-29.575, -2.34, -33.8],
							"size": [0.2, 0.2, 0.6],
							"pivot": [-27.745, -1, -29],
							"rotation": [0, 0, -45],
							"uv": {
								"north": {"uv": [113, 119], "uv_size": [1, 1]},
								"east": {"uv": [113, 119], "uv_size": [1, 1]},
								"south": {"uv": [113, 119], "uv_size": [1, 1]},
								"west": {"uv": [113, 119], "uv_size": [1, 1]},
								"up": {"uv": [114, 120], "uv_size": [-1, -1]},
								"down": {"uv": [114, 120], "uv_size": [-1, -1]}
							}
						},
						{
							"origin": [-29.575, -3.94, -33.8],
							"size": [0.2, 0.2, 0.6],
							"pivot": [-27.745, -2.6, -29],
							"rotation": [0, 0, -45],
							"uv": {
								"north": {"uv": [113, 119], "uv_size": [1, 1]},
								"east": {"uv": [113, 119], "uv_size": [1, 1]},
								"south": {"uv": [113, 119], "uv_size": [1, 1]},
								"west": {"uv": [113, 119], "uv_size": [1, 1]},
								"up": {"uv": [114, 120], "uv_size": [-1, -1]},
								"down": {"uv": [114, 120], "uv_size": [-1, -1]}
							}
						},
						{
							"origin": [-28.15, -4.7, -27.3],
							"size": [0.2, 1.6, 0.6],
							"inflate": 0.001,
							"uv": {
								"north": {"uv": [113, 119], "uv_size": [1, 1]},
								"east": {"uv": [113, 119], "uv_size": [1, 1]},
								"south": {"uv": [113, 119], "uv_size": [1, 1]},
								"west": {"uv": [120, 2], "uv_size": [1, 1]},
								"up": {"uv": [114, 120], "uv_size": [-1, -1]},
								"down": {"uv": [114, 120], "uv_size": [-1, -1]}
							}
						},
						{
							"origin": [-29.575, -3.94, -27.3],
							"size": [0.2, 0.2, 0.6],
							"pivot": [-27.745, -2.6, -22.5],
							"rotation": [0, 0, -45],
							"uv": {
								"north": {"uv": [113, 119], "uv_size": [1, 1]},
								"east": {"uv": [113, 119], "uv_size": [1, 1]},
								"south": {"uv": [113, 119], "uv_size": [1, 1]},
								"west": {"uv": [113, 119], "uv_size": [1, 1]},
								"up": {"uv": [114, 120], "uv_size": [-1, -1]},
								"down": {"uv": [114, 120], "uv_size": [-1, -1]}
							}
						},
						{
							"origin": [-29.575, -2.34, -27.3],
							"size": [0.2, 0.2, 0.6],
							"pivot": [-27.745, -1, -22.5],
							"rotation": [0, 0, -45],
							"uv": {
								"north": {"uv": [113, 119], "uv_size": [1, 1]},
								"east": {"uv": [113, 119], "uv_size": [1, 1]},
								"south": {"uv": [113, 119], "uv_size": [1, 1]},
								"west": {"uv": [113, 119], "uv_size": [1, 1]},
								"up": {"uv": [114, 120], "uv_size": [-1, -1]},
								"down": {"uv": [114, 120], "uv_size": [-1, -1]}
							}
						},
						{
							"origin": [-28.15, -4.7, -26],
							"size": [0.2, 1.6, 0.6],
							"inflate": 0.001,
							"uv": {
								"north": {"uv": [113, 119], "uv_size": [1, 1]},
								"east": {"uv": [113, 119], "uv_size": [1, 1]},
								"south": {"uv": [113, 119], "uv_size": [1, 1]},
								"west": {"uv": [120, 2], "uv_size": [1, 1]},
								"up": {"uv": [114, 120], "uv_size": [-1, -1]},
								"down": {"uv": [114, 120], "uv_size": [-1, -1]}
							}
						},
						{
							"origin": [-29.575, -3.94, -26],
							"size": [0.2, 0.2, 0.6],
							"pivot": [-27.745, -2.6, -21.2],
							"rotation": [0, 0, -45],
							"uv": {
								"north": {"uv": [113, 119], "uv_size": [1, 1]},
								"east": {"uv": [113, 119], "uv_size": [1, 1]},
								"south": {"uv": [113, 119], "uv_size": [1, 1]},
								"west": {"uv": [113, 119], "uv_size": [1, 1]},
								"up": {"uv": [114, 120], "uv_size": [-1, -1]},
								"down": {"uv": [114, 120], "uv_size": [-1, -1]}
							}
						},
						{
							"origin": [-29.575, -2.34, -26],
							"size": [0.2, 0.2, 0.6],
							"pivot": [-27.745, -1, -21.2],
							"rotation": [0, 0, -45],
							"uv": {
								"north": {"uv": [113, 119], "uv_size": [1, 1]},
								"east": {"uv": [113, 119], "uv_size": [1, 1]},
								"south": {"uv": [113, 119], "uv_size": [1, 1]},
								"west": {"uv": [113, 119], "uv_size": [1, 1]},
								"up": {"uv": [114, 120], "uv_size": [-1, -1]},
								"down": {"uv": [114, 120], "uv_size": [-1, -1]}
							}
						},
						{
							"origin": [-28.15, -4.7, -24.7],
							"size": [0.2, 1.6, 0.6],
							"inflate": 0.001,
							"uv": {
								"north": {"uv": [113, 119], "uv_size": [1, 1]},
								"east": {"uv": [113, 119], "uv_size": [1, 1]},
								"south": {"uv": [113, 119], "uv_size": [1, 1]},
								"west": {"uv": [120, 2], "uv_size": [1, 1]},
								"up": {"uv": [114, 120], "uv_size": [-1, -1]},
								"down": {"uv": [114, 120], "uv_size": [-1, -1]}
							}
						},
						{
							"origin": [-29.575, -3.94, -24.7],
							"size": [0.2, 0.2, 0.6],
							"pivot": [-27.745, -2.6, -19.9],
							"rotation": [0, 0, -45],
							"uv": {
								"north": {"uv": [113, 119], "uv_size": [1, 1]},
								"east": {"uv": [113, 119], "uv_size": [1, 1]},
								"south": {"uv": [113, 119], "uv_size": [1, 1]},
								"west": {"uv": [113, 119], "uv_size": [1, 1]},
								"up": {"uv": [114, 120], "uv_size": [-1, -1]},
								"down": {"uv": [114, 120], "uv_size": [-1, -1]}
							}
						},
						{
							"origin": [-29.575, -2.34, -24.7],
							"size": [0.2, 0.2, 0.6],
							"pivot": [-27.745, -1, -19.9],
							"rotation": [0, 0, -45],
							"uv": {
								"north": {"uv": [113, 119], "uv_size": [1, 1]},
								"east": {"uv": [113, 119], "uv_size": [1, 1]},
								"south": {"uv": [113, 119], "uv_size": [1, 1]},
								"west": {"uv": [113, 119], "uv_size": [1, 1]},
								"up": {"uv": [114, 120], "uv_size": [-1, -1]},
								"down": {"uv": [114, 120], "uv_size": [-1, -1]}
							}
						},
						{
							"origin": [-28.15, -4.7, -23.4],
							"size": [0.2, 1.6, 0.6],
							"inflate": 0.001,
							"uv": {
								"north": {"uv": [113, 119], "uv_size": [1, 1]},
								"east": {"uv": [113, 119], "uv_size": [1, 1]},
								"south": {"uv": [113, 119], "uv_size": [1, 1]},
								"west": {"uv": [120, 2], "uv_size": [1, 1]},
								"up": {"uv": [114, 120], "uv_size": [-1, -1]},
								"down": {"uv": [114, 120], "uv_size": [-1, -1]}
							}
						},
						{
							"origin": [-29.575, -3.94, -23.4],
							"size": [0.2, 0.2, 0.6],
							"pivot": [-27.745, -2.6, -18.6],
							"rotation": [0, 0, -45],
							"uv": {
								"north": {"uv": [113, 119], "uv_size": [1, 1]},
								"east": {"uv": [113, 119], "uv_size": [1, 1]},
								"south": {"uv": [113, 119], "uv_size": [1, 1]},
								"west": {"uv": [113, 119], "uv_size": [1, 1]},
								"up": {"uv": [114, 120], "uv_size": [-1, -1]},
								"down": {"uv": [114, 120], "uv_size": [-1, -1]}
							}
						},
						{
							"origin": [-29.575, -2.34, -23.4],
							"size": [0.2, 0.2, 0.6],
							"pivot": [-27.745, -1, -18.6],
							"rotation": [0, 0, -45],
							"uv": {
								"north": {"uv": [113, 119], "uv_size": [1, 1]},
								"east": {"uv": [113, 119], "uv_size": [1, 1]},
								"south": {"uv": [113, 119], "uv_size": [1, 1]},
								"west": {"uv": [113, 119], "uv_size": [1, 1]},
								"up": {"uv": [114, 120], "uv_size": [-1, -1]},
								"down": {"uv": [114, 120], "uv_size": [-1, -1]}
							}
						},
						{
							"origin": [-28.15, -4.7, -22.1],
							"size": [0.2, 1.6, 0.6],
							"inflate": 0.001,
							"uv": {
								"north": {"uv": [113, 119], "uv_size": [1, 1]},
								"east": {"uv": [113, 119], "uv_size": [1, 1]},
								"south": {"uv": [113, 119], "uv_size": [1, 1]},
								"west": {"uv": [120, 2], "uv_size": [1, 1]},
								"up": {"uv": [114, 120], "uv_size": [-1, -1]},
								"down": {"uv": [114, 120], "uv_size": [-1, -1]}
							}
						},
						{
							"origin": [-29.575, -3.94, -22.1],
							"size": [0.2, 0.2, 0.6],
							"pivot": [-27.745, -2.6, -17.3],
							"rotation": [0, 0, -45],
							"uv": {
								"north": {"uv": [113, 119], "uv_size": [1, 1]},
								"east": {"uv": [113, 119], "uv_size": [1, 1]},
								"south": {"uv": [113, 119], "uv_size": [1, 1]},
								"west": {"uv": [113, 119], "uv_size": [1, 1]},
								"up": {"uv": [114, 120], "uv_size": [-1, -1]},
								"down": {"uv": [114, 120], "uv_size": [-1, -1]}
							}
						},
						{
							"origin": [-29.575, -2.34, -22.1],
							"size": [0.2, 0.2, 0.6],
							"pivot": [-27.745, -1, -17.3],
							"rotation": [0, 0, -45],
							"uv": {
								"north": {"uv": [113, 119], "uv_size": [1, 1]},
								"east": {"uv": [113, 119], "uv_size": [1, 1]},
								"south": {"uv": [113, 119], "uv_size": [1, 1]},
								"west": {"uv": [113, 119], "uv_size": [1, 1]},
								"up": {"uv": [114, 120], "uv_size": [-1, -1]},
								"down": {"uv": [114, 120], "uv_size": [-1, -1]}
							}
						},
						{
							"origin": [-28.15, -4.7, -20.8],
							"size": [0.2, 1.6, 0.6],
							"inflate": 0.001,
							"uv": {
								"north": {"uv": [113, 119], "uv_size": [1, 1]},
								"east": {"uv": [113, 119], "uv_size": [1, 1]},
								"south": {"uv": [113, 119], "uv_size": [1, 1]},
								"west": {"uv": [120, 2], "uv_size": [1, 1]},
								"up": {"uv": [114, 120], "uv_size": [-1, -1]},
								"down": {"uv": [114, 120], "uv_size": [-1, -1]}
							}
						},
						{
							"origin": [-29.575, -3.94, -20.8],
							"size": [0.2, 0.2, 0.6],
							"pivot": [-27.745, -2.6, -16],
							"rotation": [0, 0, -45],
							"uv": {
								"north": {"uv": [113, 119], "uv_size": [1, 1]},
								"east": {"uv": [113, 119], "uv_size": [1, 1]},
								"south": {"uv": [113, 119], "uv_size": [1, 1]},
								"west": {"uv": [113, 119], "uv_size": [1, 1]},
								"up": {"uv": [114, 120], "uv_size": [-1, -1]},
								"down": {"uv": [114, 120], "uv_size": [-1, -1]}
							}
						},
						{
							"origin": [-29.575, -2.34, -20.8],
							"size": [0.2, 0.2, 0.6],
							"pivot": [-27.745, -1, -16],
							"rotation": [0, 0, -45],
							"uv": {
								"north": {"uv": [113, 119], "uv_size": [1, 1]},
								"east": {"uv": [113, 119], "uv_size": [1, 1]},
								"south": {"uv": [113, 119], "uv_size": [1, 1]},
								"west": {"uv": [113, 119], "uv_size": [1, 1]},
								"up": {"uv": [114, 120], "uv_size": [-1, -1]},
								"down": {"uv": [114, 120], "uv_size": [-1, -1]}
							}
						},
						{
							"origin": [-28.15, -4.7, -19.5],
							"size": [0.2, 1.6, 0.6],
							"inflate": 0.001,
							"uv": {
								"north": {"uv": [113, 119], "uv_size": [1, 1]},
								"east": {"uv": [113, 119], "uv_size": [1, 1]},
								"south": {"uv": [113, 119], "uv_size": [1, 1]},
								"west": {"uv": [120, 2], "uv_size": [1, 1]},
								"up": {"uv": [114, 120], "uv_size": [-1, -1]},
								"down": {"uv": [114, 120], "uv_size": [-1, -1]}
							}
						},
						{
							"origin": [-29.575, -2.34, -19.5],
							"size": [0.2, 0.2, 0.6],
							"pivot": [-27.745, -1, -14.7],
							"rotation": [0, 0, -45],
							"uv": {
								"north": {"uv": [113, 119], "uv_size": [1, 1]},
								"east": {"uv": [113, 119], "uv_size": [1, 1]},
								"south": {"uv": [113, 119], "uv_size": [1, 1]},
								"west": {"uv": [113, 119], "uv_size": [1, 1]},
								"up": {"uv": [114, 120], "uv_size": [-1, -1]},
								"down": {"uv": [114, 120], "uv_size": [-1, -1]}
							}
						},
						{
							"origin": [-29.575, -3.94, -19.5],
							"size": [0.2, 0.2, 0.6],
							"pivot": [-27.745, -2.6, -14.7],
							"rotation": [0, 0, -45],
							"uv": {
								"north": {"uv": [113, 119], "uv_size": [1, 1]},
								"east": {"uv": [113, 119], "uv_size": [1, 1]},
								"south": {"uv": [113, 119], "uv_size": [1, 1]},
								"west": {"uv": [113, 119], "uv_size": [1, 1]},
								"up": {"uv": [114, 120], "uv_size": [-1, -1]},
								"down": {"uv": [114, 120], "uv_size": [-1, -1]}
							}
						},
						{
							"origin": [-28.15, -4.7, -18.2],
							"size": [0.2, 1.6, 0.6],
							"inflate": 0.001,
							"uv": {
								"north": {"uv": [113, 119], "uv_size": [1, 1]},
								"east": {"uv": [113, 119], "uv_size": [1, 1]},
								"south": {"uv": [113, 119], "uv_size": [1, 1]},
								"west": {"uv": [120, 2], "uv_size": [1, 1]},
								"up": {"uv": [114, 120], "uv_size": [-1, -1]},
								"down": {"uv": [114, 120], "uv_size": [-1, -1]}
							}
						},
						{
							"origin": [-29.575, -2.34, -18.2],
							"size": [0.2, 0.2, 0.6],
							"pivot": [-27.745, -1, -13.4],
							"rotation": [0, 0, -45],
							"uv": {
								"north": {"uv": [113, 119], "uv_size": [1, 1]},
								"east": {"uv": [113, 119], "uv_size": [1, 1]},
								"south": {"uv": [113, 119], "uv_size": [1, 1]},
								"west": {"uv": [113, 119], "uv_size": [1, 1]},
								"up": {"uv": [114, 120], "uv_size": [-1, -1]},
								"down": {"uv": [114, 120], "uv_size": [-1, -1]}
							}
						},
						{
							"origin": [-28.55, -3.5, -36.4],
							"size": [0.4, 0.2, 1.26],
							"inflate": 0.001,
							"uv": {
								"north": {"uv": [116, 87], "uv_size": [2, 1]},
								"east": {"uv": [116, 87], "uv_size": [2, 1]},
								"south": {"uv": [116, 87], "uv_size": [2, 1]},
								"west": {"uv": [116, 87], "uv_size": [2, 1]},
								"up": {"uv": [118, 88], "uv_size": [-2, -1]},
								"down": {"uv": [118, 88], "uv_size": [-2, -1]}
							}
						},
						{
							"origin": [-28.55, -4.5, -36.4],
							"size": [0.4, 0.2, 1.26],
							"inflate": 0.001,
							"uv": {
								"north": {"uv": [116, 87], "uv_size": [2, 1]},
								"east": {"uv": [116, 87], "uv_size": [2, 1]},
								"south": {"uv": [116, 87], "uv_size": [2, 1]},
								"west": {"uv": [116, 87], "uv_size": [2, 1]},
								"up": {"uv": [118, 88], "uv_size": [-2, -1]},
								"down": {"uv": [118, 88], "uv_size": [-2, -1]}
							}
						},
						{
							"origin": [-29.575, -3.94, -18.2],
							"size": [0.2, 0.2, 0.6],
							"pivot": [-27.745, -2.6, -13.4],
							"rotation": [0, 0, -45],
							"uv": {
								"north": {"uv": [113, 119], "uv_size": [1, 1]},
								"east": {"uv": [113, 119], "uv_size": [1, 1]},
								"south": {"uv": [113, 119], "uv_size": [1, 1]},
								"west": {"uv": [113, 119], "uv_size": [1, 1]},
								"up": {"uv": [114, 120], "uv_size": [-1, -1]},
								"down": {"uv": [114, 120], "uv_size": [-1, -1]}
							}
						}
					]
				},
				{
					"name": "_ca_handguard",
					"parent": "main",
					"pivot": [-0.2, 15.25, -22.525],
					"cubes": [
						{"origin": [-0.5, 22.35, -18.225], "size": [1, 1, 1], "uv": [27, 121]}
					]
				}
			]
		}
	]
}