{
	"format_version": "1.12.0",
	"minecraft:geometry": [
		{
			"description": {
				"identifier": "geometry.unknown",
				"texture_width": 112,
				"texture_height": 112,
				"visible_bounds_width": 11,
				"visible_bounds_height": 4,
				"visible_bounds_offset": [0, 1, 0]
			},
			"bones": [
				{
					"name": "main",
					"pivot": [0, 20, 0]
				},
				{
					"name": "gun",
					"parent": "main",
					"pivot": [1, 11, -1]
				},
				{
					"name": "barrel",
					"parent": "gun",
					"pivot": [0, 23.1, -70.75],
					"cubes": [
						{
							"origin": [-1, 22.1, -46.05],
							"size": [2, 2, 28.8],
							"inflate": -0.3,
							"pivot": [0, 23.1, -78.95],
							"rotation": [0, 0, -20],
							"uv": {
								"north": {"uv": [97, 54], "uv_size": [2, 2]},
								"east": {"uv": [36, 24], "uv_size": [40, 2]},
								"south": {"uv": [97, 56], "uv_size": [2, 2]},
								"west": {"uv": [36, 26], "uv_size": [40, 2]},
								"up": {"uv": [36, 28], "uv_size": [2, 40]},
								"down": {"uv": [38, 68], "uv_size": [2, -40]}
							}
						}
					]
				},
				{
					"name": "muzzledef",
					"parent": "barrel",
					"pivot": [0, 23.1, -82.25],
					"cubes": [
						{
							"origin": [-1.1, 22, -50.45],
							"size": [2.2, 2.2, 4.6],
							"inflate": -0.3,
							"pivot": [0, 23.1, -94.35],
							"rotation": [0, 0, -20],
							"uv": {
								"north": {"uv": [99, 24], "uv_size": [2, 2]},
								"east": {"uv": [91, 24], "uv_size": [5, 2]},
								"south": {"uv": [99, 26], "uv_size": [2, 2]},
								"west": {"uv": [91, 26], "uv_size": [5, 2]},
								"up": {"uv": [16, 92], "uv_size": [2, 5]},
								"down": {"uv": [39, 97], "uv_size": [2, -5]}
							}
						},
						{
							"origin": [-1.3, 21.8, -46.55],
							"size": [2.6, 2.6, 1.2],
							"inflate": -0.3,
							"pivot": [0, 23.1, -90.45],
							"rotation": [0, 0, -20],
							"uv": {
								"north": {"uv": [92, 80], "uv_size": [3, 3]},
								"east": {"uv": [1, 100], "uv_size": [1, 3]},
								"south": {"uv": [92, 83], "uv_size": [3, 3]},
								"west": {"uv": [2, 100], "uv_size": [1, 3]},
								"up": {"uv": [7, 100], "uv_size": [3, 1]},
								"down": {"uv": [100, 12], "uv_size": [3, -1]}
							}
						}
					]
				},
				{
					"name": "muzzleflash",
					"parent": "main",
					"pivot": [0, 23.25, -58.15],
					"cubes": [
						{
							"origin": [-0.5, 22.75, -51.05],
							"size": [1, 1, 1],
							"inflate": -0.4,
							"uv": {
								"north": {"uv": [83, 81], "uv_size": [1, 1]},
								"east": {"uv": [39, 84], "uv_size": [1, 1]},
								"south": {"uv": [94, 45], "uv_size": [1, 1]},
								"west": {"uv": [102, 39], "uv_size": [1, 1]},
								"up": {"uv": [102, 40], "uv_size": [1, 1]},
								"down": {"uv": [41, 103], "uv_size": [1, -1]}
							}
						}
					]
				},
				{
					"name": "_cb_suppressor",
					"parent": "main",
					"pivot": [-0.1, 23.15, -63.425],
					"cubes": [
						{"origin": [-0.6, 22.65, -46.725], "size": [1, 1, 1], "uv": [27, 69]}
					]
				},
				{
					"name": "_ca_barrel",
					"parent": "main",
					"pivot": [-0.2, 21.35, -24.625],
					"cubes": [
						{"origin": [-0.4, 23.05, -17.625], "size": [1, 1, 1], "uv": [27, 69]}
					]
				}
			]
		}
	]
}