{
	"format_version": "1.12.0",
	"minecraft:geometry": [
		{
			"description": {
				"identifier": "geometry.unknown",
				"texture_width": 128,
				"texture_height": 128,
				"visible_bounds_width": 8,
				"visible_bounds_height": 4,
				"visible_bounds_offset": [0, 1, 0]
			},
			"bones": [
				{
					"name": "main",
					"pivot": [0, 20, 0]
				},
				{
					"name": "gun",
					"parent": "main",
					"pivot": [1, 11, -1]
				},
				{
					"name": "handguard",
					"parent": "gun",
					"pivot": [1.45, 21.9, -39.4],
					"cubes": [
						{
							"origin": [1.75, 21.5, -45.7],
							"size": [0.5, 2.3, 15.4],
							"inflate": 0.001,
							"uv": {
								"north": {"uv": [36, 44], "uv_size": [21, 4]},
								"east": {"uv": [36, 44], "uv_size": [21, 4]},
								"south": {"uv": [36, 44], "uv_size": [21, 4]},
								"west": {"uv": [36, 44], "uv_size": [21, 4]},
								"up": {"uv": [57, 48], "uv_size": [-21, -4]},
								"down": {"uv": [57, 48], "uv_size": [-21, -4]}
							}
						},
						{
							"origin": [-0.51635, 26.95306, -45.7],
							"size": [1.03, 0.4, 15.4],
							"inflate": 0.001,
							"uv": {
								"north": {"uv": [66, 39], "uv_size": [15, 2]},
								"east": {"uv": [66, 39], "uv_size": [15, 2]},
								"south": {"uv": [66, 39], "uv_size": [15, 2]},
								"west": {"uv": [66, 39], "uv_size": [15, 2]},
								"up": {"uv": [70, 40], "uv_size": [-2, -1]},
								"down": {"uv": [81, 41], "uv_size": [-15, -2]}
							}
						},
						{
							"origin": [-0.51635, 26.35306, -46],
							"size": [1.03, 1, 0.3],
							"inflate": 0.001,
							"uv": {
								"north": {"uv": [79, 13], "uv_size": [6, 3]},
								"east": {"uv": [79, 13], "uv_size": [6, 3]},
								"south": {"uv": [79, 13], "uv_size": [6, 3]},
								"west": {"uv": [79, 13], "uv_size": [6, 3]},
								"up": {"uv": [85, 16], "uv_size": [-6, -3]},
								"down": {"uv": [85, 16], "uv_size": [-6, -3]}
							}
						},
						{
							"origin": [-0.51635, 26.95306, -30.3],
							"size": [1.03, 0.4, 0.3],
							"inflate": 0.001,
							"uv": {
								"north": {"uv": [79, 13], "uv_size": [6, 3]},
								"east": {"uv": [79, 13], "uv_size": [6, 3]},
								"south": {"uv": [79, 13], "uv_size": [6, 3]},
								"west": {"uv": [79, 13], "uv_size": [6, 3]},
								"up": {"uv": [85, 16], "uv_size": [-6, -3]},
								"down": {"uv": [85, 16], "uv_size": [-6, -3]}
							}
						},
						{
							"origin": [1.83, 24, -45.7],
							"size": [0.4, 0.7, 2.7],
							"inflate": 0.001,
							"uv": {
								"north": {"uv": [36, 44], "uv_size": [21, 4]},
								"east": {"uv": [36, 44], "uv_size": [21, 4]},
								"south": {"uv": [36, 44], "uv_size": [21, 4]},
								"west": {"uv": [36, 44], "uv_size": [21, 4]},
								"up": {"uv": [57, 48], "uv_size": [-21, -4]},
								"down": {"uv": [57, 48], "uv_size": [-21, -4]}
							}
						},
						{
							"origin": [1.8, 24.22592, -42.98],
							"size": [0.4, 0.4, 0.14],
							"inflate": 0.001,
							"pivot": [2.02827, 24.37592, -43.05963],
							"rotation": [-46.0287, 0, 0],
							"uv": {
								"north": {"uv": [36, 44], "uv_size": [21, 4]},
								"east": {"uv": [36, 44], "uv_size": [21, 4]},
								"south": {"uv": [36, 44], "uv_size": [21, 4]},
								"west": {"uv": [36, 44], "uv_size": [21, 4]},
								"up": {"uv": [57, 48], "uv_size": [-21, -4]},
								"down": {"uv": [57, 48], "uv_size": [-21, -4]}
							}
						},
						{
							"origin": [1.8, 24.32592, -43.08],
							"size": [0.4, 0.2, 0.14],
							"inflate": 0.001,
							"pivot": [2.02827, 24.37592, -43.05963],
							"rotation": [-46.0287, 0, 0],
							"uv": {
								"north": {"uv": [36, 44], "uv_size": [21, 4]},
								"east": {"uv": [36, 44], "uv_size": [21, 4]},
								"south": {"uv": [36, 44], "uv_size": [21, 4]},
								"west": {"uv": [36, 44], "uv_size": [21, 4]},
								"up": {"uv": [57, 48], "uv_size": [-21, -4]},
								"down": {"uv": [57, 48], "uv_size": [-21, -4]}
							}
						},
						{
							"origin": [1.8, 24.32592, -41.06],
							"size": [0.4, 0.2, 0.14],
							"inflate": 0.001,
							"pivot": [2.02827, 24.37592, -40.94037],
							"rotation": [46.0287, 0, 0],
							"uv": {
								"north": {"uv": [36, 44], "uv_size": [21, 4]},
								"east": {"uv": [36, 44], "uv_size": [21, 4]},
								"south": {"uv": [36, 44], "uv_size": [21, 4]},
								"west": {"uv": [36, 44], "uv_size": [21, 4]},
								"up": {"uv": [57, 48], "uv_size": [-21, -4]},
								"down": {"uv": [57, 48], "uv_size": [-21, -4]}
							}
						},
						{
							"origin": [1.8, 24.22592, -41.16],
							"size": [0.4, 0.4, 0.14],
							"inflate": 0.001,
							"pivot": [2.02827, 24.37592, -40.94037],
							"rotation": [46.0287, 0, 0],
							"uv": {
								"north": {"uv": [36, 44], "uv_size": [21, 4]},
								"east": {"uv": [36, 44], "uv_size": [21, 4]},
								"south": {"uv": [36, 44], "uv_size": [21, 4]},
								"west": {"uv": [36, 44], "uv_size": [21, 4]},
								"up": {"uv": [57, 48], "uv_size": [-21, -4]},
								"down": {"uv": [57, 48], "uv_size": [-21, -4]}
							}
						},
						{
							"origin": [1.8, 24.32592, -37.06],
							"size": [0.4, 0.2, 0.14],
							"inflate": 0.001,
							"pivot": [2.02827, 24.37592, -36.94037],
							"rotation": [46.0287, 0, 0],
							"uv": {
								"north": {"uv": [36, 44], "uv_size": [21, 4]},
								"east": {"uv": [36, 44], "uv_size": [21, 4]},
								"south": {"uv": [36, 44], "uv_size": [21, 4]},
								"west": {"uv": [36, 44], "uv_size": [21, 4]},
								"up": {"uv": [57, 48], "uv_size": [-21, -4]},
								"down": {"uv": [57, 48], "uv_size": [-21, -4]}
							}
						},
						{
							"origin": [1.8, 24.22592, -37.16],
							"size": [0.4, 0.4, 0.14],
							"inflate": 0.001,
							"pivot": [2.02827, 24.37592, -36.94037],
							"rotation": [46.0287, 0, 0],
							"uv": {
								"north": {"uv": [36, 44], "uv_size": [21, 4]},
								"east": {"uv": [36, 44], "uv_size": [21, 4]},
								"south": {"uv": [36, 44], "uv_size": [21, 4]},
								"west": {"uv": [36, 44], "uv_size": [21, 4]},
								"up": {"uv": [57, 48], "uv_size": [-21, -4]},
								"down": {"uv": [57, 48], "uv_size": [-21, -4]}
							}
						},
						{
							"origin": [1.8, 24.22592, -38.98],
							"size": [0.4, 0.4, 0.14],
							"inflate": 0.001,
							"pivot": [2.02827, 24.37592, -39.05963],
							"rotation": [-46.0287, 0, 0],
							"uv": {
								"north": {"uv": [36, 44], "uv_size": [21, 4]},
								"east": {"uv": [36, 44], "uv_size": [21, 4]},
								"south": {"uv": [36, 44], "uv_size": [21, 4]},
								"west": {"uv": [36, 44], "uv_size": [21, 4]},
								"up": {"uv": [57, 48], "uv_size": [-21, -4]},
								"down": {"uv": [57, 48], "uv_size": [-21, -4]}
							}
						},
						{
							"origin": [1.8, 24.32592, -39.08],
							"size": [0.4, 0.2, 0.14],
							"inflate": 0.001,
							"pivot": [2.02827, 24.37592, -39.05963],
							"rotation": [-46.0287, 0, 0],
							"uv": {
								"north": {"uv": [36, 44], "uv_size": [21, 4]},
								"east": {"uv": [36, 44], "uv_size": [21, 4]},
								"south": {"uv": [36, 44], "uv_size": [21, 4]},
								"west": {"uv": [36, 44], "uv_size": [21, 4]},
								"up": {"uv": [57, 48], "uv_size": [-21, -4]},
								"down": {"uv": [57, 48], "uv_size": [-21, -4]}
							}
						},
						{
							"origin": [1.8, 24.32592, -33.06],
							"size": [0.4, 0.2, 0.14],
							"inflate": 0.001,
							"pivot": [2.02827, 24.37592, -32.94037],
							"rotation": [46.0287, 0, 0],
							"uv": {
								"north": {"uv": [36, 44], "uv_size": [21, 4]},
								"east": {"uv": [36, 44], "uv_size": [21, 4]},
								"south": {"uv": [36, 44], "uv_size": [21, 4]},
								"west": {"uv": [36, 44], "uv_size": [21, 4]},
								"up": {"uv": [57, 48], "uv_size": [-21, -4]},
								"down": {"uv": [57, 48], "uv_size": [-21, -4]}
							}
						},
						{
							"origin": [1.8, 24.22592, -33.16],
							"size": [0.4, 0.4, 0.14],
							"inflate": 0.001,
							"pivot": [2.02827, 24.37592, -32.94037],
							"rotation": [46.0287, 0, 0],
							"uv": {
								"north": {"uv": [36, 44], "uv_size": [21, 4]},
								"east": {"uv": [36, 44], "uv_size": [21, 4]},
								"south": {"uv": [36, 44], "uv_size": [21, 4]},
								"west": {"uv": [36, 44], "uv_size": [21, 4]},
								"up": {"uv": [57, 48], "uv_size": [-21, -4]},
								"down": {"uv": [57, 48], "uv_size": [-21, -4]}
							}
						},
						{
							"origin": [1.8, 24.22592, -34.98],
							"size": [0.4, 0.4, 0.14],
							"inflate": 0.001,
							"pivot": [2.02827, 24.37592, -35.05963],
							"rotation": [-46.0287, 0, 0],
							"uv": {
								"north": {"uv": [36, 44], "uv_size": [21, 4]},
								"east": {"uv": [36, 44], "uv_size": [21, 4]},
								"south": {"uv": [36, 44], "uv_size": [21, 4]},
								"west": {"uv": [36, 44], "uv_size": [21, 4]},
								"up": {"uv": [57, 48], "uv_size": [-21, -4]},
								"down": {"uv": [57, 48], "uv_size": [-21, -4]}
							}
						},
						{
							"origin": [1.8, 24.32592, -35.08],
							"size": [0.4, 0.2, 0.14],
							"inflate": 0.001,
							"pivot": [2.02827, 24.37592, -35.05963],
							"rotation": [-46.0287, 0, 0],
							"uv": {
								"north": {"uv": [36, 44], "uv_size": [21, 4]},
								"east": {"uv": [36, 44], "uv_size": [21, 4]},
								"south": {"uv": [36, 44], "uv_size": [21, 4]},
								"west": {"uv": [36, 44], "uv_size": [21, 4]},
								"up": {"uv": [57, 48], "uv_size": [-21, -4]},
								"down": {"uv": [57, 48], "uv_size": [-21, -4]}
							}
						},
						{
							"origin": [1.83, 24, -41],
							"size": [0.4, 0.7, 2],
							"inflate": 0.001,
							"uv": {
								"north": {"uv": [36, 44], "uv_size": [21, 4]},
								"east": {"uv": [36, 44], "uv_size": [21, 4]},
								"south": {"uv": [36, 44], "uv_size": [21, 4]},
								"west": {"uv": [36, 44], "uv_size": [21, 4]},
								"up": {"uv": [57, 48], "uv_size": [-21, -4]},
								"down": {"uv": [57, 48], "uv_size": [-21, -4]}
							}
						},
						{
							"origin": [1.83, 24, -37],
							"size": [0.4, 0.7, 2],
							"inflate": 0.001,
							"uv": {
								"north": {"uv": [36, 44], "uv_size": [21, 4]},
								"east": {"uv": [36, 44], "uv_size": [21, 4]},
								"south": {"uv": [36, 44], "uv_size": [21, 4]},
								"west": {"uv": [36, 44], "uv_size": [21, 4]},
								"up": {"uv": [57, 48], "uv_size": [-21, -4]},
								"down": {"uv": [57, 48], "uv_size": [-21, -4]}
							}
						},
						{
							"origin": [1.83, 24.4, -39],
							"size": [0.4, 0.3, 2],
							"inflate": 0.001,
							"uv": {
								"north": {"uv": [36, 44], "uv_size": [21, 4]},
								"east": {"uv": [36, 44], "uv_size": [21, 4]},
								"south": {"uv": [36, 44], "uv_size": [21, 4]},
								"west": {"uv": [36, 44], "uv_size": [21, 4]},
								"up": {"uv": [57, 48], "uv_size": [-21, -4]},
								"down": {"uv": [57, 48], "uv_size": [-21, -4]}
							}
						},
						{
							"origin": [1.83, 24.4, -43],
							"size": [0.4, 0.3, 2],
							"inflate": 0.001,
							"uv": {
								"north": {"uv": [36, 44], "uv_size": [21, 4]},
								"east": {"uv": [36, 44], "uv_size": [21, 4]},
								"south": {"uv": [36, 44], "uv_size": [21, 4]},
								"west": {"uv": [36, 44], "uv_size": [21, 4]},
								"up": {"uv": [57, 48], "uv_size": [-21, -4]},
								"down": {"uv": [57, 48], "uv_size": [-21, -4]}
							}
						},
						{
							"origin": [1.83, 24.4, -35],
							"size": [0.4, 0.3, 2],
							"inflate": 0.001,
							"uv": {
								"north": {"uv": [36, 44], "uv_size": [21, 4]},
								"east": {"uv": [36, 44], "uv_size": [21, 4]},
								"south": {"uv": [36, 44], "uv_size": [21, 4]},
								"west": {"uv": [36, 44], "uv_size": [21, 4]},
								"up": {"uv": [57, 48], "uv_size": [-21, -4]},
								"down": {"uv": [57, 48], "uv_size": [-21, -4]}
							}
						},
						{
							"origin": [1.83, 24, -33],
							"size": [0.4, 0.7, 2.7],
							"inflate": 0.001,
							"uv": {
								"north": {"uv": [36, 44], "uv_size": [21, 4]},
								"east": {"uv": [36, 44], "uv_size": [21, 4]},
								"south": {"uv": [36, 44], "uv_size": [21, 4]},
								"west": {"uv": [36, 44], "uv_size": [21, 4]},
								"up": {"uv": [57, 48], "uv_size": [-21, -4]},
								"down": {"uv": [57, 48], "uv_size": [-21, -4]}
							}
						},
						{
							"origin": [-2.25, 21.5, -30.3],
							"size": [4.5, 2.3, 5.7],
							"inflate": 0.001,
							"uv": {
								"north": {"uv": [36, 44], "uv_size": [21, 4]},
								"east": {"uv": [36, 44], "uv_size": [21, 4]},
								"south": {"uv": [36, 44], "uv_size": [21, 4]},
								"west": {"uv": [36, 44], "uv_size": [21, 4]},
								"up": {"uv": [57, 48], "uv_size": [-21, -4]},
								"down": {"uv": [57, 48], "uv_size": [-21, -4]}
							}
						},
						{
							"origin": [-2.25, 21.5, -24.6],
							"size": [4.5, 1.7, 1.4],
							"inflate": 0.001,
							"uv": {
								"north": {"uv": [36, 44], "uv_size": [21, 4]},
								"east": {"uv": [36, 44], "uv_size": [21, 4]},
								"south": {"uv": [36, 44], "uv_size": [21, 4]},
								"west": {"uv": [36, 44], "uv_size": [21, 4]},
								"up": {"uv": [57, 48], "uv_size": [-21, -4]},
								"down": {"uv": [57, 48], "uv_size": [-21, -4]}
							}
						},
						{
							"origin": [-2.25, 23.2, -24.6],
							"size": [4.5, 1.5, 1.4],
							"inflate": 0.001,
							"pivot": [2.251, 23.199, -23.199],
							"rotation": [67, 0, 0],
							"uv": {
								"north": {"uv": [36, 44], "uv_size": [21, 4]},
								"east": {"uv": [36, 44], "uv_size": [21, 4]},
								"south": {"uv": [36, 44], "uv_size": [21, 4]},
								"west": {"uv": [36, 44], "uv_size": [21, 4]},
								"up": {"uv": [57, 48], "uv_size": [-21, -4]},
								"down": {"uv": [57, 48], "uv_size": [-21, -4]}
							}
						},
						{
							"origin": [-1.05, 17.398, -25.9],
							"size": [2.1, 1.5, 2.2],
							"inflate": 0.001,
							"pivot": [1.051, 18.899, -25.901],
							"rotation": [138, 0, 0],
							"uv": {
								"north": {"uv": [36, 44], "uv_size": [21, 4]},
								"east": {"uv": [36, 44], "uv_size": [21, 4]},
								"south": {"uv": [36, 44], "uv_size": [21, 4]},
								"west": {"uv": [36, 44], "uv_size": [21, 4]},
								"up": {"uv": [57, 48], "uv_size": [-21, -4]},
								"down": {"uv": [57, 48], "uv_size": [-21, -4]}
							}
						},
						{
							"origin": [-1.05, 18.9, -25.9],
							"size": [2.1, 1.5, 2.7],
							"inflate": 0.001,
							"uv": {
								"north": {"uv": [36, 44], "uv_size": [21, 4]},
								"east": {"uv": [36, 44], "uv_size": [21, 4]},
								"south": {"uv": [36, 44], "uv_size": [21, 4]},
								"west": {"uv": [36, 44], "uv_size": [21, 4]},
								"up": {"uv": [57, 48], "uv_size": [-21, -4]},
								"down": {"uv": [57, 48], "uv_size": [-21, -4]}
							}
						},
						{
							"origin": [3.36251, 19.85159, -64],
							"size": [0.9, 1.15, 2.7],
							"inflate": 0.001,
							"pivot": [2.63451, 19.45159, -43.6],
							"rotation": [180, 0, 147],
							"uv": {
								"north": {"uv": [36, 44], "uv_size": [21, 4]},
								"east": {"uv": [36, 44], "uv_size": [21, 4]},
								"south": {"uv": [36, 44], "uv_size": [21, 4]},
								"west": {"uv": [36, 44], "uv_size": [21, 4]},
								"up": {"uv": [57, 48], "uv_size": [-21, -4]},
								"down": {"uv": [57, 48], "uv_size": [-21, -4]}
							}
						},
						{
							"origin": [-0.35352, 19.39126, -28.602],
							"size": [2.16, 0.85, 2.7],
							"inflate": 0.001,
							"pivot": [1.80748, 19.39026, -25.901],
							"rotation": [180, 0, 102],
							"uv": {
								"north": {"uv": [36, 44], "uv_size": [21, 4]},
								"east": {"uv": [36, 44], "uv_size": [21, 4]},
								"south": {"uv": [36, 44], "uv_size": [21, 4]},
								"west": {"uv": [36, 44], "uv_size": [21, 4]},
								"up": {"uv": [57, 48], "uv_size": [-21, -4]},
								"down": {"uv": [57, 48], "uv_size": [-21, -4]}
							}
						},
						{
							"origin": [-0.35352, 19.39126, -25.902],
							"size": [0.76, 0.85, 6.3],
							"inflate": 0.001,
							"pivot": [1.80748, 19.39026, -25.901],
							"rotation": [180, 0, 102],
							"uv": {
								"north": {"uv": [36, 44], "uv_size": [21, 4]},
								"east": {"uv": [36, 44], "uv_size": [21, 4]},
								"south": {"uv": [36, 44], "uv_size": [21, 4]},
								"west": {"uv": [36, 44], "uv_size": [21, 4]},
								"up": {"uv": [57, 48], "uv_size": [-21, -4]},
								"down": {"uv": [57, 48], "uv_size": [-21, -4]}
							}
						},
						{
							"origin": [-0.35352, 19.39126, -32.202],
							"size": [0.66, 0.85, 2.3],
							"inflate": 0.001,
							"pivot": [1.80748, 19.39026, -32.201],
							"rotation": [180, 0, 102],
							"uv": {
								"north": {"uv": [36, 44], "uv_size": [21, 4]},
								"east": {"uv": [36, 44], "uv_size": [21, 4]},
								"south": {"uv": [36, 44], "uv_size": [21, 4]},
								"west": {"uv": [36, 44], "uv_size": [21, 4]},
								"up": {"uv": [57, 48], "uv_size": [-21, -4]},
								"down": {"uv": [57, 48], "uv_size": [-21, -4]}
							}
						},
						{
							"origin": [-0.35352, 19.39126, -34.502],
							"size": [0.56, 0.85, 1],
							"inflate": 0.001,
							"pivot": [1.80748, 19.39026, -34.501],
							"rotation": [180, 0, 102],
							"uv": {
								"north": {"uv": [36, 44], "uv_size": [21, 4]},
								"east": {"uv": [36, 44], "uv_size": [21, 4]},
								"south": {"uv": [36, 44], "uv_size": [21, 4]},
								"west": {"uv": [36, 44], "uv_size": [21, 4]},
								"up": {"uv": [57, 48], "uv_size": [-21, -4]},
								"down": {"uv": [57, 48], "uv_size": [-21, -4]}
							}
						},
						{
							"origin": [-0.35352, 19.39126, -35.502],
							"size": [0.46, 0.85, 10.2],
							"inflate": 0.001,
							"pivot": [1.80748, 19.39026, -35.501],
							"rotation": [180, 0, 102],
							"uv": {
								"north": {"uv": [36, 44], "uv_size": [21, 4]},
								"east": {"uv": [36, 44], "uv_size": [21, 4]},
								"south": {"uv": [36, 44], "uv_size": [21, 4]},
								"west": {"uv": [36, 44], "uv_size": [21, 4]},
								"up": {"uv": [57, 48], "uv_size": [-21, -4]},
								"down": {"uv": [57, 48], "uv_size": [-21, -4]}
							}
						},
						{
							"origin": [-1.80648, 19.39126, -28.602],
							"size": [2.16, 0.85, 2.7],
							"inflate": 0.001,
							"pivot": [-1.80748, 19.39026, -25.901],
							"rotation": [180, 0, -102],
							"uv": {
								"north": {"uv": [36, 44], "uv_size": [21, 4]},
								"east": {"uv": [36, 44], "uv_size": [21, 4]},
								"south": {"uv": [36, 44], "uv_size": [21, 4]},
								"west": {"uv": [36, 44], "uv_size": [21, 4]},
								"up": {"uv": [57, 48], "uv_size": [-21, -4]},
								"down": {"uv": [57, 48], "uv_size": [-21, -4]}
							}
						},
						{
							"origin": [-4.26251, 19.85159, -64],
							"size": [0.9, 1.15, 2.7],
							"inflate": 0.001,
							"pivot": [-2.63451, 19.45159, -43.6],
							"rotation": [180, 0, -147],
							"uv": {
								"north": {"uv": [36, 44], "uv_size": [21, 4]},
								"east": {"uv": [36, 44], "uv_size": [21, 4]},
								"south": {"uv": [36, 44], "uv_size": [21, 4]},
								"west": {"uv": [36, 44], "uv_size": [21, 4]},
								"up": {"uv": [57, 48], "uv_size": [-21, -4]},
								"down": {"uv": [57, 48], "uv_size": [-21, -4]}
							}
						},
						{
							"origin": [-2.25, 21.5, -46],
							"size": [4.5, 2.5, 0.3],
							"inflate": 0.001,
							"uv": {
								"north": {"uv": [79, 13], "uv_size": [6, 3]},
								"east": {"uv": [79, 13], "uv_size": [6, 3]},
								"south": {"uv": [79, 13], "uv_size": [6, 3]},
								"west": {"uv": [79, 13], "uv_size": [6, 3]},
								"up": {"uv": [85, 16], "uv_size": [-6, -3]},
								"down": {"uv": [85, 16], "uv_size": [-6, -3]}
							}
						},
						{
							"origin": [0.83, 24, -46],
							"size": [1.4, 0.7, 0.3],
							"inflate": 0.001,
							"uv": {
								"north": {"uv": [79, 13], "uv_size": [6, 3]},
								"east": {"uv": [79, 13], "uv_size": [6, 3]},
								"south": {"uv": [79, 13], "uv_size": [6, 3]},
								"west": {"uv": [79, 13], "uv_size": [6, 3]},
								"up": {"uv": [85, 16], "uv_size": [-6, -3]},
								"down": {"uv": [85, 16], "uv_size": [-6, -3]}
							}
						},
						{
							"origin": [1.34988, 21.0912, -46],
							"size": [1.4, 0.66, 0.3],
							"inflate": 0.001,
							"pivot": [1.46988, 23.6612, -45.1],
							"rotation": [0, 0, 14],
							"uv": {
								"north": {"uv": [79, 13], "uv_size": [6, 3]},
								"east": {"uv": [79, 13], "uv_size": [6, 3]},
								"south": {"uv": [79, 13], "uv_size": [6, 3]},
								"west": {"uv": [79, 13], "uv_size": [6, 3]},
								"up": {"uv": [85, 16], "uv_size": [-6, -3]},
								"down": {"uv": [85, 16], "uv_size": [-6, -3]}
							}
						},
						{
							"origin": [-2.74988, 21.0912, -46],
							"size": [1.4, 0.66, 0.3],
							"inflate": 0.001,
							"pivot": [-1.46988, 23.6612, -45.1],
							"rotation": [0, 0, -14],
							"uv": {
								"north": {"uv": [79, 13], "uv_size": [6, 3]},
								"east": {"uv": [79, 13], "uv_size": [6, 3]},
								"south": {"uv": [79, 13], "uv_size": [6, 3]},
								"west": {"uv": [79, 13], "uv_size": [6, 3]},
								"up": {"uv": [85, 16], "uv_size": [-6, -3]},
								"down": {"uv": [85, 16], "uv_size": [-6, -3]}
							}
						},
						{
							"origin": [1.34988, 20.9912, -40.7],
							"size": [1.4, 0.76, 17.1],
							"inflate": 0.001,
							"pivot": [1.46988, 23.6612, -44.8],
							"rotation": [0, 0, 14],
							"uv": {
								"north": {"uv": [36, 44], "uv_size": [21, 4]},
								"east": {"uv": [36, 44], "uv_size": [21, 4]},
								"south": {"uv": [36, 44], "uv_size": [21, 4]},
								"west": {"uv": [36, 44], "uv_size": [21, 4]},
								"up": {"uv": [57, 48], "uv_size": [-21, -4]},
								"down": {"uv": [57, 48], "uv_size": [-21, -4]}
							}
						},
						{
							"origin": [1.34988, 21.0912, -45.7],
							"size": [1.4, 0.66, 5],
							"inflate": 0.001,
							"pivot": [1.46988, 23.6612, -58.3],
							"rotation": [0, 0, 14],
							"uv": {
								"north": {"uv": [36, 44], "uv_size": [21, 4]},
								"east": {"uv": [36, 44], "uv_size": [21, 4]},
								"south": {"uv": [36, 44], "uv_size": [21, 4]},
								"west": {"uv": [36, 44], "uv_size": [21, 4]},
								"up": {"uv": [57, 48], "uv_size": [-21, -4]},
								"down": {"uv": [57, 48], "uv_size": [-21, -4]}
							}
						},
						{
							"origin": [-2.74988, 20.9912, -45.7],
							"size": [1.4, 0.76, 22.2],
							"inflate": 0.001,
							"pivot": [-1.46988, 23.6612, -44.8],
							"rotation": [0, 0, -14],
							"uv": {
								"north": {"uv": [36, 44], "uv_size": [21, 4]},
								"east": {"uv": [36, 44], "uv_size": [21, 4]},
								"south": {"uv": [36, 44], "uv_size": [21, 4]},
								"west": {"uv": [36, 44], "uv_size": [21, 4]},
								"up": {"uv": [57, 48], "uv_size": [-21, -4]},
								"down": {"uv": [57, 48], "uv_size": [-21, -4]}
							}
						},
						{
							"origin": [-0.32512, 19.8612, -69.1],
							"size": [0.8, 0.85, 15.3],
							"inflate": 0.001,
							"pivot": [1.18988, 19.4612, -46.3],
							"rotation": [0, -180, -41],
							"uv": {
								"north": {"uv": [69, 77], "uv_size": [1, 17]},
								"east": {"uv": [69, 77], "uv_size": [1, 17]},
								"south": {"uv": [69, 77], "uv_size": [1, 17]},
								"west": {"uv": [69, 77], "uv_size": [1, 17]},
								"up": {"uv": [70, 94], "uv_size": [-1, -17]},
								"down": {"uv": [70, 94], "uv_size": [-1, -17]}
							}
						},
						{
							"origin": [-0.10648, 19.39126, -35.502],
							"size": [0.46, 0.85, 10.2],
							"inflate": 0.001,
							"pivot": [-1.80748, 19.39026, -35.501],
							"rotation": [180, 0, -102],
							"uv": {
								"north": {"uv": [36, 44], "uv_size": [21, 4]},
								"east": {"uv": [36, 44], "uv_size": [21, 4]},
								"south": {"uv": [36, 44], "uv_size": [21, 4]},
								"west": {"uv": [36, 44], "uv_size": [21, 4]},
								"up": {"uv": [57, 48], "uv_size": [-21, -4]},
								"down": {"uv": [57, 48], "uv_size": [-21, -4]}
							}
						},
						{
							"origin": [-2.74988, 21.0912, -45.7],
							"size": [1.4, 0.66, 5],
							"inflate": 0.001,
							"pivot": [-1.46988, 23.6612, -58.3],
							"rotation": [0, 0, -14],
							"uv": {
								"north": {"uv": [36, 44], "uv_size": [21, 4]},
								"east": {"uv": [36, 44], "uv_size": [21, 4]},
								"south": {"uv": [36, 44], "uv_size": [21, 4]},
								"west": {"uv": [36, 44], "uv_size": [21, 4]},
								"up": {"uv": [57, 48], "uv_size": [-21, -4]},
								"down": {"uv": [57, 48], "uv_size": [-21, -4]}
							}
						},
						{
							"origin": [-2.74988, 20.9912, -40.7],
							"size": [1.4, 0.76, 17.1],
							"inflate": 0.001,
							"pivot": [-1.46988, 23.6612, -44.8],
							"rotation": [0, 0, -14],
							"uv": {
								"north": {"uv": [36, 44], "uv_size": [21, 4]},
								"east": {"uv": [36, 44], "uv_size": [21, 4]},
								"south": {"uv": [36, 44], "uv_size": [21, 4]},
								"west": {"uv": [36, 44], "uv_size": [21, 4]},
								"up": {"uv": [57, 48], "uv_size": [-21, -4]},
								"down": {"uv": [57, 48], "uv_size": [-21, -4]}
							}
						},
						{
							"origin": [-0.47488, 19.8612, -69],
							"size": [0.8, 0.85, 15.2],
							"inflate": 0.001,
							"pivot": [-1.18988, 19.4612, -46.3],
							"rotation": [0, 180, 41],
							"uv": {
								"north": {"uv": [36, 44], "uv_size": [21, 4]},
								"east": {"uv": [36, 44], "uv_size": [21, 4]},
								"south": {"uv": [36, 44], "uv_size": [21, 4]},
								"west": {"uv": [36, 44], "uv_size": [21, 4]},
								"up": {"uv": [57, 48], "uv_size": [-21, -4]},
								"down": {"uv": [57, 48], "uv_size": [-21, -4]}
							}
						},
						{
							"origin": [-0.30648, 19.39126, -32.202],
							"size": [0.66, 0.85, 2.3],
							"inflate": 0.001,
							"pivot": [-1.80748, 19.39026, -32.201],
							"rotation": [180, 0, -102],
							"uv": {
								"north": {"uv": [36, 44], "uv_size": [21, 4]},
								"east": {"uv": [36, 44], "uv_size": [21, 4]},
								"south": {"uv": [36, 44], "uv_size": [21, 4]},
								"west": {"uv": [36, 44], "uv_size": [21, 4]},
								"up": {"uv": [57, 48], "uv_size": [-21, -4]},
								"down": {"uv": [57, 48], "uv_size": [-21, -4]}
							}
						},
						{
							"origin": [-0.20648, 19.39126, -34.502],
							"size": [0.56, 0.85, 1],
							"inflate": 0.001,
							"pivot": [-1.80748, 19.39026, -34.501],
							"rotation": [180, 0, -102],
							"uv": {
								"north": {"uv": [36, 44], "uv_size": [21, 4]},
								"east": {"uv": [36, 44], "uv_size": [21, 4]},
								"south": {"uv": [36, 44], "uv_size": [21, 4]},
								"west": {"uv": [36, 44], "uv_size": [21, 4]},
								"up": {"uv": [57, 48], "uv_size": [-21, -4]},
								"down": {"uv": [57, 48], "uv_size": [-21, -4]}
							}
						},
						{
							"origin": [-0.40648, 19.39126, -25.902],
							"size": [0.76, 0.85, 6.3],
							"inflate": 0.001,
							"pivot": [-1.80748, 19.39026, -25.901],
							"rotation": [180, 0, -102],
							"uv": {
								"north": {"uv": [36, 44], "uv_size": [21, 4]},
								"east": {"uv": [36, 44], "uv_size": [21, 4]},
								"south": {"uv": [36, 44], "uv_size": [21, 4]},
								"west": {"uv": [36, 44], "uv_size": [21, 4]},
								"up": {"uv": [57, 48], "uv_size": [-21, -4]},
								"down": {"uv": [57, 48], "uv_size": [-21, -4]}
							}
						},
						{
							"origin": [-2.25, 20.4, -23.2],
							"size": [4.5, 2.8, 0.3],
							"inflate": 0.001,
							"uv": {
								"north": {"uv": [79, 13], "uv_size": [6, 3]},
								"east": {"uv": [79, 13], "uv_size": [6, 3]},
								"south": {"uv": [79, 13], "uv_size": [6, 3]},
								"west": {"uv": [79, 13], "uv_size": [6, 3]},
								"up": {"uv": [85, 16], "uv_size": [-6, -3]},
								"down": {"uv": [85, 16], "uv_size": [-6, -3]}
							}
						},
						{
							"origin": [1.385, 21.5, -58.3],
							"size": [0.96, 0.92, 0.3],
							"inflate": 0.001,
							"pivot": [0.83, 21.1, -40.6],
							"rotation": [180, 0, 10],
							"uv": {
								"north": {"uv": [79, 13], "uv_size": [6, 3]},
								"east": {"uv": [79, 13], "uv_size": [6, 3]},
								"south": {"uv": [79, 13], "uv_size": [6, 3]},
								"west": {"uv": [79, 13], "uv_size": [6, 3]},
								"up": {"uv": [85, 16], "uv_size": [-6, -3]},
								"down": {"uv": [85, 16], "uv_size": [-6, -3]}
							}
						},
						{
							"origin": [3.645, 20, -65.9],
							"size": [1.3, 1.15, 0.3],
							"inflate": 0.001,
							"pivot": [2.917, 19.6, -44.4],
							"rotation": [180, 0, 147],
							"uv": {
								"north": {"uv": [79, 13], "uv_size": [6, 3]},
								"east": {"uv": [79, 13], "uv_size": [6, 3]},
								"south": {"uv": [79, 13], "uv_size": [6, 3]},
								"west": {"uv": [79, 13], "uv_size": [6, 3]},
								"up": {"uv": [85, 16], "uv_size": [-6, -3]},
								"down": {"uv": [85, 16], "uv_size": [-6, -3]}
							}
						},
						{
							"origin": [-4.945, 20, -65.9],
							"size": [1.3, 1.15, 0.3],
							"inflate": 0.001,
							"pivot": [-2.917, 19.6, -44.4],
							"rotation": [180, 0, -147],
							"uv": {
								"north": {"uv": [79, 13], "uv_size": [6, 3]},
								"east": {"uv": [79, 13], "uv_size": [6, 3]},
								"south": {"uv": [79, 13], "uv_size": [6, 3]},
								"west": {"uv": [79, 13], "uv_size": [6, 3]},
								"up": {"uv": [85, 16], "uv_size": [-6, -3]},
								"down": {"uv": [85, 16], "uv_size": [-6, -3]}
							}
						},
						{
							"origin": [-2.345, 21.5, -58.3],
							"size": [0.96, 0.92, 0.3],
							"inflate": 0.001,
							"pivot": [-0.83, 21.1, -40.6],
							"rotation": [180, 0, -10],
							"uv": {
								"north": {"uv": [79, 13], "uv_size": [6, 3]},
								"east": {"uv": [79, 13], "uv_size": [6, 3]},
								"south": {"uv": [79, 13], "uv_size": [6, 3]},
								"west": {"uv": [79, 13], "uv_size": [6, 3]},
								"up": {"uv": [85, 16], "uv_size": [-6, -3]},
								"down": {"uv": [85, 16], "uv_size": [-6, -3]}
							}
						},
						{
							"origin": [-1.03297, 18.83056, -23.2],
							"size": [2.03, 1.1, 0.3],
							"inflate": 0.001,
							"uv": {
								"north": {"uv": [79, 13], "uv_size": [6, 3]},
								"east": {"uv": [79, 13], "uv_size": [6, 3]},
								"south": {"uv": [79, 13], "uv_size": [6, 3]},
								"west": {"uv": [79, 13], "uv_size": [6, 3]},
								"up": {"uv": [85, 16], "uv_size": [-6, -3]},
								"down": {"uv": [85, 16], "uv_size": [-6, -3]}
							}
						},
						{
							"origin": [-0.85, 24, -30.3],
							"size": [1.7, 2.8, 0.3],
							"inflate": 0.001,
							"uv": {
								"north": {"uv": [79, 13], "uv_size": [6, 3]},
								"east": {"uv": [79, 13], "uv_size": [6, 3]},
								"south": {"uv": [79, 13], "uv_size": [6, 3]},
								"west": {"uv": [79, 13], "uv_size": [6, 3]},
								"up": {"uv": [85, 16], "uv_size": [-6, -3]},
								"down": {"uv": [85, 16], "uv_size": [-6, -3]}
							}
						},
						{
							"origin": [0.83, 24, -30.3],
							"size": [1.4, 0.7, 0.3],
							"inflate": 0.001,
							"uv": {
								"north": {"uv": [79, 13], "uv_size": [6, 3]},
								"east": {"uv": [79, 13], "uv_size": [6, 3]},
								"south": {"uv": [79, 13], "uv_size": [6, 3]},
								"west": {"uv": [79, 13], "uv_size": [6, 3]},
								"up": {"uv": [85, 16], "uv_size": [-6, -3]},
								"down": {"uv": [85, 16], "uv_size": [-6, -3]}
							}
						},
						{
							"origin": [-2.23, 24, -41],
							"size": [0.4, 0.7, 2],
							"inflate": 0.001,
							"uv": {
								"north": {"uv": [36, 44], "uv_size": [21, 4]},
								"east": {"uv": [36, 44], "uv_size": [21, 4]},
								"south": {"uv": [36, 44], "uv_size": [21, 4]},
								"west": {"uv": [36, 44], "uv_size": [21, 4]},
								"up": {"uv": [57, 48], "uv_size": [-21, -4]},
								"down": {"uv": [57, 48], "uv_size": [-21, -4]}
							}
						},
						{
							"origin": [-2.23, 24, -46],
							"size": [3.1, 0.7, 0.3],
							"inflate": 0.001,
							"uv": {
								"north": {"uv": [79, 13], "uv_size": [6, 3]},
								"east": {"uv": [79, 13], "uv_size": [6, 3]},
								"south": {"uv": [79, 13], "uv_size": [6, 3]},
								"west": {"uv": [79, 13], "uv_size": [6, 3]},
								"up": {"uv": [85, 16], "uv_size": [-6, -3]},
								"down": {"uv": [85, 16], "uv_size": [-6, -3]}
							}
						},
						{
							"origin": [-2.23, 24.4, -43],
							"size": [0.4, 0.3, 2],
							"inflate": 0.001,
							"uv": {
								"north": {"uv": [36, 44], "uv_size": [21, 4]},
								"east": {"uv": [36, 44], "uv_size": [21, 4]},
								"south": {"uv": [36, 44], "uv_size": [21, 4]},
								"west": {"uv": [36, 44], "uv_size": [21, 4]},
								"up": {"uv": [57, 48], "uv_size": [-21, -4]},
								"down": {"uv": [57, 48], "uv_size": [-21, -4]}
							}
						},
						{
							"origin": [-2.2, 24.22592, -41.16],
							"size": [0.4, 0.4, 0.14],
							"inflate": 0.001,
							"pivot": [-2.02827, 24.37592, -40.94037],
							"rotation": [46.0287, 0, 0],
							"uv": {
								"north": {"uv": [36, 44], "uv_size": [21, 4]},
								"east": {"uv": [36, 44], "uv_size": [21, 4]},
								"south": {"uv": [36, 44], "uv_size": [21, 4]},
								"west": {"uv": [36, 44], "uv_size": [21, 4]},
								"up": {"uv": [57, 48], "uv_size": [-21, -4]},
								"down": {"uv": [57, 48], "uv_size": [-21, -4]}
							}
						},
						{
							"origin": [-2.2, 24.32592, -41.06],
							"size": [0.4, 0.2, 0.14],
							"inflate": 0.001,
							"pivot": [-2.02827, 24.37592, -40.94037],
							"rotation": [46.0287, 0, 0],
							"uv": {
								"north": {"uv": [36, 44], "uv_size": [21, 4]},
								"east": {"uv": [36, 44], "uv_size": [21, 4]},
								"south": {"uv": [36, 44], "uv_size": [21, 4]},
								"west": {"uv": [36, 44], "uv_size": [21, 4]},
								"up": {"uv": [57, 48], "uv_size": [-21, -4]},
								"down": {"uv": [57, 48], "uv_size": [-21, -4]}
							}
						},
						{
							"origin": [-2.2, 24.22592, -42.98],
							"size": [0.4, 0.4, 0.14],
							"inflate": 0.001,
							"pivot": [-2.02827, 24.37592, -43.05963],
							"rotation": [-46.0287, 0, 0],
							"uv": {
								"north": {"uv": [36, 44], "uv_size": [21, 4]},
								"east": {"uv": [36, 44], "uv_size": [21, 4]},
								"south": {"uv": [36, 44], "uv_size": [21, 4]},
								"west": {"uv": [36, 44], "uv_size": [21, 4]},
								"up": {"uv": [57, 48], "uv_size": [-21, -4]},
								"down": {"uv": [57, 48], "uv_size": [-21, -4]}
							}
						},
						{
							"origin": [-2.23, 24, -45.7],
							"size": [0.4, 0.7, 2.7],
							"inflate": 0.001,
							"uv": {
								"north": {"uv": [36, 44], "uv_size": [21, 4]},
								"east": {"uv": [36, 44], "uv_size": [21, 4]},
								"south": {"uv": [36, 44], "uv_size": [21, 4]},
								"west": {"uv": [36, 44], "uv_size": [21, 4]},
								"up": {"uv": [57, 48], "uv_size": [-21, -4]},
								"down": {"uv": [57, 48], "uv_size": [-21, -4]}
							}
						},
						{
							"origin": [-2.2, 24.32592, -43.08],
							"size": [0.4, 0.2, 0.14],
							"inflate": 0.001,
							"pivot": [-2.02827, 24.37592, -43.05963],
							"rotation": [-46.0287, 0, 0],
							"uv": {
								"north": {"uv": [36, 44], "uv_size": [21, 4]},
								"east": {"uv": [36, 44], "uv_size": [21, 4]},
								"south": {"uv": [36, 44], "uv_size": [21, 4]},
								"west": {"uv": [36, 44], "uv_size": [21, 4]},
								"up": {"uv": [57, 48], "uv_size": [-21, -4]},
								"down": {"uv": [57, 48], "uv_size": [-21, -4]}
							}
						},
						{
							"origin": [-2.23, 24.4, -39],
							"size": [0.4, 0.3, 2],
							"inflate": 0.001,
							"uv": {
								"north": {"uv": [36, 44], "uv_size": [21, 4]},
								"east": {"uv": [36, 44], "uv_size": [21, 4]},
								"south": {"uv": [36, 44], "uv_size": [21, 4]},
								"west": {"uv": [36, 44], "uv_size": [21, 4]},
								"up": {"uv": [57, 48], "uv_size": [-21, -4]},
								"down": {"uv": [57, 48], "uv_size": [-21, -4]}
							}
						},
						{
							"origin": [-2.2, 24.22592, -38.98],
							"size": [0.4, 0.4, 0.14],
							"inflate": 0.001,
							"pivot": [-2.02827, 24.37592, -39.05963],
							"rotation": [-46.0287, 0, 0],
							"uv": {
								"north": {"uv": [36, 44], "uv_size": [21, 4]},
								"east": {"uv": [36, 44], "uv_size": [21, 4]},
								"south": {"uv": [36, 44], "uv_size": [21, 4]},
								"west": {"uv": [36, 44], "uv_size": [21, 4]},
								"up": {"uv": [57, 48], "uv_size": [-21, -4]},
								"down": {"uv": [57, 48], "uv_size": [-21, -4]}
							}
						},
						{
							"origin": [-2.2, 24.32592, -39.08],
							"size": [0.4, 0.2, 0.14],
							"inflate": 0.001,
							"pivot": [-2.02827, 24.37592, -39.05963],
							"rotation": [-46.0287, 0, 0],
							"uv": {
								"north": {"uv": [36, 44], "uv_size": [21, 4]},
								"east": {"uv": [36, 44], "uv_size": [21, 4]},
								"south": {"uv": [36, 44], "uv_size": [21, 4]},
								"west": {"uv": [36, 44], "uv_size": [21, 4]},
								"up": {"uv": [57, 48], "uv_size": [-21, -4]},
								"down": {"uv": [57, 48], "uv_size": [-21, -4]}
							}
						},
						{
							"origin": [-2.23, 24, -37],
							"size": [0.4, 0.7, 2],
							"inflate": 0.001,
							"uv": {
								"north": {"uv": [36, 44], "uv_size": [21, 4]},
								"east": {"uv": [36, 44], "uv_size": [21, 4]},
								"south": {"uv": [36, 44], "uv_size": [21, 4]},
								"west": {"uv": [36, 44], "uv_size": [21, 4]},
								"up": {"uv": [57, 48], "uv_size": [-21, -4]},
								"down": {"uv": [57, 48], "uv_size": [-21, -4]}
							}
						},
						{
							"origin": [-2.2, 24.22592, -37.16],
							"size": [0.4, 0.4, 0.14],
							"inflate": 0.001,
							"pivot": [-2.02827, 24.37592, -36.94037],
							"rotation": [46.0287, 0, 0],
							"uv": {
								"north": {"uv": [36, 44], "uv_size": [21, 4]},
								"east": {"uv": [36, 44], "uv_size": [21, 4]},
								"south": {"uv": [36, 44], "uv_size": [21, 4]},
								"west": {"uv": [36, 44], "uv_size": [21, 4]},
								"up": {"uv": [57, 48], "uv_size": [-21, -4]},
								"down": {"uv": [57, 48], "uv_size": [-21, -4]}
							}
						},
						{
							"origin": [-2.2, 24.32592, -37.06],
							"size": [0.4, 0.2, 0.14],
							"inflate": 0.001,
							"pivot": [-2.02827, 24.37592, -36.94037],
							"rotation": [46.0287, 0, 0],
							"uv": {
								"north": {"uv": [36, 44], "uv_size": [21, 4]},
								"east": {"uv": [36, 44], "uv_size": [21, 4]},
								"south": {"uv": [36, 44], "uv_size": [21, 4]},
								"west": {"uv": [36, 44], "uv_size": [21, 4]},
								"up": {"uv": [57, 48], "uv_size": [-21, -4]},
								"down": {"uv": [57, 48], "uv_size": [-21, -4]}
							}
						},
						{
							"origin": [-2.2, 24.32592, -35.08],
							"size": [0.4, 0.2, 0.14],
							"inflate": 0.001,
							"pivot": [-2.02827, 24.37592, -35.05963],
							"rotation": [-46.0287, 0, 0],
							"uv": {
								"north": {"uv": [36, 44], "uv_size": [21, 4]},
								"east": {"uv": [36, 44], "uv_size": [21, 4]},
								"south": {"uv": [36, 44], "uv_size": [21, 4]},
								"west": {"uv": [36, 44], "uv_size": [21, 4]},
								"up": {"uv": [57, 48], "uv_size": [-21, -4]},
								"down": {"uv": [57, 48], "uv_size": [-21, -4]}
							}
						},
						{
							"origin": [-2.2, 24.22592, -34.98],
							"size": [0.4, 0.4, 0.14],
							"inflate": 0.001,
							"pivot": [-2.02827, 24.37592, -35.05963],
							"rotation": [-46.0287, 0, 0],
							"uv": {
								"north": {"uv": [36, 44], "uv_size": [21, 4]},
								"east": {"uv": [36, 44], "uv_size": [21, 4]},
								"south": {"uv": [36, 44], "uv_size": [21, 4]},
								"west": {"uv": [36, 44], "uv_size": [21, 4]},
								"up": {"uv": [57, 48], "uv_size": [-21, -4]},
								"down": {"uv": [57, 48], "uv_size": [-21, -4]}
							}
						},
						{
							"origin": [-2.23, 24.4, -35],
							"size": [0.4, 0.3, 2],
							"inflate": 0.001,
							"uv": {
								"north": {"uv": [36, 44], "uv_size": [21, 4]},
								"east": {"uv": [36, 44], "uv_size": [21, 4]},
								"south": {"uv": [36, 44], "uv_size": [21, 4]},
								"west": {"uv": [36, 44], "uv_size": [21, 4]},
								"up": {"uv": [57, 48], "uv_size": [-21, -4]},
								"down": {"uv": [57, 48], "uv_size": [-21, -4]}
							}
						},
						{
							"origin": [-2.2, 24.22592, -33.16],
							"size": [0.4, 0.4, 0.14],
							"inflate": 0.001,
							"pivot": [-2.02827, 24.37592, -32.94037],
							"rotation": [46.0287, 0, 0],
							"uv": {
								"north": {"uv": [36, 44], "uv_size": [21, 4]},
								"east": {"uv": [36, 44], "uv_size": [21, 4]},
								"south": {"uv": [36, 44], "uv_size": [21, 4]},
								"west": {"uv": [36, 44], "uv_size": [21, 4]},
								"up": {"uv": [57, 48], "uv_size": [-21, -4]},
								"down": {"uv": [57, 48], "uv_size": [-21, -4]}
							}
						},
						{
							"origin": [-2.23, 24, -33],
							"size": [0.4, 0.7, 2.7],
							"inflate": 0.001,
							"uv": {
								"north": {"uv": [36, 44], "uv_size": [21, 4]},
								"east": {"uv": [36, 44], "uv_size": [21, 4]},
								"south": {"uv": [36, 44], "uv_size": [21, 4]},
								"west": {"uv": [36, 44], "uv_size": [21, 4]},
								"up": {"uv": [57, 48], "uv_size": [-21, -4]},
								"down": {"uv": [57, 48], "uv_size": [-21, -4]}
							}
						},
						{
							"origin": [-2.2, 24.32592, -33.06],
							"size": [0.4, 0.2, 0.14],
							"inflate": 0.001,
							"pivot": [-2.02827, 24.37592, -32.94037],
							"rotation": [46.0287, 0, 0],
							"uv": {
								"north": {"uv": [36, 44], "uv_size": [21, 4]},
								"east": {"uv": [36, 44], "uv_size": [21, 4]},
								"south": {"uv": [36, 44], "uv_size": [21, 4]},
								"west": {"uv": [36, 44], "uv_size": [21, 4]},
								"up": {"uv": [57, 48], "uv_size": [-21, -4]},
								"down": {"uv": [57, 48], "uv_size": [-21, -4]}
							}
						},
						{
							"origin": [-2.23, 24, -30.3],
							"size": [1.4, 0.7, 0.3],
							"inflate": 0.001,
							"uv": {
								"north": {"uv": [79, 13], "uv_size": [6, 3]},
								"east": {"uv": [79, 13], "uv_size": [6, 3]},
								"south": {"uv": [79, 13], "uv_size": [6, 3]},
								"west": {"uv": [79, 13], "uv_size": [6, 3]},
								"up": {"uv": [85, 16], "uv_size": [-6, -3]},
								"down": {"uv": [85, 16], "uv_size": [-6, -3]}
							}
						},
						{
							"origin": [-2.25, 21.5, -45.7],
							"size": [0.5, 2.3, 15.4],
							"inflate": 0.001,
							"uv": {
								"north": {"uv": [36, 44], "uv_size": [21, 4]},
								"east": {"uv": [36, 44], "uv_size": [21, 4]},
								"south": {"uv": [36, 44], "uv_size": [21, 4]},
								"west": {"uv": [36, 44], "uv_size": [21, 4]},
								"up": {"uv": [57, 48], "uv_size": [-21, -4]},
								"down": {"uv": [57, 48], "uv_size": [-21, -4]}
							}
						},
						{
							"origin": [-1.25, 19.9, -23.2],
							"size": [2.6, 0.6, 0.3],
							"inflate": 0.001,
							"uv": {
								"north": {"uv": [38, 94], "uv_size": [1, 4]},
								"east": {"uv": [38, 94], "uv_size": [1, 4]},
								"south": {"uv": [82, 29], "uv_size": [4, 4]},
								"west": {"uv": [39, 94], "uv_size": [1, 4]},
								"up": {"uv": [94, 30], "uv_size": [4, 1]},
								"down": {"uv": [94, 42], "uv_size": [4, -1]}
							}
						}
					]
				},
				{
					"name": "bone7",
					"parent": "handguard",
					"pivot": [1.80748, 19.39026, -27.001],
					"cubes": [
						{
							"origin": [1.80648, 19.39126, -24.6],
							"size": [0.3, 1.15, 0.2],
							"inflate": 0.001,
							"pivot": [1.80748, 19.39026, -25.901],
							"rotation": [-142.85194, 0.90072, 147.14672],
							"uv": {
								"north": {"uv": [56, 94], "uv_size": [-1, 4]},
								"east": {"uv": [56, 94], "uv_size": [-1, 4]},
								"south": {"uv": [56, 94], "uv_size": [-1, 4]},
								"west": {"uv": [56, 94], "uv_size": [-1, 4]},
								"up": {"uv": [55, 98], "uv_size": [1, -4]},
								"down": {"uv": [55, 98], "uv_size": [1, -4]}
							}
						},
						{
							"origin": [1.80648, 19.39126, -25.9],
							"size": [0.4, 1.15, 1.3],
							"inflate": 0.001,
							"pivot": [1.80748, 19.39026, -25.901],
							"rotation": [-142.85194, 0.90072, 147.14672],
							"uv": {
								"north": {"uv": [36, 44], "uv_size": [21, 4]},
								"east": {"uv": [36, 44], "uv_size": [21, 4]},
								"south": {"uv": [36, 44], "uv_size": [21, 4]},
								"west": {"uv": [36, 44], "uv_size": [21, 4]},
								"up": {"uv": [57, 48], "uv_size": [-21, -4]},
								"down": {"uv": [57, 48], "uv_size": [-21, -4]}
							}
						},
						{
							"origin": [0.95, 18.9, -25.898],
							"size": [0.1, 1.15, 3.8],
							"inflate": 0.001,
							"pivot": [1.051, 18.899, -25.899],
							"rotation": [-140.72696, 17.47487, 160.26023],
							"uv": {
								"north": {"uv": [36, 44], "uv_size": [21, 4]},
								"east": {"uv": [36, 44], "uv_size": [21, 4]},
								"south": {"uv": [36, 44], "uv_size": [21, 4]},
								"west": {"uv": [36, 44], "uv_size": [21, 4]},
								"up": {"uv": [57, 48], "uv_size": [-21, -4]},
								"down": {"uv": [57, 48], "uv_size": [-21, -4]}
							}
						},
						{
							"origin": [0.75, 18.9, -25.298],
							"size": [0.2, 1.15, 0.7],
							"inflate": 0.001,
							"pivot": [1.051, 18.899, -25.899],
							"rotation": [-140.72696, 17.47487, 160.26023],
							"uv": {
								"north": {"uv": [56, 94], "uv_size": [-1, 4]},
								"east": {"uv": [56, 94], "uv_size": [-1, 4]},
								"south": {"uv": [56, 94], "uv_size": [-1, 4]},
								"west": {"uv": [56, 94], "uv_size": [-1, 4]},
								"up": {"uv": [55, 98], "uv_size": [1, -4]},
								"down": {"uv": [55, 98], "uv_size": [1, -4]}
							}
						},
						{
							"origin": [2.20648, 19.39126, -25.7],
							"size": [0.2, 1.15, 0.5],
							"inflate": 0.001,
							"pivot": [1.80748, 19.39026, -25.901],
							"rotation": [-142.85194, 0.90072, 147.14672],
							"uv": {
								"north": {"uv": [36, 44], "uv_size": [21, 4]},
								"east": {"uv": [36, 44], "uv_size": [21, 4]},
								"south": {"uv": [36, 44], "uv_size": [21, 4]},
								"west": {"uv": [36, 44], "uv_size": [21, 4]},
								"up": {"uv": [57, 48], "uv_size": [-21, -4]},
								"down": {"uv": [57, 48], "uv_size": [-21, -4]}
							}
						},
						{
							"origin": [2.40648, 19.39126, -25.7],
							"size": [0.1, 1.15, 0.3],
							"inflate": 0.001,
							"pivot": [1.80748, 19.39026, -25.901],
							"rotation": [-142.85194, 0.90072, 147.14672],
							"uv": {
								"north": {"uv": [36, 44], "uv_size": [21, 4]},
								"east": {"uv": [36, 44], "uv_size": [21, 4]},
								"south": {"uv": [36, 44], "uv_size": [21, 4]},
								"west": {"uv": [36, 44], "uv_size": [21, 4]},
								"up": {"uv": [57, 48], "uv_size": [-21, -4]},
								"down": {"uv": [57, 48], "uv_size": [-21, -4]}
							}
						},
						{
							"origin": [2.20648, 19.39126, -25.9],
							"size": [0.4, 1.15, 0.2],
							"inflate": 0.001,
							"pivot": [1.80748, 19.39026, -25.901],
							"rotation": [-142.85194, 0.90072, 147.14672],
							"uv": {
								"north": {"uv": [36, 44], "uv_size": [21, 4]},
								"east": {"uv": [36, 44], "uv_size": [21, 4]},
								"south": {"uv": [36, 44], "uv_size": [21, 4]},
								"west": {"uv": [36, 44], "uv_size": [21, 4]},
								"up": {"uv": [57, 48], "uv_size": [-21, -4]},
								"down": {"uv": [57, 48], "uv_size": [-21, -4]}
							}
						},
						{
							"origin": [2.48, 19.39126, -25.7],
							"size": [0.1, 1.15, 0.1],
							"inflate": 0.001,
							"pivot": [1.80748, 19.39026, -25.901],
							"rotation": [-142.85194, 0.90072, 147.14672],
							"uv": {
								"north": {"uv": [36, 44], "uv_size": [21, 4]},
								"east": {"uv": [36, 44], "uv_size": [21, 4]},
								"south": {"uv": [36, 44], "uv_size": [21, 4]},
								"west": {"uv": [36, 44], "uv_size": [21, 4]},
								"up": {"uv": [57, 48], "uv_size": [-21, -4]},
								"down": {"uv": [57, 48], "uv_size": [-21, -4]}
							}
						}
					]
				},
				{
					"name": "bone8",
					"parent": "handguard",
					"pivot": [-1.80748, 19.39026, -27.001],
					"cubes": [
						{
							"origin": [-2.10648, 19.39126, -24.6],
							"size": [0.3, 1.15, 0.2],
							"inflate": 0.001,
							"pivot": [-1.80748, 19.39026, -25.901],
							"rotation": [-142.85194, -0.90072, -147.14672],
							"uv": {
								"north": {"uv": [55, 94], "uv_size": [1, 4]},
								"east": {"uv": [55, 94], "uv_size": [1, 4]},
								"south": {"uv": [55, 94], "uv_size": [1, 4]},
								"west": {"uv": [55, 94], "uv_size": [1, 4]},
								"up": {"uv": [56, 98], "uv_size": [-1, -4]},
								"down": {"uv": [56, 98], "uv_size": [-1, -4]}
							}
						},
						{
							"origin": [-2.20648, 19.39126, -25.9],
							"size": [0.4, 1.15, 1.3],
							"inflate": 0.001,
							"pivot": [-1.80748, 19.39026, -25.901],
							"rotation": [-142.85194, -0.90072, -147.14672],
							"uv": {
								"north": {"uv": [36, 44], "uv_size": [21, 4]},
								"east": {"uv": [36, 44], "uv_size": [21, 4]},
								"south": {"uv": [36, 44], "uv_size": [21, 4]},
								"west": {"uv": [36, 44], "uv_size": [21, 4]},
								"up": {"uv": [57, 48], "uv_size": [-21, -4]},
								"down": {"uv": [57, 48], "uv_size": [-21, -4]}
							}
						},
						{
							"origin": [-1.05, 18.9, -25.898],
							"size": [0.1, 1.15, 3.8],
							"inflate": 0.001,
							"pivot": [-1.051, 18.899, -25.899],
							"rotation": [-140.72696, -17.47487, -160.26023],
							"uv": {
								"north": {"uv": [36, 44], "uv_size": [21, 4]},
								"east": {"uv": [36, 44], "uv_size": [21, 4]},
								"south": {"uv": [36, 44], "uv_size": [21, 4]},
								"west": {"uv": [36, 44], "uv_size": [21, 4]},
								"up": {"uv": [57, 48], "uv_size": [-21, -4]},
								"down": {"uv": [57, 48], "uv_size": [-21, -4]}
							}
						},
						{
							"origin": [-0.95, 18.9, -25.298],
							"size": [0.2, 1.15, 0.7],
							"inflate": 0.001,
							"pivot": [-1.051, 18.899, -25.899],
							"rotation": [-140.72696, -17.47487, -160.26023],
							"uv": {
								"north": {"uv": [55, 94], "uv_size": [1, 4]},
								"east": {"uv": [55, 94], "uv_size": [1, 4]},
								"south": {"uv": [55, 94], "uv_size": [1, 4]},
								"west": {"uv": [55, 94], "uv_size": [1, 4]},
								"up": {"uv": [56, 98], "uv_size": [-1, -4]},
								"down": {"uv": [56, 98], "uv_size": [-1, -4]}
							}
						},
						{
							"origin": [-2.40648, 19.39126, -25.7],
							"size": [0.2, 1.15, 0.5],
							"inflate": 0.001,
							"pivot": [-1.80748, 19.39026, -25.901],
							"rotation": [-142.85194, -0.90072, -147.14672],
							"uv": {
								"north": {"uv": [36, 44], "uv_size": [21, 4]},
								"east": {"uv": [36, 44], "uv_size": [21, 4]},
								"south": {"uv": [36, 44], "uv_size": [21, 4]},
								"west": {"uv": [36, 44], "uv_size": [21, 4]},
								"up": {"uv": [57, 48], "uv_size": [-21, -4]},
								"down": {"uv": [57, 48], "uv_size": [-21, -4]}
							}
						},
						{
							"origin": [-2.50648, 19.39126, -25.7],
							"size": [0.1, 1.15, 0.3],
							"inflate": 0.001,
							"pivot": [-1.80748, 19.39026, -25.901],
							"rotation": [-142.85194, -0.90072, -147.14672],
							"uv": {
								"north": {"uv": [36, 44], "uv_size": [21, 4]},
								"east": {"uv": [36, 44], "uv_size": [21, 4]},
								"south": {"uv": [36, 44], "uv_size": [21, 4]},
								"west": {"uv": [36, 44], "uv_size": [21, 4]},
								"up": {"uv": [57, 48], "uv_size": [-21, -4]},
								"down": {"uv": [57, 48], "uv_size": [-21, -4]}
							}
						},
						{
							"origin": [-2.60648, 19.39126, -25.9],
							"size": [0.4, 1.15, 0.2],
							"inflate": 0.001,
							"pivot": [-1.80748, 19.39026, -25.901],
							"rotation": [-142.85194, -0.90072, -147.14672],
							"uv": {
								"north": {"uv": [36, 44], "uv_size": [21, 4]},
								"east": {"uv": [36, 44], "uv_size": [21, 4]},
								"south": {"uv": [36, 44], "uv_size": [21, 4]},
								"west": {"uv": [36, 44], "uv_size": [21, 4]},
								"up": {"uv": [57, 48], "uv_size": [-21, -4]},
								"down": {"uv": [57, 48], "uv_size": [-21, -4]}
							}
						},
						{
							"origin": [-2.58, 19.39126, -25.7],
							"size": [0.1, 1.15, 0.1],
							"inflate": 0.001,
							"pivot": [-1.80748, 19.39026, -25.901],
							"rotation": [-142.85194, -0.90072, -147.14672],
							"uv": {
								"north": {"uv": [36, 44], "uv_size": [21, 4]},
								"east": {"uv": [36, 44], "uv_size": [21, 4]},
								"south": {"uv": [36, 44], "uv_size": [21, 4]},
								"west": {"uv": [36, 44], "uv_size": [21, 4]},
								"up": {"uv": [57, 48], "uv_size": [-21, -4]},
								"down": {"uv": [57, 48], "uv_size": [-21, -4]}
							}
						}
					]
				},
				{
					"name": "bone9",
					"parent": "handguard",
					"pivot": [2.06297, 20.76879, -27.001],
					"cubes": [
						{
							"origin": [1.24394, 19.02297, -25.84066],
							"size": [0.1, 0.85, 1.5],
							"inflate": 0.001,
							"pivot": [1.61284, 19.15508, -25.90258],
							"rotation": [-150.05639, 24.30047, 113.45757],
							"uv": {
								"north": {"uv": [36, 44], "uv_size": [21, 4]},
								"east": {"uv": [36, 44], "uv_size": [21, 4]},
								"south": {"uv": [36, 44], "uv_size": [21, 4]},
								"west": {"uv": [36, 44], "uv_size": [21, 4]},
								"up": {"uv": [57, 48], "uv_size": [-21, -4]},
								"down": {"uv": [57, 48], "uv_size": [-21, -4]}
							}
						},
						{
							"origin": [0.94394, 19.02297, -25.54066],
							"size": [0.3, 0.85, 0.8],
							"inflate": 0.001,
							"pivot": [1.61284, 19.15508, -25.90258],
							"rotation": [-150.05639, 24.30047, 113.45757],
							"uv": {
								"north": {"uv": [36, 44], "uv_size": [21, 4]},
								"east": {"uv": [36, 44], "uv_size": [21, 4]},
								"south": {"uv": [36, 44], "uv_size": [21, 4]},
								"west": {"uv": [36, 44], "uv_size": [21, 4]},
								"up": {"uv": [57, 48], "uv_size": [-21, -4]},
								"down": {"uv": [57, 48], "uv_size": [-21, -4]}
							}
						},
						{
							"origin": [0.64588, 19.01473, -25.88767],
							"size": [0.1, 0.85, 1],
							"inflate": 0.001,
							"pivot": [1.61284, 19.15508, -25.90258],
							"rotation": [-152.93922, -0.42456, 99.90473],
							"uv": {
								"north": {"uv": [45, 94], "uv_size": [-1, 4]},
								"east": {"uv": [45, 94], "uv_size": [-1, 4]},
								"south": {"uv": [45, 94], "uv_size": [-1, 4]},
								"west": {"uv": [45, 94], "uv_size": [-1, 4]},
								"up": {"uv": [44, 98], "uv_size": [1, -4]},
								"down": {"uv": [44, 98], "uv_size": [1, -4]}
							}
						},
						{
							"origin": [2.25799, 21.50602, -25.9],
							"size": [1.5, 0.85, 1.5],
							"inflate": 0.001,
							"pivot": [2.25699, 21.50502, -25.901],
							"rotation": [-152.97361, -0.4433, 102.1407],
							"uv": {
								"north": {"uv": [45, 94], "uv_size": [-1, 4]},
								"east": {"uv": [45, 94], "uv_size": [-1, 4]},
								"south": {"uv": [45, 94], "uv_size": [-1, 4]},
								"west": {"uv": [45, 94], "uv_size": [-1, 4]},
								"up": {"uv": [44, 98], "uv_size": [1, -4]},
								"down": {"uv": [44, 98], "uv_size": [1, -4]}
							}
						},
						{
							"origin": [0.74588, 19.01473, -25.68767],
							"size": [0.3, 0.85, 0.1],
							"inflate": 0.001,
							"pivot": [1.61284, 19.15508, -25.90258],
							"rotation": [-152.93922, -0.42456, 99.90473],
							"uv": {
								"north": {"uv": [36, 44], "uv_size": [21, 4]},
								"east": {"uv": [36, 44], "uv_size": [21, 4]},
								"south": {"uv": [36, 44], "uv_size": [21, 4]},
								"west": {"uv": [36, 44], "uv_size": [21, 4]},
								"up": {"uv": [57, 48], "uv_size": [-21, -4]},
								"down": {"uv": [57, 48], "uv_size": [-21, -4]}
							}
						},
						{
							"origin": [0.74588, 19.01473, -25.78767],
							"size": [0.4, 0.85, 0.1],
							"inflate": 0.001,
							"pivot": [1.61284, 19.15508, -25.90258],
							"rotation": [-152.93922, -0.42456, 99.90473],
							"uv": {
								"north": {"uv": [36, 44], "uv_size": [21, 4]},
								"east": {"uv": [36, 44], "uv_size": [21, 4]},
								"south": {"uv": [36, 44], "uv_size": [21, 4]},
								"west": {"uv": [36, 44], "uv_size": [21, 4]},
								"up": {"uv": [57, 48], "uv_size": [-21, -4]},
								"down": {"uv": [57, 48], "uv_size": [-21, -4]}
							}
						},
						{
							"origin": [0.74588, 19.01473, -25.88767],
							"size": [0.5, 0.85, 0.1],
							"inflate": 0.001,
							"pivot": [1.61284, 19.15508, -25.90258],
							"rotation": [-152.93922, -0.42456, 99.90473],
							"uv": {
								"north": {"uv": [36, 44], "uv_size": [21, 4]},
								"east": {"uv": [36, 44], "uv_size": [21, 4]},
								"south": {"uv": [36, 44], "uv_size": [21, 4]},
								"west": {"uv": [36, 44], "uv_size": [21, 4]},
								"up": {"uv": [57, 48], "uv_size": [-21, -4]},
								"down": {"uv": [57, 48], "uv_size": [-21, -4]}
							}
						},
						{
							"origin": [0.64588, 19.01473, -25.98767],
							"size": [0.6, 0.85, 0.1],
							"inflate": 0.001,
							"pivot": [1.61284, 19.15508, -25.90258],
							"rotation": [-152.93922, -0.42456, 99.90473],
							"uv": {
								"north": {"uv": [36, 44], "uv_size": [21, 4]},
								"east": {"uv": [36, 44], "uv_size": [21, 4]},
								"south": {"uv": [36, 44], "uv_size": [21, 4]},
								"west": {"uv": [36, 44], "uv_size": [21, 4]},
								"up": {"uv": [57, 48], "uv_size": [-21, -4]},
								"down": {"uv": [57, 48], "uv_size": [-21, -4]}
							}
						}
					]
				},
				{
					"name": "bone10",
					"parent": "handguard",
					"pivot": [-2.06297, 20.76879, -27.001],
					"cubes": [
						{
							"origin": [-1.34394, 19.02297, -25.84066],
							"size": [0.1, 0.85, 1.5],
							"inflate": 0.001,
							"pivot": [-1.61284, 19.15508, -25.90258],
							"rotation": [-150.05639, -24.30047, -113.45757],
							"uv": {
								"north": {"uv": [36, 44], "uv_size": [21, 4]},
								"east": {"uv": [36, 44], "uv_size": [21, 4]},
								"south": {"uv": [36, 44], "uv_size": [21, 4]},
								"west": {"uv": [36, 44], "uv_size": [21, 4]},
								"up": {"uv": [57, 48], "uv_size": [-21, -4]},
								"down": {"uv": [57, 48], "uv_size": [-21, -4]}
							}
						},
						{
							"origin": [-1.24394, 19.02297, -25.54066],
							"size": [0.3, 0.85, 0.8],
							"inflate": 0.001,
							"pivot": [-1.61284, 19.15508, -25.90258],
							"rotation": [-150.05639, -24.30047, -113.45757],
							"uv": {
								"north": {"uv": [36, 44], "uv_size": [21, 4]},
								"east": {"uv": [36, 44], "uv_size": [21, 4]},
								"south": {"uv": [36, 44], "uv_size": [21, 4]},
								"west": {"uv": [36, 44], "uv_size": [21, 4]},
								"up": {"uv": [57, 48], "uv_size": [-21, -4]},
								"down": {"uv": [57, 48], "uv_size": [-21, -4]}
							}
						},
						{
							"origin": [-0.74588, 19.01473, -25.88767],
							"size": [0.1, 0.85, 1],
							"inflate": 0.001,
							"pivot": [-1.61284, 19.15508, -25.90258],
							"rotation": [-152.93922, 0.42456, -99.90473],
							"uv": {
								"north": {"uv": [44, 94], "uv_size": [1, 4]},
								"east": {"uv": [44, 94], "uv_size": [1, 4]},
								"south": {"uv": [44, 94], "uv_size": [1, 4]},
								"west": {"uv": [44, 94], "uv_size": [1, 4]},
								"up": {"uv": [45, 98], "uv_size": [-1, -4]},
								"down": {"uv": [45, 98], "uv_size": [-1, -4]}
							}
						},
						{
							"origin": [-3.75799, 21.50602, -25.9],
							"size": [1.5, 0.85, 1.5],
							"inflate": 0.001,
							"pivot": [-2.25699, 21.50502, -25.901],
							"rotation": [-152.97361, 0.4433, -102.1407],
							"uv": {
								"north": {"uv": [44, 94], "uv_size": [1, 4]},
								"east": {"uv": [44, 94], "uv_size": [1, 4]},
								"south": {"uv": [44, 94], "uv_size": [1, 4]},
								"west": {"uv": [44, 94], "uv_size": [1, 4]},
								"up": {"uv": [45, 98], "uv_size": [-1, -4]},
								"down": {"uv": [45, 98], "uv_size": [-1, -4]}
							}
						},
						{
							"origin": [-1.04588, 19.01473, -25.68767],
							"size": [0.3, 0.85, 0.1],
							"inflate": 0.001,
							"pivot": [-1.61284, 19.15508, -25.90258],
							"rotation": [-152.93922, 0.42456, -99.90473],
							"uv": {
								"north": {"uv": [36, 44], "uv_size": [21, 4]},
								"east": {"uv": [36, 44], "uv_size": [21, 4]},
								"south": {"uv": [36, 44], "uv_size": [21, 4]},
								"west": {"uv": [36, 44], "uv_size": [21, 4]},
								"up": {"uv": [57, 48], "uv_size": [-21, -4]},
								"down": {"uv": [57, 48], "uv_size": [-21, -4]}
							}
						},
						{
							"origin": [-1.14588, 19.01473, -25.78767],
							"size": [0.4, 0.85, 0.1],
							"inflate": 0.001,
							"pivot": [-1.61284, 19.15508, -25.90258],
							"rotation": [-152.93922, 0.42456, -99.90473],
							"uv": {
								"north": {"uv": [36, 44], "uv_size": [21, 4]},
								"east": {"uv": [36, 44], "uv_size": [21, 4]},
								"south": {"uv": [36, 44], "uv_size": [21, 4]},
								"west": {"uv": [36, 44], "uv_size": [21, 4]},
								"up": {"uv": [57, 48], "uv_size": [-21, -4]},
								"down": {"uv": [57, 48], "uv_size": [-21, -4]}
							}
						},
						{
							"origin": [-1.24588, 19.01473, -25.88767],
							"size": [0.5, 0.85, 0.1],
							"inflate": 0.001,
							"pivot": [-1.61284, 19.15508, -25.90258],
							"rotation": [-152.93922, 0.42456, -99.90473],
							"uv": {
								"north": {"uv": [36, 44], "uv_size": [21, 4]},
								"east": {"uv": [36, 44], "uv_size": [21, 4]},
								"south": {"uv": [36, 44], "uv_size": [21, 4]},
								"west": {"uv": [36, 44], "uv_size": [21, 4]},
								"up": {"uv": [57, 48], "uv_size": [-21, -4]},
								"down": {"uv": [57, 48], "uv_size": [-21, -4]}
							}
						},
						{
							"origin": [-1.24588, 19.01473, -25.98767],
							"size": [0.6, 0.85, 0.1],
							"inflate": 0.001,
							"pivot": [-1.61284, 19.15508, -25.90258],
							"rotation": [-152.93922, 0.42456, -99.90473],
							"uv": {
								"north": {"uv": [36, 44], "uv_size": [21, 4]},
								"east": {"uv": [36, 44], "uv_size": [21, 4]},
								"south": {"uv": [36, 44], "uv_size": [21, 4]},
								"west": {"uv": [36, 44], "uv_size": [21, 4]},
								"up": {"uv": [57, 48], "uv_size": [-21, -4]},
								"down": {"uv": [57, 48], "uv_size": [-21, -4]}
							}
						}
					]
				},
				{
					"name": "bone13",
					"parent": "handguard",
					"pivot": [-1.90748, 19.99026, -30.801],
					"rotation": [-1.5, 0, 0],
					"cubes": [
						{
							"origin": [-3.83496, 18.31881, -32.00286],
							"size": [0.9, 1.15, 16.1],
							"inflate": 0.001,
							"pivot": [-1.151, 19.799, -30.799],
							"rotation": [180, 0, 147],
							"uv": {
								"north": {"uv": [36, 44], "uv_size": [21, 4]},
								"east": {"uv": [36, 44], "uv_size": [21, 4]},
								"south": {"uv": [36, 44], "uv_size": [21, 4]},
								"west": {"uv": [36, 44], "uv_size": [21, 4]},
								"up": {"uv": [57, 48], "uv_size": [-21, -4]},
								"down": {"uv": [57, 48], "uv_size": [-21, -4]}
							}
						},
						{
							"origin": [2.93496, 18.31881, -32.00286],
							"size": [0.9, 1.15, 16.1],
							"inflate": 0.001,
							"pivot": [1.151, 19.799, -30.799],
							"rotation": [180, 0, -147],
							"uv": {
								"north": {"uv": [36, 44], "uv_size": [21, 4]},
								"east": {"uv": [36, 44], "uv_size": [21, 4]},
								"south": {"uv": [36, 44], "uv_size": [21, 4]},
								"west": {"uv": [36, 44], "uv_size": [21, 4]},
								"up": {"uv": [57, 48], "uv_size": [-21, -4]},
								"down": {"uv": [57, 48], "uv_size": [-21, -4]}
							}
						},
						{
							"origin": [-1.15, 19.52884, -45.69514],
							"size": [2.3, 1.5, 16],
							"inflate": 0.001,
							"uv": {
								"north": {"uv": [36, 44], "uv_size": [21, 4]},
								"east": {"uv": [36, 44], "uv_size": [21, 4]},
								"south": {"uv": [36, 44], "uv_size": [21, 4]},
								"west": {"uv": [36, 44], "uv_size": [21, 4]},
								"up": {"uv": [57, 48], "uv_size": [-21, -4]},
								"down": {"uv": [57, 48], "uv_size": [-21, -4]}
							}
						},
						{
							"origin": [-1.15, 19.52884, -45.99514],
							"size": [2.3, 1.6, 0.3],
							"inflate": 0.001,
							"uv": {
								"north": {"uv": [79, 13], "uv_size": [6, 3]},
								"east": {"uv": [79, 13], "uv_size": [6, 3]},
								"south": {"uv": [79, 13], "uv_size": [6, 3]},
								"west": {"uv": [79, 13], "uv_size": [6, 3]},
								"up": {"uv": [85, 16], "uv_size": [-6, -3]},
								"down": {"uv": [85, 16], "uv_size": [-6, -3]}
							}
						},
						{
							"origin": [-2.80662, 16.92065, -32.00286],
							"size": [0.6, 0.85, 16.1],
							"inflate": 0.001,
							"pivot": [-1.151, 19.799, -30.799],
							"rotation": [180, 0, 106],
							"uv": {
								"north": {"uv": [36, 44], "uv_size": [21, 4]},
								"east": {"uv": [36, 44], "uv_size": [21, 4]},
								"south": {"uv": [36, 44], "uv_size": [21, 4]},
								"west": {"uv": [36, 44], "uv_size": [21, 4]},
								"up": {"uv": [57, 48], "uv_size": [-21, -4]},
								"down": {"uv": [57, 48], "uv_size": [-21, -4]}
							}
						},
						{
							"origin": [-3.10662, 16.92065, -32.00286],
							"size": [0.3, 0.85, 8.5],
							"inflate": 0.001,
							"pivot": [-1.151, 19.799, -30.799],
							"rotation": [180, 0, 106],
							"uv": {
								"north": {"uv": [36, 44], "uv_size": [21, 4]},
								"east": {"uv": [36, 44], "uv_size": [21, 4]},
								"south": {"uv": [36, 44], "uv_size": [21, 4]},
								"west": {"uv": [36, 44], "uv_size": [21, 4]},
								"up": {"uv": [57, 48], "uv_size": [-21, -4]},
								"down": {"uv": [57, 48], "uv_size": [-21, -4]}
							}
						},
						{
							"origin": [0.9788, 19.9992, -35.70162],
							"size": [0.9, 0.85, 3.7],
							"inflate": 0.001,
							"pivot": [1.90748, 19.99026, -30.801],
							"rotation": [180, 0, 106],
							"uv": {
								"north": {"uv": [36, 44], "uv_size": [21, 4]},
								"east": {"uv": [36, 44], "uv_size": [21, 4]},
								"south": {"uv": [36, 44], "uv_size": [21, 4]},
								"west": {"uv": [36, 44], "uv_size": [21, 4]},
								"up": {"uv": [57, 48], "uv_size": [-21, -4]},
								"down": {"uv": [57, 48], "uv_size": [-21, -4]}
							}
						},
						{
							"origin": [2.80662, 16.92065, -32.00286],
							"size": [0.3, 0.85, 8.5],
							"inflate": 0.001,
							"pivot": [1.151, 19.799, -30.799],
							"rotation": [180, 0, -106],
							"uv": {
								"north": {"uv": [36, 44], "uv_size": [21, 4]},
								"east": {"uv": [36, 44], "uv_size": [21, 4]},
								"south": {"uv": [36, 44], "uv_size": [21, 4]},
								"west": {"uv": [36, 44], "uv_size": [21, 4]},
								"up": {"uv": [57, 48], "uv_size": [-21, -4]},
								"down": {"uv": [57, 48], "uv_size": [-21, -4]}
							}
						},
						{
							"origin": [2.20662, 16.92065, -32.00286],
							"size": [0.6, 0.85, 16.1],
							"inflate": 0.001,
							"pivot": [1.151, 19.799, -30.799],
							"rotation": [180, 0, -106],
							"uv": {
								"north": {"uv": [36, 44], "uv_size": [21, 4]},
								"east": {"uv": [36, 44], "uv_size": [21, 4]},
								"south": {"uv": [36, 44], "uv_size": [21, 4]},
								"west": {"uv": [36, 44], "uv_size": [21, 4]},
								"up": {"uv": [57, 48], "uv_size": [-21, -4]},
								"down": {"uv": [57, 48], "uv_size": [-21, -4]}
							}
						},
						{
							"origin": [-3.83496, 18.31881, -15.90286],
							"size": [0.9, 1.15, 0.3],
							"inflate": 0.001,
							"pivot": [-1.151, 19.799, -30.799],
							"rotation": [180, 0, 147],
							"uv": {
								"north": {"uv": [79, 13], "uv_size": [6, 3]},
								"east": {"uv": [79, 13], "uv_size": [6, 3]},
								"south": {"uv": [79, 13], "uv_size": [6, 3]},
								"west": {"uv": [79, 13], "uv_size": [6, 3]},
								"up": {"uv": [85, 16], "uv_size": [-6, -3]},
								"down": {"uv": [85, 16], "uv_size": [-6, -3]}
							}
						},
						{
							"origin": [2.93496, 18.31881, -15.90286],
							"size": [0.9, 1.15, 0.3],
							"inflate": 0.001,
							"pivot": [1.151, 19.799, -30.799],
							"rotation": [180, 0, -147],
							"uv": {
								"north": {"uv": [79, 13], "uv_size": [6, 3]},
								"east": {"uv": [79, 13], "uv_size": [6, 3]},
								"south": {"uv": [79, 13], "uv_size": [6, 3]},
								"west": {"uv": [79, 13], "uv_size": [6, 3]},
								"up": {"uv": [85, 16], "uv_size": [-6, -3]},
								"down": {"uv": [85, 16], "uv_size": [-6, -3]}
							}
						},
						{
							"origin": [-1.88, 20.00256, -48.49639],
							"size": [0.5, 0.85, 0.3],
							"inflate": 0.001,
							"pivot": [-1.9075, 19.99031, -47.09576],
							"rotation": [180, 0, -113],
							"uv": {
								"north": {"uv": [79, 13], "uv_size": [6, 3]},
								"east": {"uv": [79, 13], "uv_size": [6, 3]},
								"south": {"uv": [79, 13], "uv_size": [6, 3]},
								"west": {"uv": [79, 13], "uv_size": [6, 3]},
								"up": {"uv": [85, 16], "uv_size": [-6, -3]},
								"down": {"uv": [85, 16], "uv_size": [-6, -3]}
							}
						},
						{
							"origin": [1.38, 20.00256, -48.49639],
							"size": [0.5, 0.85, 0.3],
							"inflate": 0.001,
							"pivot": [1.9075, 19.99031, -47.09576],
							"rotation": [180, 0, 113],
							"uv": {
								"north": {"uv": [79, 13], "uv_size": [6, 3]},
								"east": {"uv": [79, 13], "uv_size": [6, 3]},
								"south": {"uv": [79, 13], "uv_size": [6, 3]},
								"west": {"uv": [79, 13], "uv_size": [6, 3]},
								"up": {"uv": [85, 16], "uv_size": [-6, -3]},
								"down": {"uv": [85, 16], "uv_size": [-6, -3]}
							}
						},
						{
							"origin": [-1.8788, 19.9992, -35.70162],
							"size": [0.9, 0.85, 3.7],
							"inflate": 0.001,
							"pivot": [-1.90748, 19.99026, -30.801],
							"rotation": [180, 0, -106],
							"uv": {
								"north": {"uv": [36, 44], "uv_size": [21, 4]},
								"east": {"uv": [36, 44], "uv_size": [21, 4]},
								"south": {"uv": [36, 44], "uv_size": [21, 4]},
								"west": {"uv": [36, 44], "uv_size": [21, 4]},
								"up": {"uv": [57, 48], "uv_size": [-21, -4]},
								"down": {"uv": [57, 48], "uv_size": [-21, -4]}
							}
						},
						{
							"origin": [3.44682, 20.47574, -71.09962],
							"size": [0.9, 1.15, 3.7],
							"inflate": 0.001,
							"pivot": [2.73451, 20.05159, -48.5],
							"rotation": [180, 0, 147],
							"uv": {
								"north": {"uv": [36, 44], "uv_size": [21, 4]},
								"east": {"uv": [36, 44], "uv_size": [21, 4]},
								"south": {"uv": [36, 44], "uv_size": [21, 4]},
								"west": {"uv": [36, 44], "uv_size": [21, 4]},
								"up": {"uv": [57, 48], "uv_size": [-21, -4]},
								"down": {"uv": [57, 48], "uv_size": [-21, -4]}
							}
						},
						{
							"origin": [-4.34682, 20.47574, -71.09962],
							"size": [0.9, 1.15, 3.7],
							"inflate": 0.001,
							"pivot": [-2.73451, 20.05159, -48.5],
							"rotation": [180, 0, -147],
							"uv": {
								"north": {"uv": [36, 44], "uv_size": [21, 4]},
								"east": {"uv": [36, 44], "uv_size": [21, 4]},
								"south": {"uv": [36, 44], "uv_size": [21, 4]},
								"west": {"uv": [36, 44], "uv_size": [21, 4]},
								"up": {"uv": [57, 48], "uv_size": [-21, -4]},
								"down": {"uv": [57, 48], "uv_size": [-21, -4]}
							}
						},
						{
							"origin": [-1.15, 19.52879, -29.70038],
							"size": [2.3, 1.5, 3.7],
							"inflate": 0.001,
							"uv": {
								"north": {"uv": [36, 44], "uv_size": [21, 4]},
								"east": {"uv": [36, 44], "uv_size": [21, 4]},
								"south": {"uv": [36, 44], "uv_size": [21, 4]},
								"west": {"uv": [36, 44], "uv_size": [21, 4]},
								"up": {"uv": [57, 48], "uv_size": [-21, -4]},
								"down": {"uv": [57, 48], "uv_size": [-21, -4]}
							}
						}
					]
				},
				{
					"name": "bone11",
					"parent": "handguard",
					"pivot": [-1.151, 19.699, -30.799],
					"rotation": [-1, 0, 0]
				},
				{
					"name": "bone12",
					"parent": "bone11",
					"pivot": [1.151, 19.699, -30.699],
					"rotation": [0, -0.26, 0]
				},
				{
					"name": "bone2",
					"parent": "handguard",
					"pivot": [1.78943, 26.24094, -47.099],
					"rotation": [0, 0, 7],
					"cubes": [
						{
							"origin": [1.12206, 25.34523, -46],
							"size": [1.3, 0.85, 0.3],
							"inflate": 0.001,
							"pivot": [0.90706, 24.94523, -46.2],
							"rotation": [0, 0, -41],
							"uv": {
								"north": {"uv": [79, 13], "uv_size": [6, 3]},
								"east": {"uv": [79, 13], "uv_size": [6, 3]},
								"south": {"uv": [79, 13], "uv_size": [6, 3]},
								"west": {"uv": [79, 13], "uv_size": [6, 3]},
								"up": {"uv": [85, 16], "uv_size": [-6, -3]},
								"down": {"uv": [85, 16], "uv_size": [-6, -3]}
							}
						},
						{
							"origin": [1.62206, 25.34523, -45.7],
							"size": [0.8, 0.85, 15.4],
							"inflate": 0.001,
							"pivot": [0.90706, 24.94523, -45.9],
							"rotation": [0, 0, -41],
							"uv": {
								"north": {"uv": [66, 39], "uv_size": [15, 2]},
								"east": {"uv": [66, 39], "uv_size": [15, 2]},
								"south": {"uv": [66, 39], "uv_size": [15, 2]},
								"west": {"uv": [66, 39], "uv_size": [15, 2]},
								"up": {"uv": [81, 41], "uv_size": [-15, -2]},
								"down": {"uv": [81, 41], "uv_size": [-15, -2]}
							}
						},
						{
							"origin": [1.62206, 25.34523, -30.3],
							"size": [0.8, 0.85, 0.3],
							"inflate": 0.001,
							"pivot": [0.90706, 24.94523, -44.1],
							"rotation": [0, 0, -41],
							"uv": {
								"north": {"uv": [79, 13], "uv_size": [6, 3]},
								"east": {"uv": [79, 13], "uv_size": [6, 3]},
								"south": {"uv": [79, 13], "uv_size": [6, 3]},
								"west": {"uv": [79, 13], "uv_size": [6, 3]},
								"up": {"uv": [85, 16], "uv_size": [-6, -3]},
								"down": {"uv": [85, 16], "uv_size": [-6, -3]}
							}
						}
					]
				},
				{
					"name": "bone3",
					"parent": "bone2",
					"pivot": [1.23047, 26.88395, -47.101],
					"rotation": [0, 0, -10],
					"cubes": [
						{
							"origin": [0.41455, 26.78828, -46.003],
							"size": [0.9, 1.2, 0.3],
							"inflate": -0.002,
							"pivot": [-0.78545, 27.58828, -70.403],
							"rotation": [0, 0, 30],
							"uv": {
								"north": {"uv": [79, 13], "uv_size": [6, 3]},
								"east": {"uv": [79, 13], "uv_size": [6, 3]},
								"south": {"uv": [79, 13], "uv_size": [6, 3]},
								"west": {"uv": [79, 13], "uv_size": [6, 3]},
								"up": {"uv": [85, 16], "uv_size": [-6, -3]},
								"down": {"uv": [85, 16], "uv_size": [-6, -3]}
							}
						},
						{
							"origin": [0.41455, 27.28828, -45.703],
							"size": [0.9, 0.7, 15.4],
							"inflate": -0.002,
							"pivot": [-0.78545, 27.58828, -55.003],
							"rotation": [0, 0, 30],
							"uv": {
								"north": {"uv": [66, 39], "uv_size": [15, 2]},
								"east": {"uv": [66, 39], "uv_size": [15, 2]},
								"south": {"uv": [66, 39], "uv_size": [15, 2]},
								"west": {"uv": [66, 39], "uv_size": [15, 2]},
								"up": {"uv": [70, 41], "uv_size": [-2, -1]},
								"down": {"uv": [81, 41], "uv_size": [-15, -2]}
							}
						},
						{
							"origin": [0.41455, 27.28828, -30.303],
							"size": [0.9, 0.7, 0.3],
							"inflate": -0.002,
							"pivot": [-0.78545, 27.58828, -54.703],
							"rotation": [0, 0, 30],
							"uv": {
								"north": {"uv": [79, 13], "uv_size": [6, 3]},
								"east": {"uv": [79, 13], "uv_size": [6, 3]},
								"south": {"uv": [79, 13], "uv_size": [6, 3]},
								"west": {"uv": [79, 13], "uv_size": [6, 3]},
								"up": {"uv": [85, 16], "uv_size": [-6, -3]},
								"down": {"uv": [85, 16], "uv_size": [-6, -3]}
							}
						}
					]
				},
				{
					"name": "bone5",
					"parent": "handguard",
					"pivot": [-1.78943, 26.24094, -47.099],
					"rotation": [0, 0, -7],
					"cubes": [
						{
							"origin": [-2.42206, 25.34523, -46],
							"size": [1.2, 0.85, 0.3],
							"inflate": 0.001,
							"pivot": [-0.90706, 24.94523, -46.2],
							"rotation": [0, 0, 41],
							"uv": {
								"north": {"uv": [79, 13], "uv_size": [6, 3]},
								"east": {"uv": [79, 13], "uv_size": [6, 3]},
								"south": {"uv": [79, 13], "uv_size": [6, 3]},
								"west": {"uv": [79, 13], "uv_size": [6, 3]},
								"up": {"uv": [85, 16], "uv_size": [-6, -3]},
								"down": {"uv": [85, 16], "uv_size": [-6, -3]}
							}
						},
						{
							"origin": [-2.42206, 25.34523, -45.7],
							"size": [0.8, 0.85, 15.4],
							"inflate": 0.001,
							"pivot": [-0.90706, 24.94523, -45.9],
							"rotation": [0, 0, 41],
							"uv": {
								"north": {"uv": [81, 39], "uv_size": [-15, 2]},
								"east": {"uv": [81, 39], "uv_size": [-15, 2]},
								"south": {"uv": [81, 39], "uv_size": [-15, 2]},
								"west": {"uv": [81, 39], "uv_size": [-15, 2]},
								"up": {"uv": [66, 41], "uv_size": [15, -2]},
								"down": {"uv": [66, 41], "uv_size": [15, -2]}
							}
						},
						{
							"origin": [-2.42206, 25.34523, -30.3],
							"size": [0.8, 0.85, 0.3],
							"inflate": 0.001,
							"pivot": [-0.90706, 24.94523, -44.1],
							"rotation": [0, 0, 41],
							"uv": {
								"north": {"uv": [79, 13], "uv_size": [6, 3]},
								"east": {"uv": [79, 13], "uv_size": [6, 3]},
								"south": {"uv": [79, 13], "uv_size": [6, 3]},
								"west": {"uv": [79, 13], "uv_size": [6, 3]},
								"up": {"uv": [85, 16], "uv_size": [-6, -3]},
								"down": {"uv": [85, 16], "uv_size": [-6, -3]}
							}
						}
					]
				},
				{
					"name": "bone6",
					"parent": "bone5",
					"pivot": [-1.23047, 26.88395, -47.101],
					"rotation": [0, 0, 10],
					"cubes": [
						{
							"origin": [-1.31455, 26.68828, -46.003],
							"size": [0.9, 1.3, 0.3],
							"inflate": -0.002,
							"pivot": [0.78545, 27.58828, -70.403],
							"rotation": [0, 0, -30],
							"uv": {
								"north": {"uv": [79, 13], "uv_size": [6, 3]},
								"east": {"uv": [79, 13], "uv_size": [6, 3]},
								"south": {"uv": [79, 13], "uv_size": [6, 3]},
								"west": {"uv": [79, 13], "uv_size": [6, 3]},
								"up": {"uv": [85, 16], "uv_size": [-6, -3]},
								"down": {"uv": [85, 16], "uv_size": [-6, -3]}
							}
						},
						{
							"origin": [-1.31455, 27.28828, -45.703],
							"size": [0.9, 0.7, 15.4],
							"inflate": -0.002,
							"pivot": [0.78545, 27.58828, -55.003],
							"rotation": [0, 0, -30],
							"uv": {
								"north": {"uv": [66, 39], "uv_size": [15, 2]},
								"east": {"uv": [66, 39], "uv_size": [15, 2]},
								"south": {"uv": [66, 39], "uv_size": [15, 2]},
								"west": {"uv": [66, 39], "uv_size": [15, 2]},
								"up": {"uv": [68, 41], "uv_size": [2, -1]},
								"down": {"uv": [81, 41], "uv_size": [-15, -2]}
							}
						},
						{
							"origin": [-1.31455, 27.28828, -30.303],
							"size": [0.9, 0.7, 0.3],
							"inflate": -0.002,
							"pivot": [0.78545, 27.58828, -54.703],
							"rotation": [0, 0, -30],
							"uv": {
								"north": {"uv": [79, 13], "uv_size": [6, 3]},
								"east": {"uv": [79, 13], "uv_size": [6, 3]},
								"south": {"uv": [79, 13], "uv_size": [6, 3]},
								"west": {"uv": [79, 13], "uv_size": [6, 3]},
								"up": {"uv": [85, 16], "uv_size": [-6, -3]},
								"down": {"uv": [85, 16], "uv_size": [-6, -3]}
							}
						}
					]
				},
				{
					"name": "bone",
					"parent": "handguard",
					"pivot": [2.231, 24.701, -47.101],
					"rotation": [0, 0, 8],
					"cubes": [
						{
							"origin": [0.53, 24.702, -46],
							"size": [1.7, 1.6, 0.3],
							"inflate": 0.001,
							"pivot": [2.231, 24.701, -47.101],
							"rotation": [0, 0, -24],
							"uv": {
								"north": {"uv": [79, 13], "uv_size": [6, 3]},
								"east": {"uv": [79, 13], "uv_size": [6, 3]},
								"south": {"uv": [79, 13], "uv_size": [6, 3]},
								"west": {"uv": [79, 13], "uv_size": [6, 3]},
								"up": {"uv": [85, 16], "uv_size": [-6, -3]},
								"down": {"uv": [85, 16], "uv_size": [-6, -3]}
							}
						},
						{
							"origin": [3.41326, 24.75624, -45.7],
							"size": [0.4, 1.6, 15.4],
							"inflate": 0.001,
							"pivot": [3.15022, 21.00381, -48.002],
							"rotation": [0, 0, -24],
							"uv": {
								"north": {"uv": [66, 39], "uv_size": [15, 2]},
								"east": {"uv": [66, 39], "uv_size": [15, 2]},
								"south": {"uv": [66, 39], "uv_size": [15, 2]},
								"west": {"uv": [66, 39], "uv_size": [15, 2]},
								"up": {"uv": [81, 41], "uv_size": [-15, -2]},
								"down": {"uv": [81, 41], "uv_size": [-15, -2]}
							}
						},
						{
							"origin": [2.11326, 24.75624, -30.3],
							"size": [1.7, 1.6, 0.3],
							"inflate": 0.001,
							"pivot": [3.15022, 21.00381, -48.002],
							"rotation": [0, 0, -24],
							"uv": {
								"north": {"uv": [79, 13], "uv_size": [6, 3]},
								"east": {"uv": [79, 13], "uv_size": [6, 3]},
								"south": {"uv": [79, 13], "uv_size": [6, 3]},
								"west": {"uv": [79, 13], "uv_size": [6, 3]},
								"up": {"uv": [85, 16], "uv_size": [-6, -3]},
								"down": {"uv": [85, 16], "uv_size": [-6, -3]}
							}
						}
					]
				},
				{
					"name": "bone4",
					"parent": "handguard",
					"pivot": [-2.231, 24.701, -47.101],
					"rotation": [0, 0, -8],
					"cubes": [
						{
							"origin": [-2.23, 24.702, -46],
							"size": [1.7, 1.6, 0.3],
							"inflate": 0.001,
							"pivot": [-2.231, 24.701, -47.101],
							"rotation": [0, 0, 24],
							"uv": {
								"north": {"uv": [79, 13], "uv_size": [6, 3]},
								"east": {"uv": [79, 13], "uv_size": [6, 3]},
								"south": {"uv": [79, 13], "uv_size": [6, 3]},
								"west": {"uv": [79, 13], "uv_size": [6, 3]},
								"up": {"uv": [85, 16], "uv_size": [-6, -3]},
								"down": {"uv": [85, 16], "uv_size": [-6, -3]}
							}
						},
						{
							"origin": [-3.81326, 24.75624, -45.7],
							"size": [0.4, 1.6, 15.4],
							"inflate": 0.001,
							"pivot": [-3.15022, 21.00381, -48.002],
							"rotation": [0, 0, 24],
							"uv": {
								"north": {"uv": [81, 39], "uv_size": [-15, 2]},
								"east": {"uv": [81, 39], "uv_size": [-15, 2]},
								"south": {"uv": [81, 39], "uv_size": [-15, 2]},
								"west": {"uv": [81, 39], "uv_size": [-15, 2]},
								"up": {"uv": [66, 41], "uv_size": [15, -2]},
								"down": {"uv": [66, 41], "uv_size": [15, -2]}
							}
						},
						{
							"origin": [-3.81326, 24.75624, -30.3],
							"size": [1.7, 1.6, 0.3],
							"inflate": 0.001,
							"pivot": [-3.15022, 21.00381, -48.002],
							"rotation": [0, 0, 24],
							"uv": {
								"north": {"uv": [79, 13], "uv_size": [6, 3]},
								"east": {"uv": [79, 13], "uv_size": [6, 3]},
								"south": {"uv": [79, 13], "uv_size": [6, 3]},
								"west": {"uv": [79, 13], "uv_size": [6, 3]},
								"up": {"uv": [85, 16], "uv_size": [-6, -3]},
								"down": {"uv": [85, 16], "uv_size": [-6, -3]}
							}
						}
					]
				},
				{
					"name": "_ca_handguardak",
					"parent": "main",
					"pivot": [-0.2, 16.35, -31.025],
					"cubes": [
						{"origin": [-0.5, 19.15, -25.425], "size": [1, 1, 1], "uv": [27, 121]}
					]
				}
			]
		}
	]
}