{
	"format_version": "1.12.0",
	"minecraft:geometry": [
		{
			"description": {
				"identifier": "geometry.unknown",
				"texture_width": 128,
				"texture_height": 128,
				"visible_bounds_width": 10,
				"visible_bounds_height": 4,
				"visible_bounds_offset": [0, 1, 0]
			},
			"bones": [
				{
					"name": "main",
					"pivot": [0, 20, 0]
				},
				{
					"name": "gun",
					"parent": "main",
					"pivot": [1, 11, -1]
				},
				{
					"name": "barreldef",
					"parent": "gun",
					"pivot": [1, 28.275, -65.1],
					"cubes": [
						{
							"origin": [-1, 21.1, -73.85],
							"size": [2, 2, 53.9],
							"inflate": -0.3,
							"pivot": [0, 22.1, -68.95],
							"rotation": [0, 0, -20],
							"uv": {
								"north": {"uv": [46, 92], "uv_size": [2, 2]},
								"east": {"uv": [45, 21], "uv_size": [41, 2]},
								"south": {"uv": [92, 49], "uv_size": [2, 2]},
								"west": {"uv": [45, 23], "uv_size": [41, 2]},
								"up": {"uv": [4, 48], "uv_size": [2, 41]},
								"down": {"uv": [6, 89], "uv_size": [2, -41]}
							}
						},
						{
							"origin": [-0.75, 21.65, -72.825],
							"size": [1.5, 3.675, 1.75],
							"inflate": -0.201,
							"pivot": [0.25, 23.4, -72.825],
							"rotation": [22.25, 0, 0],
							"uv": {
								"north": {"uv": [86, 90], "uv_size": [2, 4]},
								"east": {"uv": [24, 91], "uv_size": [2, 4]},
								"south": {"uv": [34, 91], "uv_size": [2, 4]},
								"west": {"uv": [36, 91], "uv_size": [2, 4]},
								"up": {"uv": [95, 8], "uv_size": [2, 2]},
								"down": {"uv": [95, 12], "uv_size": [2, -2]}
							}
						},
						{
							"origin": [-0.75, 22.475, -73.5],
							"size": [1.5, 5.2, 1.75],
							"inflate": -0.2,
							"uv": {
								"north": {"uv": [46, 87], "uv_size": [2, 5]},
								"east": {"uv": [87, 49], "uv_size": [2, 5]},
								"south": {"uv": [61, 87], "uv_size": [2, 5]},
								"west": {"uv": [63, 87], "uv_size": [2, 5]},
								"up": {"uv": [68, 94], "uv_size": [2, 2]},
								"down": {"uv": [94, 71], "uv_size": [2, -2]}
							}
						},
						{
							"origin": [-0.9, 26.975, -73.6],
							"size": [1, 1.7, 2],
							"inflate": -0.301,
							"pivot": [-0.6, 27.475, -73.3],
							"rotation": [0, 0, -28],
							"uv": {
								"north": {"uv": [82, 98], "uv_size": [1, 2]},
								"east": {"uv": [6, 95], "uv_size": [2, 2]},
								"south": {"uv": [83, 98], "uv_size": [1, 2]},
								"west": {"uv": [8, 95], "uv_size": [2, 2]},
								"up": {"uv": [84, 98], "uv_size": [1, 2]},
								"down": {"uv": [85, 100], "uv_size": [1, -2]}
							}
						},
						{
							"origin": [-1.32, 27.965, -73.6],
							"size": [1, 1.5, 2],
							"inflate": -0.302,
							"pivot": [-1, 28.275, -73.3],
							"rotation": [0, 0, 15],
							"uv": {
								"north": {"uv": [75, 98], "uv_size": [1, 2]},
								"east": {"uv": [86, 94], "uv_size": [2, 2]},
								"south": {"uv": [76, 98], "uv_size": [1, 2]},
								"west": {"uv": [4, 95], "uv_size": [2, 2]},
								"up": {"uv": [77, 98], "uv_size": [1, 2]},
								"down": {"uv": [78, 100], "uv_size": [1, -2]}
							}
						},
						{
							"origin": [-0.5, 27.075, -73.35],
							"size": [1, 2, 1.25],
							"inflate": -0.35,
							"uv": {
								"north": {"uv": [71, 98], "uv_size": [1, 2]},
								"east": {"uv": [72, 98], "uv_size": [1, 2]},
								"south": {"uv": [73, 98], "uv_size": [1, 2]},
								"west": {"uv": [74, 98], "uv_size": [1, 2]},
								"up": {"uv": [78, 100], "uv_size": [1, 1]},
								"down": {"uv": [100, 79], "uv_size": [1, -1]}
							}
						},
						{
							"origin": [-0.1, 26.975, -73.6],
							"size": [1, 1.7, 2],
							"inflate": -0.301,
							"pivot": [0.6, 27.475, -73.3],
							"rotation": [0, 0, 28],
							"uv": {
								"north": {"uv": [98, 67], "uv_size": [1, 2]},
								"east": {"uv": [94, 78], "uv_size": [2, 2]},
								"south": {"uv": [68, 98], "uv_size": [1, 2]},
								"west": {"uv": [94, 84], "uv_size": [2, 2]},
								"up": {"uv": [69, 98], "uv_size": [1, 2]},
								"down": {"uv": [70, 100], "uv_size": [1, -2]}
							}
						},
						{
							"origin": [0.32, 27.965, -73.6],
							"size": [1, 1.5, 2],
							"inflate": -0.302,
							"pivot": [1, 28.275, -73.3],
							"rotation": [0, 0, -15],
							"uv": {
								"north": {"uv": [65, 98], "uv_size": [1, 2]},
								"east": {"uv": [94, 74], "uv_size": [2, 2]},
								"south": {"uv": [98, 65], "uv_size": [1, 2]},
								"west": {"uv": [76, 94], "uv_size": [2, 2]},
								"up": {"uv": [66, 98], "uv_size": [1, 2]},
								"down": {"uv": [67, 100], "uv_size": [1, -2]}
							}
						}
					]
				},
				{
					"name": "muzzlebrake",
					"parent": "barreldef",
					"pivot": [0, 22.1, -91.95],
					"cubes": [
						{
							"origin": [-1.4, 20.8, -82.85],
							"size": [2.8, 2.6, 9.7],
							"inflate": -0.3,
							"pivot": [0, 22.1, -100.25],
							"rotation": [0, 0, -20],
							"uv": {
								"north": {"uv": [88, 78], "uv_size": [3, 3]},
								"east": {"uv": [62, 56], "uv_size": [11, 3]},
								"south": {"uv": [80, 88], "uv_size": [3, 3]},
								"west": {"uv": [62, 59], "uv_size": [11, 3]},
								"up": {"uv": [48, 61], "uv_size": [3, 11]},
								"down": {"uv": [62, 73], "uv_size": [3, -11]}
							}
						}
					]
				},
				{
					"name": "muzzleflash",
					"parent": "main",
					"pivot": [0, 24.35, -68.25],
					"cubes": [
						{
							"origin": [-0.5, 21.55, -83.45],
							"size": [1, 1, 1],
							"inflate": -0.4,
							"uv": {
								"north": {"uv": [83, 5], "uv_size": [1, 1]},
								"east": {"uv": [85, 83], "uv_size": [1, 1]},
								"south": {"uv": [86, 4], "uv_size": [1, 1]},
								"west": {"uv": [89, 3], "uv_size": [1, 1]},
								"up": {"uv": [10, 89], "uv_size": [1, 1]},
								"down": {"uv": [32, 96], "uv_size": [1, -1]}
							}
						}
					]
				},
				{
					"name": "_cb_suppressor",
					"parent": "main",
					"pivot": [0.2, 22.45, -66.325],
					"cubes": [
						{"origin": [-0.6, 21.65, -74.525], "size": [1, 1, 1], "uv": [27, 69]}
					]
				},
				{
					"name": "_ca_barrel",
					"parent": "main",
					"pivot": [0.2, 22.45, -21.925],
					"cubes": [
						{"origin": [-0.6, 21.65, -21.825], "size": [1, 1, 1], "uv": [29, 108]}
					]
				}
			]
		}
	]
}