{
  "name" : "ap67br",
  "type": "Gun",
  "maxAmmoCapacity" : 20,
  "compatibleAmmo" : ["ammocreative", "ammo762x51"],
  "damage" : 9.8,
  "rpm" : 650,
  "fireModes" : ["SINGLE", "AUTOMATIC"],
  "fireSound" : "ak47",
  "drawCooldownDuration" : 600,
  "aimingZoom" : 0.4,
  "gunRecoilInitialAmplitude" : 1.8,
  "shakeRecoilAmplitude" : 0.55,
  "shakeRecoilSpeed" : 2.5,
  "viewRecoilAmplitude" : 2.5,
  "inspectCooldownDuration": 5480,
  "headshotDamageMultiplier": 2.45,
  "maxShootingDistance": 600,
  "compatibleAttachmentGroups": [
  	"ar_sightsandscopes",
 	"underbarrel",
	"grip_attachments",
	"ammo",
	"vz58dustcover",
	"vz58handguards",
	"vz58pgrip",
	"vz58barrels",
	"br_mags",
	"ar_stocks",
	"vz58_stocks",
  	"ar_muzzle"
  ],
  "phasedReloads": [
    {
      "phase": "RELOADING",
      "condition": "reloadIterationIndex == 0",
      "duration": 2370,
      "animation": "animation.model.reloadempty",
      "shakeEffects": [
        {
          "start": 0,
          "duration": 1500,
          "initialAmplitude": 0.2,
          "rateOfAmplitudeDecay": 0.8
        },
        {
          "start": 250,
          "duration": 1000,
          "initialAmplitude": 0.2,
          "rateOfAmplitudeDecay": 0.5
        },
        {
          "start": 800,
          "duration": 1000,
          "initialAmplitude": 0.15,
          "rateOfAmplitudeDecay": 0.5
        },
        {
          "start": 1100,
          "duration": 600,
          "initialAmplitude": 0.2,
          "rateOfAmplitudeDecay": 0.3
        },
        {
          "start": 1600,
          "duration": 400,
          "initialAmplitude": 0.35,
          "rateOfAmplitudeDecay": 0.3
        }
      ]
    },
    {
      "phase": "RELOADING",
      "condition": "reloadIterationIndex > 0",
      "duration": 1830,
      "animation": "animation.model.reload",						
      "shakeEffects": [
        {
          "start": 0,
          "duration": 1500,
          "initialAmplitude": 0.2,
          "rateOfAmplitudeDecay": 0.8
        },
        {
          "start": 600,
          "duration": 1000,
          "initialAmplitude": 0.15,
          "rateOfAmplitudeDecay": 0.5
        },
        {
          "start": 900,
          "duration": 800,
          "initialAmplitude": 0.17,
          "rateOfAmplitudeDecay": 0.5
        },
        {
          "start": 1000,
          "duration": 400,
          "initialAmplitude": 0.22,
          "rateOfAmplitudeDecay": 0.6
        }
      ]
    }
  ],
  "effects": [
	{
		"phase": "hit_scan_acquired",
		"name": "tracer"
	},
	{
		"phase": "firing",
		"name": "muzzle_flash"
	}
   ],
"features": [
 {
 "type": "Aiming",
 "zoom": 0.4,
 "condition": {
 "doesNotHaveAttachmentGroup": "ar_sightsandscopes"
 }
 },
 {
 "type": "MuzzleFlash",
 "effects": [
 {
 "phase": "firing",
 "name": "muzzle_flash"
 }
 ],
 "condition": {
 "allOf": [
 {
 "isUsingDefaultMuzzle": true
 },
 {
 "doesNotHaveAttachmentGroup": "ar_muzzle"
 },
 {
 "doesNotHaveAttachmentGroup": "vz58barrels"
 }
 ]
 }
 },
 {
 "type": "PartVisibility",
 "parts": [
 {
 "name": "rearsightflipped",
 "visible": true,
 "condition": {
 "hasAttachmentGroup": "ar_sightsandscopes"
 }
 },
 {
 "name": "frontsightflipped",
 "visible": true,
 "condition": {
 "hasAttachmentGroup": "ar_sightsandscopes"
 }
 },
 {
 "name": "dustcover",
 "visible": false,
 "condition": {
 "hasAttachmentGroup": "vz58dustcover"
 }
 },
 {
 "name": "handguard",
 "visible": false,
 "condition": {
 "hasAttachmentGroup": "vz58handguards"
 }
 },
 {
 "name": "pistolgrip",
 "visible": false,
 "condition": {
 "hasAttachmentGroup": "vz58pgrip"
 }
 },
 {
 "name": "stock",
 "visible": false,
 "condition": {
 "hasAttachmentGroup": "stocks"
 }
 },
 {
 "name": "muzzlebrake",
 "visible": false,
 "condition": {
 "hasAttachmentGroup": "ar_muzzle"
 }
 },
 {
 "name": "barreldef",
 "visible": false,
 "condition": {
 "hasAttachmentGroup": "vz58barrels"
 }
 },
 {
 "name": "magazine1",
 "visible": false,
 "condition": {
 "hasAttachmentGroup": "mags"
 }
 },
 {
 "name": "magazine3",
 "visible": false,
 "condition": {
 "hasAttachmentGroup": "mags"
 }
 },
 {
 "name": "magazine4",
 "visible": true,
 "condition": {
 "hasAttachmentGroup": "br_mag30"
 }
 },
 {
 "name": "magazine5",
 "visible": true,
 "condition": {
 "hasAttachmentGroup": "br_mag30"
 }
 },
 {
 "name": "magazine6",
 "visible": true,
 "condition": {
 "hasAttachmentGroup": "br_mag40"
 }
 },
 {
 "name": "magazine7",
 "visible": true,
 "condition": {
 "hasAttachmentGroup": "br_mag40"
 }
 },
 {
 "name": "sights",
 "visible": false,
 "condition": {
 "hasAttachmentGroup": "ar_sightsandscopes"
 }
 }
 ]
 },
 {
 "type": "Sound",
 "fireSound": "ak47_silenced",
 "fireSoundVolume": 1,
 "condition": {
 "allOf": [
 {
 "hasAttachmentGroup": "ar_suppressors"
 }
 ]
 }
 }
 ]
}