{
  "name" : "ar57new",
  "type": "Gun",
  "maxAmmoCapacity" : 50,
  "compatibleAmmo" : ["ammocreative", "ammo57"],
  "damage" : 5.2,
  "rpm" : 750,
  "fireModes" : ["SINGLE", "AUTOMATIC"],
  "fireSound" : "ar57new",
  "drawCooldownDuration" : 600,
  "aimingZoom" : 0.4,
  "gunRecoilInitialAmplitude" : 0.3,
  "shakeRecoilAmplitude" : 0.34,
  "shakeRecoilSpeed" : 1.2,
  "viewRecoilAmplitude" : 1.55,
  "inspectCooldownDuration": 5480,
  "headshotDamageMultiplier": 2.45,
  "maxShootingDistance": 100,
  "compatibleAttachmentGroups": [
  	"ar_sightsandscopes",
	"ammo",
	"underbarrel",
	"grip_attachments",
	"ar_barrels",
	"ar_stocks",
  	"ar_muzzle"
  ],
  "phasedReloads": [
    {
      "phase": "RELOADING",
      "condition": "reloadIterationIndex == 0",
      "duration": 3470,
      "animation": "animation.model.reloadempty",
      "shakeEffects": [
        {
          "start": 0,
          "duration": 1500,
          "initialAmplitude": 0.2,
          "rateOfAmplitudeDecay": 0.8
        },
        {
          "start": 250,
          "duration": 1000,
          "initialAmplitude": 0.2,
          "rateOfAmplitudeDecay": 0.5
        },
        {
          "start": 800,
          "duration": 1000,
          "initialAmplitude": 0.15,
          "rateOfAmplitudeDecay": 0.5
        },
        {
          "start": 1100,
          "duration": 600,
          "initialAmplitude": 0.2,
          "rateOfAmplitudeDecay": 0.3
        },
        {
          "start": 1600,
          "duration": 400,
          "initialAmplitude": 0.35,
          "rateOfAmplitudeDecay": 0.3
        }
      ]
    },
    {
      "phase": "RELOADING",
      "condition": "reloadIterationIndex > 0",
      "duration": 2650,
      "animation": "animation.model.reload",						
      "shakeEffects": [
        {
          "start": 0,
          "duration": 1500,
          "initialAmplitude": 0.2,
          "rateOfAmplitudeDecay": 0.8
        },
        {
          "start": 600,
          "duration": 1000,
          "initialAmplitude": 0.15,
          "rateOfAmplitudeDecay": 0.5
        },
        {
          "start": 900,
          "duration": 800,
          "initialAmplitude": 0.17,
          "rateOfAmplitudeDecay": 0.5
        },
        {
          "start": 1000,
          "duration": 400,
          "initialAmplitude": 0.22,
          "rateOfAmplitudeDecay": 0.6
        }
      ]
    }
  ],
  "effects": [
	{
		"phase": "hit_scan_acquired",
		"name": "tracer"
	},
	{
		"phase": "firing",
		"name": "muzzle_flash"
	}
   ],
"features": [
 {
 "type": "Aiming",
 "zoom": 0.4,
 "condition": {
 "doesNotHaveAttachmentGroup": "ar_sightsandscopes"
 }
 },
 {
 "type": "MuzzleFlash",
 "effects": [
 {
 "phase": "firing",
 "name": "muzzle_flash"
 }
 ],
 "condition": {
 "allOf": [
 {
 "isUsingDefaultMuzzle": true
 },
 {
 "doesNotHaveAttachmentGroup": "ar_muzzle"
 },
 {
 "doesNotHaveAttachmentGroup": "ar_barrels"
 }
 ]
 }
 },
 {
 "type": "PartVisibility",
 "parts": [
 {
 "name": "rearsightflipped",
 "visible": true,
 "condition": {
 "hasAttachmentGroup": "ar_sightsandscopes"
 }
 },
 {
 "name": "flippedfront",
 "visible": true,
 "condition": {
 "hasAttachmentGroup": "ar_sightsandscopes"
 }
 },
 {
 "name": "frsight",
 "visible": false,
 "condition": {
 "hasAttachmentGroup": "ar_sightsandscopes"
 }
 },
 {
 "name": "stock",
 "visible": false,
 "condition": {
 "hasAttachmentGroup": "ar_stocks"
 }
 },
 {
 "name": "muzbrake",
 "visible": false,
 "condition": {
 "hasAttachmentGroup": "ar_muzzle"
 }
 },
 {
 "name": "barrel",
 "visible": false,
 "condition": {
 "hasAttachmentGroup": "ar_barrels"
 }
 },
 {
 "name": "rearsight",
 "visible": false,
 "condition": {
 "hasAttachmentGroup": "ar_sightsandscopes"
 }
 }
 ]
 },
 {
 "type": "Sound",
 "fireSound": "p90_silenced",
 "fireSoundVolume": 1,
 "condition": {
 "allOf": [
 {
 "hasAttachmentGroup": "ar_suppressors"
 }
 ]
 }
 }
 ]
}