{
 "name": "bren2lb",
 "type": "Attachment",
 "category": "barrel",
 "groups": [
 "bren_barrels"
 ],
 "compatibleAttachmentGroups": [
  	"ar_muzzle"
  ],

 "features": [
 {
 "type": "Recoil",
 "recoilModifier": 0.9
 },
 {
 "type": "Accuracy",
 "accuracyModifier": 1.1
 },
 {
 "type": "Damage",
 "hitScanDamageModifier": 1.05
 },
 {
 "type": "MuzzleFlash",
 "effects": [
 {
 "phase": "firing",
 "name": "muzzle_flash"
 }
 ],
 "condition": {
 "allOf": [
 {
 "isUsingDefaultMuzzle": true
 },
 {
 "doesNotHaveAttachmentGroup": "ar_muzzle"
 }
 ]
 }
 }
 ]
}
