{
  "name" : "hkg11",
  "type": "Gun",
  "maxAmmoCapacity" : 45,
  "compatibleAmmo" : ["ammocreative", "ammo47333"],
  "damage" : 4.0,
  "rpm" : 2100,
  "fireModes" : ["SINGLE", "BURST"],
  "fireSound" : "hkg11",
  "drawCooldownDuration" : 600,
  "aimingZoom" : 0.4,
  "gunRecoilInitialAmplitude" : 0.45,
  "shakeRecoilAmplitude" : 0.15,
  "shakeRecoilSpeed" : 1.1,
  "viewRecoilAmplitude" : 1.1,
  "inspectCooldownDuration": 5480,
  "headshotDamageMultiplier": 2.45,
  "maxShootingDistance": 350,
  "compatibleAttachmentGroups": [
  	"ar_sightsandscopes",
 	"underbarrel",
	"grip_attachments",
	"ammo",
	"g11_barrels",
	"g11_sights",
  	"ar_muzzle"
  ],
  "phasedReloads": [
    {
      "phase": "RELOADING",
      "condition": "reloadIterationIndex == 0",
      "duration": 3930,
      "animation": "animation.model.reloadempty",
      "shakeEffects": [
        {
          "start": 0,
          "duration": 1500,
          "initialAmplitude": 0.2,
          "rateOfAmplitudeDecay": 0.8
        },
        {
          "start": 250,
          "duration": 1000,
          "initialAmplitude": 0.2,
          "rateOfAmplitudeDecay": 0.5
        },
        {
          "start": 800,
          "duration": 1000,
          "initialAmplitude": 0.15,
          "rateOfAmplitudeDecay": 0.5
        },
        {
          "start": 1100,
          "duration": 600,
          "initialAmplitude": 0.2,
          "rateOfAmplitudeDecay": 0.3
        },
        {
          "start": 1600,
          "duration": 400,
          "initialAmplitude": 0.35,
          "rateOfAmplitudeDecay": 0.3
        }
      ]
    },
    {
      "phase": "RELOADING",
      "condition": "reloadIterationIndex > 0",
      "duration": 3006,
      "animation": "animation.model.reload",						
      "shakeEffects": [
        {
          "start": 0,
          "duration": 1500,
          "initialAmplitude": 0.2,
          "rateOfAmplitudeDecay": 0.8
        },
        {
          "start": 600,
          "duration": 1000,
          "initialAmplitude": 0.15,
          "rateOfAmplitudeDecay": 0.5
        },
        {
          "start": 900,
          "duration": 800,
          "initialAmplitude": 0.17,
          "rateOfAmplitudeDecay": 0.5
        },
        {
          "start": 1000,
          "duration": 400,
          "initialAmplitude": 0.22,
          "rateOfAmplitudeDecay": 0.6
        }
      ]
    }
  ],
  "effects": [
	{
		"phase": "hit_scan_acquired",
		"name": "tracer"
	},
	{
		"phase": "firing",
		"name": "muzzle_flash"
	}
   ],
"features": [
 {
 "type": "Aiming",
 "zoom": 0.4,
 "condition": {
 "doesNotHaveAttachmentGroup": "sights_group"
 }
 },
 {
 "type": "MuzzleFlash",
 "effects": [
 {
 "phase": "firing",
 "name": "muzzle_flash"
 }
 ],
 "condition": {
 "allOf": [
 {
 "isUsingDefaultMuzzle": true
 },
 {
 "doesNotHaveAttachmentGroup": "ar_muzzle"
 },
 {
 "doesNotHaveAttachmentGroup": "g11_barrels"
 }
 ]
 }
 },
 {
 "type": "PartVisibility",
 "parts": [
 {
 "name": "barrel",
 "visible": false,
 "condition": {
 "hasAttachmentGroup": "g11_barrels"
 }
 }
 ]
 },
 {
 "type": "Sound",
 "fireSound": "xm7_unsilenced",
 "fireSoundVolume": 1,
 "condition": {
 "allOf": [
 {
 "hasAttachmentGroup": "ar_suppressors"
 }
 ]
 }
 }
 ]
}