{
    "magin3": {
        "sounds": [
            {
                "name": "pointblank:magin3",
                "stream": false
            }
        ]
    },
    "magpull2": {
        "sounds": [
            {
                "name": "pointblank:magpull2",
                "stream": false
            }
        ]
    },
    "grab": {
        "sounds": [
            {
                "name": "pointblank:grab",
                "stream": false
            }
        ]
    },
    "grab2": {
        "sounds": [
            {
                "name": "pointblank:grab2",
                "stream": false
            }
        ]
    },
    "mag_change": {
        "sounds": [
            {
                "name": "pointblank:mag_change",
                "stream": false
            }
        ]
    },
    "draw1": {
        "sounds": [
            {
                "name": "pointblank:draw1",
                "stream": false
            }
        ]
    },
    "mag--": {
        "sounds": [
            {
                "name": "pointblank:mag--",
                "stream": false
            }
        ]
    },
    "gripp": {
        "sounds": [
            {
                "name": "pointblank:gripp",
                "stream": false
            }
        ]
    },
    "mag-": {
        "sounds": [
            {
                "name": "pointblank:mag-",
                "stream": false
            }
        ]
    },
    "shot3": {
        "sounds": [
            {
                "name": "pointblank:shot3",
                "stream": false
            }
        ]
    },
    "shot2": {
        "sounds": [
            {
                "name": "pointblank:shot2",
                "stream": false
            }
        ]
    },
    "sliding": {
        "sounds": [
            {
                "name": "pointblank:sliding",
                "stream": false
            }
        ]
    }
}