{
"loader": "forge:separate_transforms",
  "gui_light": "front",
  "base": 
{
  "credit": "Made with Blockbench",
  "parent": "builtin/entity",
  "texture_size": [
    128,
    128
  ],
  "display": {
    "thirdperson_righthand": {
      "translation": [
        -3.5,
        -3.25,
        -1.75
      ],
      "scale": [
        0.28,
        0.28,
        0.28
      ]
    },
    "firstperson_righthand": {
      "rotation": [
        6,
        11,
        17
      ],
      "translation": [
        -1.5,
        -14.25,
        -24
      ]
    },
    "ground": {
      "translation": [
        -7.5,
        0,
        0
      ]
    },
    "gui": {
      "rotation": [
        94.27,
        58.19,
        -93.63
      ],
      "translation": [
        -3.5,
        -4,
        0
      ],
      "scale": [
        0.4,
        0.4,
        0.4
      ]
    },
    "fixed": {
      "translation": [
        -7.75,
        -11,
        0
      ]
    }
  }
},
  "perspectives": {
    "gui": {
      "parent": "item/generated",
      "textures": {
        "layer0": "pointblank:item/mp5k.icon"
      }
    }
  }
}