{
	"format_version": "1.8.0",
	"animations": {
		"animation.model.reload": {
			"loop": true,
			"animation_length": 1.65,
			"blend_weight": "1",
			"bones": {
				"main": {
					"rotation": {
						"0.0": {
							"vector": [0, 0, 0]
						},
						"0.2": {
							"vector": [-2.82845, -3.14202, -11.53827]
						},
						"0.3": {
							"vector": [-6.1257, -3.02931, -21.44076],
							"easing": "linear"
						},
						"0.4": {
							"vector": [-8.99714, -2.88714, -18.93428],
							"easing": "linear"
						},
						"0.5": {
							"vector": [-8.56216, -3.74773, -26.14959]
						},
						"0.6667": {
							"vector": [-8.93449, -3.57494, -20.09324]
						},
						"0.8": {
							"vector": [-8.23835, -5.39519, -30.46877],
							"easing": "linear"
						},
						"0.9": {
							"vector": [-8.4224, -4.29086, -28.09539],
							"easing": "linear"
						},
						"1.0": {
							"vector": [-7.70135, -5.48509, -36.54201],
							"easing": "linear"
						},
						"1.1": {
							"vector": [-6.11762, -4.35841, -32.12568],
							"easing": "linear"
						},
						"1.2333": {
							"vector": [-5.32391, -3.82513, -33.76028]
						},
						"1.4667": {
							"vector": [0, 0, -5.25],
							"easing": "linear"
						},
						"1.5667": {
							"vector": [0, 0, 1.13]
						},
						"1.6667": {
							"vector": [0, 0, 0],
							"easing": "linear"
						}
					},
					"position": {
						"0.0": {
							"vector": [0, 0, 0]
						},
						"0.1333": {
							"vector": [0.355, -0.42, -4.425]
						},
						"0.3667": {
							"vector": [-0.35, -1.75, 0.05],
							"easing": "linear"
						},
						"0.5667": {
							"vector": [-0.15, -0.6, 1],
							"easing": "linear"
						},
						"0.6667": {
							"vector": [-0.52, -1.72, 0.475]
						},
						"0.8": {
							"vector": [-0.85, -2.275, 1],
							"easing": "linear"
						},
						"0.9": {
							"vector": [-0.65, -1.475, 1],
							"easing": "linear"
						},
						"1.0": {
							"vector": [-1.35, -0.225, 0.525],
							"easing": "linear"
						},
						"1.1333": {
							"vector": [-1.575, -2.1, -1.075],
							"easing": "linear"
						},
						"1.4": {
							"vector": [0, -1.3, -3.4],
							"easing": "linear"
						},
						"1.5": {
							"vector": [0, -0.425, -2.45],
							"easing": "linear"
						},
						"1.6": {
							"vector": [0, 0, 0],
							"easing": "linear"
						}
					}
				},
				"magazine": {
					"rotation": {
						"0.0": {
							"vector": [0, 0, 0]
						},
						"0.4667": {
							"vector": [0, 0, 0]
						},
						"0.5667": {
							"vector": [0, 0, 0]
						},
						"0.6667": {
							"vector": [-0.26089, -1.15045, -1.56793]
						},
						"0.8": {
							"vector": [-70.70042, -2.16252, -4.56501]
						},
						"0.9": {
							"vector": [-70.80176, -2.13657, -0.84623]
						},
						"1.1667": {
							"vector": [-70.80176, -2.13657, -0.84623]
						}
					},
					"position": {
						"0.0": {
							"vector": [0, 0, 0]
						},
						"0.4667": {
							"vector": [0, 0, 0]
						},
						"0.5667": {
							"vector": [0, 0, 0]
						},
						"0.6667": {
							"vector": [0.3, -8.425, -0.2]
						},
						"0.7": {
							"vector": [-0.15, -12.605, -4.275]
						},
						"0.7667": {
							"vector": [-1.77, -10.16, -8.625]
						},
						"0.8": {
							"vector": [-3.65, -3.605, -10.525]
						},
						"0.8667": {
							"vector": [-3.45, -1.61, -10.52]
						},
						"1.0": {
							"vector": [-3.65, 4.39, -10.52]
						},
						"1.1667": {
							"vector": [-3.65, 4.39, -10.52]
						},
						"1.4": {
							"vector": [-3.65, -26.21, 0.73]
						}
					}
				},
				"leftarm": {
					"rotation": {
						"0.0": {
							"vector": [0, 0, 0]
						},
						"0.1": {
							"vector": [20.7545, 6.23781, -12.10268]
						},
						"0.1667": {
							"vector": [45.89249, 9.11862, -11.25407]
						},
						"0.3667": {
							"vector": [34.00422, 19.3818, 12.82924]
						},
						"0.4667": {
							"vector": [-20.96319, -3.65402, 9.67668]
						},
						"0.5667": {
							"vector": [-20.96319, -3.65402, 9.67668]
						},
						"0.6667": {
							"vector": [-20.92965, -2.54227, 8.32476]
						},
						"0.8": {
							"vector": [10.45147, 11.66703, 7.23928]
						},
						"0.9": {
							"vector": [13.90283, 13.07233, 12.18586]
						},
						"1.0": {
							"vector": [4.45827, 10.36016, 13.50411]
						},
						"1.1667": {
							"vector": [4.45827, 10.36016, 13.50411]
						},
						"1.4": {
							"vector": [16.95827, 10.36016, 13.50411]
						},
						"1.6": {
							"vector": [0, 0, 0]
						}
					},
					"position": {
						"0.0": {
							"vector": [0, 0, 0]
						},
						"0.1": {
							"vector": [4.1, -3.7, 4.5]
						},
						"0.1667": {
							"vector": [4.1, -3.7, 20.8]
						},
						"0.3667": {
							"vector": [-1.25, -13.55, 18.575]
						},
						"0.4667": {
							"vector": [3.55, -14.525, 11.3]
						},
						"0.5667": {
							"vector": [3.55, -14.525, 11.3]
						},
						"0.6667": {
							"vector": [3.45, -21.22, 11.3]
						},
						"0.7": {
							"vector": [2.385, -22.815, 13.35]
						},
						"0.7667": {
							"vector": [0.795, -19.38, 15.99]
						},
						"0.8": {
							"vector": [-1.475, -12.145, 14.55]
						},
						"0.9": {
							"vector": [-1.48, -10.365, 15.55]
						},
						"1.0": {
							"vector": [-1.48, -8.335, 14.55]
						},
						"1.1667": {
							"vector": [-1.48, -8.335, 14.55]
						},
						"1.4": {
							"vector": [-3.905, -27.73, 28.3]
						},
						"1.4667": {
							"vector": [6.595, -20.8, 21.23]
						},
						"1.6": {
							"vector": [0, 0, 0]
						}
					}
				},
				"magazine2": {
					"rotation": {
						"0.0": {
							"vector": [0, 0, 0]
						},
						"0.3": {
							"vector": [0, 0, 0]
						},
						"0.4667": {
							"vector": [51.25255, 0.44831, -2.31714]
						},
						"0.5667": {
							"vector": [51.25255, 0.44831, -2.31714]
						},
						"0.6667": {
							"vector": [51.25129, 0.29183, -2.51212]
						},
						"0.8": {
							"vector": [-5.0289, -7.32168, -3.37272]
						},
						"0.9": {
							"vector": [-0.26089, -1.15045, -1.56793]
						},
						"1.0": {
							"vector": [0, 0, 0]
						}
					},
					"position": {
						"0.0": {
							"vector": [0, 0, 0]
						},
						"0.3": {
							"vector": [0, -20, 0]
						},
						"0.4667": {
							"vector": [4.3, 4.275, 4.725]
						},
						"0.5667": {
							"vector": [4.3, 4.275, 4.725]
						},
						"0.6667": {
							"vector": [4.35, -2.125, 4.725]
						},
						"0.7": {
							"vector": [3.4, -7.32, 2.72]
						},
						"0.7667": {
							"vector": [1.7, -8.335, 0.71]
						},
						"0.8": {
							"vector": [0, -6.675, -1.3]
						},
						"0.9": {
							"vector": [0.3, -5.6, -0.2]
						},
						"1.0": {
							"vector": [0, 0, 0]
						}
					},
					"scale": {
						"0.0": {
							"vector": [-0.01, 0, 0]
						},
						"0.3": {
							"vector": [1, 1, 1]
						}
					}
				}
			},
			"sound_effects": {
				"0.0": {
					"effect": "foley_start"
				},
				"0.4667": {
					"effect": "m4_magout"
				},
				"0.7667": {
					"effect": "m4_magin"
				},
				"1.1667": {
					"effect": "foley_end"
				}
			}
		},
		"animation.model.draw": {
			"loop": true,
			"animation_length": 0.65,
			"bones": {
				"main": {
					"rotation": {
						"0.0": {
							"post": {
								"vector": [32.09413, -54.38778, -8.29667]
							},
							"lerp_mode": "catmullrom"
						},
						"0.35": {
							"post": {
								"vector": [0.50518, -5.08075, 6.8716]
							},
							"lerp_mode": "catmullrom"
						},
						"0.5": {
							"post": {
								"vector": [0.32389, -0.60235, -2.1558]
							},
							"lerp_mode": "catmullrom"
						},
						"0.6": {
							"post": {
								"vector": [0, 0, 0]
							},
							"lerp_mode": "catmullrom"
						}
					},
					"position": {
						"0.0": {
							"post": {
								"vector": [0, -17.3, 0]
							},
							"lerp_mode": "catmullrom"
						},
						"0.25": {
							"post": {
								"vector": [-0.4, -2.525, -1.625]
							},
							"lerp_mode": "catmullrom"
						},
						"0.4": {
							"post": {
								"vector": [-0.05, 0, -2.49]
							},
							"lerp_mode": "catmullrom"
						},
						"0.55": {
							"post": {
								"vector": [0, 0, 0]
							},
							"lerp_mode": "catmullrom"
						}
					}
				},
				"leftarm": {
					"rotation": {
						"0.0": {
							"vector": [0, 0, 0]
						},
						"0.2": {
							"vector": [1, 0, -22]
						},
						"0.4": {
							"vector": [0, 0, 0]
						}
					},
					"position": {
						"0.0": {
							"vector": [0, 0, 0]
						},
						"0.2": {
							"vector": [3.53901, 3.6754, 5.59783]
						},
						"0.4": {
							"vector": [0, 0, 0]
						}
					}
				}
			},
			"sound_effects": {
				"0.0": {
					"effect": "draw"
				}
			}
		},
		"animation.model.inspect": {
			"loop": true,
			"animation_length": 4.26667,
			"bones": {
				"main": {
					"rotation": {
						"0.0": {
							"vector": [0, 0, 0]
						},
						"0.1667": {
							"vector": [-8.41746, -13.59608, -21.21259],
							"easing": "linear"
						},
						"0.3": {
							"vector": [-8.39812, -20.10111, -31.77688]
						},
						"0.4333": {
							"vector": [-9.55676, -20.88889, -28.55629]
						},
						"0.5333": {
							"vector": [-8.77652, -21.21647, -30.72851]
						},
						"0.7667": {
							"vector": [-9.4227, -20.94881, -28.93303]
						},
						"1.0": {
							"vector": [-3.1216, -20.98207, -46.44405]
						},
						"1.1333": {
							"vector": [-4.564, -20.73064, -42.44007]
						},
						"1.2333": {
							"vector": [-4.86325, -20.9153, -41.60203]
						},
						"1.3333": {
							"vector": [-4.58308, -20.97575, -42.38574]
						},
						"1.4667": {
							"vector": [-4.01131, -21.08802, -43.97908]
						},
						"1.6": {
							"vector": [-4.38767, -21.01662, -42.9316]
						},
						"1.7": {
							"vector": [-4.18847, -21.05622, -43.48691],
							"easing": "linear"
						},
						"2.0333": {
							"vector": [-16.91438, 5.38499, 54.40399],
							"easing": "linear"
						},
						"2.1667": {
							"vector": [-15.22513, 5.80082, 60.04554]
						},
						"2.3": {
							"vector": [-15.70981, 5.86025, 59.48558]
						},
						"2.4333": {
							"vector": [-15.93602, 7.03904, 62.69373]
						},
						"2.5667": {
							"vector": [-15.60896, 7.75082, 65.23442]
						},
						"2.7333": {
							"vector": [-15.71675, 7.52491, 64.42194]
						},
						"2.9": {
							"vector": [-15.56389, 7.84019, 65.55973]
						},
						"3.1": {
							"vector": [-15.61778, 7.73186, 65.16659]
						},
						"3.2667": {
							"vector": [-15.9801, 6.93689, 62.33342]
						},
						"3.4": {
							"vector": [-8.86998, 2.42135, 33.56191]
						},
						"3.5333": {
							"vector": [0, -1.75, -2.75]
						},
						"3.7": {
							"vector": [0, 0, 0]
						}
					},
					"position": {
						"0.0": {
							"vector": [0, 0, 0]
						},
						"0.3": {
							"vector": [-0.475, 1.475, -8.7]
						},
						"0.4": {
							"vector": [-0.195, 1, -7.7]
						},
						"0.5333": {
							"vector": [-0.03, 0.725, -7.7]
						},
						"0.7": {
							"vector": [0, 1.125, -7.7]
						},
						"0.9": {
							"vector": [0.125, 1.4, -8.275]
						},
						"1.2": {
							"vector": [-0.02, 1.475, -8]
						},
						"1.4": {
							"vector": [0.11, 1.425, -8.175]
						},
						"1.6667": {
							"vector": [0.275, 1.25, -7.975]
						},
						"1.8": {
							"vector": [-0.13, -1.19, -8.65]
						},
						"1.9667": {
							"vector": [-0.545, -1.325, -11.15]
						},
						"2.1333": {
							"vector": [-0.415, -1.395, -10.545]
						},
						"2.2667": {
							"vector": [-0.525, -1.455, -9.17]
						},
						"2.4": {
							"vector": [-0.49, -1.43, -9.85]
						},
						"2.5667": {
							"vector": [-0.455, -1.5, -9.24]
						},
						"2.7667": {
							"vector": [-0.53, -1.5, -9.27]
						},
						"3.0": {
							"vector": [-0.49, -1.41, -9.3]
						},
						"3.2333": {
							"vector": [-0.545, -1.325, -9.325]
						},
						"3.3667": {
							"vector": [-1.005, -0.61, -7.41]
						},
						"3.6333": {
							"vector": [0, 0, 0]
						}
					}
				},
				"leftarm": {
					"rotation": {
						"0.0": {
							"vector": [0, 0, 0]
						},
						"0.1667": {
							"vector": [0, 0, -2.5]
						},
						"1.7333": {
							"vector": [0, 0, -2.5]
						},
						"2.2": {
							"vector": [-52.5, 0, -45]
						},
						"2.2667": {
							"vector": [-52.5, 0, -45]
						},
						"2.4": {
							"vector": [-52.5, 0, -45]
						},
						"2.9667": {
							"vector": [-52.5, 0, -45]
						},
						"3.1": {
							"vector": [-52.5, 0, -45]
						},
						"3.2667": {
							"vector": [-52.5, 0, -45]
						},
						"3.4": {
							"vector": [-37.32507, -1.74053, -32.62006]
						},
						"3.6": {
							"vector": [0, 0, 0]
						}
					},
					"position": {
						"0.0": {
							"vector": [0, 0, 0]
						},
						"0.1667": {
							"vector": [11.23986, -30.20851, 24.64864]
						},
						"1.7333": {
							"vector": [11.23986, -30.20851, 24.64864]
						},
						"2.2": {
							"vector": [17.35, 14.25, 14.33]
						},
						"2.2667": {
							"vector": [15.35, 14.25, 15.33]
						},
						"2.4": {
							"vector": [15.35, 14.25, 19.33]
						},
						"2.9667": {
							"vector": [15.35, 14.25, 19.33]
						},
						"3.1": {
							"vector": [15.35, 14.25, 15.33]
						},
						"3.2667": {
							"vector": [15.35, 14.25, 15.33]
						},
						"3.4": {
							"vector": [22.35, 2.25, 15.33]
						},
						"3.6": {
							"vector": [0, 0, 0]
						}
					}
				},
				"action": {
					"position": {
						"2.2667": {
							"vector": [0, 0, 0]
						},
						"2.4": {
							"vector": [0, 0, 4]
						},
						"2.9667": {
							"vector": [0, 0, 4]
						},
						"3.1": {
							"vector": [0, 0, 0]
						}
					}
				},
				"bolt": {
					"position": {
						"2.2667": {
							"vector": [0, 0, 0]
						},
						"2.4": {
							"vector": [0, 0, 4]
						},
						"2.9667": {
							"vector": [0, 0, 4]
						},
						"3.1": {
							"vector": [0, 0, 0]
						}
					}
				}
			},
			"sound_effects": {
				"0.0": {
					"effect": "inspect_up"
				},
				"0.6667": {
					"effect": "inspect_foley"
				},
				"1.3333": {
					"effect": "inspect_turn"
				},
				"2.2667": {
					"effect": "m4_actionback"
				},
				"2.8": {
					"effect": "m4_actionforward"
				},
				"3.3333": {
					"effect": "inspect_down"
				}
			}
		},
		"animation.model.reloadempty": {
			"loop": true,
			"animation_length": 3.26667,
			"bones": {
				"main": {
					"rotation": {
						"0.0667": {
							"pre": {
								"vector": [0, 0, 0]
							},
							"post": {
								"vector": [0, 0, 0]
							},
							"lerp_mode": "catmullrom"
						},
						"0.1667": {
							"post": {
								"vector": [0, 0, 0]
							},
							"lerp_mode": "catmullrom"
						},
						"0.2667": {
							"post": {
								"vector": [0, 0, -42.5]
							},
							"lerp_mode": "catmullrom"
						},
						"0.5": {
							"post": {
								"vector": [0.5, 0, -37.5]
							},
							"lerp_mode": "catmullrom"
						},
						"0.7333": {
							"post": {
								"vector": [0, -0.5, -37.5]
							},
							"lerp_mode": "catmullrom"
						},
						"1.0": {
							"post": {
								"vector": [-0.5, 0, -37.5]
							},
							"lerp_mode": "catmullrom"
						},
						"1.2333": {
							"post": {
								"vector": [0, 0, -37]
							},
							"lerp_mode": "catmullrom"
						},
						"1.5": {
							"post": {
								"vector": [0.5, 0, -37.5]
							},
							"lerp_mode": "catmullrom"
						},
						"1.7333": {
							"post": {
								"vector": [-0.5, 0, -37.5]
							},
							"lerp_mode": "catmullrom"
						},
						"2.0": {
							"post": {
								"vector": [0, 0, -37]
							},
							"lerp_mode": "catmullrom"
						},
						"2.1667": {
							"post": {
								"vector": [5, 0, 20.5]
							},
							"lerp_mode": "catmullrom"
						},
						"2.3333": {
							"post": {
								"vector": [4.74995, -0.0207, 20.74914]
							},
							"lerp_mode": "catmullrom"
						},
						"2.5667": {
							"post": {
								"vector": [4.74997, -0.45688, 19.96031]
							},
							"lerp_mode": "catmullrom"
						},
						"2.8333": {
							"post": {
								"vector": [5.25, 0.29, 20.02]
							},
							"lerp_mode": "catmullrom"
						},
						"3.0667": {
							"post": {
								"vector": [4.75234, 0.24859, 20.51829]
							},
							"lerp_mode": "catmullrom"
						},
						"3.2667": {
							"post": {
								"vector": [0, 0, 0]
							},
							"lerp_mode": "catmullrom"
						}
					},
					"position": {
						"0.0667": {
							"pre": {
								"vector": [0, 0, 0]
							},
							"post": {
								"vector": [0, 0, 0]
							},
							"lerp_mode": "catmullrom"
						},
						"1.5667": {
							"post": {
								"vector": [0, 0, 0]
							},
							"lerp_mode": "catmullrom"
						},
						"1.6667": {
							"post": {
								"vector": [-0.5, 0.5, 0]
							},
							"lerp_mode": "catmullrom"
						},
						"1.7333": {
							"post": {
								"vector": [0, 0, 0]
							},
							"lerp_mode": "catmullrom"
						},
						"2.0": {
							"post": {
								"vector": [0, 0, 0]
							},
							"lerp_mode": "catmullrom"
						},
						"2.1667": {
							"post": {
								"vector": [1, -2, 0]
							},
							"lerp_mode": "catmullrom"
						},
						"2.4": {
							"post": {
								"vector": [1, -2, 0]
							},
							"lerp_mode": "catmullrom"
						},
						"2.5": {
							"post": {
								"vector": [1, -2, 1]
							},
							"lerp_mode": "catmullrom"
						},
						"2.6667": {
							"post": {
								"vector": [1, -2, 1]
							},
							"lerp_mode": "catmullrom"
						},
						"2.7333": {
							"post": {
								"vector": [1, -2, 0]
							},
							"lerp_mode": "catmullrom"
						},
						"3.0667": {
							"post": {
								"vector": [1, -2, 0]
							},
							"lerp_mode": "catmullrom"
						},
						"3.2667": {
							"post": {
								"vector": [0, 0, -2]
							},
							"lerp_mode": "catmullrom"
						},
						"3.4": {
							"post": {
								"vector": [0, 0, 0]
							},
							"lerp_mode": "catmullrom"
						}
					}
				},
				"leftarm": {
					"rotation": {
						"0.0": {
							"post": {
								"vector": [0, 0, 0]
							},
							"lerp_mode": "catmullrom"
						},
						"0.1": {
							"post": {
								"vector": [0, 0, 27.5]
							},
							"lerp_mode": "catmullrom"
						},
						"1.1333": {
							"post": {
								"vector": [4.37301, -17.78701, -5.92674]
							},
							"lerp_mode": "catmullrom"
						},
						"1.8667": {
							"post": {
								"vector": [4.37, -17.79, -5.93]
							},
							"lerp_mode": "catmullrom"
						},
						"2.1667": {
							"post": {
								"vector": [4.37, -17.79, -5.93]
							},
							"lerp_mode": "catmullrom"
						},
						"2.7667": {
							"post": {
								"vector": [4.37, -17.79, -5.93]
							},
							"lerp_mode": "catmullrom"
						},
						"2.9667": {
							"post": {
								"vector": [4.37, -17.79, -5.93]
							},
							"lerp_mode": "catmullrom"
						},
						"3.1667": {
							"post": {
								"vector": [0, 0, 0]
							},
							"lerp_mode": "catmullrom"
						}
					},
					"position": {
						"0.0": {
							"post": {
								"vector": [0, 0, 0]
							},
							"lerp_mode": "catmullrom"
						},
						"0.1": {
							"post": {
								"vector": [14, -30, 0]
							},
							"lerp_mode": "catmullrom"
						},
						"0.2": {
							"post": {
								"vector": [14, -58, 0]
							},
							"lerp_mode": "catmullrom"
						},
						"1.1333": {
							"post": {
								"vector": [14, -58, 0]
							},
							"lerp_mode": "catmullrom"
						},
						"1.3667": {
							"post": {
								"vector": [-6, -22, 11]
							},
							"lerp_mode": "catmullrom"
						},
						"1.4333": {
							"post": {
								"vector": [-6, -21.425, 11]
							},
							"lerp_mode": "catmullrom"
						},
						"1.5333": {
							"post": {
								"vector": [-6, -21.425, 11]
							},
							"lerp_mode": "catmullrom"
						},
						"1.6667": {
							"post": {
								"vector": [-6, -15.42, 11]
							},
							"lerp_mode": "catmullrom"
						},
						"1.8667": {
							"post": {
								"vector": [-6, -15.42, 11]
							},
							"lerp_mode": "catmullrom"
						},
						"2.1667": {
							"post": {
								"vector": [-6, -15.42, 11]
							},
							"lerp_mode": "catmullrom"
						},
						"2.3333": {
							"post": {
								"vector": [-2, 5.58, 33.5]
							},
							"lerp_mode": "catmullrom"
						},
						"2.3667": {
							"post": {
								"vector": [-2, 5.58, 35]
							},
							"lerp_mode": "catmullrom"
						},
						"2.4333": {
							"post": {
								"vector": [-2, 5.58, 36.83]
							},
							"lerp_mode": "catmullrom"
						},
						"2.5": {
							"post": {
								"vector": [-2, 5.58, 40.5]
							},
							"lerp_mode": "catmullrom"
						},
						"2.6667": {
							"post": {
								"vector": [-2, 5.58, 40.5]
							},
							"lerp_mode": "catmullrom"
						},
						"2.7667": {
							"post": {
								"vector": [2, 9.58, 44.5]
							},
							"lerp_mode": "catmullrom"
						},
						"2.9667": {
							"post": {
								"vector": [2, 9.58, 44.5]
							},
							"lerp_mode": "catmullrom"
						},
						"3.1667": {
							"post": {
								"vector": [0, 0, 0]
							},
							"lerp_mode": "catmullrom"
						}
					}
				},
				"magazine": {
					"rotation": {
						"0.2667": {
							"pre": {
								"vector": [0, 0, 0]
							},
							"post": {
								"vector": [0, 0, 0]
							},
							"lerp_mode": "catmullrom"
						},
						"1.1333": {
							"post": {
								"vector": [-18.58597, -7.52076, -21.26765]
							},
							"lerp_mode": "catmullrom"
						},
						"1.3667": {
							"post": {
								"vector": [0, -7.52, 0]
							},
							"lerp_mode": "catmullrom"
						},
						"1.4333": {
							"post": {
								"vector": [0, 1.48, 0]
							},
							"lerp_mode": "catmullrom"
						},
						"1.8667": {
							"post": {
								"vector": [0, 1.48, 0]
							},
							"lerp_mode": "catmullrom"
						},
						"1.9667": {
							"post": {
								"vector": [0, 0, 0]
							},
							"lerp_mode": "catmullrom"
						}
					},
					"position": {
						"0.2667": {
							"pre": {
								"vector": [0, 0, 0]
							},
							"post": {
								"vector": [0, 0, 0]
							},
							"lerp_mode": "catmullrom"
						},
						"0.3333": {
							"post": {
								"vector": [0, -24, 0]
							},
							"lerp_mode": "catmullrom"
						},
						"1.1333": {
							"post": {
								"vector": [20, -43, -11]
							},
							"lerp_mode": "catmullrom"
						},
						"1.3667": {
							"post": {
								"vector": [0, -7, 0]
							},
							"lerp_mode": "catmullrom"
						},
						"1.4333": {
							"post": {
								"vector": [0, -6.425, 0]
							},
							"lerp_mode": "catmullrom"
						},
						"1.5333": {
							"post": {
								"vector": [0, -6.42, 0]
							},
							"lerp_mode": "catmullrom"
						},
						"1.6667": {
							"post": {
								"vector": [0, 0, 0]
							},
							"lerp_mode": "catmullrom"
						},
						"1.8667": {
							"post": {
								"vector": [0, 0, 0]
							},
							"lerp_mode": "catmullrom"
						},
						"1.9667": {
							"post": {
								"vector": [0, 0, 0]
							},
							"lerp_mode": "catmullrom"
						}
					}
				},
				"magazine2": {
					"rotation": {
						"0.2667": {
							"pre": {
								"vector": [0, 0, 0]
							},
							"post": {
								"vector": [0, 0, 0]
							},
							"lerp_mode": "catmullrom"
						},
						"1.1333": {
							"post": {
								"vector": [-18.58597, -7.52076, -21.26765]
							},
							"lerp_mode": "catmullrom"
						},
						"1.3667": {
							"post": {
								"vector": [0, -7.52, 0]
							},
							"lerp_mode": "catmullrom"
						},
						"1.4333": {
							"post": {
								"vector": [0, 1.48, 0]
							},
							"lerp_mode": "catmullrom"
						},
						"1.8667": {
							"post": {
								"vector": [0, 1.48, 0]
							},
							"lerp_mode": "catmullrom"
						},
						"1.9667": {
							"post": {
								"vector": [0, 0, 0]
							},
							"lerp_mode": "catmullrom"
						}
					},
					"position": {
						"0.2667": {
							"pre": {
								"vector": [0, 0, 0]
							},
							"post": {
								"vector": [0, 0, 0]
							},
							"lerp_mode": "catmullrom"
						},
						"0.3333": {
							"post": {
								"vector": [0, -24, 0]
							},
							"lerp_mode": "catmullrom"
						},
						"1.1333": {
							"post": {
								"vector": [20, -43, -11]
							},
							"lerp_mode": "catmullrom"
						},
						"1.3667": {
							"post": {
								"vector": [0, -7, 0]
							},
							"lerp_mode": "catmullrom"
						},
						"1.4333": {
							"post": {
								"vector": [0, -6.425, 0]
							},
							"lerp_mode": "catmullrom"
						},
						"1.5333": {
							"post": {
								"vector": [0, -6.42, 0]
							},
							"lerp_mode": "catmullrom"
						},
						"1.6667": {
							"post": {
								"vector": [0, 0, 0]
							},
							"lerp_mode": "catmullrom"
						},
						"1.8667": {
							"post": {
								"vector": [0, 0, 0]
							},
							"lerp_mode": "catmullrom"
						},
						"1.9667": {
							"post": {
								"vector": [0, 0, 0]
							},
							"lerp_mode": "catmullrom"
						}
					}
				},
				"bolt": {
					"position": {
						"0.0": {
							"post": {
								"vector": [0, 0, 6.6]
							},
							"lerp_mode": "catmullrom"
						},
						"2.4667": {
							"post": {
								"vector": [0, 0, 6.6]
							},
							"lerp_mode": "catmullrom"
						},
						"2.5": {
							"post": {
								"vector": [0, 0, 7]
							},
							"lerp_mode": "catmullrom"
						},
						"2.6667": {
							"post": {
								"vector": [0, 0, 7]
							},
							"lerp_mode": "catmullrom"
						},
						"2.7667": {
							"post": {
								"vector": [0, 0, 0]
							},
							"lerp_mode": "catmullrom"
						}
					}
				},
				"action": {
					"position": {
						"2.3333": {
							"pre": {
								"vector": [0, 0, 0]
							},
							"post": {
								"vector": [0, 0, 0]
							},
							"lerp_mode": "catmullrom"
						},
						"2.3667": {
							"post": {
								"vector": [0, 0, 1]
							},
							"lerp_mode": "catmullrom"
						},
						"2.4333": {
							"post": {
								"vector": [0, 0, 3]
							},
							"lerp_mode": "catmullrom"
						},
						"2.5": {
							"post": {
								"vector": [0, 0, 7]
							},
							"lerp_mode": "catmullrom"
						},
						"2.6667": {
							"post": {
								"vector": [0, 0, 7]
							},
							"lerp_mode": "catmullrom"
						},
						"2.7667": {
							"post": {
								"vector": [0, 0, 0]
							},
							"lerp_mode": "catmullrom"
						}
					}
				}
			},
			"sound_effects": {
				"0.1333": {
					"effect": "foley_start"
				},
				"0.2667": {
					"effect": "m4_magout"
				},
				"1.4333": {
					"effect": "m4_magin"
				},
				"1.9667": {
					"effect": "foley_start"
				},
				"2.4333": {
					"effect": "m4_actionback"
				},
				"2.5": {
					"effect": "m4_actionforward"
				},
				"3.1": {
					"effect": "foley_start"
				},
				"3.1667": {
					"effect": "foley_end"
				}
			}
		},
		"animation.model.fire": {
			"loop": true,
			"animation_length": 0.08333,
			"bones": {
				"bolt": {
					"position": {
						"0.0": {
							"vector": [0, 0, 7]
						},
						"0.0833": {
							"vector": [0, 0, 0]
						}
					}
				}
			}
		}
	},
	"geckolib_format_version": 2
}