{
	"format_version": "1.8.0",
	"animations": {
		"animation.model.draw": {
			"loop": true,
			"animation_length": 0.66667,
			"bones": {
				"main": {
					"rotation": {
						"0.0": {
							"post": {
								"vector": [32.09413, -54.38778, -8.29667]
							},
							"lerp_mode": "catmullrom"
						},
						"0.3333": {
							"post": {
								"vector": [0.50518, -5.08075, 6.8716]
							},
							"lerp_mode": "catmullrom"
						},
						"0.5": {
							"post": {
								"vector": [0.32389, -0.60235, -2.1558]
							},
							"lerp_mode": "catmullrom"
						},
						"0.5833": {
							"post": {
								"vector": [0, 0, 0]
							},
							"lerp_mode": "catmullrom"
						}
					},
					"position": {
						"0.0": {
							"post": {
								"vector": [0, -17.3, 0]
							},
							"lerp_mode": "catmullrom"
						},
						"0.25": {
							"post": {
								"vector": [-0.4, -2.525, -1.625]
							},
							"lerp_mode": "catmullrom"
						},
						"0.4167": {
							"post": {
								"vector": [-0.05, 0, -2.49]
							},
							"lerp_mode": "catmullrom"
						},
						"0.5417": {
							"post": {
								"vector": [0, 0, 0]
							},
							"lerp_mode": "catmullrom"
						}
					}
				},
				"_camera_": {
					"rotation": {
						"0.0": {
							"vector": [0, 0, 0]
						},
						"0.1667": {
							"vector": [1.80315, -1.89688, -1.62846]
						},
						"0.2917": {
							"vector": [1.24924, -0.00333, 0.0435]
						},
						"0.375": {
							"vector": [0.44082, -0.01767, 1.01624]
						},
						"0.5": {
							"vector": [0, 0, 0]
						}
					},
					"position": {
						"vector": [0, 0, 0]
					}
				}
			},
			"sound_effects": {
				"0.0": {
					"effect": "draw"
				}
			}
		},
		"animation.model.inspect": {
			"loop": true,
			"animation_length": 5.46667,
			"bones": {
				"main": {
					"rotation": {
						"0.0": {
							"vector": [0, 0, 0]
						},
						"0.3667": {
							"vector": [-26.32055, -28.95323, -38.41824]
						},
						"0.4667": {
							"vector": [-25.66239, -31.53589, -44.68762]
						},
						"0.5667": {
							"vector": [-29.3192, -30.58227, -40.03448]
						},
						"0.7667": {
							"vector": [-27.10413, -31.89841, -42.85878]
						},
						"0.8667": {
							"vector": [-27.78689, -31.32225, -41.55621]
						},
						"1.0333": {
							"vector": [-27.51613, -31.5543, -42.0753]
						},
						"1.2333": {
							"vector": [-23.71064, -34.36823, -49.06156]
						},
						"1.4": {
							"vector": [-21.1074, -35.89402, -53.58343]
						},
						"1.5667": {
							"vector": [-21.94193, -35.43536, -52.15215]
						},
						"1.7667": {
							"vector": [-20.76832, -36.0727, -54.16054]
						},
						"2.5667": {
							"vector": [-23.3185, -35.45401, -49.81532]
						},
						"2.7667": {
							"vector": [-51.25525, -13.69623, -15.09178]
						},
						"2.8667": {
							"vector": [-65.63972, 2.32296, -3.688]
						},
						"3.0667": {
							"vector": [-74.01117, 23.8148, -0.67983]
						},
						"3.2333": {
							"vector": [-79.3734, 25.56465, -3.9573]
						},
						"3.4333": {
							"vector": [-78.98912, 24.70845, -3.62085]
						},
						"3.6667": {
							"vector": [-78.89762, 23.48902, -2.80696]
						},
						"3.9333": {
							"vector": [-78.94097, 24.0015, -2.60182]
						},
						"4.2667": {
							"vector": [-78.95092, 23.9453, -3.0957]
						},
						"4.6667": {
							"vector": [-78.95092, 23.9453, -3.0957]
						},
						"5.0667": {
							"vector": [-3.27585, -3.91843, 52.5061]
						},
						"5.3333": {
							"vector": [1.57141, -1.85374, -1.9128]
						},
						"5.4": {
							"vector": [0.27288, -0.37236, 1.59554]
						},
						"5.4667": {
							"vector": [0, 0, 0]
						}
					},
					"position": {
						"0.0": {
							"vector": [0, 0, 0]
						},
						"0.3": {
							"vector": [-4.15, 1.75, -15.475]
						},
						"0.4": {
							"vector": [-4.15, -0.15, -14.6]
						},
						"0.5333": {
							"vector": [-4.15, -0.925, -14.6]
						},
						"0.7": {
							"vector": [-4.2, -0.42, -14.6]
						},
						"0.9": {
							"vector": [-4.12, -0.57, -14.6]
						},
						"1.0667": {
							"vector": [-4.15, -0.47, -14.6]
						},
						"1.3": {
							"vector": [-4.15, -0.12, -14.825]
						},
						"1.5333": {
							"vector": [-4.2, -0.12, -15.04]
						},
						"1.7": {
							"vector": [-4.2, -0.02, -15.04]
						},
						"2.3": {
							"vector": [-4.2, -1.495, -15.04]
						},
						"2.4333": {
							"vector": [-4.03, -1.67, -15.04]
						},
						"2.5667": {
							"vector": [-3.7, 0.08, -15.04]
						},
						"2.6667": {
							"vector": [-0.18968, 5.0153, -18.15932]
						},
						"2.7667": {
							"vector": [4.78001, 6.68487, -20.58417]
						},
						"2.8667": {
							"vector": [12.24, 1.085, -21.53]
						},
						"3.0333": {
							"vector": [24.8, -17.445, -24.215]
						},
						"3.1667": {
							"vector": [26.05, -19.97, -23.16]
						},
						"3.4333": {
							"vector": [26.05, -18.915, -23.16]
						},
						"3.9": {
							"vector": [26.05, -18.145, -23.16]
						},
						"4.2667": {
							"vector": [26.05, -18.34, -23.16]
						},
						"4.6667": {
							"vector": [25.39, -20.09, -22.52]
						},
						"4.8333": {
							"vector": [14.76, -16.93, -12.15]
						},
						"5.0": {
							"vector": [2.27, -9.09, 0.045]
						},
						"5.2": {
							"vector": [0.02894, -1.60775, -6.90297]
						},
						"5.2667": {
							"vector": [0.05077, -1.45863, -3.79557]
						},
						"5.4": {
							"vector": [-0.01391, -0.26895, -0.26276]
						},
						"5.4667": {
							"vector": [0, 0, 0]
						}
					}
				},
				"action": {
					"position": {
						"3.4333": {
							"pre": {
								"vector": [0, 0, 0]
							},
							"post": {
								"vector": [0, 0, 0]
							},
							"lerp_mode": "catmullrom"
						},
						"3.5667": {
							"post": {
								"vector": [0, 0, 4]
							},
							"lerp_mode": "catmullrom"
						},
						"4.1333": {
							"post": {
								"vector": [0, 0, 4]
							},
							"lerp_mode": "catmullrom"
						},
						"4.2667": {
							"post": {
								"vector": [0, 0, 0]
							},
							"lerp_mode": "catmullrom"
						}
					}
				},
				"bolt": {
					"position": {
						"3.4333": {
							"vector": [0, 0, 0]
						},
						"3.6": {
							"vector": [0, 0, 4]
						},
						"4.1333": {
							"vector": [0, 0, 4]
						},
						"4.2667": {
							"vector": [0, 0, 0]
						}
					}
				},
				"leftarm": {
					"rotation": {
						"0.0": {
							"post": {
								"vector": [0, 0, 0]
							},
							"lerp_mode": "catmullrom"
						},
						"0.1667": {
							"post": {
								"vector": [0, 0, -2.5]
							},
							"lerp_mode": "catmullrom"
						},
						"2.9333": {
							"post": {
								"vector": [0, 0, -2.5]
							},
							"lerp_mode": "catmullrom"
						},
						"3.4333": {
							"post": {
								"vector": [-52.5, 0, -45]
							},
							"lerp_mode": "catmullrom"
						},
						"3.6": {
							"post": {
								"vector": [-52.5, 0, -45]
							},
							"lerp_mode": "catmullrom"
						},
						"4.1333": {
							"post": {
								"vector": [-52.5, 0, -45]
							},
							"lerp_mode": "catmullrom"
						},
						"4.2667": {
							"post": {
								"vector": [-52.5, 0, -45]
							},
							"lerp_mode": "catmullrom"
						},
						"4.4333": {
							"post": {
								"vector": [-52.5, 0, -45]
							},
							"lerp_mode": "catmullrom"
						},
						"4.6": {
							"post": {
								"vector": [-37.32507, -1.74053, -32.62006]
							},
							"lerp_mode": "catmullrom"
						},
						"4.7667": {
							"post": {
								"vector": [0, 0, 0]
							},
							"lerp_mode": "catmullrom"
						}
					},
					"position": {
						"0.0": {
							"post": {
								"vector": [0, 0, 0]
							},
							"lerp_mode": "catmullrom"
						},
						"0.1667": {
							"post": {
								"vector": [11.23986, -30.20851, 24.64864]
							},
							"lerp_mode": "catmullrom"
						},
						"2.9333": {
							"post": {
								"vector": [11.23986, -30.20851, 24.64864]
							},
							"lerp_mode": "catmullrom"
						},
						"3.4333": {
							"post": {
								"vector": [15.35, 14.25, 15.33]
							},
							"lerp_mode": "catmullrom"
						},
						"3.6": {
							"post": {
								"vector": [15.35, 14.25, 19.33]
							},
							"lerp_mode": "catmullrom"
						},
						"4.1333": {
							"post": {
								"vector": [15.35, 14.25, 19.33]
							},
							"lerp_mode": "catmullrom"
						},
						"4.2667": {
							"post": {
								"vector": [15.35, 14.25, 15.33]
							},
							"lerp_mode": "catmullrom"
						},
						"4.4333": {
							"post": {
								"vector": [15.35, 14.25, 15.33]
							},
							"lerp_mode": "catmullrom"
						},
						"4.6": {
							"post": {
								"vector": [22.35, 2.25, 15.33]
							},
							"lerp_mode": "catmullrom"
						},
						"4.7667": {
							"post": {
								"vector": [0, 0, 0]
							},
							"lerp_mode": "catmullrom"
						}
					}
				},
				"bullet": {
					"position": {
						"3.3": {
							"vector": [0, 3, -6]
						},
						"3.4333": {
							"vector": [0, 3, -6]
						},
						"3.4667": {
							"vector": [0, 3, -5]
						},
						"3.5": {
							"vector": [0, 3, -4]
						},
						"3.5333": {
							"vector": [0, 3, -3]
						},
						"3.5667": {
							"vector": [0, 3, -2]
						},
						"4.1333": {
							"vector": [0, 3, -2]
						},
						"4.1667": {
							"vector": [0, 3, -3]
						},
						"4.2": {
							"vector": [0, 3, -4]
						},
						"4.2333": {
							"vector": [0, 3, -5]
						}
					}
				},
				"_camera_": {
					"rotation": {
						"0.0": {
							"vector": [0, 0, 0]
						},
						"0.1333": {
							"vector": [-0.01091, 1.24995, -0.50012]
						},
						"0.2667": {
							"vector": [-1.31346, 1.78854, -1.03401]
						},
						"0.4667": {
							"vector": [-3.43914, 2.08948, 0.95199]
						},
						"0.8333": {
							"vector": [-4.99004, 2.77768, -0.09243]
						},
						"1.0667": {
							"vector": [-5.49004, 2.77768, -0.09243]
						},
						"1.7333": {
							"vector": [7.44976, 9.00685, -1.60374]
						},
						"1.9667": {
							"vector": [9.88265, 9.8236, -2.03661]
						},
						"2.2667": {
							"vector": [10.3897, 9.84427, -1.20003]
						},
						"2.5667": {
							"vector": [9.96385, 7.66225, 1.88547]
						},
						"2.7667": {
							"vector": [1.24375, 5.27922, 3.31414]
						},
						"2.9667": {
							"vector": [5.41765, 2.01024, 2.19487]
						},
						"3.2333": {
							"vector": [12.17135, -3.19168, -0.93824]
						},
						"3.5667": {
							"vector": [9.63273, -4.12615, 0.15611]
						},
						"4.3": {
							"vector": [5.12655, -3.80897, -0.98969]
						},
						"4.5333": {
							"vector": [4.61883, -3.81704, -0.95786]
						},
						"4.9667": {
							"vector": [2.5026, -0.00111, -0.00518]
						},
						"5.1333": {
							"vector": [1.75872, -0.39593, -1.62595]
						},
						"5.2667": {
							"vector": [1.24924, -0.00333, 0.0435]
						},
						"5.3667": {
							"vector": [0.44082, -0.01767, 1.01624]
						},
						"5.4667": {
							"vector": [0, 0, 0]
						}
					},
					"position": {
						"0.0": {
							"vector": [0, 0, 0]
						},
						"4.9667": {
							"vector": [0, 0, 0]
						}
					}
				}
			},
			"sound_effects": {
				"0.0": {
					"effect": "inspect_up"
				},
				"1.0667": {
					"effect": "inspect_foley"
				},
				"2.2667": {
					"effect": "inspect_turn"
				},
				"3.4333": {
					"effect": "m4_actionback"
				},
				"3.9333": {
					"effect": "m4_actionforward"
				},
				"4.9667": {
					"effect": "inspect_down"
				}
			}
		},
		"animation.model.reload": {
			"loop": true,
			"animation_length": 1.6667,
			"blend_weight": "1",
			"bones": {
				"main": {
					"rotation": {
						"0.0": {
							"vector": [0, 0, 0]
						},
						"0.2": {
							"vector": [-2.82845, -3.14202, -24.03827]
						},
						"0.3": {
							"vector": [-6.1257, -3.02931, -21.44076],
							"easing": "linear"
						},
						"0.4": {
							"vector": [-8.99714, -2.88714, -18.93428],
							"easing": "linear"
						},
						"0.5": {
							"vector": [-8.56216, -3.74773, -26.14959]
						},
						"0.6667": {
							"vector": [-8.93449, -3.57494, -20.09324]
						},
						"0.7667": {
							"vector": [-8.46409, -5.03203, -27.98501],
							"easing": "linear"
						},
						"0.85": {
							"vector": [-8.37198, -4.7704, -28.78564]
						},
						"0.9167": {
							"vector": [-8.58289, -3.95815, -25.86434],
							"easing": "linear"
						},
						"1.0": {
							"vector": [-7.70135, -5.48509, -36.54201],
							"easing": "linear"
						},
						"1.1333": {
							"vector": [-5.99567, -3.66921, -28.95586]
						},
						"1.2333": {
							"vector": [-5.91634, -2.66142, -25.69473]
						},
						"1.4333": {
							"vector": [0, -0.75, -5.25],
							"easing": "linear"
						},
						"1.5333": {
							"vector": [0, 0, 2.38],
							"easing": "linear"
						},
						"1.6667": {
							"vector": [0, 0, 0],
							"easing": "easeInOutSine"
						}
					},
					"position": {
						"0.0": {
							"vector": [0, 0, 0]
						},
						"0.1667": {
							"vector": [0.355, -0.42, -5.425],
							"easing": "linear"
						},
						"0.3667": {
							"vector": [-0.35, -1.75, -2.65],
							"easing": "easeInOutSine"
						},
						"0.4667": {
							"vector": [-0.35, -1.17, -0.545]
						},
						"0.5667": {
							"vector": [-0.15, -0.6, -1.125],
							"easing": "linear"
						},
						"0.6667": {
							"vector": [-0.52, -1.72, -1.525]
						},
						"0.8": {
							"vector": [-0.75, -2.15, -1],
							"easing": "linear"
						},
						"0.9": {
							"vector": [-0.65, -1.475, -1],
							"easing": "linear"
						},
						"1.0": {
							"vector": [-1.35, -0.225, -1.475],
							"easing": "linear"
						},
						"1.1667": {
							"vector": [-1.575, -2.25, -3.45],
							"easing": "linear"
						},
						"1.3167": {
							"vector": [-0.6, -3.15, -5.4],
							"easing": "linear"
						},
						"1.4": {
							"vector": [-0.31, -1.73, -4.445]
						},
						"1.4833": {
							"vector": [-0.02, -0.06, -1.805]
						},
						"1.6167": {
							"vector": [0, 0, 0],
							"easing": "easeOutSine"
						}
					}
				},
				"leftarm": {
					"rotation": {
						"0.0": {
							"vector": [0, 0, 0]
						},
						"0.1": {
							"vector": [20.7545, 6.23781, -12.10268]
						},
						"0.15": {
							"vector": [45.89249, 9.11862, -11.25407]
						},
						"0.35": {
							"vector": [34.00422, 19.3818, 12.82924]
						},
						"0.45": {
							"vector": [-20.96319, -3.65402, 9.67668]
						},
						"0.55": {
							"vector": [-20.96319, -3.65402, 9.67668]
						},
						"0.65": {
							"vector": [-20.92965, -2.54227, 8.32476]
						},
						"0.8": {
							"vector": [10.45147, 11.66703, 7.23928]
						},
						"0.9": {
							"vector": [13.90283, 13.07233, 12.18586]
						},
						"1.0": {
							"vector": [4.45827, 10.36016, 13.50411]
						},
						"1.15": {
							"vector": [4.45827, 10.36016, 13.50411]
						},
						"1.4": {
							"vector": [16.95827, 10.36016, 13.50411]
						},
						"1.6": {
							"vector": [0, 0, 0]
						}
					},
					"position": {
						"0.0": {
							"vector": [0, 0, 0]
						},
						"0.1": {
							"vector": [4.1, -3.7, 4.5]
						},
						"0.15": {
							"vector": [4.1, -3.7, 20.8]
						},
						"0.35": {
							"vector": [-1.25, -13.55, 18.575]
						},
						"0.45": {
							"vector": [3.55, -14.525, 11.3]
						},
						"0.55": {
							"vector": [3.55, -14.525, 11.3]
						},
						"0.65": {
							"vector": [3.45, -21.22, 11.3]
						},
						"0.7": {
							"vector": [2.385, -22.815, 13.35]
						},
						"0.75": {
							"vector": [0.795, -19.38, 15.99]
						},
						"0.8": {
							"vector": [-1.475, -12.145, 14.55]
						},
						"0.9": {
							"vector": [-1.48, -10.365, 15.55]
						},
						"1.0": {
							"vector": [-1.48, -8.335, 14.55]
						},
						"1.15": {
							"vector": [-1.48, -8.335, 14.55]
						},
						"1.4": {
							"vector": [-3.905, -27.73, 28.3]
						},
						"1.45": {
							"vector": [6.595, -20.8, 21.23]
						},
						"1.6": {
							"vector": [0, 0, 0]
						}
					}
				},
				"magazine": {
					"rotation": {
						"0.0": {
							"vector": [0, 0, 0]
						},
						"0.45": {
							"vector": [0, 0, 0]
						},
						"0.55": {
							"vector": [0, 0, 0]
						},
						"0.65": {
							"vector": [-0.26089, -1.15045, -1.56793]
						},
						"0.8": {
							"vector": [-70.70042, -2.16252, -4.56501]
						},
						"0.9": {
							"vector": [-70.80176, -2.13657, -0.84623]
						},
						"1.15": {
							"vector": [-70.80176, -2.13657, -0.84623]
						}
					},
					"position": {
						"0.0": {
							"vector": [0, 0, 0]
						},
						"0.45": {
							"vector": [0, 0, 0]
						},
						"0.55": {
							"vector": [0, 0, 0]
						},
						"0.65": {
							"vector": [0.3, -8.425, -0.2]
						},
						"0.7": {
							"vector": [-0.15, -12.605, -4.275]
						},
						"0.75": {
							"vector": [-1.77, -10.16, -8.625]
						},
						"0.8": {
							"vector": [-3.65, -3.605, -10.525]
						},
						"0.85": {
							"vector": [-3.45, -1.61, -10.52]
						},
						"1.0": {
							"vector": [-3.65, 4.39, -10.52]
						},
						"1.15": {
							"vector": [-3.65, 4.39, -10.52]
						},
						"1.4": {
							"vector": [-3.65, -26.21, 0.73]
						}
					}
				},
				"magazine2": {
					"rotation": {
						"0.0": {
							"vector": [0, 0, 0]
						},
						"0.3": {
							"vector": [0, 0, 0]
						},
						"0.45": {
							"vector": [51.25255, 0.44831, -2.31714]
						},
						"0.55": {
							"vector": [51.25255, 0.44831, -2.31714]
						},
						"0.65": {
							"vector": [51.25129, 0.29183, -2.51212]
						},
						"0.8": {
							"vector": [-5.0289, -7.32168, -3.37272]
						},
						"0.9": {
							"vector": [-0.26089, -1.15045, -1.56793]
						},
						"1.0": {
							"vector": [0, 0, 0]
						}
					},
					"position": {
						"0.0": {
							"vector": [0, 0, 0]
						},
						"0.3": {
							"vector": [0, -20, 0]
						},
						"0.45": {
							"vector": [4.3, 4.275, 4.725]
						},
						"0.55": {
							"vector": [4.3, 4.275, 4.725]
						},
						"0.65": {
							"vector": [4.35, -2.125, 4.725]
						},
						"0.7": {
							"vector": [3.4, -7.32, 2.72]
						},
						"0.75": {
							"vector": [1.7, -8.335, 0.71]
						},
						"0.8": {
							"vector": [0, -6.675, -1.3]
						},
						"0.9": {
							"vector": [0.3, -5.6, -0.2]
						},
						"1.0": {
							"vector": [0, 0, 0]
						}
					},
					"scale": {
						"0.0": {
							"vector": [-0.01, 0, 0]
						},
						"0.3": {
							"vector": [1, 1, 1]
						}
					}
				},
				"_camera_": {
					"rotation": {
						"0.0": {
							"vector": [0, 0, 0]
						},
						"0.1333": {
							"vector": [1.2566, 0.73888, 0.51628]
						},
						"0.5": {
							"vector": [4.50662, -0.75648, 0.39843]
						},
						"1.0833": {
							"vector": [3.76887, 0.07099, -0.55578]
						},
						"1.6333": {
							"vector": [0, 0, 0]
						}
					}
				}
			},
			"sound_effects": {
				"0.0": {
					"effect": "foley_start"
				},
				"0.45": {
					"effect": "m4_magout"
				},
				"0.75": {
					"effect": "m4_magin"
				},
				"1.15": {
					"effect": "foley_end"
				}
			}
		},
		"animation.model.reloadempty": {
			"loop": true,
			"animation_length": 2.4667,
			"bones": {
				"main": {
					"rotation": {
						"0.0": {
							"vector": [0, 0, 0]
						},
						"0.1333": {
							"vector": [-4.93798, -3.40132, -20.28281]
						},
						"0.2": {
							"vector": [-4.60677, -3.83841, -25.52506]
						},
						"0.3": {
							"vector": [-5.78507, 2.71665, 20.06867]
						},
						"0.4": {
							"vector": [-5.81904, 3.8344, 34.28934]
						},
						"0.5333": {
							"vector": [-5.82776, 0.86537, 24.04841]
						},
						"0.7": {
							"vector": [-5.57321, -4.91627, -16.61243]
						},
						"0.8": {
							"vector": [-7.74102, -7.96205, -37.87996]
						},
						"0.9": {
							"vector": [-6.66263, -9.80177, -44.53082]
						},
						"0.9667": {
							"vector": [-7.17519, -9.40863, -41.38858]
						},
						"1.0333": {
							"vector": [-6.79072, -9.71392, -43.77504]
						},
						"1.1": {
							"vector": [-6.64796, -9.78718, -41.78436]
						},
						"1.1667": {
							"vector": [-5.09827, -10.77511, -49.36388]
						},
						"1.2333": {
							"vector": [-6.08303, -9.67451, -43.52433]
						},
						"1.3333": {
							"vector": [-6.33508, -9.51226, -42.01198]
						},
						"1.4333": {
							"vector": [-5.99803, -9.72712, -44.02877]
						},
						"1.5": {
							"vector": [-5.4977, -8.91603, -48.44075]
						},
						"1.6333": {
							"vector": [-7.05201, -8.61893, -38.80336]
						},
						"1.7667": {
							"vector": [-1.3379, -4.37846, -1.00634]
						},
						"1.8667": {
							"vector": [0.04907, -2.88343, 16.47712]
						},
						"1.9333": {
							"vector": [-0.14314, -2.14565, 13.22413]
						},
						"2.0333": {
							"vector": [-0.14362, -2.63005, 17.10371]
						},
						"2.1333": {
							"vector": [0.54916, -2.63342, 16.47515]
						},
						"2.2667": {
							"vector": [0.57183, -1.04379, 7.11123]
						},
						"2.3667": {
							"vector": [0.65978, 0.18913, -3.84963]
						},
						"2.4667": {
							"vector": [0, 0, 0]
						}
					},
					"position": {
						"0.0": {
							"vector": [0, 0, 0]
						},
						"0.0667": {
							"vector": [-0.575, 0, 0]
						},
						"0.2": {
							"vector": [-0.38, 0.875, 0.35]
						},
						"0.3": {
							"vector": [-2.705, -3.5, -0.675]
						},
						"0.4333": {
							"vector": [-3.2, -2.62, -1.475]
						},
						"0.6": {
							"vector": [-0.705, -1.9, -1.575]
						},
						"0.7333": {
							"vector": [-0.55, -1.27, -3.6]
						},
						"0.8667": {
							"vector": [-0.7, -0.75, -1.85]
						},
						"1.0": {
							"vector": [-1.025, -0.275, -1.3]
						},
						"1.0667": {
							"vector": [-1.075, -0.025, -1.3]
						},
						"1.1333": {
							"vector": [-1.625, 0.575, -0.775]
						},
						"1.2667": {
							"vector": [-1.075, -0.225, -1.025]
						},
						"1.3667": {
							"vector": [-0.97, -0.53, -0.345]
						},
						"1.4333": {
							"vector": [-1.12, -0.45, -0.62]
						},
						"1.5": {
							"vector": [-1.62, 0.575, -0.12]
						},
						"1.6": {
							"vector": [-1.125, -0.68, -1.595]
						},
						"1.7": {
							"vector": [0.03, -3.43, -2.12]
						},
						"1.8": {
							"vector": [1.18, -2.535, -3.22]
						},
						"1.8667": {
							"vector": [1.18, -2.43, -2.83]
						},
						"1.9667": {
							"vector": [1.18, -2.28, -1.52]
						},
						"2.0333": {
							"vector": [1.18, -2.28, -1.865]
						},
						"2.1667": {
							"vector": [1.18, -2.68, -3.845]
						},
						"2.2333": {
							"vector": [0.885, -1.835, -4.855]
						},
						"2.3": {
							"vector": [0.34, -0.89, -3.435]
						},
						"2.4": {
							"vector": [0, 0, 0]
						}
					}
				},
				"magazine": {
					"scale": {
						"vector": [0, 0, 0]
					}
				},
				"bolt": {
					"position": {
						"0.0": {
							"vector": [0, 0, 7.6]
						},
						"2.0667": {
							"vector": [0, 0, 7.6]
						},
						"2.1333": {
							"vector": [0, 0, 0]
						}
					}
				},
				"bullet": {
					"position": {
						"0.0": {
							"vector": [0, -1, 0]
						},
						"0.6667": {
							"vector": [0, -1, 0]
						},
						"0.7": {
							"vector": [0, 0, 0]
						}
					}
				},
				"action": {
					"rotation": {
						"0.0": {
							"vector": [0, 0, 0]
						},
						"1.8333": {
							"vector": [0, 0, 0]
						},
						"1.8667": {
							"vector": [0, 0, 0]
						},
						"2.0333": {
							"vector": [0, 0, 0]
						},
						"2.1333": {
							"vector": [0, 0, 0]
						}
					},
					"position": {
						"0.0": {
							"vector": [0, 0, 0]
						},
						"1.8333": {
							"vector": [0, 0, 0]
						},
						"1.8667": {
							"vector": [0, 0, 8]
						},
						"2.0333": {
							"vector": [0, 0, 8]
						},
						"2.1333": {
							"vector": [0, 0, 0]
						}
					}
				},
				"leftarm": {
					"rotation": {
						"0.0": {
							"vector": [0, 0, 0]
						},
						"0.1333": {
							"vector": [43.07804, 15.85303, 7.64839]
						},
						"0.8333": {
							"vector": [9.84584, 4.15599, 15.03241]
						},
						"0.9": {
							"vector": [9.77665, 5.80251, 14.43551]
						},
						"0.9667": {
							"vector": [6.77665, 5.80251, 14.43551]
						},
						"1.0333": {
							"vector": [6.85598, 4.18921, 15.11822]
						},
						"1.1": {
							"vector": [0.91192, 3.09309, 15.72168]
						},
						"1.2": {
							"vector": [0.91192, 3.09309, 15.72168]
						},
						"1.2667": {
							"vector": [33.41192, 3.09309, 15.72168]
						},
						"1.4": {
							"vector": [33.41192, 3.09309, 15.72168]
						},
						"1.4333": {
							"vector": [33.41192, 3.09309, 15.72168]
						},
						"1.4667": {
							"vector": [21.16192, 3.09309, 15.72168]
						},
						"1.5333": {
							"vector": [21.16192, 3.09309, 15.72168]
						},
						"1.6667": {
							"vector": [-0.02833, -4.4108, 8.0936]
						},
						"1.8333": {
							"vector": [-36.21858, -11.91469, 0.46553]
						},
						"1.8667": {
							"vector": [-50.96858, -11.91469, 0.46553]
						},
						"2.0333": {
							"vector": [-50.96858, -11.91469, 0.46553]
						},
						"2.1333": {
							"vector": [-36.21858, -11.91469, 0.46553]
						},
						"2.3667": {
							"vector": [0, 0, 0]
						}
					},
					"position": {
						"0.0": {
							"vector": [0, 0, 0]
						},
						"0.1333": {
							"vector": [-0.58, -9.97, 13.38]
						},
						"0.7": {
							"vector": [-6.055, -20.32, 16.98]
						},
						"0.8333": {
							"vector": [-3.435, -16.77, 14.98]
						},
						"0.9": {
							"vector": [-3.78, -16.42, 14.23]
						},
						"0.9667": {
							"vector": [-3.805, -17.595, 14.755]
						},
						"1.0333": {
							"vector": [-3.9, -16.575, 14.76]
						},
						"1.1": {
							"vector": [-3.9, -13.175, 14.76]
						},
						"1.2": {
							"vector": [-3.9, -13.175, 14.76]
						},
						"1.2667": {
							"vector": [-6.225, -14.205, 16.785]
						},
						"1.4": {
							"vector": [-6.225, -14.205, 16.785]
						},
						"1.4333": {
							"vector": [-6.225, -14.205, 16.785]
						},
						"1.4667": {
							"vector": [-6.225, -14.205, 16.785]
						},
						"1.5333": {
							"vector": [-6.225, -14.205, 16.785]
						},
						"1.6667": {
							"vector": [1.01073, -13.98283, 24.75785]
						},
						"1.8333": {
							"vector": [3.49356, -3.83978, 19.78765]
						},
						"1.8667": {
							"vector": [4.99, -3.84, 21.715]
						},
						"2.0333": {
							"vector": [4.99, -3.84, 21.715]
						},
						"2.1333": {
							"vector": [3.49356, -3.83978, 19.78765]
						},
						"2.2": {
							"vector": [5.35301, -3.34691, 9.46]
						},
						"2.2667": {
							"vector": [4.77384, -2.29631, 6.31]
						},
						"2.3667": {
							"vector": [0, 0, 0]
						}
					}
				},
				"magazine2": {
					"rotation": {
						"0.0": {
							"vector": [0, 0, 0]
						},
						"0.2333": {
							"vector": [0, 0, 0]
						},
						"0.7": {
							"vector": [0, 0, 0]
						},
						"0.8333": {
							"vector": [-8.5, -2, 1.25]
						},
						"0.9": {
							"vector": [-8.44764, 1.25068, -0.24794]
						},
						"0.9667": {
							"vector": [0.10142, 1.24766, 2.00259]
						},
						"1.0333": {
							"vector": [0, 0, -0.75]
						},
						"1.1": {
							"vector": [0, 0, 0]
						}
					},
					"position": {
						"0.0": {
							"vector": [0, 0, 0]
						},
						"0.2333": {
							"vector": [0, 0, 0]
						},
						"0.3333": {
							"vector": [0, -23, 0]
						},
						"0.7": {
							"vector": [0, -23, 0]
						},
						"0.8333": {
							"vector": [0.725, -7.55, -1.9]
						},
						"0.9": {
							"vector": [0.125, -7.605, -2.075]
						},
						"0.9667": {
							"vector": [-0.645, -7.1, 0]
						},
						"1.0333": {
							"vector": [0, -6.025, 0]
						},
						"1.1": {
							"vector": [0, 0, 0]
						}
					}
				},
				"bullet2": {
					"rotation": {
						"2.0667": {
							"vector": [0, 0, 0]
						},
						"2.0833": {
							"vector": [-17, 0, 0]
						},
						"2.1": {
							"vector": [0, 0, 0]
						}
					},
					"position": {
						"2.0667": {
							"vector": [0, 0, 0]
						},
						"2.0833": {
							"vector": [0, 2, -5]
						},
						"2.1": {
							"vector": [0, 3, -2]
						},
						"2.1167": {
							"vector": [0, 3, -4]
						},
						"2.1333": {
							"vector": [0, 3, -5]
						}
					},
					"scale": {
						"0.0": {
							"vector": [0, 0, 0]
						},
						"0.5": {
							"vector": [0, 0, 0]
						},
						"0.5167": {
							"vector": [1, 1, 1]
						}
					}
				},
				"_camera_": {
					"rotation": {
						"0.0": {
							"vector": [0, 0, 0]
						},
						"0.1333": {
							"vector": [1.2566, 0.73888, 0.51628]
						},
						"0.5": {
							"vector": [4.50662, -0.75648, 0.39843]
						},
						"1.3": {
							"vector": [3.26887, 0.07099, -0.55578]
						},
						"1.6667": {
							"vector": [2.01973, -0.48523, 0.41407]
						},
						"2.1": {
							"vector": [0, 0, 0]
						}
					}
				}
			},
			"sound_effects": {
				"0.2167": {
					"effect": "m4_magout_throw"
				},
				"0.3667": {
					"effect": "foley_start"
				},
				"0.8333": {
					"effect": "m4_magin"
				},
				"1.4": {
					"effect": "mp5_actionslap"
				},
				"1.8": {
					"effect": "m4_actionback"
				},
				"1.8667": {
					"effect": "m4_actionforward"
				},
				"2.0": {
					"effect": "foley_end"
				}
			}
		},
		"animation.model.fire": {
			"loop": true,
			"animation_length": 0.63333,
			"bones": {
				"bolt": {
					"position": {
						"0.0": {
							"post": {
								"vector": [0, 0, 7]
							},
							"lerp_mode": "catmullrom"
						},
						"0.1": {
							"post": {
								"vector": [0, 0, 0]
							},
							"lerp_mode": "catmullrom"
						}
					}
				},
				"bullet": {
					"rotation": {
						"0.0": {
							"vector": [0, 0, 0]
						},
						"0.0333": {
							"vector": [-20, 75, 0]
						},
						"0.1": {
							"vector": [-162.97335, 30.4258, -136.90796]
						}
					},
					"position": {
						"0.0": {
							"vector": [0, 3, 1]
						},
						"0.0333": {
							"vector": [-22, 16, 1]
						},
						"0.1": {
							"vector": [-42, 24, 1]
						}
					}
				},
				"bullet2": {
					"rotation": {
						"0.0": {
							"vector": [0, 0, 0]
						},
						"0.0333": {
							"vector": [-12.5, 0, 0]
						},
						"0.1": {
							"vector": [0, 0, 0]
						}
					},
					"position": {
						"0.0": {
							"vector": [0, 0, 0]
						},
						"0.0333": {
							"vector": [0, 2, -6]
						},
						"0.1": {
							"vector": [0, 3.325, -6]
						}
					}
				},
				"main": {
					"rotation": {
						"0.0": {
							"vector": [0, 0, 0]
						},
						"0.0333": {
							"vector": [1.23, 0, 0.73]
						},
						"0.0667": {
							"vector": [-1.87, 0, -1.17]
						},
						"0.1": {
							"vector": [-1.99, 0, -1.23]
						},
						"0.1333": {
							"vector": [-0.91, 0, -0.35]
						},
						"0.1667": {
							"vector": [0.18, 0, 0.53]
						},
						"0.2": {
							"vector": [0.27, 0, 0.27]
						},
						"0.2333": {
							"vector": [0.36, 0, 0.01]
						},
						"0.2667": {
							"vector": [0.45, 0, -0.25]
						},
						"0.3": {
							"vector": [0.38, -0.07, -0.08]
						},
						"0.3333": {
							"vector": [0.3, -0.13, 0.08]
						},
						"0.3667": {
							"vector": [0.23, -0.2, 0.25]
						},
						"0.4": {
							"vector": [0.18, -0.17, 0.17]
						},
						"0.4333": {
							"vector": [0.14, -0.14, 0.09]
						},
						"0.4667": {
							"vector": [0.1, -0.11, 0.01]
						},
						"0.5": {
							"vector": [0.06, -0.07, -0.07]
						},
						"0.5333": {
							"vector": [0.04, -0.06, -0.06]
						},
						"0.5667": {
							"vector": [0.03, -0.04, -0.04]
						},
						"0.6": {
							"vector": [0.01, -0.02, -0.02]
						},
						"0.6333": {
							"vector": [0, 0, 0]
						}
					},
					"position": {
						"0.0": {
							"vector": [0, 0, 0]
						},
						"0.0333": {
							"vector": [0, -0.02, 1.73]
						},
						"0.0667": {
							"vector": [0, -0.05, 1.38]
						},
						"0.1": {
							"vector": [0, -0.05, 0.67]
						},
						"0.1333": {
							"vector": [0, -0.05, -0.04]
						},
						"0.1667": {
							"vector": [0, -0.04, -0.01]
						},
						"0.2": {
							"vector": [0, -0.04, 0.03]
						},
						"0.2333": {
							"vector": [0, -0.03, 0.06]
						},
						"0.2667": {
							"vector": [0, -0.02, 0.1]
						},
						"0.3": {
							"vector": [0, -0.02, 0.07]
						},
						"0.3333": {
							"vector": [0, -0.01, 0.03]
						},
						"0.3667": {
							"vector": [0, 0, 0]
						}
					}
				},
				"_camera_": {
					"rotation": {
						"0.0333": {
							"vector": [0, 0, 1]
						},
						"0.0667": {
							"vector": [0, 0, -2]
						},
						"0.1": {
							"vector": [0, 0, 0]
						},
						"0.1333": {
							"vector": [0, 0, 1]
						},
						"0.1667": {
							"vector": [0, 0, 0]
						}
					}
				}
			}
		}
	},
	"geckolib_format_version": 2
}