{
	"format_version": "1.8.0",
	"animations": {
		"animation.model.draw": {
			"loop": true,
			"animation_length": 1.91667,
			"bones": {
				"root": {
					"rotation": {
						"0.0": {
							"vector": [52.5, -75, 0]
						},
						"0.1667": {
							"vector": [-8.40911, -62.7378, -7.02455]
						},
						"0.2083": {
							"vector": [-8.96, -62.9, -6.97]
						},
						"0.25": {
							"vector": [-9.50687, -63.06617, -6.9161]
						},
						"0.2917": {
							"vector": [-8.55375, -63.23233, -6.8622]
						},
						"0.4167": {
							"vector": [-8.30375, -63.23233, -6.8622]
						},
						"0.5417": {
							"vector": [-8.23286, -62.98493, -6.94169]
						},
						"0.6667": {
							"vector": [-7.98, -62.98, -6.94]
						},
						"0.7917": {
							"vector": [-8.1902, -63.72255, -6.70482]
						},
						"0.9167": {
							"vector": [-8.04871, -63.22756, -6.86295]
						},
						"1.0417": {
							"vector": [-9.02719, -63.15332, -5.76664]
						},
						"1.1667": {
							"vector": [-8.04871, -63.22756, -6.86295]
						},
						"1.2917": {
							"vector": [-8.29871, -63.22756, -6.86295]
						},
						"1.4167": {
							"vector": [-7.79871, -63.22756, -6.86295]
						},
						"1.5417": {
							"vector": [-5.29871, -63.22756, -6.86295]
						},
						"1.6667": {
							"vector": [0, -25, -1.5]
						},
						"1.7917": {
							"vector": [0, 0, 0]
						}
					},
					"position": {
						"0.0": {
							"vector": [2, 0, -7]
						},
						"0.1667": {
							"vector": [-5, -4, -5]
						},
						"0.4167": {
							"vector": [-5.05, -4, -5]
						},
						"1.5": {
							"vector": [-5.05, -4, -5]
						},
						"1.6667": {
							"vector": [0, 0, -3]
						},
						"1.9167": {
							"vector": [0, 0, 0]
						}
					}
				},
				"zatvor": {
					"position": {
						"0.0": {
							"vector": [0, 0, 0]
						},
						"0.6667": {
							"vector": [0, 0, 0]
						},
						"0.75": {
							"vector": [0, 0, 1]
						},
						"0.9167": {
							"vector": [0, 0, 1]
						},
						"1.0": {
							"vector": [0, 0, 5]
						},
						"1.1667": {
							"vector": [0, 0, 5]
						},
						"1.25": {
							"vector": [0, 0, 0]
						}
					}
				},
				"leftarm": {
					"rotation": {
						"0.0": {
							"vector": [0, 0, 0]
						},
						"0.3333": {
							"vector": [0, 0, 0]
						},
						"0.5": {
							"vector": [0, 0, -12.5]
						},
						"1.4167": {
							"vector": [0, 0, 0]
						}
					},
					"position": {
						"0.0": {
							"vector": [0, 0, 0]
						},
						"0.3333": {
							"vector": [0, 0, 0]
						},
						"0.5": {
							"vector": [2, -4, -5]
						},
						"0.5833": {
							"vector": [2, -4, -6]
						},
						"0.6667": {
							"vector": [-0.4, -4, -6]
						},
						"0.75": {
							"vector": [-0.4, -3, -6]
						},
						"0.9167": {
							"vector": [-0.4, -3, -6]
						},
						"1.0": {
							"vector": [-0.4, 1, -6]
						},
						"1.1667": {
							"vector": [-0.4, 1, -6]
						},
						"1.25": {
							"vector": [1.6, -1, -6]
						},
						"1.4167": {
							"vector": [0, 0, 0]
						}
					}
				}
			}
		},
		"animation.model.inspect": {
			"loop": true,
			"animation_length": 3.125,
			"bones": {
				"root": {
					"rotation": {
						"0.0": {
							"vector": [0, 0, 0]
						},
						"0.0417": {
							"vector": [-6.45676, -10.78076, 4.34026]
						},
						"0.0833": {
							"vector": [-12.93159, -17.37735, 7.22188]
						},
						"0.2083": {
							"vector": [-45.19895, -66.27252, 23.69852]
						},
						"0.3333": {
							"vector": [-44.45, -66.27, 23.7]
						},
						"0.4583": {
							"vector": [-45.2, -66.27, 23.7]
						},
						"0.5833": {
							"vector": [-45.98921, -65.91279, 24.56328]
						},
						"0.7083": {
							"vector": [-45.2, -66.27, 23.7]
						},
						"0.8333": {
							"vector": [-45.7, -66.27, 23.7]
						},
						"0.9583": {
							"vector": [-46.2, -66.27, 23.7]
						},
						"1.0833": {
							"vector": [-44.15246, -67.15676, 21.47099]
						},
						"1.2083": {
							"vector": [-46.2, -66.27, 23.7]
						},
						"1.4167": {
							"vector": [-42.09118, 54.73135, 94.39376]
						},
						"1.5417": {
							"vector": [-41.85441, 54.54413, 94.67888]
						},
						"1.6667": {
							"vector": [-42.09, 54.73, 94.39]
						},
						"1.7917": {
							"vector": [-42.60924, 54.39317, 93.7527]
						},
						"1.9167": {
							"vector": [-42.09, 54.73, 94.39]
						},
						"2.0417": {
							"vector": [-41.34, 54.73, 94.39]
						},
						"2.1667": {
							"vector": [-42.09, 54.73, 94.39]
						},
						"2.2917": {
							"vector": [-42.35096, 54.562, 94.07003]
						},
						"2.4167": {
							"vector": [-17.05207, 63.37105, 123.34179]
						},
						"2.5417": {
							"vector": [-22.11981, 62.44814, 117.65069]
						},
						"2.6667": {
							"vector": [-21.61981, 62.44814, 117.65069]
						},
						"2.7917": {
							"vector": [-22.36981, 62.44814, 117.65069]
						},
						"3.0": {
							"vector": [0, 0, 0]
						}
					},
					"position": {
						"0.0": {
							"vector": [0, 0, 0]
						},
						"0.0417": {
							"vector": [0, 0, -2]
						},
						"0.0833": {
							"vector": [0, 0, -4]
						},
						"0.2083": {
							"vector": [0, 0, -10]
						},
						"1.2083": {
							"vector": [0, 0, -10]
						},
						"1.4167": {
							"vector": [0, -8, -10]
						},
						"2.7917": {
							"vector": [0, -8, -10]
						},
						"3.0": {
							"vector": [0, 0, -4]
						},
						"3.125": {
							"vector": [0, 0, 0]
						}
					}
				}
			}
		},
		"animation.model.reloadempty": {
			"loop": true,
			"animation_length": 3.91667,
			"bones": {
				"root": {
					"rotation": {
						"0.0": {
							"vector": [0, 0, 0]
						},
						"0.1667": {
							"vector": [-7.5, -10, 0]
						},
						"0.2917": {
							"vector": [-7.25, -10, 0]
						},
						"0.4167": {
							"vector": [-7.75, -10, 0]
						},
						"0.5417": {
							"vector": [-7.88034, -9.89802, 0.75438]
						},
						"0.6667": {
							"vector": [-7.7936, -9.96619, 0.25151]
						},
						"0.7917": {
							"vector": [-7.54, -9.97, 0.25]
						},
						"0.9167": {
							"vector": [-7.79, -9.97, 0.25]
						},
						"1.125": {
							"vector": [-17.68767, -31.93581, 3.97404]
						},
						"1.25": {
							"vector": [-17.78585, -32.41623, 4.14998]
						},
						"1.375": {
							"vector": [-9.11704, -35.03312, -11.49677]
						},
						"1.5": {
							"vector": [-10.3198, -34.73767, -9.39398]
						},
						"1.625": {
							"vector": [-10.38288, -35.23186, -9.28034]
						},
						"1.75": {
							"vector": [-11.32, -34.74, -9.39]
						},
						"1.875": {
							"vector": [-10.57, -34.74, -9.39]
						},
						"2.0": {
							"vector": [-10.22839, -34.83025, -9.98879]
						},
						"2.125": {
							"vector": [-10.57, -34.74, -9.39]
						},
						"2.25": {
							"vector": [-10.602, -34.98575, -9.33403]
						},
						"2.375": {
							"vector": [-10.76593, -36.21834, -9.04501]
						},
						"2.5": {
							"vector": [-10.69835, -35.72708, -9.16006]
						},
						"2.625": {
							"vector": [-10.94835, -35.72708, -9.16006]
						},
						"2.75": {
							"vector": [-10.44835, -35.72708, -9.16006]
						},
						"2.875": {
							"vector": [-10.19835, -35.72708, -9.16006]
						},
						"2.9583": {
							"vector": [-11.2, -35.73, -9.16]
						},
						"3.0": {
							"vector": [-10.2, -35.73, -9.16]
						},
						"3.125": {
							"vector": [-9.84523, -35.81702, -9.76686]
						},
						"3.25": {
							"vector": [-10.2, -35.73, -9.16]
						},
						"3.3333": {
							"vector": [-10.2, -35.73, -9.16]
						},
						"3.375": {
							"vector": [-6.45, -35.73, -9.16]
						},
						"3.4583": {
							"vector": [-10.2, -35.73, -9.16]
						},
						"3.5833": {
							"vector": [-9.7, -35.73, -9.16]
						},
						"3.7083": {
							"vector": [-10.45, -35.73, -9.16]
						},
						"3.9167": {
							"vector": [0, 0, 0]
						}
					},
					"position": {
						"0.0": {
							"vector": [0, 0, 0]
						},
						"0.9167": {
							"vector": [0, 0, 0]
						},
						"1.125": {
							"vector": [-3, 0, 0]
						},
						"2.9167": {
							"vector": [-3, 0, 0]
						},
						"2.9583": {
							"vector": [-3, 0.4, 0]
						},
						"3.0": {
							"vector": [-3, 0.125, 0]
						},
						"3.7083": {
							"vector": [-3, 0.125, 0]
						},
						"3.9167": {
							"vector": [0, 0, 0]
						}
					}
				},
				"ammo": {
					"rotation": {
						"2.125": {
							"vector": [0, 0, 0]
						},
						"2.25": {
							"vector": [0, 0, 27.5]
						},
						"2.5": {
							"vector": [0, 0, 2.5]
						},
						"2.5833": {
							"vector": [0, 0, 2.5]
						},
						"2.7083": {
							"vector": [0, 0, 0.83]
						},
						"2.75": {
							"vector": [0, 0, 0]
						},
						"2.8333": {
							"vector": [0, 0, 0]
						},
						"2.9583": {
							"vector": [0, 0, 0]
						}
					},
					"position": {
						"0.0": {
							"vector": [0, 0, 0]
						},
						"1.0417": {
							"vector": [0, 0, 0]
						},
						"1.25": {
							"vector": [0, -27, 0]
						},
						"1.5": {
							"vector": [0, -41, 0]
						},
						"2.125": {
							"vector": [0, -41, 0]
						},
						"2.25": {
							"vector": [4, -36, 0]
						},
						"2.5": {
							"vector": [4, 2, 0]
						},
						"2.5833": {
							"vector": [4, 2, 0]
						},
						"2.7083": {
							"vector": [0, -3, 0]
						},
						"2.8333": {
							"vector": [0, -0.75, 0]
						},
						"2.9583": {
							"vector": [0, 0, 0]
						}
					}
				},
				"zatvor": {
					"rotation": {
						"0.4583": {
							"vector": [0, 0, 0]
						},
						"0.625": {
							"vector": [0, 0, 0]
						},
						"3.3333": {
							"vector": [0, 0, 0]
						},
						"3.375": {
							"vector": [0, 0, 0]
						}
					},
					"position": {
						"0.4583": {
							"vector": [0, 0, 0]
						},
						"0.625": {
							"vector": [0, 0, 5]
						},
						"3.3333": {
							"vector": [0, 0, 5]
						},
						"3.375": {
							"vector": [0, 0, 0]
						}
					}
				},
				"pt1": {
					"rotation": {
						"0.625": {
							"vector": [0, 0, 0]
						},
						"0.7083": {
							"vector": [0, 0, -22.5]
						},
						"3.3333": {
							"vector": [0, 0, -22.5]
						},
						"3.375": {
							"vector": [0, 0, 0]
						}
					},
					"position": {
						"0.75": {
							"vector": [0, 0, 0]
						},
						"0.7917": {
							"vector": [0, 0, -0.6]
						},
						"3.3333": {
							"vector": [0, 0, -0.6]
						},
						"3.375": {
							"vector": [0, 0, 0]
						}
					}
				},
				"leftarm": {
					"rotation": {
						"0.1667": {
							"vector": [0, 0, 0]
						},
						"0.625": {
							"vector": [0, 0, 0]
						},
						"0.8333": {
							"vector": [0, 0, 0]
						},
						"1.0417": {
							"vector": [0, 10, 0]
						},
						"2.125": {
							"vector": [0, 10, 0]
						},
						"2.25": {
							"vector": [0, -17.5, 0]
						},
						"2.5": {
							"vector": [0, 7.5, 0]
						},
						"2.5833": {
							"vector": [0, 7.5, 0]
						},
						"2.7083": {
							"vector": [0, 7.5, -2.5]
						},
						"2.75": {
							"vector": [0, 7.5, 0]
						},
						"2.8333": {
							"vector": [0, 7.5, 0]
						},
						"2.9583": {
							"vector": [0, 7.5, 0]
						},
						"3.1667": {
							"vector": [0, 7.5, 0]
						},
						"3.3333": {
							"vector": [0, 30, 0]
						},
						"3.4167": {
							"vector": [45, 7.5, 0]
						},
						"3.8333": {
							"vector": [0, 0, 0]
						}
					},
					"position": {
						"0.1667": {
							"vector": [0, 0, 0]
						},
						"0.3333": {
							"vector": [4, -6, -6]
						},
						"0.4583": {
							"vector": [1, -5.25, -5.1]
						},
						"0.625": {
							"vector": [1, -0.25, -5.1]
						},
						"0.7083": {
							"vector": [1, -0.25, -6.1]
						},
						"0.8333": {
							"vector": [4, -0.25, -6.1]
						},
						"1.0417": {
							"vector": [-1, -0.25, 4.9]
						},
						"1.25": {
							"vector": [-1, -0.25, 31.9]
						},
						"1.5": {
							"vector": [-1, -0.25, 45.9]
						},
						"2.125": {
							"vector": [-1, -0.25, 45.9]
						},
						"2.25": {
							"vector": [-1, -0.25, 45.9]
						},
						"2.5": {
							"vector": [2, -0.25, 7.9]
						},
						"2.5833": {
							"vector": [2, -0.25, 7.9]
						},
						"2.7083": {
							"vector": [-2, -0.25, 12.9]
						},
						"2.8333": {
							"vector": [-2, -0.25, 10.65]
						},
						"2.9583": {
							"vector": [-2, -0.25, 9.9]
						},
						"3.1667": {
							"vector": [-2, -0.25, 9.9]
						},
						"3.3333": {
							"vector": [-2, 3.75, -16.1]
						},
						"3.4167": {
							"vector": [-2, -13.25, 13.9]
						},
						"3.8333": {
							"vector": [0, 0, 0]
						}
					}
				}
			},
			"sound_effects": {
				"0.4583": {
					"effect": "mp5_actionback"
				},
				"0.6667": {
					"effect": "mp5_actionup"
				},
				"1.0": {
					"effect": "m4_magout"
				},
				"2.6667": {
					"effect": "mp5_magin"
				},
				"3.375": {
					"effect": "mp5_actionslap"
				}
			}
		},
		"animation.model.reload": {
			"loop": true,
			"animation_length": 3.91667,
			"bones": {
				"root": {
					"rotation": {
						"0.0": {
							"vector": [0, 0, 0]
						},
						"0.1667": {
							"vector": [-7.5, -10, 0]
						},
						"0.2917": {
							"vector": [-7.25, -10, 0]
						},
						"0.4167": {
							"vector": [-7.75, -10, 0]
						},
						"0.5417": {
							"vector": [-7.88034, -9.89802, 0.75438]
						},
						"0.6667": {
							"vector": [-7.7936, -9.96619, 0.25151]
						},
						"0.7917": {
							"vector": [-7.54, -9.97, 0.25]
						},
						"0.9167": {
							"vector": [-7.79, -9.97, 0.25]
						},
						"1.125": {
							"vector": [-17.68767, -31.93581, 3.97404]
						},
						"1.25": {
							"vector": [-17.78585, -32.41623, 4.14998]
						},
						"1.375": {
							"vector": [-9.11704, -35.03312, -11.49677]
						},
						"1.5": {
							"vector": [-10.3198, -34.73767, -9.39398]
						},
						"1.625": {
							"vector": [-10.38288, -35.23186, -9.28034]
						},
						"1.75": {
							"vector": [-11.32, -34.74, -9.39]
						},
						"1.875": {
							"vector": [-10.57, -34.74, -9.39]
						},
						"2.0": {
							"vector": [-10.22839, -34.83025, -9.98879]
						},
						"2.125": {
							"vector": [-10.57, -34.74, -9.39]
						},
						"2.25": {
							"vector": [-10.602, -34.98575, -9.33403]
						},
						"2.375": {
							"vector": [-10.76593, -36.21834, -9.04501]
						},
						"2.5": {
							"vector": [-10.69835, -35.72708, -9.16006]
						},
						"2.625": {
							"vector": [-10.94835, -35.72708, -9.16006]
						},
						"2.75": {
							"vector": [-10.44835, -35.72708, -9.16006]
						},
						"2.875": {
							"vector": [-10.19835, -35.72708, -9.16006]
						},
						"2.9583": {
							"vector": [-11.2, -35.73, -9.16]
						},
						"3.0": {
							"vector": [-10.2, -35.73, -9.16]
						},
						"3.125": {
							"vector": [-9.84523, -35.81702, -9.76686]
						},
						"3.25": {
							"vector": [-10.2, -35.73, -9.16]
						},
						"3.3333": {
							"vector": [-10.2, -35.73, -9.16]
						},
						"3.375": {
							"vector": [-6.45, -35.73, -9.16]
						},
						"3.4583": {
							"vector": [-10.2, -35.73, -9.16]
						},
						"3.5833": {
							"vector": [-9.7, -35.73, -9.16]
						},
						"3.7083": {
							"vector": [-10.45, -35.73, -9.16]
						},
						"3.9167": {
							"vector": [0, 0, 0]
						}
					},
					"position": {
						"0.0": {
							"vector": [0, 0, 0]
						},
						"0.9167": {
							"vector": [0, 0, 0]
						},
						"1.125": {
							"vector": [-3, 0, 0]
						},
						"2.9167": {
							"vector": [-3, 0, 0]
						},
						"2.9583": {
							"vector": [-3, 0.4, 0]
						},
						"3.0": {
							"vector": [-3, 0.125, 0]
						},
						"3.7083": {
							"vector": [-3, 0.125, 0]
						},
						"3.9167": {
							"vector": [0, 0, 0]
						}
					}
				},
				"ammo": {
					"rotation": {
						"2.125": {
							"vector": [0, 0, 0]
						},
						"2.25": {
							"vector": [0, 0, 27.5]
						},
						"2.5": {
							"vector": [0, 0, 2.5]
						},
						"2.5833": {
							"vector": [0, 0, 2.5]
						},
						"2.7083": {
							"vector": [0, 0, 0.83]
						},
						"2.75": {
							"vector": [0, 0, 0]
						},
						"2.8333": {
							"vector": [0, 0, 0]
						},
						"2.9583": {
							"vector": [0, 0, 0]
						}
					},
					"position": {
						"0.0": {
							"vector": [0, 0, 0]
						},
						"1.0417": {
							"vector": [0, 0, 0]
						},
						"1.25": {
							"vector": [0, -27, 0]
						},
						"1.5": {
							"vector": [0, -41, 0]
						},
						"2.125": {
							"vector": [0, -41, 0]
						},
						"2.25": {
							"vector": [4, -36, 0]
						},
						"2.5": {
							"vector": [4, 2, 0]
						},
						"2.5833": {
							"vector": [4, 2, 0]
						},
						"2.7083": {
							"vector": [0, -3, 0]
						},
						"2.8333": {
							"vector": [0, -0.75, 0]
						},
						"2.9583": {
							"vector": [0, 0, 0]
						}
					}
				},
				"zatvor": {
					"rotation": {
						"0.4583": {
							"vector": [0, 0, 0]
						},
						"0.625": {
							"vector": [0, 0, 0]
						},
						"3.3333": {
							"vector": [0, 0, 0]
						},
						"3.375": {
							"vector": [0, 0, 0]
						}
					},
					"position": {
						"0.4583": {
							"vector": [0, 0, 0]
						},
						"0.625": {
							"vector": [0, 0, 5]
						},
						"3.3333": {
							"vector": [0, 0, 5]
						},
						"3.375": {
							"vector": [0, 0, 0]
						}
					}
				},
				"pt1": {
					"rotation": {
						"0.625": {
							"vector": [0, 0, 0]
						},
						"0.7083": {
							"vector": [0, 0, -22.5]
						},
						"3.3333": {
							"vector": [0, 0, -22.5]
						},
						"3.375": {
							"vector": [0, 0, 0]
						}
					},
					"position": {
						"0.75": {
							"vector": [0, 0, 0]
						},
						"0.7917": {
							"vector": [0, 0, -0.6]
						},
						"3.3333": {
							"vector": [0, 0, -0.6]
						},
						"3.375": {
							"vector": [0, 0, 0]
						}
					}
				},
				"leftarm": {
					"rotation": {
						"0.1667": {
							"vector": [0, 0, 0]
						},
						"0.625": {
							"vector": [0, 0, 0]
						},
						"0.8333": {
							"vector": [0, 0, 0]
						},
						"1.0417": {
							"vector": [0, 10, 0]
						},
						"2.125": {
							"vector": [0, 10, 0]
						},
						"2.25": {
							"vector": [0, -17.5, 0]
						},
						"2.5": {
							"vector": [0, 7.5, 0]
						},
						"2.5833": {
							"vector": [0, 7.5, 0]
						},
						"2.7083": {
							"vector": [0, 7.5, -2.5]
						},
						"2.75": {
							"vector": [0, 7.5, 0]
						},
						"2.8333": {
							"vector": [0, 7.5, 0]
						},
						"2.9583": {
							"vector": [0, 7.5, 0]
						},
						"3.1667": {
							"vector": [0, 7.5, 0]
						},
						"3.3333": {
							"vector": [0, 30, 0]
						},
						"3.4167": {
							"vector": [45, 7.5, 0]
						},
						"3.8333": {
							"vector": [0, 0, 0]
						}
					},
					"position": {
						"0.1667": {
							"vector": [0, 0, 0]
						},
						"0.3333": {
							"vector": [4, -6, -6]
						},
						"0.4583": {
							"vector": [1, -5.25, -5.1]
						},
						"0.625": {
							"vector": [1, -0.25, -5.1]
						},
						"0.7083": {
							"vector": [1, -0.25, -6.1]
						},
						"0.8333": {
							"vector": [4, -0.25, -6.1]
						},
						"1.0417": {
							"vector": [-1, -0.25, 4.9]
						},
						"1.25": {
							"vector": [-1, -0.25, 31.9]
						},
						"1.5": {
							"vector": [-1, -0.25, 45.9]
						},
						"2.125": {
							"vector": [-1, -0.25, 45.9]
						},
						"2.25": {
							"vector": [-1, -0.25, 45.9]
						},
						"2.5": {
							"vector": [2, -0.25, 7.9]
						},
						"2.5833": {
							"vector": [2, -0.25, 7.9]
						},
						"2.7083": {
							"vector": [-2, -0.25, 12.9]
						},
						"2.8333": {
							"vector": [-2, -0.25, 10.65]
						},
						"2.9583": {
							"vector": [-2, -0.25, 9.9]
						},
						"3.1667": {
							"vector": [-2, -0.25, 9.9]
						},
						"3.3333": {
							"vector": [-2, 3.75, -16.1]
						},
						"3.4167": {
							"vector": [-2, -13.25, 13.9]
						},
						"3.8333": {
							"vector": [0, 0, 0]
						}
					}
				}
			},
			"sound_effects": {
				"0.4583": {
					"effect": "mp5_actionback"
				},
				"0.6667": {
					"effect": "mp5_actionup"
				},
				"1.0": {
					"effect": "m4_magout"
				},
				"2.6667": {
					"effect": "mp5_magin"
				},
				"3.375": {
					"effect": "mp5_actionslap"
				}
			}
		}
	},
	"geckolib_format_version": 2
}