{    
    "stellatsweaponries_mag_pick": {
        "sounds": [
          {
             "name": "pointblank:stellatsweaponries_mag_pick",
             "stream": false
            }
        ]
    },
    "stellatsweaponries_movement1": {
        "sounds": [
            {
                "name": "pointblank:stellatsweaponries_movement1",
                "stream": false
            }
        ]
    },
    "stellatsweaponries_movement2": {
        "sounds": [
            {
                "name": "pointblank:stellatsweaponries_movement2",
                "stream": false
            }
        ]
    },
    "stellatsweaponries_movement3": {
        "sounds": [
            {
                "name": "pointblank:stellatsweaponries_movement3",
                "stream": false
            }
        ]
    },
    "stellatsweaponries_emlr_mk7": {
        "sounds": [
            {
                "name": "pointblank:stellatsweaponries_emlr_mk7",
                "stream": false
            }
        ]
    },
    "stellatsweaponries_emlr_mk7_cover_up": {
        "sounds": [
            {
                "name": "pointblank:stellatsweaponries_emlr_mk7_cover_up",
                "stream": false
            }
        ]
    },
    "stellatsweaponries_emlr_mk7_cover_down": {
        "sounds": [
            {
                "name": "pointblank:stellatsweaponries_emlr_mk7_cover_down",
                "stream": false
            }
        ]
    },
    "stellatsweaponries_emlr_mk7_magout": {
        "sounds": [
            {
                "name": "pointblank:stellatsweaponries_emlr_mk7_magout",
                "stream": false
            }
        ]
    },
    "stellatsweaponries_emlr_mk7_magin": {
        "sounds": [
            {
                "name": "pointblank:stellatsweaponries_emlr_mk7_magin",
                "stream": false
            }
        ]
    },
    "stellatsweaponries_emlr_mk7_draw": {
        "sounds": [
            {
                "name": "pointblank:stellatsweaponries_emlr_mk7_draw",
                "stream": false
            }
        ]
    },
    "stellatsweaponries_emlr_mk7_draw_beep": {
        "sounds": [
            {
                "name": "pointblank:stellatsweaponries_emlr_mk7_draw_beep",
                "stream": false
            }
        ]
    },
    "stellatsweaponries_emlr_mk7_reload_beep": {
        "sounds": [
            {
                "name": "pointblank:stellatsweaponries_emlr_mk7_reload_beep",
                "stream": false
            }
        ]
    },
    "stellatsweaponries_emlr_mk7_radiator_close": {
        "sounds": [
            {
                "name": "pointblank:stellatsweaponries_emlr_mk7_radiator_close",
                "stream": false
            }
        ]
    },
    "stellatsweaponries_emlr_mk7_radiator_open": {
        "sounds": [
            {
                "name": "pointblank:stellatsweaponries_emlr_mk7_radiator_open",
                "stream": false
            }
        ]
    },
    "stellatsweaponries_emlr_mk7_gunhit": {
        "sounds": [
            {
                "name": "pointblank:stellatsweaponries_emlr_mk7_gunhit",
                "stream": false
            }
        ]
    },
    "stellatsweaponries_amhs_gasoline_pulverizer": {
        "sounds": [
            {
                "name": "pointblank:stellatsweaponries_amhs_gasoline_pulverizer",
                "stream": false
            }
        ]
    },
    "stellatsweaponries_amhs_gasoline_pulverizer_belt_in": {
        "sounds": [
            {
                "name": "pointblank:stellatsweaponries_amhs_gasoline_pulverizer_belt_in",
                "stream": false
            }
        ]
    },
    "stellatsweaponries_amhs_gasoline_pulverizer_belt_out": {
        "sounds": [
            {
                "name": "pointblank:stellatsweaponries_amhs_gasoline_pulverizer_belt_out",
                "stream": false
            }
        ]
    },
    "stellatsweaponries_amhs_gasoline_pulverizer_draw": {
        "sounds": [
            {
                "name": "pointblank:stellatsweaponries_amhs_gasoline_pulverizer_draw",
                "stream": false
            }
        ]
    },
    "stellatsweaponries_rc2_qmg": {
        "sounds": [
            {
                "name": "pointblank:stellatsweaponries_rc2_qmg",
                "stream": false
            }
        ]
    },
    "stellatsweaponries_rc2_qmg_draw": {
        "sounds": [
            {
                "name": "pointblank:stellatsweaponries_rc2_qmg_draw",
                "stream": false
            }
        ]
    },
    "stellatsweaponries_rc2_qmg_maghit": {
        "sounds": [
            {
                "name": "pointblank:stellatsweaponries_rc2_qmg_maghit",
                "stream": false
            }
        ]
    },
    "stellatsweaponries_rc2_qmg_magin": {
        "sounds": [
            {
                "name": "pointblank:stellatsweaponries_rc2_qmg_magin",
                "stream": false
            }
        ]
    },
    "stellatsweaponries_rc2_qmg_magout": {
        "sounds": [
            {
                "name": "pointblank:stellatsweaponries_rc2_qmg_magout",
                "stream": false
            }
        ]
    },
    "stellatsweaponries_rr-x": {
        "sounds": [
            {
                "name": "pointblank:stellatsweaponries_rr-x",
                "stream": false
            }
        ]
    },
    "stellatsweaponries_rr-x_disp_loaded": {
        "sounds": [
            {
                "name": "pointblank:stellatsweaponries_rr-x_disp_loaded",
                "stream": false
            }
        ]
    },
    "stellatsweaponries_rr-x_disp_unloaded": {
        "sounds": [
            {
                "name": "pointblank:stellatsweaponries_rr-x_disp_unloaded",
                "stream": false
            }
        ]
    },
    "stellatsweaponries_rr-x_disp_loading": {
        "sounds": [
            {
                "name": "pointblank:stellatsweaponries_rr-x_disp_loading",
                "stream": false
            }
        ]
    },
    "stellatsweaponries_rr-x_disp_statcheck": {
        "sounds": [
            {
                "name": "pointblank:stellatsweaponries_rr-x_disp_statcheck",
                "stream": false
            }
        ]
    },
    "stellatsweaponries_rr-x_draw": {
        "sounds": [
            {
                "name": "pointblank:stellatsweaponries_rr-x_draw",
                "stream": false
            }
        ]
    },
    "stellatsweaponries_rr-x_reload_draw": {
        "sounds": [
            {
                "name": "pointblank:stellatsweaponries_rr-x_reload_draw",
                "stream": false
            }
        ]
    },
    "stellatsweaponries_rr-x_akimbo_draw": {
        "sounds": [
            {
                "name": "pointblank:stellatsweaponries_rr-x_akimbo_draw",
                "stream": false
            }
        ]
    },
    "stellatsweaponries_rr-x_inspect": {
        "sounds": [
            {
                "name": "pointblank:stellatsweaponries_rr-x_inspect",
                "stream": false
            }
        ]
    },
    "stellatsweaponries_rr-x_magspin": {
        "sounds": [
            {
                "name": "pointblank:stellatsweaponries_rr-x_magspin",
                "stream": false
            }
        ]
    },
    "stellatsweaponries_rr-x_magin": {
        "sounds": [
            {
                "name": "pointblank:stellatsweaponries_rr-x_magin",
                "stream": false
            }
        ]
    },
    "stellatsweaponries_rr-x_magout": {
        "sounds": [
            {
                "name": "pointblank:stellatsweaponries_rr-x_magout",
                "stream": false
            }
        ]
    },
    "stellatsweaponries_atomic_devourer": {
        "sounds": [
            {
                "name": "pointblank:stellatsweaponries_atomic_devourer",
                "stream": false
            }
        ]
    },
    "stellatsweaponries_atomic_devourer_lever_flick_down": {
        "sounds": [
            {
                "name": "pointblank:stellatsweaponries_atomic_devourer_lever_flick_down",
                "stream": false
            }
        ]
    },
    "stellatsweaponries_atomic_devourer_lever_flick_up": {
        "sounds": [
            {
                "name": "pointblank:stellatsweaponries_atomic_devourer_lever_flick_up",
                "stream": false
            }
        ]
    },
    "stellatsweaponries_atomic_devourer_fizz": {
        "sounds": [
            {
                "name": "pointblank:stellatsweaponries_atomic_devourer_fizz",
                "stream": false
            }
        ]
    },
    "stellatsweaponries_atomic_devourer_radiator_alert": {
        "sounds": [
            {
                "name": "pointblank:stellatsweaponries_atomic_devourer_radiator_alert",
                "stream": false
            }
        ]
    },
    "stellatsweaponries_atomic_devourer_radiator_alert2": {
        "sounds": [
            {
                "name": "pointblank:stellatsweaponries_atomic_devourer_radiator_alert2",
                "stream": false
            }
        ]
    },
    "stellatsweaponries_atomic_devourer_radiator_open": {
        "sounds": [
            {
                "name": "pointblank:stellatsweaponries_atomic_devourer_radiator_open",
                "stream": false
            }
        ]
    },
    "stellatsweaponries_atomic_devourer_radiator_close": {
        "sounds": [
            {
                "name": "pointblank:stellatsweaponries_atomic_devourer_radiator_close",
                "stream": false
            }
        ]
    },
    "stellatsweaponries_atomic_devourer_magin": {
        "sounds": [
            {
                "name": "pointblank:stellatsweaponries_atomic_devourer_magin",
                "stream": false
            }
        ]
    },
    "stellatsweaponries_atomic_devourer_magout": {
        "sounds": [
            {
                "name": "pointblank:stellatsweaponries_atomic_devourer_magout",
                "stream": false
            }
        ]
    },
    "stellatsweaponries_atomic_devourer_draw": {
        "sounds": [
            {
                "name": "pointblank:stellatsweaponries_atomic_devourer_draw",
                "stream": false
            }
        ]
    },
    "stellatsweaponries_atomic_devourer_inspect_1": {
        "sounds": [
            {
                "name": "pointblank:stellatsweaponries_atomic_devourer_inspect_1",
                "stream": false
            }
        ]
    },
    "stellatsweaponries_atomic_devourer_inspect_2": {
        "sounds": [
            {
                "name": "pointblank:stellatsweaponries_atomic_devourer_inspect_2",
                "stream": false
            }
        ]
    },
    "stellatsweaponries_atomic_devourer_inspect_end": {
        "sounds": [
            {
                "name": "pointblank:stellatsweaponries_atomic_devourer_inspect_end",
                "stream": false
            }
        ]
    },
    "stellatsweaponries_atomic_devourer_anti-neutron": {
        "sounds": [
            {
                "name": "pointblank:stellatsweaponries_atomic_devourer_anti-neutron",
                "stream": false
            }
        ]
    },
    "stellatsweaponries_m3k-4": {
        "sounds": [
            {
                "name": "pointblank:stellatsweaponries_m3k-4",
                "stream": false
            }
        ]
    },
    "stellatsweaponries_m3k-4_magout": {
        "sounds": [
            {
                "name": "pointblank:stellatsweaponries_m3k-4_magout",
                "stream": false
            }
        ]
    },
    "stellatsweaponries_m3k-4_magin": {
        "sounds": [
            {
                "name": "pointblank:stellatsweaponries_m3k-4_magin",
                "stream": false
            }
        ]
    },
    "stellatsweaponries_m3k-4_maghit": {
        "sounds": [
            {
                "name": "pointblank:stellatsweaponries_m3k-4_maghit",
                "stream": false
            }
        ]
    },
    "stellatsweaponries_m3k-4_gunhit": {
        "sounds": [
            {
                "name": "pointblank:stellatsweaponries_m3k-4_gunhit",
                "stream": false
            }
        ]
    },
    "stellatsweaponries_m3k-4_prep": {
        "sounds": [
            {
                "name": "pointblank:stellatsweaponries_m3k-4_prep",
                "stream": false
            }
        ]
    },
    "stellatsweaponries_m3k-4_afterfire": {
        "sounds": [
            {
                "name": "pointblank:stellatsweaponries_m3k-4_afterfire",
                "stream": false
            }
        ]
    },
    "stellatsweaponries_m3k-4_draw": {
        "sounds": [
            {
                "name": "pointblank:stellatsweaponries_m3k-4_draw",
                "stream": false
            }
        ]
    },
    "stellatsweaponries_rc2_jqmg": {
        "sounds": [
            {
                "name": "pointblank:stellatsweaponries_rc2_jqmg",
                "stream": false
            }
        ]
    },
    "stellatsweaponries_rc2_jqmg_draw": {
        "sounds": [
            {
                "name": "pointblank:stellatsweaponries_rc2_jqmg_draw",
                "stream": false
            }
        ]
    },
    "stellatsweaponries_rc2_jqmg_magin": {
        "sounds": [
            {
                "name": "pointblank:stellatsweaponries_rc2_jqmg_magin",
                "stream": false
            }
        ]
    },
    "stellatsweaponries_rc2_jqmg_magout": {
        "sounds": [
            {
                "name": "pointblank:stellatsweaponries_rc2_jqmg_magout",
                "stream": false
            }
        ]
    },
    "stellatsweaponries_mz-x": {
        "sounds": [
            {
                "name": "pointblank:stellatsweaponries_mz-x",
                "stream": false
            }
        ]
    },
    "stellatsweaponries_mz-x_boltback": {
        "sounds": [
            {
                "name": "pointblank:stellatsweaponries_mz-x_boltback",
                "stream": false
            }
        ]
    },
    "stellatsweaponries_mz-x_boltforward": {
        "sounds": [
            {
                "name": "pointblank:stellatsweaponries_mz-x_boltforward",
                "stream": false
            }
        ]
    },
    "stellatsweaponries_mz-x_boltslap": {
        "sounds": [
            {
                "name": "pointblank:stellatsweaponries_mz-x_boltslap",
                "stream": false
            }
        ]
    },
    "stellatsweaponries_mz-x_magin": {
        "sounds": [
            {
                "name": "pointblank:stellatsweaponries_mz-x_magin",
                "stream": false
            }
        ]
    },
    "stellatsweaponries_mz-x_magout": {
        "sounds": [
            {
                "name": "pointblank:stellatsweaponries_mz-x_magout",
                "stream": false
            }
        ]
    },
    "stellatsweaponries_mz-x_draw":{
        "sounds": [
            {
                "name": "pointblank:stellatsweaponries_mz-x_draw",
                "stream": false
            }
        ]
    },
    "stellatsweaponries_ds74":{
        "sounds": [
            {
                "name": "pointblank:stellatsweaponries_ds74",
                "stream": false
            }
        ]
    },
    "stellatsweaponries_vz-x": {
        "sounds": [
            {
                "name": "pointblank:stellatsweaponries_vz-x",
                "stream": false
            }
        ]
    },
    "stellatsweaponries_vz-x_overdrive": {
        "sounds": [
            {
                "name": "pointblank:stellatsweaponries_vz-x_overdrive",
                "stream": false
            }
        ]
    },
    "stellatsweaponries_vz-x_draw": {
        "sounds": [
            {
                "name": "pointblank:stellatsweaponries_vz-x_draw",
                "stream": false
            }
        ]
    },
    "stellatsweaponries_vz-x_stock_pull": {
        "sounds": [
            {
                "name": "pointblank:stellatsweaponries_vz-x_stock_pull",
                "stream": false
            }
        ]
    },
    "stellatsweaponries_vz-x_stock_push": {
        "sounds": [
            {
                "name": "pointblank:stellatsweaponries_vz-x_stock_push",
                "stream": false
            }
        ]
    },
    "stellatsweaponries_vz-x_magout": {
        "sounds": [
            {
                "name": "pointblank:stellatsweaponries_vz-x_magout",
                "stream": false
            }
        ]
    },
    "stellatsweaponries_vz-x_magin": {
        "sounds": [
            {
                "name": "pointblank:stellatsweaponries_vz-x_magin",
                "stream": false
            }
        ]
    },
    "stellatsweaponries_vz-x_boltforward": {
        "sounds": [
            {
                "name": "pointblank:stellatsweaponries_vz-x_boltforward",
                "stream": false
            }
        ]
    },
    "stellatsweaponries_vz-x_boltback": {
        "sounds": [
            {
                "name": "pointblank:stellatsweaponries_vz-x_boltback",
                "stream": false
            }
        ]
    },
    "stellatsweaponries_vz-x_boltslap": {
        "sounds": [
            {
                "name": "pointblank:stellatsweaponries_vz-x_boltslap",
                "stream": false
            }
        ]
    },
    "stellatsweaponries_emlr_mk17": {
        "sounds": [
            {
                "name": "pointblank:stellatsweaponries_emlr_mk17",
                "stream": false
            }
        ]
    },
    "stellatsweaponries_emlr_mk17_beep": {
        "sounds": [
            {
                "name": "pointblank:stellatsweaponries_emlr_mk17_beep",
                "stream": false
            }
        ]
    },
    "stellatsweaponries_emlr_mk17_cover_down": {
        "sounds": [
            {
                "name": "pointblank:stellatsweaponries_emlr_mk17_cover_down",
                "stream": false
            }
        ]
    },
    "stellatsweaponries_emlr_mk17_cover_up": {
        "sounds": [
            {
                "name": "pointblank:stellatsweaponries_emlr_mk17_cover_up",
                "stream": false
            }
        ]
    },
    "stellatsweaponries_emlr_mk17_draw": {
        "sounds": [
            {
                "name": "pointblank:stellatsweaponries_emlr_mk17_draw",
                "stream": false
            }
        ]
    },
    "stellatsweaponries_emlr_mk17_exhaust": {
        "sounds": [
            {
                "name": "pointblank:stellatsweaponries_emlr_mk17_exhaust",
                "stream": false
            }
        ]
    },
    "stellatsweaponries_emlr_mk17_magin": {
        "sounds": [
            {
                "name": "pointblank:stellatsweaponries_emlr_mk17_magin",
                "stream": false
            }
        ]
    },
    "stellatsweaponries_emlr_mk17_magout": {
        "sounds": [
            {
                "name": "pointblank:stellatsweaponries_emlr_mk17_magout",
                "stream": false
            }
        ]
    },
    "stellatsweaponries_amhs_steelmelter": {
        "sounds": [
            {
                "name": "pointblank:stellatsweaponries_amhs_steelmelter",
                "stream": false
            }
        ]
    },
    "stellatsweaponries_amhs_steelmelter_fizz": {
        "sounds": [
            {
                "name": "pointblank:stellatsweaponries_amhs_steelmelter_fizz",
                "stream": false
            }
        ]
    },
    "stellatsweaponries_amhs_steelmelter_overcharge": {
        "sounds": [
            {
                "name": "pointblank:stellatsweaponries_amhs_steelmelter_overcharge",
                "stream": false
            }
        ]
    },
    "stellatsweaponries_amhs_steelmelter_overcharge_beep": {
        "sounds": [
            {
                "name": "pointblank:stellatsweaponries_amhs_steelmelter_overcharge_beep",
                "stream": false
            }
        ]
    },
    "stellatsweaponries_sv-4_strela": {
        "sounds": [
            {
                "name": "pointblank:stellatsweaponries_sv-4_strela",
                "stream": false
            }
        ]
    },
    "stellatsweaponries_sv-4_strela_lever_down": {
        "sounds": [
            {
                "name": "pointblank:stellatsweaponries_sv-4_strela_lever_down",
                "stream": false
            }
        ]
    },
    "stellatsweaponries_sv-4_strela_lever_up": {
        "sounds": [
            {
                "name": "pointblank:stellatsweaponries_sv-4_strela_lever_up",
                "stream": false
            }
        ]
    }
}