{
  "credit": "Made with Blockbench",
  "parent": "builtin/entity",
  "texture_size": [
    32,
    32
  ],
  "display": {
    "thirdperson_righthand": {
      "rotation": [
        -30.66,
        89,
        18.04
      ],
      "translation": [
        0.5,
        0.5,
        1
      ],
      "scale": [
        0.75,
        0.75,
        0.75
      ]
    },
    "thirdperson_lefthand": {
      "rotation": [
        -30.66,
        89,
        18.04
      ],
      "translation": [
        0.5,
        0.5,
        1
      ],
      "scale": [
        0.75,
        0.75,
        0.75
      ]
    },
    "firstperson_righthand": {
      "rotation": [
        22.97,
        71.02,
        -32.27
      ],
      "translation": [
        -2.25,
        3,
        3
      ],
      "scale": [
        0.5,
        0.5,
        0.5
      ]
    },
    "firstperson_lefthand": {
      "rotation": [
        22.97,
        71.02,
        -32.27
      ],
      "translation": [
        -2.25,
        3,
        3
      ],
      "scale": [
        0.5,
        0.5,
        0.5
      ]
    },
    "ground": {
      "rotation": [
        0,
        0,
        -90
      ],
      "translation": [
        -1,
        0,
        2.25
      ]
    },
    "gui": {
      "rotation": [
        124,
        64,
        -145
      ],
      "translation": [
        2,
        -1.75,
        0
      ],
      "scale": [
        1.25,
        1.25,
        1.25
      ]
    },
    "head": {
      "scale": [
        0,
        0,
        0
      ]
    }
  }
}