{
  "credit": "Made with Blockbench",
  "parent": "builtin/entity",
  "texture_size": [
    64,
    64
  ],
  "display": {
    "thirdperson_righthand": {
      "rotation": [
        16.84,
        -88.57,
        18.04
      ],
      "translation": [
        -2,
        -1,
        0.5
      ],
      "scale": [
        0.4,
        0.4,
        0.4
      ]
    },
    "thirdperson_lefthand": {
      "rotation": [
        16.84,
        -88.57,
        18.04
      ],
      "translation": [
        -2,
        -1,
        2
      ],
      "scale": [
        0.4,
        0.4,
        0.4
      ]
    },
    "firstperson_righthand": {
      "rotation": [
        -175.45,
        -58.91,
        -174.69
      ],
      "translation": [
        -3,
        0.25,
        -3.5
      ],
      "scale": [
        0.5,
        0.5,
        0.5
      ]
    },
    "firstperson_lefthand": {
      "rotation": [
        23.6,
        40.79,
        -18.58
      ],
      "translation": [
        -0.75,
        0.25,
        -3.5
      ],
      "scale": [
        0.5,
        0.5,
        0.5
      ]
    },
    "ground": {
      "rotation": [
        0,
        0,
        90
      ],
      "translation": [
        4.75,
        0,
        3
      ]
    },
    "gui": {
      "rotation": [
        -168.87,
        -65.45,
        -133.65
      ],
      "translation": [
        -2.25,
        -4,
        0
      ],
      "scale": [
        0.75,
        0.75,
        0.75
      ]
    },
    "head": {
      "scale": [
        0,
        0,
        0
      ]
    }
  }
}