{
  "loader": "forge:separate_transforms",
    "gui_light": "front",
    "base":  
{
  "credit": "Made with Blockbench",
  "parent": "builtin/entity",
  "texture_size": [
    128,
    128
  ],
  "display": {
    "thirdperson_righthand": {
      "rotation": [
        -0.25,
        0,
        0
      ],
      "translation": [
        -1,
        -8.25,
        6
      ],
      "scale": [
        0.35,
        0.35,
        0.35
      ]
    },
    "thirdperson_lefthand": {
      "rotation": [
        -0.25,
        0,
        0
      ],
      "translation": [
        -1,
        -8.25,
        6
      ],
      "scale": [
        0.35,
        0.35,
        0.35
      ]
    },
    "firstperson_righthand": {
      "translation": [
        1,
        -30,
        20
      ]
    },
    "firstperson_lefthand": {
      "translation": [
        0,
        -30,
        20
      ]
    },
    "ground": {
      "translation": [
        0,
        -5.5,
        8.5
      ],
      "scale": [
        0.35,
        0.35,
        0.35
      ]
    }
  }
},
"perspectives": {
  "gui": {
    "parent": "item/generated",
    "textures": {
      "layer0": "pointblank:item/sv-4_strela.icon"
    }
  }
}
}