{
  "credit": "Made with Blockbench",
  "parent": "builtin/entity",
  "texture_size": [
    64,
    64
  ],
  "display": {
    "thirdperson_righthand": {
      "scale": [
        0.5,
        0.5,
        0.5
      ]
    },
    "thirdperson_lefthand": {
      "scale": [
        0.5,
        0.5,
        0.5
      ]
    },
    "firstperson_righthand": {
      "rotation": [
        0,
        45.25,
        0
      ],
      "translation": [
        -2.5,
        -0.75,
        0
      ],
      "scale": [
        0.5,
        0.5,
        0.5
      ]
    },
    "firstperson_lefthand": {
      "rotation": [
        0,
        45.25,
        0
      ],
      "translation": [
        -2.5,
        -0.75,
        0
      ],
      "scale": [
        0.5,
        0.5,
        0.5
      ]
    },
    "ground": {
      "rotation": [
        45,
        0,
        0
      ],
      "translation": [
        0,
        -2,
        -3
      ]
    },
    "gui": {
      "rotation": [
        16.75,
        28.25,
        0
      ],
      "translation": [
        0.5,
        -3.5,
        0
      ]
    },
    "head": {
      "translation": [
        0,
        -8.25,
        0
      ],
      "scale": [
        2.25,
        2.25,
        2.25
      ]
    },
    "fixed": {
      "translation": [
        0,
        -7.75,
        -7
      ],
      "scale": [
        2,
        2,
        2
      ]
    }
  }
}