{
  "credit": "Made with Blockbench",
  "parent": "builtin/entity",
  "texture_size": [
    8,
    8
  ],
  "display": {
    "thirdperson_righthand": {
      "rotation": [
        5.45,
        28.36,
        5.03
      ],
      "translation": [
        -0.25,
        0,
        0.5
      ],
      "scale": [
        0.3,
        0.3,
        0.3
      ]
    },
    "thirdperson_lefthand": {
      "rotation": [
        5.45,
        28.36,
        5.03
      ],
      "translation": [
        -0.25,
        0,
        0.5
      ],
      "scale": [
        0.3,
        0.3,
        0.3
      ]
    },
    "firstperson_righthand": {
      "rotation": [
        28.89,
        46.76,
        20.44
      ],
      "translation": [
        -2.5,
        1.75,
        -1.75
      ]
    },
    "gui": {
      "rotation": [
        83.41,
        55.05,
        -19.88
      ],
      "translation": [
        0.25,
        0,
        0
      ],
      "scale": [
        2,
        2,
        2
      ]
    }
  }
}