{
  "credit": "Made with Blockbench",
  "parent": "builtin/entity",
  "texture_size": [
    64,
    64
  ],
  "display": {
    "thirdperson_righthand": {
      "rotation": [
        0,
        35,
        0
      ],
      "scale": [
        0.35,
        0.35,
        0.35
      ]
    },
    "thirdperson_lefthand": {
      "rotation": [
        0,
        35,
        0
      ],
      "scale": [
        0.35,
        0.35,
        0.35
      ]
    },
    "firstperson_righthand": {
      "rotation": [
        52.4,
        -24.94,
        54.25
      ],
      "translation": [
        0,
        1.5,
        -3.25
      ],
      "scale": [
        0.5,
        0.5,
        0.5
      ]
    },
    "firstperson_lefthand": {
      "rotation": [
        52.4,
        -24.94,
        54.25
      ],
      "translation": [
        0,
        1.5,
        -3.25
      ],
      "scale": [
        0.5,
        0.5,
        0.5
      ]
    },
    "gui": {
      "rotation": [
        58.74,
        11.09,
        -17.62
      ]
    },
    "head": {
      "translation": [
        0,
        6,
        0
      ]
    }
  }
}