{
  "credit": "Made with Blockbench",
  "parent": "builtin/entity",
  "texture_size": [
    64,
    64
  ],
  "display": {
    "thirdperson_righthand": {
      "scale": [
        0.35,
        0.35,
        0.35
      ]
    },
    "thirdperson_lefthand": {
      "scale": [
        0.35,
        0.35,
        0.35
      ]
    },
    "firstperson_righthand": {
      "rotation": [
        30,
        20.75,
        30
      ],
      "translation": [
        -2,
        2,
        0
      ],
      "scale": [
        0.35,
        0.35,
        0.35
      ]
    },
    "firstperson_lefthand": {
      "rotation": [
        30,
        20.75,
        30
      ],
      "translation": [
        -2,
        2,
        0
      ],
      "scale": [
        0.35,
        0.35,
        0.35
      ]
    },
    "ground": {
      "rotation": [
        0,
        0,
        24
      ],
      "translation": [
        0,
        -2.75,
        0
      ],
      "scale": [
        0.5,
        0.5,
        0.5
      ]
    },
    "head": {
      "scale": [
        0,
        0,
        0
      ]
    },
    "gui": {
      "rotation": [
        80,
        33.38,
        0
      ],
      "translation": [
        0.25,
        0,
        0
      ],
      "scale": [
        0.7,
        0.7,
        0.7
      ]
    }
  }
}