{
  "loader": "forge:separate_transforms",
    "gui_light": "front",
    "base": 
{
  "credit": "Made with Blockbench",
  "parent": "builtin/entity",
  "texture_size": [
    64,
    64
  ],
  "display": {
    "thirdperson_righthand": {
      "scale": [
        0.25,
        0.25,
        0.25
      ]
    },
    "thirdperson_lefthand": {
      "scale": [
        0.25,
        0.25,
        0.25
      ]
    },
    "firstperson_righthand": {
      "scale": [
        0.25,
        0.25,
        0.25
      ]
    },
    "firstperson_lefthand": {
      "scale": [
        0.25,
        0.25,
        0.25
      ]
    },
    "ground": {
      "scale": [
        0.5,
        0.5,
        0.5
      ]
    },
    "gui": {
      "scale": [
        0.25,
        0.25,
        0.25
      ]
    },
    "head": {
      "scale": [
        0.25,
        0.25,
        0.25
      ]
    },
    "fixed": {
      "scale": [
        0.25,
        0.25,
        0.25
      ]
    }
  }
},
"perspectives": {
  "gui": {
    "parent": "item/generated",
    "textures": {
      "layer0": "pointblank:item/attachment_3xscope_icon"
    }
  }
}
}