{
  "loader": "forge:separate_transforms",
    "gui_light": "front",
    "base": 
{
  "credit": "Made with Blockbench",
  "parent": "builtin/entity",
  "texture_size": [
    128,
    128
  ],
  "display": {
    "thirdperson_righthand": {
      "translation": [
        -1,
        -7.25,
        0
      ],
      "scale": [
        0.4,
        0.4,
        0.4
      ]
    },
    "thirdperson_lefthand": {
      "translation": [
        -1,
        -7.25,
        0
      ],
      "scale": [
        0.4,
        0.4,
        0.4
      ]
    },
    "firstperson_righthand": {
      "rotation": [
        0,
        0,
        -6
      ],
      "translation": [
        -1.75,
        -22,
        -12
      ]
    },
    "firstperson_lefthand": {
      "translation": [
        0,
        -21,
        0
      ]
    },
    "ground": {
      "scale": [
        0.35,
        0.35,
        0.35
      ],
      "translation": [
        0,
        -5.75,
        2.75
      ]
    },
    "fixed": {
      "rotation": [
        180,
        -90,
        180
      ],
      "translation": [
        -5,
        -18,
        -1.75
      ]
    }
  }
},
"perspectives": {
  "gui": {
    "parent": "item/generated",
    "textures": {
      "layer0": "pointblank:item/mz-x.icon"
    }
  }
}
}