{
  "loader": "forge:separate_transforms",
    "gui_light": "front",
    "base":
{
  "credit": "Made with Blockbench",
  "parent": "builtin/entity",
  "texture_size": [
    512,
    512
  ],
  "display": {
    "thirdperson_righthand": {
      "translation": [
        -1,
        -8,
        2.5
      ],
      "scale": [
        0.4,
        0.4,
        0.4
      ]
    },
    "thirdperson_lefthand": {
      "translation": [
        -1,
        -8,
        2.5
      ],
      "scale": [
        0.4,
        0.4,
        0.4
      ]
    },
    "firstperson_righthand": {
      "rotation": [
        0,
        0,
        14
      ],
      "translation": [
        0,
        -25,
        -20
      ]
    },
    "firstperson_lefthand": {
      "rotation": [
        0,
        0,
        14
      ],
      "translation": [
        0,
        -25,
        -20
      ]
    },
    "ground": {
      "translation": [
        0,
        0,
        7.5
      ],
      "scale": [
        0.4,
        0.4,
        0.4
      ]
    },
    "head": {
      "translation": [
        0,
        -12.5,
        0
      ]
    }
  }
},
"perspectives": {
  "gui": {
    "parent": "item/generated",
    "textures": {
      "layer0": "pointblank:item/ds74.icon"
    }
  }
}
}