{
  "credit": "Made with Blockbench",
  "parent": "builtin/entity",
  "texture_size": [
    16,
    16
  ],
  "display": {
    "thirdperson_righthand": {
      "translation": [
        0,
        -0.75,
        0.5
      ]
    },
    "thirdperson_lefthand": {
      "translation": [
        0,
        -0.75,
        0.5
      ]
    },
    "firstperson_righthand": {
      "rotation": [
        0,
        57,
        0
      ],
      "translation": [
        0,
        1,
        0
      ]
    },
    "firstperson_lefthand": {
      "rotation": [
        0,
        57,
        0
      ],
      "translation": [
        0,
        1,
        0
      ]
    },
    "ground": {
      "translation": [
        0,
        0,
        1.75
      ]
    },
    "gui": {
      "rotation": [
        -155.81,
        -40.68,
        -151.43
      ],
      "translation": [
        -3.75,
        0,
        0
      ],
      "scale": [
        2,
        2,
        2
      ]
    },
    "head": {
      "scale": [
        0,
        0,
        0
      ]
    }
  }
}