{
  "loader": "forge:separate_transforms",
    "gui_light": "front",
    "base": 
{
  "credit": "Made with Blockbench",
  "parent": "builtin/entity",
  "texture_size": [
    256,
    256
  ],
  "display": {
    "thirdperson_righthand": {
      "translation": [
        -1,
        -5.5,
        1.75
      ],
      "scale": [
        0.25,
        0.25,
        0.25
      ]
    },
    "thirdperson_lefthand": {
      "translation": [
        -1,
        -5.5,
        1.75
      ],
      "scale": [
        0.25,
        0.25,
        0.25
      ]
    },
    "firstperson_righthand": {
      "rotation": [
        0,
        0,
        -5
      ],
      "translation": [
        -1.25,
        -25,
        6
      ]
    },
    "firstperson_lefthand": {
      "translation": [
        -1.25,
        -25,
        6
      ]
    },
    "ground": {
      "translation": [
        0,
        -5.5,
        4
      ],
      "scale": [
        0.3,
        0.3,
        0.3
      ]
    },
    "head": {
      "translation": [
        -1,
        3,
        1.75
      ],
      "scale": [
        0.25,
        0.25,
        0.25
      ]
    }
  }
},
"perspectives": {
  "gui": {
    "parent": "item/generated",
    "textures": {
      "layer0": "pointblank:item/amhs_steelmelter.icon"
    }
  }
}
}