{
  "loader": "forge:separate_transforms",
    "gui_light": "front",
    "base":  
{
  "credit": "Made with Blockbench",
  "parent": "builtin/entity",
  "texture_size": [
    128,
    128
  ],
  "display": {
    "thirdperson_righthand": {
      "translation": [
        -1.25,
        -4.75,
        1.5
      ],
      "scale": [
        0.25,
        0.25,
        0.25
      ]
    },
    "thirdperson_lefthand": {
      "translation": [
        -1.25,
        -4.75,
        1.5
      ],
      "scale": [
        0.25,
        0.25,
        0.25
      ]
    },
    "firstperson_righthand": {
      "translation": [
        2.5,
        -22,
        -4.25
      ]
    },
    "firstperson_lefthand": {
      "translation": [
        2.5,
        -22,
        -4.25
      ]
    },
    "ground": {
      "translation": [
        0,
        -5.5,
        4.5
      ],
      "scale": [
        0.35,
        0.35,
        0.35
      ]
    }
  }
},
"perspectives": {
  "gui": {
    "parent": "item/generated",
    "textures": {
      "layer0": "pointblank:item/vz-x.icon"
    }
  }
}
}