{
  "loader": "forge:separate_transforms",
    "gui_light": "front",
    "base": 
{
  "credit": "Made with Blockbench",
  "parent": "builtin/entity",
  "texture_size": [
    256,
    256
  ],
  "display": {
    "thirdperson_righthand": {
      "translation": [
        -1.25,
        -5.5,
        2.75
      ],
      "scale": [
        0.275,
        0.275,
        0.275
      ]
    },
    "thirdperson_lefthand": {
      "translation": [
        -1.25,
        -5.5,
        2.75
      ],
      "scale": [
        0.275,
        0.275,
        0.275
      ]
    },
    "firstperson_righthand": {
      "rotation": [
        0,
        0,
        -3
      ],
      "translation": [
        0,
        -28,
        -3.5
      ]
    },
    "firstperson_lefthand": {
      "rotation": [
        0,
        0,
        -3
      ],
      "translation": [
        0,
        -28,
        -3.5
      ]
    },
    "ground": {
      "translation": [
        0,
        -5.5,
        6
      ],
      "scale": [
        0.3,
        0.3,
        0.3
      ]
    },
    "head": {
      "translation": [
        -1.25,
        -5.5,
        2.75
      ],
      "scale": [
        0.275,
        0.275,
        0.275
      ]
    }
  }
},
"perspectives": {
  "gui": {
    "parent": "item/generated",
    "textures": {
      "layer0": "pointblank:item/emlr_mk17.icon"
    }
  }
}
}