{
  "name" : "hkguns_hk416",
  "type": "Gun",
  "compatibleAttachments": [
    "cantedrail"
  ],
  "compatibleAttachmentGroups": [
    "ar_sightsandscopes",
    "underbarrel",
    "ar_muzzle"
  ],
  "features": [
    {
      "type": "Aiming",
      "zoom": 0.25,
      "condition": {
        "doesNotHaveAttachmentGroup": "ar_sightsandscopes"
      }
    },
    {
      "type": "MuzzleFlash",
      "effects": [
        {
          "phase": "firing",
          "name": "muzzle_flash_small"
        }
      ],
      "condition": {
        "allOf": [
          {
            "isUsingDefaultMuzzle": true
          },
          {
            "doesNotHaveAttachmentGroup": "ar_suppressors"
          }
        ]
      }
    },
    {
      "type": "PartVisibility",
      "parts": [
        {
          "name": "sights",
          "visible": false,
          "condition": {
            "hasAttachmentGroup": "ar_sightsandscopes"
          }
        }
      ]
    },
    {
      "type": "Sound",
      "fireSound": "hk416mod1",
      "fireSoundVolume": 1,
      "condition": {
        "allOf": [
          {
            "hasAttachmentGroup": "ar_suppressors"
          },
          {
            "unselectedFireMode": "grenade_launcher"
          }
        ]
      }
    }
  ],
  "maxAmmoCapacity" : 30,
  "compatibleAmmo" : ["ammocreative", "ammo_hk"],
  "damage" : 10.0,
  "rpm" : 800,
  "fireModes" : ["SINGLE", "AUTOMATIC"],
  "fireSound" : "hkguns_hk416",
  "drawCooldownDuration" : 670,
  "aimingZoom" : 0.25,
  "gunRecoilInitialAmplitude" : 0.8,
  "shakeRecoilAmplitude" : 0.35,
  "shakeRecoilSpeed" : 2,
  "viewRecoilAmplitude" : 2,
  "inspectCooldownDuration": 5470,
  "phasedReloads": [
    {
      "phase": "RELOADING",
      "condition": "reloadIterationIndex == 0",
      "duration": 2470,
      "animation": "animation.model.reloadempty"
    },
    {
      "phase": "RELOADING",
      "condition": "reloadIterationIndex > 0",
      "duration": 1670,
      "animation": "animation.model.reload"
    }
  ],
  "effects": [
        {
                   "phase": "hit_scan_acquired",
                   "name": "tracer"
        },
        {
                   "phase": "firing",
                   "name": "muzzle_flash"
        }
  ]
}