{
	"format_version": "1.8.0",
	"animations": {
		"animation.model.inspect": {
			"loop": true,
			"animation_length": 4,
			"bones": {
				"main": {
					"rotation": {
						"0.0": {
							"vector": [0, 0, 0],
							"easing": "linear"
						},
						"0.4583": {
							"vector": [-9.8382, -47.68674, 2.35075],
							"easing": "linear"
						},
						"1.4167": {
							"vector": [-12.22709, -47.68674, 2.35075],
							"easing": "linear"
						},
						"2.3333": {
							"vector": [-17.14687, -6.32935, 62.67391],
							"easing": "linear"
						},
						"2.8333": {
							"vector": [-21.00747, -7.97744, 57.24484],
							"easing": "linear"
						},
						"3.125": {
							"vector": [-23.87159, -12.55661, 59.28589],
							"easing": "linear"
						},
						"3.9167": {
							"vector": [0, 0, 0],
							"easing": "linear"
						}
					},
					"position": {
						"0.0": {
							"vector": [0, 0, 0],
							"easing": "linear"
						},
						"0.4583": {
							"vector": [-15.46, 0, -23.38],
							"easing": "linear"
						},
						"1.4583": {
							"vector": [-15.46, 0, -23.38],
							"easing": "linear"
						},
						"1.8333": {
							"vector": [-5.46, 0, -14.13],
							"easing": "linear"
						},
						"2.3333": {
							"vector": [-9.14, 3.2, -23.51],
							"easing": "linear"
						},
						"3.2917": {
							"vector": [-17.56, 4, -20.85],
							"easing": "linear"
						},
						"3.7917": {
							"vector": [0, 0, 0],
							"easing": "linear"
						}
					}
				},
				"slider": {
					"position": {
						"0.0": {
							"vector": [0, 0, 0],
							"easing": "linear"
						},
						"2.8333": {
							"vector": [0, 0, 0],
							"easing": "linear"
						},
						"3.0": {
							"vector": [0, 0, 14],
							"easing": "linear"
						},
						"3.1667": {
							"vector": [0, 0, 14],
							"easing": "linear"
						},
						"3.3333": {
							"vector": [0, 0, 0],
							"easing": "linear"
						}
					}
				},
				"bullet2": {
					"position": {
						"0.0": {
							"vector": [0, 0, 0],
							"easing": "linear"
						},
						"2.8333": {
							"vector": [0, 0, 0],
							"easing": "linear"
						},
						"3.0": {
							"vector": [0, 0, 13],
							"easing": "linear"
						},
						"3.1667": {
							"vector": [0, 0, 13],
							"easing": "linear"
						},
						"3.3333": {
							"vector": [0, 0, 0],
							"easing": "linear"
						}
					}
				},
				"magazine": {
					"rotation": {
						"0.0": {
							"vector": [0, 0, 0],
							"easing": "linear"
						},
						"0.4167": {
							"vector": [0, 0, 0],
							"easing": "linear"
						},
						"0.9167": {
							"vector": [0, 0, 17.5],
							"easing": "linear"
						},
						"1.0417": {
							"vector": [0, 0, 20],
							"easing": "linear"
						},
						"1.5": {
							"vector": [0, 0, 17.5],
							"easing": "linear"
						},
						"1.625": {
							"vector": [0, 0, 0],
							"easing": "linear"
						}
					},
					"position": {
						"0.0": {
							"vector": [0, 0, 0],
							"easing": "linear"
						},
						"0.4167": {
							"vector": [0, 0, 0],
							"easing": "linear"
						},
						"0.75": {
							"vector": [0, -12, 0],
							"easing": "linear"
						},
						"0.9167": {
							"vector": [5, 1, -5],
							"easing": "linear"
						},
						"1.0417": {
							"vector": [5, 2, -5],
							"easing": "linear"
						},
						"1.5": {
							"vector": [5, 1, -5],
							"easing": "linear"
						},
						"1.625": {
							"vector": [0, -12, 0],
							"easing": "linear"
						},
						"1.75": {
							"vector": [0, 0, 0],
							"easing": "linear"
						}
					}
				},
				"rightarm": {
					"rotation": {
						"0.0": {
							"vector": [0, 0, 0],
							"easing": "linear"
						},
						"2.625": {
							"vector": [-5, 0, 0],
							"easing": "linear"
						},
						"3.5833": {
							"vector": [0, 0, 0],
							"easing": "linear"
						}
					},
					"position": {
						"0.0": {
							"vector": [0, 0, 0],
							"easing": "linear"
						},
						"2.375": {
							"vector": [0, 0, -4],
							"easing": "linear"
						},
						"2.5417": {
							"vector": [0, 2, -4],
							"easing": "linear"
						},
						"2.7917": {
							"vector": [-0.6, 6.29, -16.86],
							"easing": "linear"
						},
						"2.8333": {
							"vector": [0, 7, -19],
							"easing": "linear"
						},
						"3.0": {
							"vector": [0, 7, -6],
							"easing": "linear"
						},
						"3.25": {
							"vector": [0, 7, -6],
							"easing": "linear"
						},
						"3.5833": {
							"vector": [0, 0, 0],
							"easing": "linear"
						}
					}
				},
				"leftarm": {
					"rotation": {
						"0.0": {
							"vector": [0, 0, 0],
							"easing": "linear"
						},
						"0.25": {
							"vector": [0, 0, 0],
							"easing": "linear"
						},
						"0.4167": {
							"vector": [-20, 0, -27.5],
							"easing": "linear"
						},
						"0.75": {
							"vector": [-21.23034, 10.73077, -52.88654],
							"easing": "linear"
						},
						"0.9167": {
							"vector": [-20.4968, -2.92627, -20.57585],
							"easing": "linear"
						},
						"1.0417": {
							"vector": [-20.74157, -3.88572, -18.25433],
							"easing": "linear"
						},
						"1.5": {
							"vector": [-20.4968, -2.92627, -20.57585],
							"easing": "linear"
						},
						"1.625": {
							"vector": [-21.23034, 10.73077, -52.88654],
							"easing": "linear"
						},
						"1.75": {
							"vector": [-20, 0, -27.5],
							"easing": "linear"
						},
						"1.9167": {
							"vector": [0, 0, 0],
							"easing": "linear"
						}
					},
					"position": {
						"0.0": {
							"vector": [0, 0, 0],
							"easing": "linear"
						},
						"0.25": {
							"vector": [0, 0, 0],
							"easing": "linear"
						},
						"0.4167": {
							"vector": [6, 0, 5],
							"easing": "linear"
						},
						"0.9167": {
							"vector": [13, 0, 5],
							"easing": "linear"
						},
						"1.5": {
							"vector": [13, 0, 5],
							"easing": "linear"
						},
						"1.75": {
							"vector": [6, 0, 5],
							"easing": "linear"
						},
						"1.9167": {
							"vector": [0, 0, 0],
							"easing": "linear"
						}
					}
				}
			},
			"sound_effects": {
				"0.25": {
					"effect": "grab"
				},
				"0.4167": {
					"effect": "draw1"
				},
				"1.5": {
					"effect": "grab2"
				},
				"2.7917": {
					"effect": "sliding"
				},
				"3.4167": {
					"effect": "grab2"
				}
			}
		},
		"animation.model.reload": {
			"loop": true,
			"animation_length": 2.5833,
			"bones": {
				"main": {
					"rotation": {
						"0.0": {
							"vector": [0, 0, 0],
							"easing": "linear"
						},
						"0.5417": {
							"vector": [-40.37709, -32.36599, -11.58624],
							"easing": "linear"
						},
						"0.6667": {
							"vector": [-37.46779, -31.93776, -10.63473],
							"easing": "linear"
						},
						"0.7917": {
							"vector": [-40.37709, -32.36599, -11.58624],
							"easing": "linear"
						},
						"0.9583": {
							"vector": [-34.72155, -38.4776, -21.31465],
							"easing": "linear"
						},
						"1.5833": {
							"vector": [-41.21572, -30.88391, -9.80279],
							"easing": "linear"
						},
						"1.8333": {
							"vector": [-40.37709, -32.36599, -11.58624],
							"easing": "linear"
						},
						"2.2083": {
							"vector": [0, 0, 0],
							"easing": "linear"
						},
						"2.375": {
							"vector": [7.5, 0, 0],
							"easing": "linear"
						},
						"2.5833": {
							"vector": [0, 0, 0],
							"easing": "linear"
						}
					},
					"position": {
						"0.0": {
							"vector": [0, 0, 0],
							"easing": "linear"
						},
						"0.3333": {
							"vector": [0, 0, -8],
							"easing": "linear"
						},
						"0.5417": {
							"vector": [0, -8, -15],
							"easing": "linear"
						},
						"0.7917": {
							"vector": [0, -8, -15],
							"easing": "linear"
						},
						"1.5833": {
							"vector": [0, -8, -18],
							"easing": "linear"
						},
						"1.8333": {
							"vector": [0, -8, -15],
							"easing": "linear"
						},
						"2.375": {
							"vector": [0, -0.23236, -4.38768],
							"easing": "linear"
						},
						"2.5833": {
							"vector": [0, 0, 0],
							"easing": "linear"
						}
					}
				},
				"gun": {
					"rotation": {
						"0.0": {
							"vector": [0, 0, 0],
							"easing": "linear"
						},
						"1.625": {
							"vector": [0, 0, 0],
							"easing": "linear"
						},
						"1.7083": {
							"vector": [-2.5, 0, 0],
							"easing": "linear"
						},
						"1.8333": {
							"vector": [0, 0, 0],
							"easing": "linear"
						}
					}
				},
				"magazine": {
					"rotation": {
						"0.0": {
							"vector": [0, 0, 0],
							"easing": "linear"
						},
						"0.4583": {
							"vector": [0, 0, 0],
							"easing": "linear"
						},
						"0.7083": {
							"vector": [0, 0, -5],
							"easing": "linear"
						},
						"1.0": {
							"vector": [4.92442, 0.86717, -32.46271],
							"easing": "linear"
						},
						"1.75": {
							"vector": [0, 0, 0],
							"easing": "linear"
						}
					},
					"position": {
						"0.0": {
							"vector": [0, 0, 0],
							"easing": "linear"
						},
						"0.4583": {
							"vector": [0, 0, 0],
							"easing": "linear"
						},
						"0.7083": {
							"vector": [0, -9, 0],
							"easing": "linear"
						},
						"0.8333": {
							"vector": [0, -19.19, 0.48],
							"easing": "linear"
						},
						"1.0": {
							"vector": [0, -36, 1],
							"easing": "linear"
						},
						"1.0833": {
							"vector": [6.43039, -46.07915, 2.02998],
							"easing": "linear"
						},
						"1.3333": {
							"vector": [-0.33217, -30.76942, 0.89822],
							"easing": "linear"
						},
						"1.75": {
							"vector": [0, 0, 0],
							"easing": "linear"
						}
					}
				},
				"leftarm": {
					"rotation": {
						"0.0": {
							"vector": [0, 0, 0],
							"easing": "linear"
						},
						"0.4583": {
							"vector": [-17.42672, 5.81677, -17.11712],
							"easing": "linear"
						},
						"0.7083": {
							"vector": [-23.5635, 13.47316, -44.00832],
							"easing": "linear"
						},
						"0.8333": {
							"vector": [-30.28413, 19.08595, -67.50498],
							"easing": "linear"
						},
						"1.0": {
							"vector": [-38.97498, 24.57069, -95.07043],
							"easing": "linear"
						},
						"1.3333": {
							"vector": [-38.97498, 24.57069, -95.07043],
							"easing": "linear"
						},
						"1.75": {
							"vector": [-17.42672, 5.81677, -17.11712],
							"easing": "linear"
						},
						"2.0417": {
							"vector": [0, 0, 0],
							"easing": "linear"
						}
					},
					"position": {
						"0.0": {
							"vector": [0, 0, 0],
							"easing": "linear"
						},
						"0.4583": {
							"vector": [5, 0, 5],
							"easing": "linear"
						},
						"0.8333": {
							"vector": [5, -2, 5],
							"easing": "linear"
						},
						"1.75": {
							"vector": [5, 0, 5],
							"easing": "linear"
						},
						"2.0417": {
							"vector": [0, 0, 0],
							"easing": "linear"
						}
					}
				}
			},
			"sound_effects": {
				"0.5": {
					"effect": "magpull2"
				},
				"1.125": {
					"effect": "gripp"
				},
				"1.7083": {
					"effect": "magin3"
				}
			}
		},
		"animation.model.reloadempty": {
			"loop": true,
			"animation_length": 4.25,
			"bones": {
				"main": {
					"rotation": {
						"0.0": {
							"vector": [0, 0, 0],
							"easing": "linear"
						},
						"0.5417": {
							"vector": [-40.37709, -32.36599, -11.58624],
							"easing": "linear"
						},
						"0.6667": {
							"vector": [-37.46779, -31.93776, -10.63473],
							"easing": "linear"
						},
						"0.7917": {
							"vector": [-40.37709, -32.36599, -11.58624],
							"easing": "linear"
						},
						"0.9583": {
							"vector": [-34.72155, -38.4776, -21.31465],
							"easing": "linear"
						},
						"2.1667": {
							"vector": [-35.96259, -39.90891, -18.74372],
							"easing": "linear"
						},
						"2.375": {
							"vector": [-40.37709, -32.36599, -11.58624],
							"easing": "linear"
						},
						"2.5417": {
							"vector": [-23.83442, -16.01283, -1.62787],
							"easing": "linear"
						},
						"2.75": {
							"vector": [0, 0, 0],
							"easing": "linear"
						},
						"2.9167": {
							"vector": [7.5, 0, 0],
							"easing": "linear"
						},
						"3.2083": {
							"vector": [-2.5, -5, 37.5],
							"easing": "linear"
						},
						"3.4167": {
							"vector": [-2.70851, -2.38902, 39.8882],
							"easing": "linear"
						},
						"3.75": {
							"vector": [-2.5, -5, 37.5],
							"easing": "linear"
						},
						"4.0417": {
							"vector": [0, 0, 0],
							"easing": "easeOutBack",
							"easingArgs": [-1]
						}
					},
					"position": {
						"0.0": {
							"vector": [0, 0, 0],
							"easing": "linear"
						},
						"0.3333": {
							"vector": [0, 0, -8],
							"easing": "linear"
						},
						"0.5417": {
							"vector": [0, -8, -15],
							"easing": "linear"
						},
						"0.7917": {
							"vector": [0, -8, -15],
							"easing": "linear"
						},
						"2.375": {
							"vector": [0, -8, -15],
							"easing": "linear"
						},
						"2.9167": {
							"vector": [0, -0.23236, -4.38768],
							"easing": "linear"
						},
						"3.2083": {
							"vector": [-2.17974, 1.78253, -2.25196],
							"easing": "linear"
						},
						"3.75": {
							"vector": [-2.17974, 1.78253, -2.25196],
							"easing": "linear"
						},
						"3.9583": {
							"vector": [0, 0, 0],
							"easing": "linear"
						},
						"4.125": {
							"vector": [0, 0, 0],
							"easing": "linear"
						}
					}
				},
				"gun": {
					"rotation": {
						"0.0": {
							"vector": [0, 0, 0],
							"easing": "linear"
						},
						"1.625": {
							"vector": [0, 0, 0],
							"easing": "linear"
						},
						"1.7083": {
							"vector": [-2.5, 0, 0],
							"easing": "linear"
						},
						"1.8333": {
							"vector": [0, 0, 0],
							"easing": "linear"
						},
						"2.125": {
							"vector": [0, 0, 0],
							"easing": "linear"
						},
						"2.25": {
							"vector": [-12.5, 0, 0],
							"easing": "linear"
						},
						"2.4583": {
							"vector": [0, 0, 0],
							"easing": "linear"
						}
					}
				},
				"magazine": {
					"rotation": {
						"0.0": {
							"vector": [0, 0, 0],
							"easing": "linear"
						},
						"0.75": {
							"vector": [0, 0, 0],
							"easing": "linear"
						},
						"1.0": {
							"vector": [0, 0, -5],
							"easing": "linear"
						},
						"1.2917": {
							"vector": [4.92442, 0.86717, -32.46271],
							"easing": "linear"
						},
						"1.5417": {
							"vector": [-11.92208, 0.54201, -20.29021],
							"easing": "linear"
						},
						"1.9583": {
							"vector": [0, 0, 0],
							"easing": "linear"
						}
					},
					"position": {
						"0.0": {
							"vector": [0, 0, 0],
							"easing": "linear"
						},
						"0.75": {
							"vector": [0, 0, 0],
							"easing": "linear"
						},
						"1.0": {
							"vector": [0, -9, 0],
							"easing": "linear"
						},
						"1.125": {
							"vector": [0, -19.19, 0.48],
							"easing": "linear"
						},
						"1.2917": {
							"vector": [0, -36, 1],
							"easing": "linear"
						},
						"1.375": {
							"vector": [6.43039, -46.07915, 2.02998],
							"easing": "linear"
						},
						"1.5417": {
							"vector": [-0.33217, -30.76942, 0.89822],
							"easing": "linear"
						},
						"1.8333": {
							"vector": [0, 0, 0],
							"easing": "linear"
						}
					}
				},
				"leftarm": {
					"rotation": {
						"0.0": {
							"vector": [0, 0, 0],
							"easing": "linear"
						},
						"0.75": {
							"vector": [-17.42672, 5.81677, -17.11712],
							"easing": "linear"
						},
						"1.0": {
							"vector": [-23.5635, 13.47316, -44.00832],
							"easing": "linear"
						},
						"1.125": {
							"vector": [-30.28413, 19.08595, -67.50498],
							"easing": "linear"
						},
						"1.2917": {
							"vector": [-38.97498, 24.57069, -95.07043],
							"easing": "linear"
						},
						"1.5417": {
							"vector": [-38.97498, 24.57069, -95.07043],
							"easing": "linear"
						},
						"1.8333": {
							"vector": [-17.42672, 5.81677, -17.11712],
							"easing": "linear"
						},
						"2.0": {
							"vector": [-30.66128, 21.61584, -85.12059],
							"easing": "linear"
						},
						"2.2083": {
							"vector": [-16.04622, -8.14398, -50.1431],
							"easing": "linear"
						},
						"2.4167": {
							"vector": [4.17406, 12.36366, -48.28835],
							"easing": "linear"
						},
						"2.5417": {
							"vector": [0, 0, 0],
							"easing": "linear"
						}
					},
					"position": {
						"0.0": {
							"vector": [0, 0, 0],
							"easing": "linear"
						},
						"0.75": {
							"vector": [5, 0, 5],
							"easing": "linear"
						},
						"1.125": {
							"vector": [5, -2, 5],
							"easing": "linear"
						},
						"1.8333": {
							"vector": [5, 0, 5],
							"easing": "linear"
						},
						"2.5417": {
							"vector": [0, 0, 0],
							"easing": "linear"
						}
					}
				},
				"slider": {
					"position": {
						"0.0": {
							"vector": [0, 0, 0],
							"easing": "linear"
						},
						"3.125": {
							"vector": [0, 0, 0],
							"easing": "linear"
						},
						"3.4167": {
							"vector": [0, 0, 13],
							"easing": "easeInCirc"
						},
						"3.6667": {
							"vector": [0, 0, 0],
							"easing": "linear"
						}
					}
				},
				"rightarm": {
					"rotation": {
						"0.0": {
							"vector": [0, 0, 0],
							"easing": "linear"
						},
						"2.6667": {
							"vector": [0, 0, 0],
							"easing": "linear"
						},
						"3.125": {
							"vector": [-7.05821, 9.45268, -3.29638],
							"easing": "linear"
						},
						"3.4167": {
							"vector": [-7.05821, 9.45268, -3.29638],
							"easing": "linear"
						},
						"3.6667": {
							"vector": [-7.05821, 9.45268, -3.29638],
							"easing": "linear"
						},
						"3.9583": {
							"vector": [0, 0, 0],
							"easing": "linear"
						}
					},
					"position": {
						"0.0": {
							"vector": [0, 0, 0],
							"easing": "linear"
						},
						"2.6667": {
							"vector": [0, 0, 0],
							"easing": "linear"
						},
						"3.125": {
							"vector": [1.77957, 5.15019, -20.15126],
							"easing": "linear"
						},
						"3.4167": {
							"vector": [1.77957, 5.15019, -7.15126],
							"easing": "linear"
						},
						"3.6667": {
							"vector": [1.77957, 5.15019, -7.15126],
							"easing": "linear"
						},
						"3.9583": {
							"vector": [0, 0, 0],
							"easing": "linear"
						}
					}
				},
				"bullet3": {
					"position": {
						"0.0": {
							"vector": [0, 0, 0],
							"easing": "linear"
						},
						"0.875": {
							"vector": [0, -1, 0],
							"easing": "linear"
						},
						"1.2917": {
							"vector": [0, -1, 0],
							"easing": "linear"
						},
						"1.3333": {
							"vector": [0, 0, 0],
							"easing": "linear"
						}
					},
					"scale": {
						"0.5833": {
							"vector": [1, 1, 1],
							"easing": "linear"
						},
						"0.875": {
							"vector": [0.6, 0, 0.9],
							"easing": "linear"
						},
						"1.2917": {
							"vector": [0.6, 0, 0.9],
							"easing": "linear"
						},
						"1.3333": {
							"vector": [1, 1, 1],
							"easing": "linear"
						}
					}
				}
			},
			"sound_effects": {
				"0.125": {
					"effect": "grab"
				},
				"0.75": {
					"effect": "magpull2"
				},
				"1.375": {
					"effect": "grab2"
				},
				"1.7917": {
					"effect": "magin3"
				},
				"2.1667": {
					"effect": "grab2"
				},
				"3.125": {
					"effect": "sliding"
				},
				"3.8333": {
					"effect": "grab2"
				}
			}
		},
		"animation.model.draw": {
			"loop": true,
			"animation_length": 0.7028,
			"bones": {
				"main": {
					"rotation": {
						"0.0": {
							"vector": [32.90921, -19.09208, 26.81303],
							"easing": "linear"
						},
						"0.2917": {
							"vector": [5.05606, -0.7577, 1.06412],
							"easing": "linear"
						},
						"0.5": {
							"vector": [0, 0, 0],
							"easing": "easeOutBack",
							"easingArgs": [1]
						},
						"0.5833": {
							"vector": [0, 0, 0],
							"easing": "easeInOutSine"
						}
					},
					"position": {
						"0.0": {
							"vector": [-15.18105, 7.67283, -5.88757],
							"easing": "linear"
						},
						"0.2083": {
							"vector": [-4.73237, 8.70881, -2.63256],
							"easing": "linear"
						},
						"0.5": {
							"vector": [0, 0, 1],
							"easing": "linear"
						},
						"0.5833": {
							"vector": [0, 0, 1],
							"easing": "easeInExpo"
						}
					}
				}
			},
			"sound_effects": {
				"0.0417": {
					"effect": "draw1"
				}
			}
		},
		"animation.model.fire": {
			"loop": true,
			"animation_length": 0.625,
			"bones": {
				"main": {
					"rotation": {
						"0.0": {
							"vector": [0, 0, 0],
							"easing": "linear"
						},
						"0.0417": {
							"vector": [-6.5, 0, 0],
							"easing": "linear"
						},
						"0.25": {
							"vector": [-3.49041, 0.05141, -0.9761],
							"easing": "linear"
						},
						"0.4167": {
							"vector": [0, 0, 0],
							"easing": "linear"
						}
					},
					"position": {
						"0.0": {
							"vector": [0, 0, 0],
							"easing": "linear"
						},
						"0.0417": {
							"vector": [0, 0, 12],
							"easing": "linear"
						},
						"0.2917": {
							"vector": [0, 0, 0],
							"easing": "linear"
						}
					}
				},
				"gun": {
					"rotation": {
						"vector": ["linear", "linear", "linear"],
						"easing": "linear"
					}
				},
				"bullet2": {
					"rotation": {
						"0.0": {
							"vector": [0, 0, 0],
							"easing": "linear"
						},
						"0.1667": {
							"vector": [-5.0621, 16.3611, -26.12988],
							"easing": "linear"
						}
					},
					"position": {
						"0.0417": {
							"vector": [0, 0, 0],
							"easing": "linear"
						},
						"0.125": {
							"vector": [0, 0, 12],
							"easing": "linear"
						},
						"0.1667": {
							"vector": [-11, 6, 10],
							"easing": "linear"
						},
						"0.2083": {
							"vector": [-23, -18, 12],
							"easing": "linear"
						},
						"0.25": {
							"vector": [-24, -42, 12],
							"easing": "linear"
						},
						"0.2917": {
							"vector": [-19, -66, 12],
							"easing": "linear"
						}
					}
				},
				"pod1": {
					"rotation": {
						"0.0": {
							"vector": [0, 0, 0],
							"easing": "linear"
						},
						"0.0833": {
							"vector": [-5, 0, 0],
							"easing": "linear"
						},
						"0.2083": {
							"vector": [1.15, 0, 0],
							"easing": "linear"
						},
						"0.625": {
							"vector": [0, 0, 0],
							"easing": "linear"
						}
					}
				},
				"slider": {
					"position": {
						"0.0417": {
							"vector": [0, 0, 0],
							"easing": "linear"
						},
						"0.125": {
							"vector": [0, 0, 13],
							"easing": "linear"
						},
						"0.2083": {
							"vector": [0, 0, 13],
							"easing": "linear"
						},
						"0.3333": {
							"vector": [0, 0, 0],
							"easing": "linear"
						}
					}
				},
				"pod4": {
					"rotation": {
						"0.0": {
							"vector": [0, 0, 0],
							"easing": "linear"
						},
						"0.1667": {
							"vector": [5, 0, 0],
							"easing": "linear"
						},
						"0.4583": {
							"vector": [-2.68, 0, 0],
							"easing": "linear"
						},
						"0.5833": {
							"vector": [0, 0, 0],
							"easing": "linear"
						}
					}
				},
				"undefined": {
					"rotation": {
						"0.0": {
							"vector": [0, 0, 0],
							"easing": "linear"
						},
						"0.1667": {
							"vector": [5, 0, 0],
							"easing": "linear"
						},
						"0.4583": {
							"vector": [-2.68, 0, 0],
							"easing": "linear"
						},
						"0.5833": {
							"vector": [0, 0, 0],
							"easing": "linear"
						}
					}
				},
				"pod2": {
					"rotation": {
						"0.0": {
							"vector": [0, 0, 0],
							"easing": "linear"
						},
						"0.1667": {
							"vector": [5, 0, 0],
							"easing": "linear"
						},
						"0.4583": {
							"vector": [-2.68, 0, 0],
							"easing": "linear"
						},
						"0.5833": {
							"vector": [0, 0, 0],
							"easing": "linear"
						}
					}
				}
			}
		}
	},
	"geckolib_format_version": 2
}