{
	"format_version": "1.12.0",
	"minecraft:geometry": [
		{
			"description": {
				"identifier": "geometry.unknown",
				"texture_width": 256,
				"texture_height": 256,
				"visible_bounds_width": 20,
				"visible_bounds_height": 12,
				"visible_bounds_offset": [0, -1, 0]
			},
			"bones": [
				{
					"name": "main",
					"pivot": [-6.875, 3, 2]
				},
				{
					"name": "gun",
					"parent": "main",
					"pivot": [12.2, 9.3, -8.6],
					"cubes": [
						{
							"origin": [-0.73062, 4.22212, -3.7162],
							"size": [2.375, 7.3625, 3.8],
							"pivot": [12.04688, 11.82212, -10.3662],
							"rotation": [22.5, 0, 0],
							"uv": {
								"north": {"uv": [8, 85], "uv_size": [4, 9]},
								"east": {"uv": [12, 85], "uv_size": [4, 9]},
								"south": {"uv": [16, 85], "uv_size": [4, 9]},
								"west": {"uv": [42, 86], "uv_size": [4, 9]},
								"up": {"uv": [95, 3], "uv_size": [4, 4]},
								"down": {"uv": [42, 99], "uv_size": [4, -4]}
							}
						},
						{
							"origin": [-0.73965, 11.10962, -3.71683],
							"size": [2.3845, 4.10875, 3.8475],
							"pivot": [12.04688, 11.82212, -10.3662],
							"rotation": [22.5, 0, 0],
							"uv": {
								"north": {"uv": [8, 85], "uv_size": [4, 4.5]},
								"east": {"uv": [12, 85.5], "uv_size": [4, 4.5]},
								"south": {"uv": [16, 85], "uv_size": [4, 4.5]},
								"west": {"uv": [42, 86], "uv_size": [4, 4.5]},
								"up": {"uv": [95, 3], "uv_size": [4, 4]},
								"down": {"uv": [42, 99], "uv_size": [4, -4]}
							}
						},
						{
							"origin": [-1.20562, 3.74712, -6.87495],
							"size": [3.325, 0.475, 6.95875],
							"pivot": [12.04688, 11.82212, -10.3662],
							"rotation": [22.5, 0, 0],
							"uv": {
								"north": {"uv": [103, 102], "uv_size": [4, 1]},
								"east": {"uv": [103, 103], "uv_size": [4, 1]},
								"south": {"uv": [104, 44], "uv_size": [4, 1]},
								"west": {"uv": [104, 45], "uv_size": [4, 1]},
								"up": {"uv": [96, 7], "uv_size": [4, 4]},
								"down": {"uv": [96, 15], "uv_size": [4, -4]}
							}
						},
						{
							"origin": [-1.91812, 7.61255, 16.16838],
							"size": [4.75, 4.275, 11.4],
							"pivot": [0.45688, 15.45005, 19.49338],
							"rotation": [90, 0, 0],
							"uv": {
								"north": {"uv": [84, 20], "uv_size": [5, 4]},
								"east": {"uv": [77, 16], "uv_size": [12, 4]},
								"south": {"uv": [87, 68], "uv_size": [5, 4]},
								"west": {"uv": [77, 52], "uv_size": [12, 4]},
								"up": {"uv": [20, 80], "uv_size": [5, 12]},
								"down": {"uv": [60, 92], "uv_size": [5, -12]}
							}
						},
						{
							"origin": [-1.91812, 11.88755, 26.61838],
							"size": [4.75, 7.6, 1.9],
							"pivot": [0.45688, 15.45005, 19.49338],
							"rotation": [90, 0, 0],
							"uv": {
								"north": {"uv": [84, 34], "uv_size": [5, 8]},
								"east": {"uv": [89, 74], "uv_size": [2, 8]},
								"south": {"uv": [84, 74], "uv_size": [5, 8]},
								"west": {"uv": [17, 94], "uv_size": [2, 8]},
								"up": {"uv": [99, 95], "uv_size": [5, 2]},
								"down": {"uv": [100, 9], "uv_size": [5, -2]}
							}
						},
						{
							"origin": [-1.91812, 19.48755, 27.56838],
							"size": [4.75, 2.0425, 0.95],
							"pivot": [0.45688, 15.45005, 19.49338],
							"rotation": [90, 0, 0],
							"uv": {
								"north": {"uv": [100, 9], "uv_size": [5, 2]},
								"east": {"uv": [98, 106], "uv_size": [1, 2]},
								"south": {"uv": [100, 11], "uv_size": [5, 2]},
								"west": {"uv": [99, 106], "uv_size": [1, 2]},
								"up": {"uv": [103, 98], "uv_size": [5, 1]},
								"down": {"uv": [103, 100], "uv_size": [5, -1]}
							}
						},
						{
							"origin": [-1.91812, 22.5956, 13.56048],
							"size": [4.75, 2.6125, 0.95],
							"pivot": [0.45688, 24.0206, 14.51048],
							"rotation": [67.5, 0, 0],
							"uv": {
								"north": {"uv": [97, 49], "uv_size": [5, 3]},
								"east": {"uv": [105, 39], "uv_size": [1, 3]},
								"south": {"uv": [97, 52], "uv_size": [5, 3]},
								"west": {"uv": [54, 105], "uv_size": [1, 3]},
								"up": {"uv": [103, 5], "uv_size": [5, 1]},
								"down": {"uv": [98, 104], "uv_size": [5, -1]}
							}
						},
						{
							"origin": [-1.91812, 21.13052, 23.26523],
							"size": [4.75, 4.275, 0.95],
							"pivot": [0.45688, 24.21802, 24.21523],
							"rotation": [77.5, 0, 0],
							"uv": {
								"north": {"uv": [92, 51], "uv_size": [5, 5]},
								"east": {"uv": [82, 103], "uv_size": [1, 5]},
								"south": {"uv": [60, 92], "uv_size": [5, 5]},
								"west": {"uv": [83, 103], "uv_size": [1, 5]},
								"up": {"uv": [103, 100], "uv_size": [5, 1]},
								"down": {"uv": [103, 102], "uv_size": [5, -1]}
							}
						},
						{
							"origin": [-1.02845, 5.2025, -25.76509],
							"size": [2.9697, 2.1375, 12.5875],
							"pivot": [9.1375, 10.665, -15.79009],
							"rotation": [-67.5, 0, 0],
							"uv": {
								"north": {"uv": [90, 26], "uv_size": [3, 2]},
								"east": {"uv": [87, 58], "uv_size": [13, 2]},
								"south": {"uv": [11, 102], "uv_size": [3, 2]},
								"west": {"uv": [87, 60], "uv_size": [13, 2]},
								"up": {"uv": [84, 82], "uv_size": [3, 13]},
								"down": {"uv": [85, 13], "uv_size": [3, -13]}
							}
						},
						{
							"origin": [-0.96812, 5.69091, -10.56259],
							"size": [2.85, 0.475, 6.53125],
							"uv": {
								"north": {"uv": [105, 17], "uv_size": [3, 1]},
								"east": {"uv": [42, 99], "uv_size": [10, 1]},
								"south": {"uv": [105, 18], "uv_size": [3, 1]},
								"west": {"uv": [76, 99], "uv_size": [10, 1]},
								"up": {"uv": [89, 36], "uv_size": [3, 10]},
								"down": {"uv": [89, 56], "uv_size": [3, -10]}
							}
						},
						{
							"origin": [-0.96812, 5.74564, -20.33773],
							"size": [2.85, 0.7125, 0.95],
							"pivot": [0.45688, 6.22064, -19.62523],
							"rotation": [-22.5, 0, 0],
							"uv": {
								"north": {"uv": [105, 29], "uv_size": [3, 1]},
								"east": {"uv": [106, 105], "uv_size": [1, 1]},
								"south": {"uv": [105, 30], "uv_size": [3, 1]},
								"west": {"uv": [106, 106], "uv_size": [1, 1]},
								"up": {"uv": [105, 31], "uv_size": [3, 1]},
								"down": {"uv": [105, 33], "uv_size": [3, -1]}
							}
						},
						{
							"origin": [-0.96812, 5.69091, -19.58759],
							"size": [0.19, 0.475, 9.025],
							"uv": {
								"north": {"uv": [76, 47], "uv_size": [1, 1]},
								"east": {"uv": [99, 86], "uv_size": [10, 1]},
								"south": {"uv": [88, 33], "uv_size": [1, 1]},
								"west": {"uv": [99, 87], "uv_size": [10, 1]},
								"up": {"uv": [92, 98], "uv_size": [1, 10]},
								"down": {"uv": [93, 108], "uv_size": [1, -10]}
							}
						},
						{
							"origin": [1.69188, 5.69091, -19.58759],
							"size": [0.19, 0.475, 9.025],
							"uv": {
								"north": {"uv": [90, 91], "uv_size": [1, 1]},
								"east": {"uv": [99, 88], "uv_size": [10, 1]},
								"south": {"uv": [106, 104], "uv_size": [1, 1]},
								"west": {"uv": [99, 89], "uv_size": [10, 1]},
								"up": {"uv": [52, 99], "uv_size": [1, 10]},
								"down": {"uv": [53, 109], "uv_size": [1, -10]}
							}
						},
						{
							"origin": [-0.96717, 10.14579, -15.31259],
							"size": [2.8481, 0.475, 8.7875],
							"pivot": [9.19687, 10.85829, -11.51259],
							"rotation": [-67.5, 0, 0],
							"uv": {
								"north": {"uv": [105, 19], "uv_size": [3, 1]},
								"east": {"uv": [99, 97], "uv_size": [9, 1]},
								"south": {"uv": [105, 20], "uv_size": [3, 1]},
								"west": {"uv": [100, 21], "uv_size": [9, 1]},
								"up": {"uv": [90, 17], "uv_size": [3, 9]},
								"down": {"uv": [91, 83], "uv_size": [3, -9]}
							}
						},
						{
							"origin": [-0.96717, 9.67079, -14.12509],
							"size": [2.8481, 0.475, 7.6],
							"pivot": [9.19687, 10.85829, -11.51259],
							"rotation": [-67.5, 0, 0],
							"uv": {
								"north": {"uv": [105, 27], "uv_size": [3, 1]},
								"east": {"uv": [100, 61], "uv_size": [8, 1]},
								"south": {"uv": [105, 28], "uv_size": [3, 1]},
								"west": {"uv": [76, 100], "uv_size": [8, 1]},
								"up": {"uv": [93, 9], "uv_size": [3, 8]},
								"down": {"uv": [93, 25], "uv_size": [3, -8]}
							}
						},
						{
							"origin": [-0.96717, 8.73887, -14.0342],
							"size": [0.2375, 0.7125, 7.125],
							"pivot": [9.43437, 10.63887, -11.4217],
							"rotation": [-67.5, 0, 0],
							"uv": {
								"north": {"uv": [7, 107], "uv_size": [1, 1]},
								"east": {"uv": [100, 80], "uv_size": [8, 1]},
								"south": {"uv": [9, 107], "uv_size": [1, 1]},
								"west": {"uv": [100, 81], "uv_size": [8, 1]},
								"up": {"uv": [66, 99], "uv_size": [1, 8]},
								"down": {"uv": [86, 107], "uv_size": [1, -8]}
							}
						},
						{
							"origin": [1.64343, 8.73887, -14.0342],
							"size": [0.2375, 0.7125, 7.125],
							"pivot": [9.43437, 10.63887, -11.4217],
							"rotation": [-67.5, 0, 0],
							"uv": {
								"north": {"uv": [107, 13], "uv_size": [1, 1]},
								"east": {"uv": [0, 101], "uv_size": [8, 1]},
								"south": {"uv": [14, 107], "uv_size": [1, 1]},
								"west": {"uv": [101, 0], "uv_size": [8, 1]},
								"up": {"uv": [84, 100], "uv_size": [1, 8]},
								"down": {"uv": [85, 108], "uv_size": [1, -8]}
							}
						},
						{
							"origin": [1.64343, 8.02637, -14.5092],
							"size": [0.2375, 0.7125, 7.125],
							"pivot": [9.43437, 10.63887, -11.4217],
							"rotation": [-67.5, 0, 0],
							"uv": {
								"north": {"uv": [10, 107], "uv_size": [1, 1]},
								"east": {"uv": [100, 82], "uv_size": [8, 1]},
								"south": {"uv": [107, 10], "uv_size": [1, 1]},
								"west": {"uv": [100, 83], "uv_size": [8, 1]},
								"up": {"uv": [48, 100], "uv_size": [1, 8]},
								"down": {"uv": [49, 108], "uv_size": [1, -8]}
							}
						},
						{
							"origin": [-0.96717, 8.02637, -14.5092],
							"size": [0.2375, 0.7125, 7.125],
							"pivot": [9.43437, 10.63887, -11.4217],
							"rotation": [-67.5, 0, 0],
							"uv": {
								"north": {"uv": [107, 15], "uv_size": [1, 1]},
								"east": {"uv": [101, 23], "uv_size": [8, 1]},
								"south": {"uv": [107, 16], "uv_size": [1, 1]},
								"west": {"uv": [101, 24], "uv_size": [8, 1]},
								"up": {"uv": [89, 100], "uv_size": [1, 8]},
								"down": {"uv": [20, 109], "uv_size": [1, -8]}
							}
						},
						{
							"origin": [-0.96717, 7.31387, -14.7467],
							"size": [0.2375, 0.7125, 7.125],
							"pivot": [9.43437, 10.63887, -11.4217],
							"rotation": [-67.5, 0, 0],
							"uv": {
								"north": {"uv": [107, 11], "uv_size": [1, 1]},
								"east": {"uv": [100, 84], "uv_size": [8, 1]},
								"south": {"uv": [107, 12], "uv_size": [1, 1]},
								"west": {"uv": [100, 85], "uv_size": [8, 1]},
								"up": {"uv": [50, 100], "uv_size": [1, 8]},
								"down": {"uv": [51, 108], "uv_size": [1, -8]}
							}
						},
						{
							"origin": [-0.96717, 3.27637, -22.3467],
							"size": [0.2375, 2.1375, 7.125],
							"pivot": [9.43437, 10.63887, -11.4217],
							"rotation": [-67.5, 0, 0],
							"uv": {
								"north": {"uv": [106, 38], "uv_size": [1, 2]},
								"east": {"uv": [87, 62], "uv_size": [7, 2]},
								"south": {"uv": [106, 40], "uv_size": [1, 2]},
								"west": {"uv": [94, 62], "uv_size": [7, 2]},
								"up": {"uv": [1, 102], "uv_size": [1, 7]},
								"down": {"uv": [2, 109], "uv_size": [1, -7]}
							}
						},
						{
							"origin": [1.64532, 3.27637, -22.3467],
							"size": [0.2375, 2.1375, 7.125],
							"pivot": [9.43437, 10.63887, -11.4217],
							"rotation": [-67.5, 0, 0],
							"uv": {
								"north": {"uv": [55, 106], "uv_size": [1, 2]},
								"east": {"uv": [60, 97], "uv_size": [7, 2]},
								"south": {"uv": [56, 106], "uv_size": [1, 2]},
								"west": {"uv": [98, 68], "uv_size": [7, 2]},
								"up": {"uv": [3, 102], "uv_size": [1, 7]},
								"down": {"uv": [4, 109], "uv_size": [1, -7]}
							}
						},
						{
							"origin": [1.64343, 7.31387, -14.7467],
							"size": [0.2375, 0.7125, 7.125],
							"pivot": [9.43437, 10.63887, -11.4217],
							"rotation": [-67.5, 0, 0],
							"uv": {
								"north": {"uv": [107, 14], "uv_size": [1, 1]},
								"east": {"uv": [101, 1], "uv_size": [8, 1]},
								"south": {"uv": [15, 107], "uv_size": [1, 1]},
								"west": {"uv": [101, 2], "uv_size": [8, 1]},
								"up": {"uv": [87, 100], "uv_size": [1, 8]},
								"down": {"uv": [88, 108], "uv_size": [1, -8]}
							}
						},
						{
							"origin": [-0.01812, 13.06138, -10.0995],
							"size": [0.95, 2.85, 0.95],
							"pivot": [12.04688, 9.26138, -8.912],
							"rotation": [-22.5, 0, 0],
							"uv": {
								"north": {"uv": [5, 102], "uv_size": [2, 3]},
								"east": {"uv": [6, 105], "uv_size": [1, 3]},
								"south": {"uv": [9, 102], "uv_size": [2, 3]},
								"west": {"uv": [105, 14], "uv_size": [1, 3]},
								"up": {"uv": [70, 43], "uv_size": [2, 1]},
								"down": {"uv": [54, 93], "uv_size": [2, -1]}
							}
						},
						{
							"origin": [-0.01812, 15.49606, -7.53658],
							"size": [0.95, 1.9, 0.95],
							"uv": {
								"north": {"uv": [42, 84], "uv_size": [2, 2]},
								"east": {"uv": [95, 7], "uv_size": [1, 2]},
								"south": {"uv": [65, 95], "uv_size": [2, 2]},
								"west": {"uv": [96, 23], "uv_size": [1, 2]},
								"up": {"uv": [105, 69], "uv_size": [2, 1]},
								"down": {"uv": [105, 94], "uv_size": [2, -1]}
							}
						},
						{
							"origin": [-1.08687, 6.17388, -19.837],
							"size": [0.475, 11.1625, 6.65],
							"uv": {
								"north": {"uv": [19, 94], "uv_size": [1, 12]},
								"east": {"uv": [8, 68], "uv_size": [7, 12]},
								"south": {"uv": [27, 97], "uv_size": [1, 12]},
								"west": {"uv": [15, 68], "uv_size": [7, 12]},
								"up": {"uv": [89, 17], "uv_size": [1, 7]},
								"down": {"uv": [25, 108], "uv_size": [1, -7]}
							}
						},
						{
							"origin": [1.52563, 6.17388, -19.837],
							"size": [0.475, 11.1625, 6.65],
							"uv": {
								"north": {"uv": [40, 98], "uv_size": [1, 12]},
								"east": {"uv": [22, 68], "uv_size": [7, 12]},
								"south": {"uv": [41, 98], "uv_size": [1, 12]},
								"west": {"uv": [60, 68], "uv_size": [7, 12]},
								"up": {"uv": [26, 101], "uv_size": [1, 7]},
								"down": {"uv": [0, 109], "uv_size": [1, -7]}
							}
						},
						{
							"origin": [-0.61187, 13.06138, -13.662],
							"size": [2.1375, 4.275, 0.475],
							"uv": {
								"north": {"uv": [54, 99], "uv_size": [2, 5]},
								"east": {"uv": [88, 28], "uv_size": [1, 5]},
								"south": {"uv": [56, 99], "uv_size": [2, 5]},
								"west": {"uv": [88, 42], "uv_size": [1, 5]},
								"up": {"uv": [106, 36], "uv_size": [2, 1]},
								"down": {"uv": [106, 38], "uv_size": [2, -1]}
							}
						},
						{
							"origin": [-1.44313, 16.86138, -35.512],
							"size": [3.8, 3.8, 34.2],
							"uv": {
								"north": {"uv": [46, 95], "uv_size": [4, 4]},
								"east": {"uv": [36, 44], "uv_size": [36, 4]},
								"south": {"uv": [50, 95], "uv_size": [4, 4]},
								"west": {"uv": [48, 20], "uv_size": [36, 4]},
								"up": {"uv": [36, 48], "uv_size": [4, 36]},
								"down": {"uv": [40, 84], "uv_size": [4, -36]}
							}
						},
						{
							"origin": [-1.44218, 19.3339, -44.85475],
							"size": [3.7981, 0.7125, 10.2125],
							"pivot": [0.45782, 20.2839, -41.29225],
							"rotation": [-22.5, 0, 0],
							"uv": {
								"north": {"uv": [104, 46], "uv_size": [4, 1]},
								"east": {"uv": [98, 70], "uv_size": [11, 1]},
								"south": {"uv": [104, 47], "uv_size": [4, 1]},
								"west": {"uv": [99, 6], "uv_size": [11, 1]},
								"up": {"uv": [76, 82], "uv_size": [4, 11]},
								"down": {"uv": [80, 93], "uv_size": [4, -11]}
							}
						},
						{
							"origin": [-1.44218, 20.0464, -43.19225],
							"size": [3.7981, 0.7125, 8.55],
							"pivot": [0.45782, 20.2839, -41.29225],
							"rotation": [-22.5, 0, 0],
							"uv": {
								"north": {"uv": [104, 50], "uv_size": [4, 1]},
								"east": {"uv": [100, 22], "uv_size": [9, 1]},
								"south": {"uv": [104, 51], "uv_size": [4, 1]},
								"west": {"uv": [100, 58], "uv_size": [9, 1]},
								"up": {"uv": [46, 86], "uv_size": [4, 9]},
								"down": {"uv": [50, 95], "uv_size": [4, -9]}
							}
						},
						{
							"origin": [-1.44218, 20.7589, -41.29225],
							"size": [3.7981, 0.7125, 7.3625],
							"pivot": [0.45782, 20.2839, -41.29225],
							"rotation": [-22.5, 0, 0],
							"uv": {
								"north": {"uv": [104, 52], "uv_size": [4, 1]},
								"east": {"uv": [101, 25], "uv_size": [8, 1]},
								"south": {"uv": [104, 53], "uv_size": [4, 1]},
								"west": {"uv": [101, 26], "uv_size": [8, 1]},
								"up": {"uv": [89, 9], "uv_size": [4, 8]},
								"down": {"uv": [89, 36], "uv_size": [4, -8]}
							}
						},
						{
							"origin": [-1.44218, 21.4714, -39.86725],
							"size": [3.7981, 0.7125, 5.4625],
							"pivot": [0.45782, 20.2839, -41.29225],
							"rotation": [-22.5, 0, 0],
							"uv": {
								"north": {"uv": [54, 104], "uv_size": [4, 1]},
								"east": {"uv": [101, 94], "uv_size": [6, 1]},
								"south": {"uv": [60, 104], "uv_size": [4, 1]},
								"west": {"uv": [102, 43], "uv_size": [6, 1]},
								"up": {"uv": [93, 25], "uv_size": [4, 6]},
								"down": {"uv": [54, 99], "uv_size": [4, -6]}
							}
						},
						{
							"origin": [-1.44218, 22.1839, -37.96725],
							"size": [3.7981, 0.7125, 3.5625],
							"pivot": [0.45782, 20.2839, -41.29225],
							"rotation": [-22.5, 0, 0],
							"uv": {
								"north": {"uv": [104, 74], "uv_size": [4, 1]},
								"east": {"uv": [104, 75], "uv_size": [4, 1]},
								"south": {"uv": [104, 76], "uv_size": [4, 1]},
								"west": {"uv": [104, 77], "uv_size": [4, 1]},
								"up": {"uv": [96, 15], "uv_size": [4, 4]},
								"down": {"uv": [96, 23], "uv_size": [4, -4]}
							}
						},
						{
							"origin": [-1.49062, 17.25487, -2.262],
							"size": [3.895, 3.0875, 5.7],
							"pivot": [0.45688, 18.20487, -1.312],
							"rotation": [45, 0, 0],
							"uv": {
								"north": {"uv": [98, 74], "uv_size": [4, 3]},
								"east": {"uv": [98, 68], "uv_size": [-6, 3]},
								"south": {"uv": [98, 77], "uv_size": [4, 3]},
								"west": {"uv": [95, 0], "uv_size": [6, 3]},
								"up": {"uv": [67, 92], "uv_size": [4, 6]},
								"down": {"uv": [90, 98], "uv_size": [4, -6]}
							}
						},
						{
							"origin": [-1.44313, 20.66138, -72.562],
							"size": [3.8, 0.95, 73.3875],
							"uv": {
								"north": {"uv": [104, 48], "uv_size": [4, 1]},
								"east": {"uv": [72, 72], "uv_size": [77, 1]},
								"south": {"uv": [104, 49], "uv_size": [4, 1]},
								"west": {"uv": [72, 73], "uv_size": [77, 1]},
								"up": {"uv": [0, 20], "uv_size": [4, 77]},
								"down": {"uv": [4, 97], "uv_size": [4, -77]}
							}
						},
						{
							"origin": [-0.7703, 20.33362, -59.452],
							"size": [2.46525, 0.3135, 13.68],
							"uv": {
								"north": {"uv": [40, 109], "uv_size": [-4, 12]},
								"east": {"uv": [40, 109], "uv_size": [-4, 12]},
								"south": {"uv": [40, 109], "uv_size": [-4, 12]},
								"west": {"uv": [40, 109], "uv_size": [-4, 12]},
								"up": {"uv": [44, 125], "uv_size": [4, -15]},
								"down": {"uv": [44, 125], "uv_size": [4, -15]}
							}
						},
						{
							"origin": [-0.95555, 20.24812, -59.40925],
							"size": [2.8215, 0.12825, 13.60875],
							"uv": {
								"north": {"uv": [40, 109], "uv_size": [-4, 12]},
								"east": {"uv": [40, 109], "uv_size": [-4, 12]},
								"south": {"uv": [40, 109], "uv_size": [-4, 12]},
								"west": {"uv": [40, 109], "uv_size": [-4, 12]},
								"up": {"uv": [44, 125], "uv_size": [4, -15]},
								"down": {"uv": [44, 125], "uv_size": [4, -15]}
							}
						},
						{
							"origin": [-0.7133, 19.92037, -58.54],
							"size": [2.337, 0.4275, 0.9405],
							"uv": {
								"north": {"uv": [40, 120], "uv_size": [-4, 1]},
								"east": {"uv": [40, 120], "uv_size": [-4, 1]},
								"south": {"uv": [40, 120], "uv_size": [-4, 1]},
								"west": {"uv": [40, 120], "uv_size": [-4, 1]},
								"up": {"uv": [44, 125], "uv_size": [4, -1]},
								"down": {"uv": [44, 125], "uv_size": [4, -1]}
							}
						},
						{
							"origin": [-0.87107, 20.12291, -58.5115],
							"size": [0.399, 0.285, 0.912],
							"pivot": [-0.78557, 20.26541, -51.7],
							"rotation": [0, 0, 55],
							"uv": {
								"north": {"uv": [40, 109], "uv_size": [-4, 12]},
								"east": {"uv": [40, 109], "uv_size": [-4, 12]},
								"south": {"uv": [40, 109], "uv_size": [-4, 12]},
								"west": {"uv": [40, 109], "uv_size": [-4, 12]},
								"up": {"uv": [44, 125], "uv_size": [4, -1]},
								"down": {"uv": [44, 125], "uv_size": [4, -1]}
							}
						},
						{
							"origin": [-0.75433, 20.33333, -59.43775],
							"size": [0.38475, 0.12825, 13.6515],
							"pivot": [-0.65458, 20.47583, -52.612],
							"rotation": [0, 0, 135],
							"uv": {
								"north": {"uv": [40, 109], "uv_size": [-4, 12]},
								"east": {"uv": [40, 109], "uv_size": [-4, 12]},
								"south": {"uv": [40, 109], "uv_size": [-4, 12]},
								"west": {"uv": [40, 109], "uv_size": [-4, 12]},
								"up": {"uv": [44, 125], "uv_size": [4, -15]},
								"down": {"uv": [44, 125], "uv_size": [4, -15]}
							}
						},
						{
							"origin": [1.61046, 20.08016, -58.5115],
							"size": [0.399, 0.32775, 0.89775],
							"pivot": [1.69596, 20.26541, -51.7],
							"rotation": [0, 0, 125],
							"uv": {
								"north": {"uv": [40, 109], "uv_size": [-4, 12]},
								"east": {"uv": [40, 109], "uv_size": [-4, 12]},
								"south": {"uv": [40, 109], "uv_size": [-4, 12]},
								"west": {"uv": [40, 109], "uv_size": [-4, 12]},
								"up": {"uv": [44, 125], "uv_size": [4, -1]},
								"down": {"uv": [44, 125], "uv_size": [4, -1]}
							}
						},
						{
							"origin": [-0.7133, 19.92037, -56.7445],
							"size": [2.337, 0.4275, 0.9405],
							"uv": {
								"north": {"uv": [40, 120], "uv_size": [-4, 1]},
								"east": {"uv": [40, 120], "uv_size": [-4, 1]},
								"south": {"uv": [40, 120], "uv_size": [-4, 1]},
								"west": {"uv": [40, 120], "uv_size": [-4, 1]},
								"up": {"uv": [44, 125], "uv_size": [4, -1]},
								"down": {"uv": [44, 125], "uv_size": [4, -1]}
							}
						},
						{
							"origin": [1.61046, 20.08016, -56.716],
							"size": [0.399, 0.32775, 0.89775],
							"pivot": [1.69596, 20.26541, -49.9045],
							"rotation": [0, 0, 125],
							"uv": {
								"north": {"uv": [40, 109], "uv_size": [-4, 12]},
								"east": {"uv": [40, 109], "uv_size": [-4, 12]},
								"south": {"uv": [40, 109], "uv_size": [-4, 12]},
								"west": {"uv": [40, 109], "uv_size": [-4, 12]},
								"up": {"uv": [44, 125], "uv_size": [4, -1]},
								"down": {"uv": [44, 125], "uv_size": [4, -1]}
							}
						},
						{
							"origin": [-0.87107, 20.12291, -56.716],
							"size": [0.399, 0.285, 0.912],
							"pivot": [-0.78557, 20.26541, -49.9045],
							"rotation": [0, 0, 55],
							"uv": {
								"north": {"uv": [40, 109], "uv_size": [-4, 12]},
								"east": {"uv": [40, 109], "uv_size": [-4, 12]},
								"south": {"uv": [40, 109], "uv_size": [-4, 12]},
								"west": {"uv": [40, 109], "uv_size": [-4, 12]},
								"up": {"uv": [44, 125], "uv_size": [4, -1]},
								"down": {"uv": [44, 125], "uv_size": [4, -1]}
							}
						},
						{
							"origin": [-0.7133, 19.92037, -54.9205],
							"size": [2.337, 0.4275, 0.9405],
							"uv": {
								"north": {"uv": [40, 120], "uv_size": [-4, 1]},
								"east": {"uv": [40, 120], "uv_size": [-4, 1]},
								"south": {"uv": [40, 120], "uv_size": [-4, 1]},
								"west": {"uv": [40, 120], "uv_size": [-4, 1]},
								"up": {"uv": [44, 125], "uv_size": [4, -1]},
								"down": {"uv": [44, 125], "uv_size": [4, -1]}
							}
						},
						{
							"origin": [1.61046, 20.08016, -54.892],
							"size": [0.399, 0.32775, 0.89775],
							"pivot": [1.69596, 20.26541, -48.0805],
							"rotation": [0, 0, 125],
							"uv": {
								"north": {"uv": [40, 109], "uv_size": [-4, 12]},
								"east": {"uv": [40, 109], "uv_size": [-4, 12]},
								"south": {"uv": [40, 109], "uv_size": [-4, 12]},
								"west": {"uv": [40, 109], "uv_size": [-4, 12]},
								"up": {"uv": [44, 125], "uv_size": [4, -1]},
								"down": {"uv": [44, 125], "uv_size": [4, -1]}
							}
						},
						{
							"origin": [-0.87107, 20.12291, -54.892],
							"size": [0.399, 0.285, 0.912],
							"pivot": [-0.78557, 20.26541, -48.0805],
							"rotation": [0, 0, 55],
							"uv": {
								"north": {"uv": [40, 109], "uv_size": [-4, 12]},
								"east": {"uv": [40, 109], "uv_size": [-4, 12]},
								"south": {"uv": [40, 109], "uv_size": [-4, 12]},
								"west": {"uv": [40, 109], "uv_size": [-4, 12]},
								"up": {"uv": [44, 125], "uv_size": [4, -1]},
								"down": {"uv": [44, 125], "uv_size": [4, -1]}
							}
						},
						{
							"origin": [-0.7133, 19.89187, -53.11075],
							"size": [2.337, 0.456, 0.9405],
							"uv": {
								"north": {"uv": [40, 120], "uv_size": [-4, 1]},
								"east": {"uv": [40, 120], "uv_size": [-4, 1]},
								"south": {"uv": [40, 120], "uv_size": [-4, 1]},
								"west": {"uv": [40, 120], "uv_size": [-4, 1]},
								"up": {"uv": [44, 125], "uv_size": [4, -1]},
								"down": {"uv": [44, 125], "uv_size": [4, -1]}
							}
						},
						{
							"origin": [1.61046, 20.08016, -53.08225],
							"size": [0.399, 0.32775, 0.89775],
							"pivot": [1.69596, 20.26541, -46.27075],
							"rotation": [0, 0, 125],
							"uv": {
								"north": {"uv": [40, 109], "uv_size": [-4, 12]},
								"east": {"uv": [40, 109], "uv_size": [-4, 12]},
								"south": {"uv": [40, 109], "uv_size": [-4, 12]},
								"west": {"uv": [40, 109], "uv_size": [-4, 12]},
								"up": {"uv": [44, 125], "uv_size": [4, -1]},
								"down": {"uv": [44, 125], "uv_size": [4, -1]}
							}
						},
						{
							"origin": [-0.87107, 20.12291, -53.08225],
							"size": [0.399, 0.285, 0.912],
							"pivot": [-0.78557, 20.26541, -46.27075],
							"rotation": [0, 0, 55],
							"uv": {
								"north": {"uv": [40, 109], "uv_size": [-4, 12]},
								"east": {"uv": [40, 109], "uv_size": [-4, 12]},
								"south": {"uv": [40, 109], "uv_size": [-4, 12]},
								"west": {"uv": [40, 109], "uv_size": [-4, 12]},
								"up": {"uv": [44, 125], "uv_size": [4, -1]},
								"down": {"uv": [44, 125], "uv_size": [4, -1]}
							}
						},
						{
							"origin": [-0.7133, 19.92037, -51.28675],
							"size": [2.337, 0.4275, 0.9405],
							"uv": {
								"north": {"uv": [40, 120], "uv_size": [-4, 1]},
								"east": {"uv": [40, 120], "uv_size": [-4, 1]},
								"south": {"uv": [40, 120], "uv_size": [-4, 1]},
								"west": {"uv": [40, 120], "uv_size": [-4, 1]},
								"up": {"uv": [44, 125], "uv_size": [4, -1]},
								"down": {"uv": [44, 125], "uv_size": [4, -1]}
							}
						},
						{
							"origin": [1.61046, 20.08016, -51.25825],
							"size": [0.399, 0.32775, 0.89775],
							"pivot": [1.69596, 20.26541, -44.44675],
							"rotation": [0, 0, 125],
							"uv": {
								"north": {"uv": [40, 109], "uv_size": [-4, 12]},
								"east": {"uv": [40, 109], "uv_size": [-4, 12]},
								"south": {"uv": [40, 109], "uv_size": [-4, 12]},
								"west": {"uv": [40, 109], "uv_size": [-4, 12]},
								"up": {"uv": [44, 125], "uv_size": [4, -1]},
								"down": {"uv": [44, 125], "uv_size": [4, -1]}
							}
						},
						{
							"origin": [-0.87107, 20.12291, -51.25825],
							"size": [0.399, 0.285, 0.912],
							"pivot": [-0.78557, 20.26541, -44.44675],
							"rotation": [0, 0, 55],
							"uv": {
								"north": {"uv": [40, 109], "uv_size": [-4, 12]},
								"east": {"uv": [40, 109], "uv_size": [-4, 12]},
								"south": {"uv": [40, 109], "uv_size": [-4, 12]},
								"west": {"uv": [40, 109], "uv_size": [-4, 12]},
								"up": {"uv": [44, 125], "uv_size": [4, -1]},
								"down": {"uv": [44, 125], "uv_size": [4, -1]}
							}
						},
						{
							"origin": [-0.7133, 19.92037, -49.46275],
							"size": [2.337, 0.4275, 0.9405],
							"uv": {
								"north": {"uv": [40, 120], "uv_size": [-4, 1]},
								"east": {"uv": [40, 120], "uv_size": [-4, 1]},
								"south": {"uv": [40, 120], "uv_size": [-4, 1]},
								"west": {"uv": [40, 120], "uv_size": [-4, 1]},
								"up": {"uv": [44, 125], "uv_size": [4, -1]},
								"down": {"uv": [44, 125], "uv_size": [4, -1]}
							}
						},
						{
							"origin": [1.61046, 20.08016, -49.43425],
							"size": [0.399, 0.32775, 0.89775],
							"pivot": [1.69596, 20.26541, -42.62275],
							"rotation": [0, 0, 125],
							"uv": {
								"north": {"uv": [40, 109], "uv_size": [-4, 12]},
								"east": {"uv": [40, 109], "uv_size": [-4, 12]},
								"south": {"uv": [40, 109], "uv_size": [-4, 12]},
								"west": {"uv": [40, 109], "uv_size": [-4, 12]},
								"up": {"uv": [44, 125], "uv_size": [4, -1]},
								"down": {"uv": [44, 125], "uv_size": [4, -1]}
							}
						},
						{
							"origin": [-0.87107, 20.12291, -49.43425],
							"size": [0.399, 0.285, 0.912],
							"pivot": [-0.78557, 20.26541, -42.62275],
							"rotation": [0, 0, 55],
							"uv": {
								"north": {"uv": [40, 109], "uv_size": [-4, 12]},
								"east": {"uv": [40, 109], "uv_size": [-4, 12]},
								"south": {"uv": [40, 109], "uv_size": [-4, 12]},
								"west": {"uv": [40, 109], "uv_size": [-4, 12]},
								"up": {"uv": [44, 125], "uv_size": [4, -1]},
								"down": {"uv": [44, 125], "uv_size": [4, -1]}
							}
						},
						{
							"origin": [-0.7133, 19.92037, -47.63875],
							"size": [2.337, 0.4275, 0.9405],
							"uv": {
								"north": {"uv": [40, 120], "uv_size": [-4, 1]},
								"east": {"uv": [40, 120], "uv_size": [-4, 1]},
								"south": {"uv": [40, 120], "uv_size": [-4, 1]},
								"west": {"uv": [40, 120], "uv_size": [-4, 1]},
								"up": {"uv": [44, 125], "uv_size": [4, -1]},
								"down": {"uv": [44, 125], "uv_size": [4, -1]}
							}
						},
						{
							"origin": [1.61046, 20.08016, -47.61025],
							"size": [0.399, 0.32775, 0.89775],
							"pivot": [1.69596, 20.26541, -40.79875],
							"rotation": [0, 0, 125],
							"uv": {
								"north": {"uv": [40, 109], "uv_size": [-4, 12]},
								"east": {"uv": [40, 109], "uv_size": [-4, 12]},
								"south": {"uv": [40, 109], "uv_size": [-4, 12]},
								"west": {"uv": [40, 109], "uv_size": [-4, 12]},
								"up": {"uv": [44, 125], "uv_size": [4, -1]},
								"down": {"uv": [44, 125], "uv_size": [4, -1]}
							}
						},
						{
							"origin": [-0.87107, 20.12291, -47.61025],
							"size": [0.399, 0.285, 0.912],
							"pivot": [-0.78557, 20.26541, -40.79875],
							"rotation": [0, 0, 55],
							"uv": {
								"north": {"uv": [40, 109], "uv_size": [-4, 12]},
								"east": {"uv": [40, 109], "uv_size": [-4, 12]},
								"south": {"uv": [40, 109], "uv_size": [-4, 12]},
								"west": {"uv": [40, 109], "uv_size": [-4, 12]},
								"up": {"uv": [44, 125], "uv_size": [4, -1]},
								"down": {"uv": [44, 125], "uv_size": [4, -1]}
							}
						},
						{
							"origin": [1.46522, 20.47583, -59.43775],
							"size": [0.38475, 0.1425, 13.6515],
							"pivot": [1.56497, 20.47583, -52.612],
							"rotation": [0, 0, 45],
							"uv": {
								"north": {"uv": [40, 109], "uv_size": [-4, 12]},
								"east": {"uv": [40, 109], "uv_size": [-4, 12]},
								"south": {"uv": [40, 109], "uv_size": [-4, 12]},
								"west": {"uv": [40, 109], "uv_size": [-4, 12]},
								"up": {"uv": [44, 125], "uv_size": [4, -15]},
								"down": {"uv": [44, 125], "uv_size": [4, -15]}
							}
						},
						{
							"origin": [-1.44313, 21.21599, -76.06272],
							"size": [3.8, 0.95, 3.8],
							"pivot": [0.45688, 21.69099, -73.80647],
							"rotation": [-22.5, 0, 0],
							"uv": {
								"north": {"uv": [104, 78], "uv_size": [4, 1]},
								"east": {"uv": [105, 7], "uv_size": [4, 1]},
								"south": {"uv": [105, 8], "uv_size": [4, 1]},
								"west": {"uv": [105, 9], "uv_size": [4, 1]},
								"up": {"uv": [0, 97], "uv_size": [4, 4]},
								"down": {"uv": [4, 101], "uv_size": [4, -4]}
							}
						},
						{
							"origin": [0.02938, 26.15892, -75.8738],
							"size": [0.9025, 0.2375, 0.475],
							"pivot": [-0.16062, 26.39642, -74.09255],
							"rotation": [7.5, 0, 0],
							"uv": {
								"north": {"uv": [107, 102], "uv_size": [1, 1]},
								"east": {"uv": [107, 103], "uv_size": [1, 1]},
								"south": {"uv": [107, 104], "uv_size": [1, 1]},
								"west": {"uv": [105, 107], "uv_size": [1, 1]},
								"up": {"uv": [107, 105], "uv_size": [1, 1]},
								"down": {"uv": [106, 108], "uv_size": [1, -1]}
							}
						},
						{
							"origin": [2.09782, 22.41278, -72.562],
							"size": [0.95, 4.5125, 39.97125],
							"pivot": [2.57282, 24.78778, -12.59325],
							"rotation": [0, 0, -22.5],
							"uv": {
								"north": {"uv": [7, 102], "uv_size": [1, 5]},
								"east": {"uv": [0, 0], "uv_size": [77, 5]},
								"south": {"uv": [18, 102], "uv_size": [1, 5]},
								"west": {"uv": [0, 5], "uv_size": [42, 5]},
								"up": {"uv": [29, 68], "uv_size": [1, 77]},
								"down": {"uv": [30, 145], "uv_size": [1, -76]}
							}
						},
						{
							"origin": [2.09782, 18.13778, -22.212],
							"size": [0.95, 4.275, 21.1375],
							"pivot": [2.57282, 24.78778, -12.59325],
							"rotation": [0, 0, -22.5],
							"uv": {
								"north": {"uv": [69, 102], "uv_size": [1, 5]},
								"east": {"uv": [48, 34], "uv_size": [22, 5]},
								"south": {"uv": [102, 74], "uv_size": [1, 5]},
								"west": {"uv": [48, 39], "uv_size": [22, 5]},
								"up": {"uv": [59, 93], "uv_size": [1, 22]},
								"down": {"uv": [8, 116], "uv_size": [1, -22]}
							}
						},
						{
							"origin": [3.74388, 18.66682, -2.0842],
							"size": [0.95, 4.75, 1.9],
							"pivot": [4.22282, 20.80432, -1.1342],
							"rotation": [-22.5, 0, -22.5],
							"uv": {
								"north": {"uv": [37, 103], "uv_size": [1, 5]},
								"east": {"uv": [64, 99], "uv_size": [2, 5]},
								"south": {"uv": [38, 103], "uv_size": [1, 5]},
								"west": {"uv": [99, 90], "uv_size": [2, 5]},
								"up": {"uv": [61, 106], "uv_size": [1, 2]},
								"down": {"uv": [62, 108], "uv_size": [1, -2]}
							}
						},
						{
							"origin": [-2.13407, 22.41278, -72.562],
							"size": [0.95, 4.5125, 39.995],
							"pivot": [-1.65907, 24.78778, -12.59325],
							"rotation": [0, 0, 22.5],
							"uv": {
								"north": {"uv": [102, 44], "uv_size": [1, 5]},
								"east": {"uv": [35, 10], "uv_size": [42, 5]},
								"south": {"uv": [102, 49], "uv_size": [1, 5]},
								"west": {"uv": [0, 15], "uv_size": [77, 5]},
								"up": {"uv": [31, 68], "uv_size": [1, 77]},
								"down": {"uv": [71, 149], "uv_size": [1, -76]}
							}
						},
						{
							"origin": [-2.13407, 22.41278, -32.59075],
							"size": [0.95, 4.5125, 33.41625],
							"pivot": [-1.65907, 24.78778, -12.59325],
							"rotation": [0, 0, 22.5],
							"uv": {
								"north": {"uv": [102, 44], "uv_size": [1, 5]},
								"east": {"uv": [0, 10], "uv_size": [35, 5]},
								"south": {"uv": [102, 49], "uv_size": [1, 5]},
								"west": {"uv": [0, 15], "uv_size": [77, 5]},
								"up": {"uv": [31, 68], "uv_size": [1, 77]},
								"down": {"uv": [71, 149], "uv_size": [1, -77]}
							}
						},
						{
							"origin": [2.09782, 22.41278, -32.59075],
							"size": [0.95, 4.5125, 33.41625],
							"pivot": [2.57282, 24.78778, -12.59325],
							"rotation": [0, 0, -22.5],
							"uv": {
								"north": {"uv": [7, 102], "uv_size": [1, 5]},
								"east": {"uv": [0, 0], "uv_size": [77, 5]},
								"south": {"uv": [18, 102], "uv_size": [1, 5]},
								"west": {"uv": [42, 5], "uv_size": [35, 5]},
								"up": {"uv": [29, 68], "uv_size": [1, 77]},
								"down": {"uv": [30, 145], "uv_size": [1, -77]}
							}
						},
						{
							"origin": [-1.66712, 22.20958, -76.06272],
							"size": [0.95, 4.5125, 3.8],
							"pivot": [-1.19212, 24.46583, -73.80647],
							"rotation": [0, -22.5, 22.5],
							"uv": {
								"north": {"uv": [39, 103], "uv_size": [1, 5]},
								"east": {"uv": [93, 31], "uv_size": [4, 5]},
								"south": {"uv": [42, 103], "uv_size": [1, 5]},
								"west": {"uv": [9, 94], "uv_size": [4, 5]},
								"up": {"uv": [88, 9], "uv_size": [1, 4]},
								"down": {"uv": [13, 108], "uv_size": [1, -4]}
							}
						},
						{
							"origin": [1.63087, 22.20958, -76.06272],
							"size": [0.95, 4.5125, 3.8],
							"pivot": [2.10587, 24.46583, -73.80647],
							"rotation": [0, 22.5, -22.5],
							"uv": {
								"north": {"uv": [43, 103], "uv_size": [1, 5]},
								"east": {"uv": [13, 94], "uv_size": [4, 5]},
								"south": {"uv": [44, 103], "uv_size": [1, 5]},
								"west": {"uv": [94, 74], "uv_size": [4, 5]},
								"up": {"uv": [104, 104], "uv_size": [1, 4]},
								"down": {"uv": [5, 109], "uv_size": [1, -4]}
							}
						},
						{
							"origin": [-2.13407, 18.13778, -22.212],
							"size": [0.95, 4.275, 21.1375],
							"pivot": [-1.65907, 24.78778, -12.59325],
							"rotation": [0, 0, 22.5],
							"uv": {
								"north": {"uv": [67, 102], "uv_size": [1, 5]},
								"east": {"uv": [48, 24], "uv_size": [22, 5]},
								"south": {"uv": [68, 102], "uv_size": [1, 5]},
								"west": {"uv": [48, 29], "uv_size": [22, 5]},
								"up": {"uv": [28, 92], "uv_size": [1, 22]},
								"down": {"uv": [58, 115], "uv_size": [1, -22]}
							}
						},
						{
							"origin": [-3.78012, 18.66682, -2.0842],
							"size": [0.95, 4.75, 1.9],
							"pivot": [-3.30907, 20.80432, -1.1342],
							"rotation": [-22.5, 0, 22.5],
							"uv": {
								"north": {"uv": [24, 103], "uv_size": [1, 5]},
								"east": {"uv": [60, 99], "uv_size": [2, 5]},
								"south": {"uv": [36, 103], "uv_size": [1, 5]},
								"west": {"uv": [62, 99], "uv_size": [2, 5]},
								"up": {"uv": [57, 106], "uv_size": [1, 2]},
								"down": {"uv": [60, 108], "uv_size": [1, -2]}
							}
						},
						{
							"origin": [-3.40772, 19.54916, -32.53188],
							"size": [0.9481, 4.275, 11.4],
							"pivot": [-2.94546, 21.68666, -24.57563],
							"rotation": [-22.5, 0, 22.5],
							"uv": {
								"north": {"uv": [102, 98], "uv_size": [1, 5]},
								"east": {"uv": [76, 42], "uv_size": [12, 5]},
								"south": {"uv": [21, 103], "uv_size": [1, 5]},
								"west": {"uv": [77, 47], "uv_size": [12, 5]},
								"up": {"uv": [70, 98], "uv_size": [1, 12]},
								"down": {"uv": [98, 98], "uv_size": [1, -12]}
							}
						},
						{
							"origin": [3.37528, 19.54918, -32.53188],
							"size": [0.9481, 4.275, 11.4],
							"pivot": [3.85927, 21.68668, -24.57563],
							"rotation": [-22.5, 0, -22.5],
							"uv": {
								"north": {"uv": [22, 103], "uv_size": [1, 5]},
								"east": {"uv": [8, 80], "uv_size": [12, 5]},
								"south": {"uv": [23, 103], "uv_size": [1, 5]},
								"west": {"uv": [44, 81], "uv_size": [12, 5]},
								"up": {"uv": [90, 98], "uv_size": [1, 12]},
								"down": {"uv": [91, 110], "uv_size": [1, -12]}
							}
						},
						{
							"origin": [-1.47431, 21.85611, -0.742],
							"size": [0.95, 4.275, 4.75],
							"pivot": [-0.52431, 23.75611, 0.208],
							"rotation": [0, 0, 22.5],
							"uv": {
								"north": {"uv": [103, 49], "uv_size": [1, 5]},
								"east": {"uv": [92, 41], "uv_size": [5, 5]},
								"south": {"uv": [103, 74], "uv_size": [1, 5]},
								"west": {"uv": [92, 46], "uv_size": [5, 5]},
								"up": {"uv": [76, 103], "uv_size": [1, 5]},
								"down": {"uv": [77, 108], "uv_size": [1, -5]}
							}
						},
						{
							"origin": [-2.80085, 21.13604, -0.742],
							"size": [0.95, 0.95, 4.75],
							"pivot": [-2.80085, 23.03604, 0.208],
							"rotation": [0, 0, -45],
							"uv": {
								"north": {"uv": [96, 107], "uv_size": [1, 1]},
								"east": {"uv": [103, 3], "uv_size": [5, 1]},
								"south": {"uv": [97, 107], "uv_size": [1, 1]},
								"west": {"uv": [103, 4], "uv_size": [5, 1]},
								"up": {"uv": [80, 103], "uv_size": [1, 5]},
								"down": {"uv": [81, 108], "uv_size": [1, -5]}
							}
						},
						{
							"origin": [1.0276, 21.13604, -0.742],
							"size": [0.95, 0.95, 4.75],
							"pivot": [1.0276, 23.03604, 0.208],
							"rotation": [0, 0, -45],
							"uv": {
								"north": {"uv": [107, 94], "uv_size": [1, 1]},
								"east": {"uv": [102, 54], "uv_size": [5, 1]},
								"south": {"uv": [95, 107], "uv_size": [1, 1]},
								"west": {"uv": [102, 79], "uv_size": [5, 1]},
								"up": {"uv": [78, 103], "uv_size": [1, 5]},
								"down": {"uv": [79, 108], "uv_size": [1, -5]}
							}
						},
						{
							"origin": [1.43806, 21.85611, -0.742],
							"size": [0.95, 4.275, 4.75],
							"pivot": [1.43806, 23.75611, 0.208],
							"rotation": [0, 0, -22.5],
							"uv": {
								"north": {"uv": [103, 44], "uv_size": [1, 5]},
								"east": {"uv": [23, 92], "uv_size": [5, 5]},
								"south": {"uv": [45, 103], "uv_size": [1, 5]},
								"west": {"uv": [92, 36], "uv_size": [5, 5]},
								"up": {"uv": [46, 103], "uv_size": [1, 5]},
								"down": {"uv": [47, 108], "uv_size": [1, -5]}
							}
						},
						{
							"origin": [-0.49312, 23.93888, -0.742],
							"size": [1.9, 2.375, 4.75],
							"uv": {
								"north": {"uv": [14, 102], "uv_size": [2, 3]},
								"east": {"uv": [97, 43], "uv_size": [5, 3]},
								"south": {"uv": [16, 102], "uv_size": [2, 3]},
								"west": {"uv": [97, 46], "uv_size": [5, 3]},
								"up": {"uv": [94, 99], "uv_size": [2, 5]},
								"down": {"uv": [96, 104], "uv_size": [2, -5]}
							}
						},
						{
							"origin": [-1.44313, 20.61388, -0.742],
							"size": [3.8, 3.325, 23.75],
							"uv": {
								"north": {"uv": [23, 97], "uv_size": [4, 4]},
								"east": {"uv": [52, 48], "uv_size": [25, 4]},
								"south": {"uv": [97, 23], "uv_size": [4, 4]},
								"west": {"uv": [52, 52], "uv_size": [25, 4]},
								"up": {"uv": [52, 56], "uv_size": [4, 25]},
								"down": {"uv": [56, 81], "uv_size": [4, -25]}
							}
						},
						{
							"origin": [-1.32437, 22.98888, 2.8205],
							"size": [3.5625, 2.1375, 4.9875],
							"pivot": [0.45688, 24.88888, 5.908],
							"rotation": [-35, 0, 0],
							"uv": {
								"north": {"uv": [21, 101], "uv_size": [4, 2]},
								"east": {"uv": [100, 13], "uv_size": [5, 2]},
								"south": {"uv": [101, 27], "uv_size": [4, 2]},
								"west": {"uv": [100, 15], "uv_size": [5, 2]},
								"up": {"uv": [94, 79], "uv_size": [4, 5]},
								"down": {"uv": [94, 89], "uv_size": [4, -5]}
							}
						},
						{
							"origin": [-1.44313, 12.53888, 20.3955],
							"size": [3.8, 8.075, 2.6125],
							"uv": {
								"north": {"uv": [87, 82], "uv_size": [4, 9]},
								"east": {"uv": [91, 83], "uv_size": [3, 9]},
								"south": {"uv": [88, 0], "uv_size": [4, 9]},
								"west": {"uv": [87, 91], "uv_size": [3, 9]},
								"up": {"uv": [98, 98], "uv_size": [4, 3]},
								"down": {"uv": [99, 6], "uv_size": [4, -3]}
							}
						},
						{
							"origin": [-1.32437, 31.59405, 19.90654],
							"size": [3.5625, 5.225, 10.925],
							"pivot": [0.57563, 33.25655, 5.18154],
							"rotation": [-50, 0, 0],
							"uv": {
								"north": {"uv": [76, 93], "uv_size": [4, 6]},
								"east": {"uv": [75, 58], "uv_size": [12, 6]},
								"south": {"uv": [80, 93], "uv_size": [4, 6]},
								"west": {"uv": [76, 28], "uv_size": [12, 6]},
								"up": {"uv": [25, 80], "uv_size": [4, 12]},
								"down": {"uv": [56, 93], "uv_size": [4, -12]}
							}
						},
						{
							"origin": [-1.20562, 19.66387, 4.483],
							"size": [3.325, 3.5625, 18.525],
							"pivot": [0.45688, 22.27638, 8.758],
							"rotation": [-25, 0, 0],
							"uv": {
								"north": {"uv": [97, 27], "uv_size": [4, 4]},
								"east": {"uv": [67, 68], "uv_size": [20, 4]},
								"south": {"uv": [97, 31], "uv_size": [4, 4]},
								"west": {"uv": [70, 24], "uv_size": [20, 4]},
								"up": {"uv": [72, 28], "uv_size": [4, 20]},
								"down": {"uv": [67, 92], "uv_size": [4, -20]}
							}
						},
						{
							"origin": [-0.20812, 26.15892, -75.3988],
							"size": [1.3775, 0.2375, 0.95],
							"pivot": [0.07687, 26.39642, -74.09255],
							"rotation": [7.5, 0, 0],
							"uv": {
								"north": {"uv": [18, 107], "uv_size": [1, 1]},
								"east": {"uv": [107, 33], "uv_size": [1, 1]},
								"south": {"uv": [107, 34], "uv_size": [1, 1]},
								"west": {"uv": [107, 35], "uv_size": [1, 1]},
								"up": {"uv": [107, 38], "uv_size": [1, 1]},
								"down": {"uv": [107, 40], "uv_size": [1, -1]}
							}
						},
						{
							"origin": [4.44688, 18.57138, -15.562],
							"size": [1.9, 0.95, 0.95],
							"uv": {
								"north": {"uv": [108.75, 36.125], "uv_size": [2, 1]},
								"east": {"uv": [108.75, 36.125], "uv_size": [1, 1]},
								"south": {"uv": [108.75, 36.125], "uv_size": [2, 1]},
								"west": {"uv": [108.75, 36.125], "uv_size": [1, 1]},
								"up": {"uv": [110.75, 37.125], "uv_size": [-2, -1]},
								"down": {"uv": [110.75, 37.125], "uv_size": [-2, -1]}
							}
						}
					]
				},
				{
					"name": "cover",
					"parent": "gun",
					"pivot": [0, 27.55384, -33.52818],
					"cubes": [
						{
							"origin": [-1.20562, 24.95434, -27.83491],
							"size": [3.325, 1.9, 31.35],
							"uv": {
								"north": {"uv": [101, 29], "uv_size": [4, 2]},
								"east": {"uv": [75, 64], "uv_size": [33, 2]},
								"south": {"uv": [101, 31], "uv_size": [4, 2]},
								"west": {"uv": [75, 66], "uv_size": [33, 2]},
								"up": {"uv": [44, 48], "uv_size": [4, 33]},
								"down": {"uv": [48, 81], "uv_size": [4, -33]}
							}
						},
						{
							"origin": [-0.01369, 24.30313, -32.59075],
							"size": [0.95, 0.9025, 33.44],
							"pivot": [0.45688, 26.15127, -30.17127],
							"rotation": [0, 0, -100],
							"uv": {
								"north": {"uv": [7, 102], "uv_size": [1, 5]},
								"east": {"uv": [0, 0], "uv_size": [77, 5]},
								"south": {"uv": [18, 102], "uv_size": [1, 5]},
								"west": {"uv": [42, 5], "uv_size": [35, 1]},
								"up": {"uv": [29, 68], "uv_size": [1, 77]},
								"down": {"uv": [30, 145], "uv_size": [1, -77]}
							}
						},
						{
							"origin": [-0.02256, 24.30313, -32.59075],
							"size": [0.95, 0.9025, 33.41625],
							"pivot": [0.45688, 26.15127, -30.17127],
							"rotation": [0, 0, 100],
							"uv": {
								"north": {"uv": [102, 44], "uv_size": [1, 5]},
								"east": {"uv": [0, 10], "uv_size": [35, 1]},
								"south": {"uv": [102, 49], "uv_size": [1, 5]},
								"west": {"uv": [0, 15], "uv_size": [77, 5]},
								"up": {"uv": [31, 68], "uv_size": [1, 77]},
								"down": {"uv": [71, 149], "uv_size": [1, -77]}
							}
						}
					]
				},
				{
					"name": "holosight",
					"parent": "cover",
					"pivot": [0, 0, -3],
					"cubes": [
						{
							"origin": [-1.44313, 25.98137, -20.217],
							"size": [3.8, 1.995, 3.325],
							"uv": {
								"north": {"uv": [101, 33], "uv_size": [4, 2]},
								"east": {"uv": [101, 35], "uv_size": [4, 2]},
								"south": {"uv": [36, 101], "uv_size": [4, 2]},
								"west": {"uv": [101, 37], "uv_size": [4, 2]},
								"up": {"uv": [97, 35], "uv_size": [4, 4]},
								"down": {"uv": [97, 43], "uv_size": [4, -4]}
							}
						},
						{
							"origin": [-1.49062, 25.98137, -20.71575],
							"size": [3.895, 0.73625, 7.38625],
							"uv": {
								"north": {"uv": [101, 33], "uv_size": [4, 2]},
								"east": {"uv": [101, 35], "uv_size": [4, 2]},
								"south": {"uv": [36, 101], "uv_size": [4, 2]},
								"west": {"uv": [101, 37], "uv_size": [4, 2]},
								"up": {"uv": [97, 35], "uv_size": [4, 4]},
								"down": {"uv": [97, 43], "uv_size": [4, -4]}
							}
						},
						{
							"origin": [-1.44313, 26.59518, -17.16904],
							"size": [3.8, 0.76, 3.8],
							"pivot": [0.45688, 26.88018, -15.26904],
							"rotation": [-20, 0, 0],
							"uv": {
								"north": {"uv": [101, 39], "uv_size": [4, 2]},
								"east": {"uv": [100, 17], "uv_size": [5, 2]},
								"south": {"uv": [101, 41], "uv_size": [4, 2]},
								"west": {"uv": [100, 19], "uv_size": [5, 2]},
								"up": {"uv": [94, 89], "uv_size": [4, 5]},
								"down": {"uv": [94, 99], "uv_size": [4, -5]}
							}
						},
						{
							"origin": [-1.44313, 25.88102, -17.33398],
							"size": [3.8, 0.76, 1.52],
							"pivot": [0.45688, 26.16602, -15.52898],
							"rotation": [-20, 0, 0],
							"uv": {
								"north": {"uv": [101, 39], "uv_size": [4, 2]},
								"east": {"uv": [100, 17], "uv_size": [5, 2]},
								"south": {"uv": [101, 41], "uv_size": [4, 2]},
								"west": {"uv": [100, 19], "uv_size": [5, 2]},
								"up": {"uv": [94, 89], "uv_size": [4, 5]},
								"down": {"uv": [94, 99], "uv_size": [4, -5]}
							}
						},
						{
							"origin": [-1.44313, 25.39215, -20.10794],
							"size": [3.8, 0.665, 1.9],
							"pivot": [0.45688, 25.58215, -20.58294],
							"rotation": [70, 0, 0],
							"uv": {
								"north": {"uv": [80, 101], "uv_size": [4, 2]},
								"east": {"uv": [105, 12], "uv_size": [2, 2]},
								"south": {"uv": [101, 90], "uv_size": [4, 2]},
								"west": {"uv": [14, 105], "uv_size": [2, 2]},
								"up": {"uv": [101, 92], "uv_size": [4, 2]},
								"down": {"uv": [98, 103], "uv_size": [4, -2]}
							}
						},
						{
							"origin": [-1.41937, 27.97637, -20.217],
							"size": [0.02375, 1.71, 0.7125],
							"uv": {
								"north": {"uv": [0, 0], "uv_size": [0, 3]},
								"east": {"uv": [63, 105], "uv_size": [1, 3]},
								"south": {"uv": [0, 0], "uv_size": [0, 3]},
								"west": {"uv": [105, 90], "uv_size": [1, 3]},
								"up": {"uv": [0, 0], "uv_size": [0, 1]},
								"down": {"uv": [0, 1], "uv_size": [0, -1]}
							}
						},
						{
							"origin": [2.30938, 27.97637, -20.217],
							"size": [0.02375, 1.71, 0.7125],
							"uv": {
								"north": {"uv": [0, 0], "uv_size": [0, 3]},
								"east": {"uv": [19, 106], "uv_size": [1, 3]},
								"south": {"uv": [0, 0], "uv_size": [0, 3]},
								"west": {"uv": [106, 33], "uv_size": [1, 3]},
								"up": {"uv": [0, 0], "uv_size": [0, 1]},
								"down": {"uv": [0, 1], "uv_size": [0, -1]}
							}
						},
						{
							"origin": [-1.41937, 27.75646, -20.1286],
							"size": [0.02375, 2.0425, 0.7125],
							"pivot": [-1.44313, 29.41896, -19.1786],
							"rotation": [22.5, 0, 0],
							"uv": {
								"north": {"uv": [0, 0], "uv_size": [0, 2]},
								"east": {"uv": [100, 106], "uv_size": [1, 2]},
								"south": {"uv": [0, 0], "uv_size": [0, 2]},
								"west": {"uv": [101, 106], "uv_size": [1, 2]},
								"up": {"uv": [0, 0], "uv_size": [0, 1]},
								"down": {"uv": [0, 1], "uv_size": [0, -1]}
							}
						},
						{
							"origin": [2.30938, 27.75646, -20.1286],
							"size": [0.02375, 2.0425, 0.7125],
							"pivot": [-1.44313, 29.41896, -19.1786],
							"rotation": [22.5, 0, 0],
							"uv": {
								"north": {"uv": [0, 0], "uv_size": [0, 2]},
								"east": {"uv": [102, 106], "uv_size": [1, 2]},
								"south": {"uv": [0, 0], "uv_size": [0, 2]},
								"west": {"uv": [103, 106], "uv_size": [1, 2]},
								"up": {"uv": [0, 0], "uv_size": [0, 1]},
								"down": {"uv": [0, 1], "uv_size": [0, -1]}
							}
						}
					]
				},
				{
					"name": "indicator",
					"parent": "holosight",
					"pivot": [0.45688, 27.53134, -15.20944],
					"rotation": [-20, 0, 0],
					"cubes": [
						{
							"origin": [-1.32437, 27.53134, -16.99069],
							"size": [3.5625, 0, 3.5625],
							"uv": {
								"up": {"uv": [169, 24], "uv_size": [30, 46]}
							}
						}
					]
				},
				{
					"name": "charm",
					"parent": "gun",
					"pivot": [5.7, 19.6, -15.1],
					"cubes": [
						{
							"origin": [5.58688, 17.05138, -15.562],
							"size": [0.76, 0.57, 0.95],
							"uv": {
								"north": {"uv": [108.75, 36.125], "uv_size": [2, 1]},
								"east": {"uv": [108.75, 36.125], "uv_size": [1, 1]},
								"south": {"uv": [108.75, 36.125], "uv_size": [2, 1]},
								"west": {"uv": [108.75, 36.125], "uv_size": [1, 1]},
								"up": {"uv": [110.75, 37.125], "uv_size": [-2, -1]},
								"down": {"uv": [110.75, 37.125], "uv_size": [-2, -1]}
							}
						},
						{
							"origin": [5.87188, 18.95137, -16.037],
							"size": [0.19, 0.19, 1.9],
							"uv": {
								"north": {"uv": [108.5, 37.375], "uv_size": [0.2, 0.2]},
								"east": {"uv": [108.75, 37.125], "uv_size": [2, 0.2]},
								"south": {"uv": [108.5, 37.125], "uv_size": [0.2, 0.2]},
								"west": {"uv": [108.75, 37.375], "uv_size": [2, 0.2]},
								"up": {"uv": [108.45, 38.125], "uv_size": [-0.2, -2]},
								"down": {"uv": [108.2, 38.125], "uv_size": [-0.2, -2]}
							}
						},
						{
							"origin": [5.87188, 17.24137, -16.037],
							"size": [0.19, 0.19, 1.9],
							"uv": {
								"north": {"uv": [108.5, 37.375], "uv_size": [0.2, 0.2]},
								"east": {"uv": [108.75, 37.125], "uv_size": [2, 0.2]},
								"south": {"uv": [108.5, 37.125], "uv_size": [0.2, 0.2]},
								"west": {"uv": [108.75, 37.375], "uv_size": [2, 0.2]},
								"up": {"uv": [108.45, 38.125], "uv_size": [-0.2, -2]},
								"down": {"uv": [108.2, 38.125], "uv_size": [-0.2, -2]}
							}
						},
						{
							"origin": [5.01688, 12.80013, -15.182],
							"size": [1.9, 4.275, 0.19],
							"uv": {
								"north": {"uv": [109.5, 74.75], "uv_size": [48, 105]},
								"east": {"uv": [108.75, 37.125], "uv_size": [2, 0.2]},
								"south": {"uv": [109.5, 74.75], "uv_size": [48, 105]},
								"west": {"uv": [108.75, 37.375], "uv_size": [2, 0.2]},
								"up": {"uv": [108.45, 38.125], "uv_size": [-0.2, -2]},
								"down": {"uv": [108.2, 38.125], "uv_size": [-0.2, -2]}
							}
						},
						{
							"origin": [5.87188, 18.19138, -16.797],
							"size": [0.19, 0.19, 1.9],
							"pivot": [5.87188, 18.19138, -15.847],
							"rotation": [90, 0, 0],
							"uv": {
								"north": {"uv": [108.5, 37.375], "uv_size": [0.2, 0.2]},
								"east": {"uv": [108.75, 37.125], "uv_size": [2, 0.2]},
								"south": {"uv": [108.5, 37.125], "uv_size": [0.2, 0.2]},
								"west": {"uv": [108.75, 37.375], "uv_size": [2, 0.2]},
								"up": {"uv": [108.45, 38.125], "uv_size": [-0.2, -2]},
								"down": {"uv": [108.2, 38.125], "uv_size": [-0.2, -2]}
							}
						},
						{
							"origin": [5.87188, 18.19138, -15.087],
							"size": [0.19, 0.19, 1.9],
							"pivot": [5.87188, 18.19138, -14.137],
							"rotation": [90, 0, 0],
							"uv": {
								"north": {"uv": [108.5, 37.375], "uv_size": [0.2, 0.2]},
								"east": {"uv": [108.75, 37.125], "uv_size": [2, 0.2]},
								"south": {"uv": [108.5, 37.125], "uv_size": [0.2, 0.2]},
								"west": {"uv": [108.75, 37.375], "uv_size": [2, 0.2]},
								"up": {"uv": [108.45, 38.125], "uv_size": [-0.2, -2]},
								"down": {"uv": [108.2, 38.125], "uv_size": [-0.2, -2]}
							}
						}
					]
				},
				{
					"name": "glow",
					"parent": "gun",
					"pivot": [0, 0, 0],
					"cubes": [
						{
							"origin": [1.9739, 22.03544, -75.16651],
							"size": [1.1875, 0, 2.6125],
							"pivot": [2.56765, 22.03544, -73.50401],
							"rotation": [-7.5, 0, -50],
							"uv": {
								"north": {"uv": [0, 0], "uv_size": [1, 0]},
								"east": {"uv": [0, 0], "uv_size": [3, 0]},
								"south": {"uv": [0, 0], "uv_size": [1, 0]},
								"west": {"uv": [0, 0], "uv_size": [3, 0]},
								"up": {"uv": [105, 33], "uv_size": [1, 3]},
								"down": {"uv": [105, 39], "uv_size": [1, -3]}
							}
						},
						{
							"origin": [1.74672, 21.6957, -72.562],
							"size": [1.1875, 0, 73.3875],
							"pivot": [2.22172, 22.1707, -35.86825],
							"rotation": [0, 0, -50],
							"uv": {
								"north": {"uv": [0, 0], "uv_size": [1, 0]},
								"east": {"uv": [0, 0], "uv_size": [77, 0]},
								"south": {"uv": [0, 0], "uv_size": [1, 0]},
								"west": {"uv": [0, 0], "uv_size": [77, 0]},
								"up": {"uv": [74, 74], "uv_size": [1, 77]},
								"down": {"uv": [75, 151], "uv_size": [1, -77]}
							}
						},
						{
							"origin": [-1.9349, 21.87824, -72.562],
							"size": [1.1875, 0, 73.3875],
							"pivot": [-1.4599, 22.35324, -35.86825],
							"rotation": [0, 0, 50],
							"uv": {
								"north": {"uv": [0, 0], "uv_size": [1, 0]},
								"east": {"uv": [0, 0], "uv_size": [77, 0]},
								"south": {"uv": [0, 0], "uv_size": [1, 0]},
								"west": {"uv": [0, 0], "uv_size": [77, 0]},
								"up": {"uv": [72, 74], "uv_size": [1, 77]},
								"down": {"uv": [73, 151], "uv_size": [1, -77]}
							}
						},
						{
							"origin": [-2.2462, 22.03665, -75.16637],
							"size": [1.1875, 0, 2.6125],
							"pivot": [-1.65245, 22.03665, -73.50387],
							"rotation": [-7.5, 0, 50],
							"uv": {
								"north": {"uv": [0, 0], "uv_size": [1, 0]},
								"east": {"uv": [0, 0], "uv_size": [3, 0]},
								"south": {"uv": [0, 0], "uv_size": [1, 0]},
								"west": {"uv": [0, 0], "uv_size": [3, 0]},
								"up": {"uv": [16, 105], "uv_size": [1, 3]},
								"down": {"uv": [17, 108], "uv_size": [1, -3]}
							}
						},
						{
							"origin": [-1.20562, 22.79888, -75.1745],
							"size": [3.325, 1.425, 0],
							"uv": {
								"north": {"uv": [101, 62], "uv_size": [4, 2]},
								"east": {"uv": [0, 0], "uv_size": [0, 2]},
								"south": {"uv": [76, 101], "uv_size": [4, 2]},
								"west": {"uv": [0, 0], "uv_size": [0, 2]},
								"up": {"uv": [0, 0], "uv_size": [4, 0]},
								"down": {"uv": [0, 0], "uv_size": [4, 0]}
							}
						},
						{
							"origin": [-0.73062, 24.22388, -75.1745],
							"size": [2.375, 0.95, 0],
							"uv": {
								"north": {"uv": [105, 63], "uv_size": [3, 1]},
								"east": {"uv": [0, 0], "uv_size": [0, 1]},
								"south": {"uv": [105, 68], "uv_size": [3, 1]},
								"west": {"uv": [0, 0], "uv_size": [0, 1]},
								"up": {"uv": [0, 0], "uv_size": [3, 0]},
								"down": {"uv": [0, 0], "uv_size": [3, 0]}
							}
						},
						{
							"origin": [1.2176, 21.04104, -0.742],
							"size": [0.76, 0.1425, 3.8],
							"pivot": [1.1226, 22.94104, 0.208],
							"rotation": [0, 0, -45],
							"uv": {
								"north": {"uv": [80, 104], "uv_size": [-1, 4]},
								"east": {"uv": [80, 104], "uv_size": [-1, 4]},
								"south": {"uv": [80, 104], "uv_size": [-1, 4]},
								"west": {"uv": [80, 104], "uv_size": [-1, 4]},
								"up": {"uv": [79, 108], "uv_size": [1, -4]},
								"down": {"uv": [79, 108], "uv_size": [1, -4]}
							}
						},
						{
							"origin": [2.43556, 22.80611, -0.742],
							"size": [0.095, 1.615, 3.8],
							"pivot": [1.58056, 23.75611, 0.208],
							"rotation": [0, 0, -22.5],
							"uv": {
								"north": {"uv": [92, 38], "uv_size": [4, 2]},
								"east": {"uv": [92, 38], "uv_size": [4, 2]},
								"south": {"uv": [92, 38], "uv_size": [4, 2]},
								"west": {"uv": [92, 38], "uv_size": [4, 2]},
								"up": {"uv": [96, 40], "uv_size": [-4, -2]},
								"down": {"uv": [96, 40], "uv_size": [-4, -2]}
							}
						},
						{
							"origin": [-1.61681, 22.80611, -0.742],
							"size": [0.095, 1.615, 3.8],
							"pivot": [-0.66681, 23.75611, 0.208],
							"rotation": [0, 0, 22.5],
							"uv": {
								"north": {"uv": [93, 43], "uv_size": [4, 2]},
								"east": {"uv": [93, 43], "uv_size": [4, 2]},
								"south": {"uv": [93, 43], "uv_size": [4, 2]},
								"west": {"uv": [93, 43], "uv_size": [4, 2]},
								"up": {"uv": [97, 45], "uv_size": [-4, -2]},
								"down": {"uv": [97, 45], "uv_size": [-4, -2]}
							}
						},
						{
							"origin": [-2.8246, 20.99354, -0.742],
							"size": [0.1425, 0.95, 3.8],
							"pivot": [-2.8246, 22.89354, 0.208],
							"rotation": [0, 0, -45],
							"uv": {
								"north": {"uv": [104, 3], "uv_size": [4, 1]},
								"east": {"uv": [104, 3], "uv_size": [4, 1]},
								"south": {"uv": [104, 3], "uv_size": [4, 1]},
								"west": {"uv": [104, 3], "uv_size": [4, 1]},
								"up": {"uv": [108, 4], "uv_size": [-4, -1]},
								"down": {"uv": [108, 4], "uv_size": [-4, -1]}
							}
						},
						{
							"origin": [-0.42187, 26.15892, -74.4488],
							"size": [1.8525, 0.2375, 1.9],
							"pivot": [0.31438, 26.39642, -74.09255],
							"rotation": [7.5, 0, 0],
							"uv": {
								"north": {"uv": [94, 106], "uv_size": [2, 1]},
								"east": {"uv": [106, 95], "uv_size": [2, 1]},
								"south": {"uv": [96, 106], "uv_size": [2, 1]},
								"west": {"uv": [106, 96], "uv_size": [2, 1]},
								"up": {"uv": [9, 105], "uv_size": [2, 2]},
								"down": {"uv": [105, 12], "uv_size": [2, -2]}
							}
						},
						{
							"origin": [-0.58812, 26.36043, -72.562],
							"size": [2.09, 0.2375, 73.3875],
							"uv": {
								"north": {"uv": [106, 91], "uv_size": [2, 1]},
								"east": {"uv": [75, 56], "uv_size": [77, 1]},
								"south": {"uv": [106, 92], "uv_size": [2, 1]},
								"west": {"uv": [75, 57], "uv_size": [77, 1]},
								"up": {"uv": [32, 44], "uv_size": [2, 77]},
								"down": {"uv": [34, 121], "uv_size": [2, -77]}
							}
						},
						{
							"origin": [-0.96812, 5.97165, -27.78587],
							"size": [2.85, 1.1875, 13.5375],
							"pivot": [9.1375, 11.43415, -16.86087],
							"rotation": [-55, 0, 0],
							"uv": {
								"north": {"uv": [105, 42], "uv_size": [3, 1]},
								"east": {"uv": [92, 71], "uv_size": [14, 1]},
								"south": {"uv": [55, 105], "uv_size": [3, 1]},
								"west": {"uv": [97, 55], "uv_size": [14, 1]},
								"up": {"uv": [36, 84], "uv_size": [3, 14]},
								"down": {"uv": [39, 98], "uv_size": [3, -14]}
							}
						},
						{
							"origin": [-0.96812, 7.15915, -27.78587],
							"size": [2.85, 1.425, 8.7875],
							"pivot": [9.1375, 11.43415, -16.86087],
							"rotation": [-55, 0, 0],
							"uv": {
								"north": {"uv": [60, 105], "uv_size": [3, 1]},
								"east": {"uv": [100, 59], "uv_size": [9, 1]},
								"south": {"uv": [105, 62], "uv_size": [3, 1]},
								"west": {"uv": [100, 60], "uv_size": [9, 1]},
								"up": {"uv": [92, 0], "uv_size": [3, 9]},
								"down": {"uv": [20, 101], "uv_size": [3, -9]}
							}
						},
						{
							"origin": [-1.20562, 15.43638, -22.4495],
							"size": [3.325, 0.95, 2.85],
							"uv": {
								"north": {"uv": [48, 114], "uv_size": [3.5, 3]},
								"east": {"uv": [48, 114], "uv_size": [3.5, 3]},
								"south": {"uv": [48, 114], "uv_size": [3.5, 3]},
								"west": {"uv": [48, 114], "uv_size": [3.5, 3]},
								"up": {"uv": [51.5, 117], "uv_size": [-3.5, -3]},
								"down": {"uv": [51.5, 117], "uv_size": [-3.5, -3]}
							}
						}
					]
				},
				{
					"name": "rightradiator",
					"parent": "gun",
					"pivot": [-1.99634, 26.54791, -14.35],
					"cubes": [
						{
							"origin": [-2.38965, 23.27189, -22.9245],
							"size": [2.85, 2.85, 17.1],
							"pivot": [-1.43965, 24.69689, -14.3745],
							"rotation": [0, 0, 22.5],
							"uv": {
								"north": {"uv": [0, 116], "uv_size": [2, 3]},
								"east": {"uv": [17, 116], "uv_size": [-17, 3]},
								"south": {"uv": [0, 116], "uv_size": [2, 3]},
								"west": {"uv": [0, 116], "uv_size": [17, 3]},
								"up": {"uv": [0, 137], "uv_size": [0, -18]},
								"down": {"uv": [1, 119], "uv_size": [-1, 18]}
							}
						}
					]
				},
				{
					"name": "glow5",
					"parent": "rightradiator",
					"pivot": [-1.99634, 25.54791, -14.35],
					"cubes": [
						{
							"origin": [-2.38965, 26.09814, -22.9245],
							"size": [2.85, 0.07125, 17.1],
							"pivot": [-1.43965, 24.69689, -14.3745],
							"rotation": [0, 0, 22.5],
							"uv": {
								"north": {"uv": [0, 116], "uv_size": [2, 3]},
								"east": {"uv": [0, 116], "uv_size": [17, 3]},
								"south": {"uv": [0, 116], "uv_size": [2, 3]},
								"west": {"uv": [0, 116], "uv_size": [17, 3]},
								"up": {"uv": [0, 137], "uv_size": [0, -18]},
								"down": {"uv": [1, 119], "uv_size": [-1, 18]}
							}
						},
						{
							"origin": [-2.38965, 23.22439, -22.9245],
							"size": [2.85, 0.0475, 17.1],
							"pivot": [-1.43965, 24.69689, -14.3745],
							"rotation": [0, 0, 22.5],
							"uv": {
								"north": {"uv": [0, 116], "uv_size": [2, 3]},
								"east": {"uv": [0, 116], "uv_size": [17, 3]},
								"south": {"uv": [0, 116], "uv_size": [2, 3]},
								"west": {"uv": [0, 116], "uv_size": [17, 3]},
								"up": {"uv": [0, 137], "uv_size": [0, -18]},
								"down": {"uv": [1, 119], "uv_size": [-1, 18]}
							}
						}
					]
				},
				{
					"name": "leftradiator",
					"parent": "gun",
					"pivot": [1.99634, 26.54791, -14.35],
					"cubes": [
						{
							"origin": [0.4534, 23.27189, -22.9245],
							"size": [2.85, 2.85, 17.1],
							"pivot": [2.3534, 24.69689, -14.3745],
							"rotation": [0, 0, -22.5],
							"uv": {
								"north": {"uv": [0, 116], "uv_size": [2, 3]},
								"east": {"uv": [0, 116], "uv_size": [17, 3]},
								"south": {"uv": [0, 116], "uv_size": [2, 3]},
								"west": {"uv": [0, 116], "uv_size": [17, 3]},
								"up": {"uv": [1, 137], "uv_size": [-1, -18]},
								"down": {"uv": [1, 119], "uv_size": [-1, 18]}
							}
						}
					]
				},
				{
					"name": "glow4",
					"parent": "leftradiator",
					"pivot": [1.99634, 25.54791, -14.35],
					"cubes": [
						{
							"origin": [0.4534, 23.22439, -22.9245],
							"size": [2.85, 0.07125, 17.1],
							"pivot": [2.3534, 24.69689, -14.3745],
							"rotation": [0, 0, -22.5],
							"uv": {
								"north": {"uv": [0, 116], "uv_size": [2, 3]},
								"east": {"uv": [0, 116], "uv_size": [17, 3]},
								"south": {"uv": [0, 116], "uv_size": [2, 3]},
								"west": {"uv": [0, 116], "uv_size": [17, 3]},
								"up": {"uv": [1, 137], "uv_size": [-1, -18]},
								"down": {"uv": [1, 119], "uv_size": [-1, 18]}
							}
						},
						{
							"origin": [0.4534, 26.09814, -22.9245],
							"size": [2.85, 0.07125, 17.1],
							"pivot": [2.3534, 24.69689, -14.3745],
							"rotation": [0, 0, -22.5],
							"uv": {
								"north": {"uv": [0, 116], "uv_size": [2, 3]},
								"east": {"uv": [0, 116], "uv_size": [17, 3]},
								"south": {"uv": [0, 116], "uv_size": [2, 3]},
								"west": {"uv": [0, 116], "uv_size": [17, 3]},
								"up": {"uv": [1, 137], "uv_size": [-1, -18]},
								"down": {"uv": [1, 119], "uv_size": [-1, 18]}
							}
						}
					]
				},
				{
					"name": "muzzleflash",
					"parent": "gun",
					"pivot": [0.45688, 23.84387, -72.742],
					"cubes": [
						{
							"origin": [0.45688, 23.84387, -72.742],
							"size": [0, 0, 0],
							"uv": {
								"north": {"uv": [144.25, 1.5], "uv_size": [-32, 32]},
								"south": {"uv": [112.25, 1.5], "uv_size": [32, 32]}
							}
						}
					]
				},
				{
					"name": "magazine",
					"parent": "main",
					"pivot": [9.1375, 8.5275, -14.84009],
					"cubes": [
						{
							"origin": [-0.67125, 5.44, -22.20259],
							"size": [2.1375, 5.7, 13.775],
							"pivot": [9.1375, 8.5275, -14.84009],
							"rotation": [-67.5, 0, 0],
							"uv": {
								"north": {"uv": [54, 86], "uv_size": [2, 6]},
								"east": {"uv": [60, 56], "uv_size": [15, 6]},
								"south": {"uv": [98, 80], "uv_size": [2, 6]},
								"west": {"uv": [75, 62], "uv_size": [-15, 6]},
								"up": {"uv": [70, 28], "uv_size": [2, 15]},
								"down": {"uv": [65, 95], "uv_size": [2, -15]}
							}
						},
						{
							"origin": [-0.61187, 3.54, -10.32759],
							"size": [2.01875, 1.9, 1.9],
							"pivot": [9.1375, 8.5275, -14.84009],
							"rotation": [-67.5, 0, 0],
							"uv": {
								"north": {"uv": [11, 104], "uv_size": [2, 2]},
								"east": {"uv": [64, 104], "uv_size": [2, 2]},
								"south": {"uv": [94, 104], "uv_size": [2, 2]},
								"west": {"uv": [104, 95], "uv_size": [2, 2]},
								"up": {"uv": [96, 104], "uv_size": [2, 2]},
								"down": {"uv": [98, 106], "uv_size": [2, -2]}
							}
						},
						{
							"origin": [-0.61092, 1.75294, -17.09479],
							"size": [2.01685, 2.1375, 0.7125],
							"pivot": [0.39655, 2.70294, -16.73854],
							"rotation": [-55, 0, 0],
							"uv": {
								"north": {"uv": [100, 104], "uv_size": [2, 2]},
								"east": {"uv": [64, 106], "uv_size": [1, 2]},
								"south": {"uv": [102, 104], "uv_size": [2, 2]},
								"west": {"uv": [65, 106], "uv_size": [1, 2]},
								"up": {"uv": [106, 71], "uv_size": [2, 1]},
								"down": {"uv": [106, 91], "uv_size": [2, -1]}
							}
						}
					]
				},
				{
					"name": "glow2",
					"parent": "magazine",
					"pivot": [9.1375, 8.5275, -14.84009],
					"cubes": [
						{
							"origin": [-0.76625, 6.39, -21.25259],
							"size": [2.3275, 3.8, 11.875],
							"pivot": [9.1375, 8.5275, -14.84009],
							"rotation": [-67.5, 0, 0],
							"uv": {
								"north": {"uv": [54, 86], "uv_size": [2, 6]},
								"east": {"uv": [61, 57], "uv_size": [13, 4]},
								"south": {"uv": [98, 80], "uv_size": [2, 6]},
								"west": {"uv": [74, 63], "uv_size": [-13, 4]},
								"up": {"uv": [70, 28], "uv_size": [2, 15]},
								"down": {"uv": [65, 95], "uv_size": [2, -15]}
							}
						},
						{
							"origin": [-0.65938, 1.79161, -17.08218],
							"size": [2.11375, 2.11375, 0.68875],
							"pivot": [0.3975, 2.71786, -16.74968],
							"rotation": [-55, 0, 0],
							"uv": {
								"north": {"uv": [100, 104], "uv_size": [2, 2]},
								"east": {"uv": [64, 106], "uv_size": [1, 2]},
								"south": {"uv": [102, 104], "uv_size": [2, 2]},
								"west": {"uv": [65, 106], "uv_size": [1, 2]},
								"up": {"uv": [106, 71], "uv_size": [2, 1]},
								"down": {"uv": [106, 91], "uv_size": [2, -1]}
							}
						},
						{
							"origin": [-0.63562, 3.56375, -10.32759],
							"size": [2.06625, 1.87625, 0.95],
							"pivot": [9.1375, 8.5275, -14.84009],
							"rotation": [-67.5, 0, 0],
							"uv": {
								"north": {"uv": [11, 104], "uv_size": [2, 2]},
								"east": {"uv": [65, 104], "uv_size": [1, 2]},
								"south": {"uv": [94, 104], "uv_size": [2, 2]},
								"west": {"uv": [104, 95], "uv_size": [1, 2]},
								"up": {"uv": [96, 104], "uv_size": [2, 2]},
								"down": {"uv": [98, 106], "uv_size": [2, -2]}
							}
						}
					]
				},
				{
					"name": "magazine2",
					"parent": "main",
					"pivot": [9.1375, 8.5275, -14.84009],
					"cubes": [
						{
							"origin": [-0.67125, 5.44, -27.20259],
							"size": [2.1375, 5.7, 18.775],
							"pivot": [9.1375, 8.5275, -14.84009],
							"rotation": [-67.5, 0, 0],
							"uv": {
								"north": {"uv": [54, 86], "uv_size": [2, 6]},
								"east": {"uv": [60, 56], "uv_size": [15, 6]},
								"south": {"uv": [98, 80], "uv_size": [2, 6]},
								"west": {"uv": [75, 62], "uv_size": [-15, 6]},
								"up": {"uv": [70, 28], "uv_size": [2, 15]},
								"down": {"uv": [65, 95], "uv_size": [2, -15]}
							}
						},
						{
							"origin": [-0.61187, 3.54, -10.32759],
							"size": [2.01875, 1.9, 1.9],
							"pivot": [9.1375, 8.5275, -14.84009],
							"rotation": [-67.5, 0, 0],
							"uv": {
								"north": {"uv": [11, 104], "uv_size": [2, 2]},
								"east": {"uv": [64, 104], "uv_size": [2, 2]},
								"south": {"uv": [94, 104], "uv_size": [2, 2]},
								"west": {"uv": [104, 95], "uv_size": [2, 2]},
								"up": {"uv": [96, 104], "uv_size": [2, 2]},
								"down": {"uv": [98, 106], "uv_size": [2, -2]}
							}
						},
						{
							"origin": [-0.61092, 1.75294, -17.09479],
							"size": [2.01685, 2.1375, 0.7125],
							"pivot": [0.39655, 2.70294, -16.73854],
							"rotation": [-55, 0, 0],
							"uv": {
								"north": {"uv": [100, 104], "uv_size": [2, 2]},
								"east": {"uv": [64, 106], "uv_size": [1, 2]},
								"south": {"uv": [102, 104], "uv_size": [2, 2]},
								"west": {"uv": [65, 106], "uv_size": [1, 2]},
								"up": {"uv": [106, 71], "uv_size": [2, 1]},
								"down": {"uv": [106, 91], "uv_size": [2, -1]}
							}
						}
					]
				},
				{
					"name": "glow3",
					"parent": "magazine2",
					"pivot": [9.1375, 8.5275, -14.84009],
					"cubes": [
						{
							"origin": [-0.76625, 6.39, -26.25259],
							"size": [2.3275, 3.8, 16.875],
							"pivot": [9.1375, 8.5275, -14.84009],
							"rotation": [-67.5, 0, 0],
							"uv": {
								"north": {"uv": [54, 86], "uv_size": [2, 6]},
								"east": {"uv": [61, 57], "uv_size": [13, 4]},
								"south": {"uv": [98, 80], "uv_size": [2, 6]},
								"west": {"uv": [74, 63], "uv_size": [-13, 4]},
								"up": {"uv": [70, 28], "uv_size": [2, 15]},
								"down": {"uv": [65, 95], "uv_size": [2, -15]}
							}
						},
						{
							"origin": [-0.63562, 3.56375, -10.32759],
							"size": [2.06625, 1.87625, 0.95],
							"pivot": [9.1375, 8.5275, -14.84009],
							"rotation": [-67.5, 0, 0],
							"uv": {
								"north": {"uv": [11, 104], "uv_size": [2, 2]},
								"east": {"uv": [65, 104], "uv_size": [1, 2]},
								"south": {"uv": [94, 104], "uv_size": [2, 2]},
								"west": {"uv": [104, 95], "uv_size": [1, 2]},
								"up": {"uv": [96, 104], "uv_size": [2, 2]},
								"down": {"uv": [98, 106], "uv_size": [2, -2]}
							}
						},
						{
							"origin": [-0.65938, 1.79161, -17.08218],
							"size": [2.11375, 2.11375, 0.68875],
							"pivot": [0.3975, 2.71786, -16.74968],
							"rotation": [-55, 0, 0],
							"uv": {
								"north": {"uv": [100, 104], "uv_size": [2, 2]},
								"east": {"uv": [64, 106], "uv_size": [1, 2]},
								"south": {"uv": [102, 104], "uv_size": [2, 2]},
								"west": {"uv": [65, 106], "uv_size": [1, 2]},
								"up": {"uv": [106, 71], "uv_size": [2, 1]},
								"down": {"uv": [106, 91], "uv_size": [2, -1]}
							}
						}
					]
				},
				{
					"name": "scope",
					"parent": "main",
					"pivot": [0.45688, 29.40138, 4.4355],
					"cubes": [
						{"origin": [-0.03812, 28.90638, 3.9405], "size": [0.99, 0.99, 0.99], "inflate": -0.4, "uv": [252, 0]}
					]
				},
				{
					"name": "leftarm",
					"parent": "main",
					"pivot": [10.45, 10.3, -14.85],
					"rotation": [-116.84747, 17.54384, -32.24068],
					"cubes": [
						{"origin": [6.55475, -13.75863, -18.29285], "size": [8, 24, 8], "uv": [224, 37]}
					]
				},
				{
					"name": "rightarm",
					"parent": "main",
					"pivot": [-6.3, 11.8, 18.1],
					"rotation": [-94.52842, -17.3327, -1.62341],
					"cubes": [
						{"origin": [-10.3, -12.2, 14.1], "size": [8, 24, 8], "uv": [224, 37]}
					]
				}
			]
		}
	]
}