{
	"format_version": "1.12.0",
	"minecraft:geometry": [
		{
			"description": {
				"identifier": "geometry.unknown",
				"texture_width": 64,
				"texture_height": 64,
				"visible_bounds_width": 5,
				"visible_bounds_height": 1.5,
				"visible_bounds_offset": [0, 0.25, 0]
			},
			"bones": [
				{
					"name": "main",
					"pivot": [0, 2.2, 1],
					"cubes": [
						{
							"origin": [-1.89, 2.336, -8.8915],
							"size": [3.78, 3.78, 0.45],
							"uv": {
								"north": {"uv": [22, 26], "uv_size": [4, 4]},
								"east": {"uv": [41, 33], "uv_size": [1, 4]},
								"south": {"uv": [26, 26], "uv_size": [4, 4]},
								"west": {"uv": [34, 41], "uv_size": [1, 4]},
								"up": {"uv": [26, 32], "uv_size": [4, 1]},
								"down": {"uv": [41, 21], "uv_size": [4, -1]}
							}
						},
						{
							"origin": [-1.89, 2.336, 7.5085],
							"size": [3.78, 3.78, 0.45],
							"uv": {
								"north": {"uv": [3, 27], "uv_size": [4, 4]},
								"east": {"uv": [35, 41], "uv_size": [1, 4]},
								"south": {"uv": [7, 27], "uv_size": [4, 4]},
								"west": {"uv": [36, 41], "uv_size": [1, 4]},
								"up": {"uv": [37, 41], "uv_size": [4, 1]},
								"down": {"uv": [41, 38], "uv_size": [4, -1]}
							}
						},
						{
							"origin": [-1.2, 1.175, -1.7],
							"size": [2.4, 1.525, 6.5],
							"uv": {
								"north": {"uv": [41, 38], "uv_size": [2, 2]},
								"east": {"uv": [30, 21], "uv_size": [7, 2]},
								"south": {"uv": [41, 40], "uv_size": [2, 2]},
								"west": {"uv": [22, 30], "uv_size": [7, 2]},
								"up": {"uv": [30, 26], "uv_size": [2, 7]},
								"down": {"uv": [3, 38], "uv_size": [2, -7]}
							}
						},
						{
							"origin": [-1.175, 0.70036, 4.60708],
							"size": [2.35, 0.725, 1.975],
							"pivot": [0, 1.71286, 5.90708],
							"rotation": [-22.5, 0, 0],
							"uv": {
								"north": {"uv": [17, 33], "uv_size": [2, 1]},
								"east": {"uv": [46, 44], "uv_size": [2, 1]},
								"south": {"uv": [45, 46], "uv_size": [2, 1]},
								"west": {"uv": [46, 45], "uv_size": [2, 1]},
								"up": {"uv": [0, 42], "uv_size": [2, 2]},
								"down": {"uv": [2, 44], "uv_size": [2, -2]}
							}
						},
						{
							"origin": [-1.6, 0.325, -2.2],
							"size": [3.2, 0.85, 8.625],
							"uv": {
								"north": {"uv": [23, 34], "uv_size": [3, 1]},
								"east": {"uv": [37, 21], "uv_size": [9, 1]},
								"south": {"uv": [29, 35], "uv_size": [3, 1]},
								"west": {"uv": [37, 22], "uv_size": [9, 1]},
								"up": {"uv": [19, 12], "uv_size": [3, 9]},
								"down": {"uv": [0, 29], "uv_size": [3, -9]}
							}
						},
						{
							"origin": [2.86654, 4.54474, -8.04672],
							"size": [0.25515, 0.08505, 4.0131],
							"pivot": [2.49352, 5.2385, -6.00159],
							"rotation": [180, 0, -67.5],
							"uv": {
								"north": {"uv": [18, 20], "uv_size": [1, 1]},
								"east": {"uv": [4, 42], "uv_size": [4, 1]},
								"south": {"uv": [16, 37], "uv_size": [1, 1]},
								"west": {"uv": [8, 42], "uv_size": [4, 1]},
								"up": {"uv": [12, 42], "uv_size": [1, 4]},
								"down": {"uv": [13, 46], "uv_size": [1, -4]}
							}
						},
						{
							"origin": [1.72029, 4.98335, -7.52067],
							"size": [1.5498, 0.2835, 0.6237],
							"pivot": [2.49352, 5.2385, -6.00159],
							"rotation": [180, 0, 67.5],
							"uv": {
								"north": {"uv": [0, 47], "uv_size": [2, 1]},
								"east": {"uv": [4, 38], "uv_size": [1, 1]},
								"south": {"uv": [47, 0], "uv_size": [2, 1]},
								"west": {"uv": [22, 40], "uv_size": [1, 1]},
								"up": {"uv": [47, 1], "uv_size": [2, 1]},
								"down": {"uv": [2, 48], "uv_size": [2, -1]}
							}
						},
						{
							"origin": [1.98549, 5.80614, -7.50177],
							"size": [0.2646, 0.21735, 0.59535],
							"pivot": [2.49352, 5.2385, -6.00159],
							"rotation": [-180, 0, -57.5],
							"uv": {
								"north": {"uv": [27, 46], "uv_size": [1, 1]},
								"east": {"uv": [33, 46], "uv_size": [1, 1]},
								"south": {"uv": [40, 46], "uv_size": [1, 1]},
								"west": {"uv": [51, 24], "uv_size": [1, 1]},
								"up": {"uv": [51, 25], "uv_size": [1, 1]},
								"down": {"uv": [27, 52], "uv_size": [1, -1]}
							}
						},
						{
							"origin": [1.9874, 4.45625, -7.50177],
							"size": [0.2646, 0.189, 0.6048],
							"pivot": [2.49352, 5.2385, -6.00159],
							"rotation": [-180, 0, 12.5],
							"uv": {
								"north": {"uv": [51, 27], "uv_size": [1, 1]},
								"east": {"uv": [28, 51], "uv_size": [1, 1]},
								"south": {"uv": [51, 28], "uv_size": [1, 1]},
								"west": {"uv": [29, 51], "uv_size": [1, 1]},
								"up": {"uv": [30, 51], "uv_size": [1, 1]},
								"down": {"uv": [31, 52], "uv_size": [1, -1]}
							}
						},
						{
							"origin": [1.72029, 4.98335, -6.31107],
							"size": [1.5498, 0.2835, 0.6237],
							"pivot": [2.49352, 5.2385, -6.00159],
							"rotation": [180, 0, 67.5],
							"uv": {
								"north": {"uv": [47, 2], "uv_size": [2, 1]},
								"east": {"uv": [51, 32], "uv_size": [1, 1]},
								"south": {"uv": [47, 3], "uv_size": [2, 1]},
								"west": {"uv": [51, 33], "uv_size": [1, 1]},
								"up": {"uv": [4, 47], "uv_size": [2, 1]},
								"down": {"uv": [6, 48], "uv_size": [2, -1]}
							}
						},
						{
							"origin": [1.98549, 5.80614, -6.29217],
							"size": [0.2646, 0.21735, 0.59535],
							"pivot": [2.49352, 5.2385, -6.00159],
							"rotation": [-180, 0, -57.5],
							"uv": {
								"north": {"uv": [34, 51], "uv_size": [1, 1]},
								"east": {"uv": [51, 34], "uv_size": [1, 1]},
								"south": {"uv": [35, 51], "uv_size": [1, 1]},
								"west": {"uv": [51, 35], "uv_size": [1, 1]},
								"up": {"uv": [36, 51], "uv_size": [1, 1]},
								"down": {"uv": [51, 37], "uv_size": [1, -1]}
							}
						},
						{
							"origin": [1.9874, 4.45625, -6.29217],
							"size": [0.2646, 0.189, 0.6048],
							"pivot": [2.49352, 5.2385, -6.00159],
							"rotation": [-180, 0, 12.5],
							"uv": {
								"north": {"uv": [51, 38], "uv_size": [1, 1]},
								"east": {"uv": [51, 39], "uv_size": [1, 1]},
								"south": {"uv": [51, 40], "uv_size": [1, 1]},
								"west": {"uv": [51, 41], "uv_size": [1, 1]},
								"up": {"uv": [51, 43], "uv_size": [1, 1]},
								"down": {"uv": [51, 45], "uv_size": [1, -1]}
							}
						},
						{
							"origin": [1.72029, 4.96445, -5.11092],
							"size": [1.5498, 0.3024, 0.6237],
							"pivot": [2.49352, 5.2385, -6.00159],
							"rotation": [180, 0, 67.5],
							"uv": {
								"north": {"uv": [47, 9], "uv_size": [2, 1]},
								"east": {"uv": [51, 45], "uv_size": [1, 1]},
								"south": {"uv": [47, 10], "uv_size": [2, 1]},
								"west": {"uv": [51, 46], "uv_size": [1, 1]},
								"up": {"uv": [47, 12], "uv_size": [2, 1]},
								"down": {"uv": [47, 14], "uv_size": [2, -1]}
							}
						},
						{
							"origin": [1.98549, 5.80614, -5.09202],
							"size": [0.2646, 0.21735, 0.59535],
							"pivot": [2.49352, 5.2385, -6.00159],
							"rotation": [-180, 0, -57.5],
							"uv": {
								"north": {"uv": [51, 47], "uv_size": [1, 1]},
								"east": {"uv": [51, 48], "uv_size": [1, 1]},
								"south": {"uv": [51, 49], "uv_size": [1, 1]},
								"west": {"uv": [51, 50], "uv_size": [1, 1]},
								"up": {"uv": [51, 51], "uv_size": [1, 1]},
								"down": {"uv": [52, 1], "uv_size": [1, -1]}
							}
						},
						{
							"origin": [1.9874, 4.45625, -5.10777],
							"size": [0.2646, 0.189, 0.6048],
							"pivot": [2.49352, 5.2385, -6.00159],
							"rotation": [-180, 0, 12.5],
							"uv": {
								"north": {"uv": [52, 1], "uv_size": [1, 1]},
								"east": {"uv": [52, 2], "uv_size": [1, 1]},
								"south": {"uv": [52, 3], "uv_size": [1, 1]},
								"west": {"uv": [52, 4], "uv_size": [1, 1]},
								"up": {"uv": [52, 5], "uv_size": [1, 1]},
								"down": {"uv": [6, 53], "uv_size": [1, -1]}
							}
						},
						{
							"origin": [2.86891, 5.84013, -8.04672],
							"size": [0.25515, 0.0945, 4.0131],
							"pivot": [2.49352, 5.2385, -6.00159],
							"rotation": [-180, 0, 22.5],
							"uv": {
								"north": {"uv": [52, 6], "uv_size": [1, 1]},
								"east": {"uv": [42, 33], "uv_size": [4, 1]},
								"south": {"uv": [7, 52], "uv_size": [1, 1]},
								"west": {"uv": [42, 34], "uv_size": [4, 1]},
								"up": {"uv": [14, 42], "uv_size": [1, 4]},
								"down": {"uv": [15, 46], "uv_size": [1, -4]}
							}
						},
						{
							"origin": [1.68249, 5.2574, -8.05617],
							"size": [1.63485, 0.2079, 4.032],
							"pivot": [2.49352, 5.2385, -6.00159],
							"rotation": [180, 0, 67.5],
							"uv": {
								"north": {"uv": [47, 14], "uv_size": [2, 1]},
								"east": {"uv": [42, 35], "uv_size": [4, 1]},
								"south": {"uv": [47, 15], "uv_size": [2, 1]},
								"west": {"uv": [42, 36], "uv_size": [4, 1]},
								"up": {"uv": [14, 37], "uv_size": [2, 4]},
								"down": {"uv": [23, 41], "uv_size": [2, -4]}
							}
						},
						{
							"origin": [-3.31251, 5.2574, -7.55617],
							"size": [1.63485, 0.2079, 4.032],
							"pivot": [-2.50148, 5.2385, -5.50159],
							"rotation": [180, 0, -67.5],
							"uv": {
								"north": {"uv": [16, 47], "uv_size": [2, 1]},
								"east": {"uv": [37, 42], "uv_size": [4, 1]},
								"south": {"uv": [18, 47], "uv_size": [2, 1]},
								"west": {"uv": [41, 42], "uv_size": [4, 1]},
								"up": {"uv": [25, 37], "uv_size": [2, 4]},
								"down": {"uv": [27, 41], "uv_size": [2, -4]}
							}
						},
						{
							"origin": [-2.12609, 5.84013, -7.54672],
							"size": [0.25515, 0.0945, 4.0131],
							"pivot": [-2.50148, 5.2385, -5.50159],
							"rotation": [-180, 0, -112.5],
							"uv": {
								"north": {"uv": [52, 7], "uv_size": [1, 1]},
								"east": {"uv": [43, 0], "uv_size": [4, 1]},
								"south": {"uv": [8, 52], "uv_size": [1, 1]},
								"west": {"uv": [43, 1], "uv_size": [4, 1]},
								"up": {"uv": [4, 43], "uv_size": [1, 4]},
								"down": {"uv": [5, 47], "uv_size": [1, -4]}
							}
						},
						{
							"origin": [-3.0076, 4.45625, -4.60777],
							"size": [0.2646, 0.189, 0.6048],
							"pivot": [-2.50148, 5.2385, -5.50159],
							"rotation": [-180, 0, -122.5],
							"uv": {
								"north": {"uv": [9, 52], "uv_size": [1, 1]},
								"east": {"uv": [10, 52], "uv_size": [1, 1]},
								"south": {"uv": [11, 52], "uv_size": [1, 1]},
								"west": {"uv": [52, 11], "uv_size": [1, 1]},
								"up": {"uv": [12, 52], "uv_size": [1, 1]},
								"down": {"uv": [13, 53], "uv_size": [1, -1]}
							}
						},
						{
							"origin": [-3.00951, 5.80614, -4.59202],
							"size": [0.2646, 0.21735, 0.59535],
							"pivot": [-2.50148, 5.2385, -5.50159],
							"rotation": [-180, 0, 167.5],
							"uv": {
								"north": {"uv": [52, 13], "uv_size": [1, 1]},
								"east": {"uv": [14, 52], "uv_size": [1, 1]},
								"south": {"uv": [52, 14], "uv_size": [1, 1]},
								"west": {"uv": [15, 52], "uv_size": [1, 1]},
								"up": {"uv": [16, 52], "uv_size": [1, 1]},
								"down": {"uv": [17, 53], "uv_size": [1, -1]}
							}
						},
						{
							"origin": [-3.27471, 4.96445, -4.61092],
							"size": [1.5498, 0.3024, 0.6237],
							"pivot": [-2.50148, 5.2385, -5.50159],
							"rotation": [180, 0, -67.5],
							"uv": {
								"north": {"uv": [21, 47], "uv_size": [2, 1]},
								"east": {"uv": [18, 52], "uv_size": [1, 1]},
								"south": {"uv": [23, 47], "uv_size": [2, 1]},
								"west": {"uv": [19, 52], "uv_size": [1, 1]},
								"up": {"uv": [25, 47], "uv_size": [2, 1]},
								"down": {"uv": [27, 48], "uv_size": [2, -1]}
							}
						},
						{
							"origin": [-3.0076, 4.45625, -5.79217],
							"size": [0.2646, 0.189, 0.6048],
							"pivot": [-2.50148, 5.2385, -5.50159],
							"rotation": [-180, 0, -122.5],
							"uv": {
								"north": {"uv": [20, 52], "uv_size": [1, 1]},
								"east": {"uv": [52, 20], "uv_size": [1, 1]},
								"south": {"uv": [21, 52], "uv_size": [1, 1]},
								"west": {"uv": [52, 21], "uv_size": [1, 1]},
								"up": {"uv": [22, 52], "uv_size": [1, 1]},
								"down": {"uv": [23, 53], "uv_size": [1, -1]}
							}
						},
						{
							"origin": [-3.00951, 5.80614, -5.79217],
							"size": [0.2646, 0.21735, 0.59535],
							"pivot": [-2.50148, 5.2385, -5.50159],
							"rotation": [-180, 0, 167.5],
							"uv": {
								"north": {"uv": [24, 52], "uv_size": [1, 1]},
								"east": {"uv": [52, 24], "uv_size": [1, 1]},
								"south": {"uv": [25, 52], "uv_size": [1, 1]},
								"west": {"uv": [52, 25], "uv_size": [1, 1]},
								"up": {"uv": [26, 52], "uv_size": [1, 1]},
								"down": {"uv": [52, 27], "uv_size": [1, -1]}
							}
						},
						{
							"origin": [-3.27471, 4.98335, -5.81107],
							"size": [1.5498, 0.2835, 0.6237],
							"pivot": [-2.50148, 5.2385, -5.50159],
							"rotation": [180, 0, -67.5],
							"uv": {
								"north": {"uv": [29, 47], "uv_size": [2, 1]},
								"east": {"uv": [27, 52], "uv_size": [1, 1]},
								"south": {"uv": [31, 47], "uv_size": [2, 1]},
								"west": {"uv": [52, 27], "uv_size": [1, 1]},
								"up": {"uv": [33, 47], "uv_size": [2, 1]},
								"down": {"uv": [37, 48], "uv_size": [2, -1]}
							}
						},
						{
							"origin": [-3.0076, 4.45625, -7.00177],
							"size": [0.2646, 0.189, 0.6048],
							"pivot": [-2.50148, 5.2385, -5.50159],
							"rotation": [-180, 0, -122.5],
							"uv": {
								"north": {"uv": [28, 52], "uv_size": [1, 1]},
								"east": {"uv": [52, 28], "uv_size": [1, 1]},
								"south": {"uv": [29, 52], "uv_size": [1, 1]},
								"west": {"uv": [52, 29], "uv_size": [1, 1]},
								"up": {"uv": [30, 52], "uv_size": [1, 1]},
								"down": {"uv": [52, 31], "uv_size": [1, -1]}
							}
						},
						{
							"origin": [-3.00951, 5.80614, -7.00177],
							"size": [0.2646, 0.21735, 0.59535],
							"pivot": [-2.50148, 5.2385, -5.50159],
							"rotation": [-180, 0, 167.5],
							"uv": {
								"north": {"uv": [31, 52], "uv_size": [1, 1]},
								"east": {"uv": [52, 31], "uv_size": [1, 1]},
								"south": {"uv": [32, 52], "uv_size": [1, 1]},
								"west": {"uv": [52, 32], "uv_size": [1, 1]},
								"up": {"uv": [33, 52], "uv_size": [1, 1]},
								"down": {"uv": [52, 34], "uv_size": [1, -1]}
							}
						},
						{
							"origin": [-3.27471, 4.98335, -7.02067],
							"size": [1.5498, 0.2835, 0.6237],
							"pivot": [-2.50148, 5.2385, -5.50159],
							"rotation": [180, 0, -67.5],
							"uv": {
								"north": {"uv": [39, 47], "uv_size": [2, 1]},
								"east": {"uv": [34, 52], "uv_size": [1, 1]},
								"south": {"uv": [41, 47], "uv_size": [2, 1]},
								"west": {"uv": [52, 34], "uv_size": [1, 1]},
								"up": {"uv": [43, 47], "uv_size": [2, 1]},
								"down": {"uv": [45, 48], "uv_size": [2, -1]}
							}
						},
						{
							"origin": [-2.12846, 4.54474, -7.54672],
							"size": [0.25515, 0.08505, 4.0131],
							"pivot": [-2.50148, 5.2385, -5.50159],
							"rotation": [180, 0, 157.5],
							"uv": {
								"north": {"uv": [35, 52], "uv_size": [1, 1]},
								"east": {"uv": [43, 2], "uv_size": [4, 1]},
								"south": {"uv": [52, 35], "uv_size": [1, 1]},
								"west": {"uv": [43, 3], "uv_size": [4, 1]},
								"up": {"uv": [6, 43], "uv_size": [1, 4]},
								"down": {"uv": [7, 47], "uv_size": [1, -4]}
							}
						},
						{
							"origin": [1.68249, 5.2574, -4.45617],
							"size": [1.63485, 0.2079, 3.627],
							"pivot": [2.49352, 5.2385, -2.40159],
							"rotation": [180, 0, 67.5],
							"uv": {
								"north": {"uv": [47, 46], "uv_size": [2, 1]},
								"east": {"uv": [8, 43], "uv_size": [4, 1]},
								"south": {"uv": [47, 47], "uv_size": [2, 1]},
								"west": {"uv": [16, 43], "uv_size": [4, 1]},
								"up": {"uv": [0, 38], "uv_size": [2, 4]},
								"down": {"uv": [38, 4], "uv_size": [2, -4]}
							}
						},
						{
							"origin": [2.86891, 5.84013, -4.44672],
							"size": [0.25515, 0.0945, 3.6081],
							"pivot": [2.49352, 5.2385, -2.40159],
							"rotation": [-180, 0, 22.5],
							"uv": {
								"north": {"uv": [36, 52], "uv_size": [1, 1]},
								"east": {"uv": [20, 43], "uv_size": [4, 1]},
								"south": {"uv": [52, 36], "uv_size": [1, 1]},
								"west": {"uv": [24, 43], "uv_size": [4, 1]},
								"up": {"uv": [28, 43], "uv_size": [1, 4]},
								"down": {"uv": [29, 47], "uv_size": [1, -4]}
							}
						},
						{
							"origin": [1.9874, 4.45625, -1.50777],
							"size": [0.2646, 0.189, 0.6048],
							"pivot": [2.49352, 5.2385, -2.40159],
							"rotation": [-180, 0, 12.5],
							"uv": {
								"north": {"uv": [37, 52], "uv_size": [1, 1]},
								"east": {"uv": [52, 37], "uv_size": [1, 1]},
								"south": {"uv": [38, 52], "uv_size": [1, 1]},
								"west": {"uv": [52, 38], "uv_size": [1, 1]},
								"up": {"uv": [39, 52], "uv_size": [1, 1]},
								"down": {"uv": [52, 40], "uv_size": [1, -1]}
							}
						},
						{
							"origin": [1.98549, 5.80614, -1.49202],
							"size": [0.2646, 0.21735, 0.59535],
							"pivot": [2.49352, 5.2385, -2.40159],
							"rotation": [-180, 0, -57.5],
							"uv": {
								"north": {"uv": [40, 52], "uv_size": [1, 1]},
								"east": {"uv": [52, 40], "uv_size": [1, 1]},
								"south": {"uv": [41, 52], "uv_size": [1, 1]},
								"west": {"uv": [52, 41], "uv_size": [1, 1]},
								"up": {"uv": [42, 52], "uv_size": [1, 1]},
								"down": {"uv": [52, 43], "uv_size": [1, -1]}
							}
						},
						{
							"origin": [1.72029, 4.96445, -1.51092],
							"size": [1.5498, 0.3024, 0.6237],
							"pivot": [2.49352, 5.2385, -2.40159],
							"rotation": [180, 0, 67.5],
							"uv": {
								"north": {"uv": [0, 48], "uv_size": [2, 1]},
								"east": {"uv": [43, 52], "uv_size": [1, 1]},
								"south": {"uv": [2, 48], "uv_size": [2, 1]},
								"west": {"uv": [52, 43], "uv_size": [1, 1]},
								"up": {"uv": [4, 48], "uv_size": [2, 1]},
								"down": {"uv": [48, 5], "uv_size": [2, -1]}
							}
						},
						{
							"origin": [1.9874, 4.45625, -2.69217],
							"size": [0.2646, 0.189, 0.6048],
							"pivot": [2.49352, 5.2385, -2.40159],
							"rotation": [-180, 0, 12.5],
							"uv": {
								"north": {"uv": [44, 52], "uv_size": [1, 1]},
								"east": {"uv": [52, 44], "uv_size": [1, 1]},
								"south": {"uv": [45, 52], "uv_size": [1, 1]},
								"west": {"uv": [52, 45], "uv_size": [1, 1]},
								"up": {"uv": [46, 52], "uv_size": [1, 1]},
								"down": {"uv": [52, 47], "uv_size": [1, -1]}
							}
						},
						{
							"origin": [1.98549, 5.80614, -2.69217],
							"size": [0.2646, 0.21735, 0.59535],
							"pivot": [2.49352, 5.2385, -2.40159],
							"rotation": [-180, 0, -57.5],
							"uv": {
								"north": {"uv": [47, 52], "uv_size": [1, 1]},
								"east": {"uv": [52, 47], "uv_size": [1, 1]},
								"south": {"uv": [48, 52], "uv_size": [1, 1]},
								"west": {"uv": [52, 48], "uv_size": [1, 1]},
								"up": {"uv": [49, 52], "uv_size": [1, 1]},
								"down": {"uv": [52, 50], "uv_size": [1, -1]}
							}
						},
						{
							"origin": [1.72029, 4.98335, -2.71107],
							"size": [1.5498, 0.2835, 0.6237],
							"pivot": [2.49352, 5.2385, -2.40159],
							"rotation": [180, 0, 67.5],
							"uv": {
								"north": {"uv": [48, 5], "uv_size": [2, 1]},
								"east": {"uv": [50, 52], "uv_size": [1, 1]},
								"south": {"uv": [6, 48], "uv_size": [2, 1]},
								"west": {"uv": [52, 50], "uv_size": [1, 1]},
								"up": {"uv": [48, 6], "uv_size": [2, 1]},
								"down": {"uv": [48, 8], "uv_size": [2, -1]}
							}
						},
						{
							"origin": [1.9874, 4.45625, -3.90177],
							"size": [0.2646, 0.189, 0.6048],
							"pivot": [2.49352, 5.2385, -2.40159],
							"rotation": [-180, 0, 12.5],
							"uv": {
								"north": {"uv": [53, 1], "uv_size": [1, 1]},
								"east": {"uv": [2, 53], "uv_size": [1, 1]},
								"south": {"uv": [53, 2], "uv_size": [1, 1]},
								"west": {"uv": [3, 53], "uv_size": [1, 1]},
								"up": {"uv": [53, 3], "uv_size": [1, 1]},
								"down": {"uv": [4, 54], "uv_size": [1, -1]}
							}
						},
						{
							"origin": [1.98549, 5.80614, -3.90177],
							"size": [0.2646, 0.21735, 0.59535],
							"pivot": [2.49352, 5.2385, -2.40159],
							"rotation": [-180, 0, -57.5],
							"uv": {
								"north": {"uv": [53, 4], "uv_size": [1, 1]},
								"east": {"uv": [5, 53], "uv_size": [1, 1]},
								"south": {"uv": [53, 5], "uv_size": [1, 1]},
								"west": {"uv": [6, 53], "uv_size": [1, 1]},
								"up": {"uv": [53, 6], "uv_size": [1, 1]},
								"down": {"uv": [7, 54], "uv_size": [1, -1]}
							}
						},
						{
							"origin": [1.72029, 4.98335, -3.92067],
							"size": [1.5498, 0.2835, 0.6237],
							"pivot": [2.49352, 5.2385, -2.40159],
							"rotation": [180, 0, 67.5],
							"uv": {
								"north": {"uv": [8, 48], "uv_size": [2, 1]},
								"east": {"uv": [53, 7], "uv_size": [1, 1]},
								"south": {"uv": [10, 48], "uv_size": [2, 1]},
								"west": {"uv": [8, 53], "uv_size": [1, 1]},
								"up": {"uv": [48, 11], "uv_size": [2, 1]},
								"down": {"uv": [12, 49], "uv_size": [2, -1]}
							}
						},
						{
							"origin": [2.86654, 4.54474, -4.44672],
							"size": [0.25515, 0.08505, 3.6081],
							"pivot": [2.49352, 5.2385, -2.40159],
							"rotation": [180, 0, -67.5],
							"uv": {
								"north": {"uv": [53, 8], "uv_size": [1, 1]},
								"east": {"uv": [30, 43], "uv_size": [4, 1]},
								"south": {"uv": [9, 53], "uv_size": [1, 1]},
								"west": {"uv": [37, 43], "uv_size": [4, 1]},
								"up": {"uv": [43, 38], "uv_size": [1, 4]},
								"down": {"uv": [41, 47], "uv_size": [1, -4]}
							}
						},
						{
							"origin": [2.86654, 4.54474, -0.84672],
							"size": [0.25515, 0.08505, 3.6081],
							"pivot": [2.49352, 5.2385, 1.19841],
							"rotation": [180, 0, -67.5],
							"uv": {
								"north": {"uv": [53, 9], "uv_size": [1, 1]},
								"east": {"uv": [42, 43], "uv_size": [4, 1]},
								"south": {"uv": [10, 53], "uv_size": [1, 1]},
								"west": {"uv": [0, 44], "uv_size": [4, 1]},
								"up": {"uv": [8, 44], "uv_size": [1, 4]},
								"down": {"uv": [9, 48], "uv_size": [1, -4]}
							}
						},
						{
							"origin": [1.72029, 4.98335, -0.32067],
							"size": [1.5498, 0.2835, 0.6237],
							"pivot": [2.49352, 5.2385, 1.19841],
							"rotation": [180, 0, 67.5],
							"uv": {
								"north": {"uv": [14, 48], "uv_size": [2, 1]},
								"east": {"uv": [53, 10], "uv_size": [1, 1]},
								"south": {"uv": [16, 48], "uv_size": [2, 1]},
								"west": {"uv": [11, 53], "uv_size": [1, 1]},
								"up": {"uv": [48, 16], "uv_size": [2, 1]},
								"down": {"uv": [48, 18], "uv_size": [2, -1]}
							}
						},
						{
							"origin": [1.98549, 5.80614, -0.30177],
							"size": [0.2646, 0.21735, 0.59535],
							"pivot": [2.49352, 5.2385, 1.19841],
							"rotation": [-180, 0, -57.5],
							"uv": {
								"north": {"uv": [53, 11], "uv_size": [1, 1]},
								"east": {"uv": [12, 53], "uv_size": [1, 1]},
								"south": {"uv": [53, 12], "uv_size": [1, 1]},
								"west": {"uv": [13, 53], "uv_size": [1, 1]},
								"up": {"uv": [53, 13], "uv_size": [1, 1]},
								"down": {"uv": [14, 54], "uv_size": [1, -1]}
							}
						},
						{
							"origin": [1.9874, 4.45625, -0.30177],
							"size": [0.2646, 0.189, 0.6048],
							"pivot": [2.49352, 5.2385, 1.19841],
							"rotation": [-180, 0, 12.5],
							"uv": {
								"north": {"uv": [53, 14], "uv_size": [1, 1]},
								"east": {"uv": [15, 53], "uv_size": [1, 1]},
								"south": {"uv": [53, 15], "uv_size": [1, 1]},
								"west": {"uv": [16, 53], "uv_size": [1, 1]},
								"up": {"uv": [53, 16], "uv_size": [1, 1]},
								"down": {"uv": [17, 54], "uv_size": [1, -1]}
							}
						},
						{
							"origin": [1.72029, 4.98335, 0.88893],
							"size": [1.5498, 0.2835, 0.6237],
							"pivot": [2.49352, 5.2385, 1.19841],
							"rotation": [180, 0, 67.5],
							"uv": {
								"north": {"uv": [18, 48], "uv_size": [2, 1]},
								"east": {"uv": [53, 17], "uv_size": [1, 1]},
								"south": {"uv": [48, 18], "uv_size": [2, 1]},
								"west": {"uv": [18, 53], "uv_size": [1, 1]},
								"up": {"uv": [48, 19], "uv_size": [2, 1]},
								"down": {"uv": [21, 49], "uv_size": [2, -1]}
							}
						},
						{
							"origin": [1.98549, 5.80614, 0.90783],
							"size": [0.2646, 0.21735, 0.59535],
							"pivot": [2.49352, 5.2385, 1.19841],
							"rotation": [-180, 0, -57.5],
							"uv": {
								"north": {"uv": [53, 18], "uv_size": [1, 1]},
								"east": {"uv": [19, 53], "uv_size": [1, 1]},
								"south": {"uv": [53, 19], "uv_size": [1, 1]},
								"west": {"uv": [20, 53], "uv_size": [1, 1]},
								"up": {"uv": [53, 20], "uv_size": [1, 1]},
								"down": {"uv": [21, 54], "uv_size": [1, -1]}
							}
						},
						{
							"origin": [1.9874, 4.45625, 0.90783],
							"size": [0.2646, 0.189, 0.6048],
							"pivot": [2.49352, 5.2385, 1.19841],
							"rotation": [-180, 0, 12.5],
							"uv": {
								"north": {"uv": [53, 21], "uv_size": [1, 1]},
								"east": {"uv": [22, 53], "uv_size": [1, 1]},
								"south": {"uv": [53, 22], "uv_size": [1, 1]},
								"west": {"uv": [23, 53], "uv_size": [1, 1]},
								"up": {"uv": [53, 23], "uv_size": [1, 1]},
								"down": {"uv": [24, 54], "uv_size": [1, -1]}
							}
						},
						{
							"origin": [1.72029, 4.96445, 2.08908],
							"size": [1.5498, 0.3024, 0.6237],
							"pivot": [2.49352, 5.2385, 1.19841],
							"rotation": [180, 0, 67.5],
							"uv": {
								"north": {"uv": [23, 48], "uv_size": [2, 1]},
								"east": {"uv": [53, 24], "uv_size": [1, 1]},
								"south": {"uv": [25, 48], "uv_size": [2, 1]},
								"west": {"uv": [25, 53], "uv_size": [1, 1]},
								"up": {"uv": [27, 48], "uv_size": [2, 1]},
								"down": {"uv": [29, 49], "uv_size": [2, -1]}
							}
						},
						{
							"origin": [1.98549, 5.80614, 2.10798],
							"size": [0.2646, 0.21735, 0.59535],
							"pivot": [2.49352, 5.2385, 1.19841],
							"rotation": [-180, 0, -57.5],
							"uv": {
								"north": {"uv": [53, 25], "uv_size": [1, 1]},
								"east": {"uv": [26, 53], "uv_size": [1, 1]},
								"south": {"uv": [53, 26], "uv_size": [1, 1]},
								"west": {"uv": [27, 53], "uv_size": [1, 1]},
								"up": {"uv": [53, 27], "uv_size": [1, 1]},
								"down": {"uv": [28, 54], "uv_size": [1, -1]}
							}
						},
						{
							"origin": [1.9874, 4.45625, 2.09223],
							"size": [0.2646, 0.189, 0.6048],
							"pivot": [2.49352, 5.2385, 1.19841],
							"rotation": [-180, 0, 12.5],
							"uv": {
								"north": {"uv": [53, 28], "uv_size": [1, 1]},
								"east": {"uv": [29, 53], "uv_size": [1, 1]},
								"south": {"uv": [53, 29], "uv_size": [1, 1]},
								"west": {"uv": [30, 53], "uv_size": [1, 1]},
								"up": {"uv": [53, 30], "uv_size": [1, 1]},
								"down": {"uv": [31, 54], "uv_size": [1, -1]}
							}
						},
						{
							"origin": [2.86891, 5.84013, -0.84672],
							"size": [0.25515, 0.0945, 3.6081],
							"pivot": [2.49352, 5.2385, 1.19841],
							"rotation": [-180, 0, 22.5],
							"uv": {
								"north": {"uv": [53, 31], "uv_size": [1, 1]},
								"east": {"uv": [44, 11], "uv_size": [4, 1]},
								"south": {"uv": [32, 53], "uv_size": [1, 1]},
								"west": {"uv": [16, 44], "uv_size": [4, 1]},
								"up": {"uv": [10, 44], "uv_size": [1, 4]},
								"down": {"uv": [11, 48], "uv_size": [1, -4]}
							}
						},
						{
							"origin": [1.68249, 5.2574, -0.85617],
							"size": [1.63485, 0.2079, 3.627],
							"pivot": [2.49352, 5.2385, 1.19841],
							"rotation": [180, 0, 67.5],
							"uv": {
								"north": {"uv": [31, 48], "uv_size": [2, 1]},
								"east": {"uv": [44, 16], "uv_size": [4, 1]},
								"south": {"uv": [33, 48], "uv_size": [2, 1]},
								"west": {"uv": [44, 17], "uv_size": [4, 1]},
								"up": {"uv": [2, 38], "uv_size": [2, 4]},
								"down": {"uv": [38, 8], "uv_size": [2, -4]}
							}
						},
						{
							"origin": [-2.57515, 1.92666, -0.5202],
							"size": [3.24, 4.99, 3.965],
							"pivot": [0.11485, 5.07049, 1.575],
							"rotation": [0, 90, 0],
							"uv": {
								"north": {"uv": [19, 27], "uv_size": [3, 5]},
								"east": {"uv": [3, 20], "uv_size": [4, 5]},
								"south": {"uv": [0, 29], "uv_size": [3, 5]},
								"west": {"uv": [7, 20], "uv_size": [4, 5]},
								"up": {"uv": [0, 34], "uv_size": [3, 4]},
								"down": {"uv": [11, 41], "uv_size": [3, -4]}
							}
						},
						{
							"origin": [-2.26097, 7.52178, 0.31935],
							"size": [2.11, 0.6025, 2.09036],
							"inflate": -0.2,
							"pivot": [-0.0961, 7.78928, 1.575],
							"rotation": [-180, 67.5, -180],
							"uv": {
								"north": {"uv": [20, 51], "uv_size": [2, 1]},
								"east": {"uv": [51, 22], "uv_size": [2, 1]},
								"south": {"uv": [51, 23], "uv_size": [2, 1]},
								"west": {"uv": [24, 51], "uv_size": [2, 1]},
								"up": {"uv": [14, 46], "uv_size": [2, 2]},
								"down": {"uv": [46, 20], "uv_size": [2, -2]}
							}
						},
						{
							"origin": [-2.24097, 6.91178, 0.33935],
							"size": [2.07, 0.8325, 2.05036],
							"pivot": [-0.0961, 7.78928, 1.575],
							"rotation": [-180, 67.5, -180],
							"uv": {
								"north": {"uv": [51, 17], "uv_size": [2, 1]},
								"east": {"uv": [18, 51], "uv_size": [2, 1]},
								"south": {"uv": [51, 18], "uv_size": [2, 1]},
								"west": {"uv": [51, 19], "uv_size": [2, 1]},
								"up": {"uv": [46, 6], "uv_size": [2, 2]},
								"down": {"uv": [12, 48], "uv_size": [2, -2]}
							}
						},
						{
							"origin": [0.74939, 7.25428, 1.77574],
							"size": [1.57, 0.58, 1.55036],
							"inflate": -0.2,
							"pivot": [-0.0961, 7.78928, 1.675],
							"rotation": [-180, 67.5, -180],
							"uv": {
								"north": {"uv": [14, 51], "uv_size": [2, 1]},
								"east": {"uv": [51, 15], "uv_size": [2, 1]},
								"south": {"uv": [16, 51], "uv_size": [2, 1]},
								"west": {"uv": [51, 16], "uv_size": [2, 1]},
								"up": {"uv": [34, 45], "uv_size": [2, 2]},
								"down": {"uv": [46, 6], "uv_size": [2, -2]}
							}
						},
						{
							"origin": [0.76939, 6.12428, 1.79574],
							"size": [1.53, 1.33, 1.51036],
							"pivot": [-0.0961, 7.78928, 1.675],
							"rotation": [-180, 67.5, -180],
							"uv": {
								"north": {"uv": [51, 9], "uv_size": [2, 1]},
								"east": {"uv": [10, 51], "uv_size": [2, 1]},
								"south": {"uv": [51, 10], "uv_size": [2, 1]},
								"west": {"uv": [51, 12], "uv_size": [2, 1]},
								"up": {"uv": [16, 45], "uv_size": [2, 2]},
								"down": {"uv": [18, 47], "uv_size": [2, -2]}
							}
						},
						{
							"origin": [3.25267, 2.91412, -4.4425],
							"size": [1.57, 1.55036, 0.76],
							"inflate": -0.2,
							"pivot": [2.7191, 5.20962, 1.63],
							"rotation": [-90, 67.5, -90],
							"uv": {
								"north": {"uv": [0, 45], "uv_size": [2, 2]},
								"east": {"uv": [51, 4], "uv_size": [1, 2]},
								"south": {"uv": [2, 45], "uv_size": [2, 2]},
								"west": {"uv": [5, 51], "uv_size": [1, 2]},
								"up": {"uv": [6, 51], "uv_size": [2, 1]},
								"down": {"uv": [51, 9], "uv_size": [2, -1]}
							}
						},
						{
							"origin": [3.27267, 2.93412, -4.0625],
							"size": [1.53, 1.51036, 0.72],
							"pivot": [2.7191, 5.20962, 1.63],
							"rotation": [-90, 67.5, -90],
							"uv": {
								"north": {"uv": [42, 44], "uv_size": [2, 2]},
								"east": {"uv": [3, 51], "uv_size": [1, 2]},
								"south": {"uv": [44, 44], "uv_size": [2, 2]},
								"west": {"uv": [4, 51], "uv_size": [1, 2]},
								"up": {"uv": [50, 37], "uv_size": [2, 1]},
								"down": {"uv": [50, 43], "uv_size": [2, -1]}
							}
						},
						{
							"origin": [2.89072, 3.8366, 8.55944],
							"size": [0.6885, 1.88223, 0.3159],
							"pivot": [0.00937, 5.12213, 10],
							"rotation": [0, 90, 67.5],
							"uv": {
								"north": {"uv": [50, 50], "uv_size": [1, 2]},
								"east": {"uv": [0, 51], "uv_size": [1, 2]},
								"south": {"uv": [1, 51], "uv_size": [1, 2]},
								"west": {"uv": [2, 51], "uv_size": [1, 2]},
								"up": {"uv": [53, 39], "uv_size": [1, 1]},
								"down": {"uv": [40, 54], "uv_size": [1, -1]}
							}
						},
						{
							"origin": [2.89072, 3.34952, 8.07237],
							"size": [0.6885, 1.88223, 0.3159],
							"pivot": [0.00937, 5.12213, 10],
							"rotation": [0, 90, 22.5],
							"uv": {
								"north": {"uv": [46, 50], "uv_size": [1, 2]},
								"east": {"uv": [47, 50], "uv_size": [1, 2]},
								"south": {"uv": [48, 50], "uv_size": [1, 2]},
								"west": {"uv": [49, 50], "uv_size": [1, 2]},
								"up": {"uv": [53, 38], "uv_size": [1, 1]},
								"down": {"uv": [39, 54], "uv_size": [1, -1]}
							}
						},
						{
							"origin": [2.89072, 3.8366, 12.78764],
							"size": [0.6885, 1.88223, 0.3159],
							"pivot": [0.00937, 5.12213, 10],
							"rotation": [0, 90, 67.5],
							"uv": {
								"north": {"uv": [43, 50], "uv_size": [1, 2]},
								"east": {"uv": [44, 50], "uv_size": [1, 2]},
								"south": {"uv": [50, 44], "uv_size": [1, 2]},
								"west": {"uv": [45, 50], "uv_size": [1, 2]},
								"up": {"uv": [53, 37], "uv_size": [1, 1]},
								"down": {"uv": [38, 54], "uv_size": [1, -1]}
							}
						},
						{
							"origin": [2.89072, 3.34952, 12.30057],
							"size": [0.6885, 1.88223, 0.3159],
							"pivot": [0.00937, 5.12213, 10],
							"rotation": [0, 90, 22.5],
							"uv": {
								"north": {"uv": [39, 50], "uv_size": [1, 2]},
								"east": {"uv": [40, 50], "uv_size": [1, 2]},
								"south": {"uv": [41, 50], "uv_size": [1, 2]},
								"west": {"uv": [42, 50], "uv_size": [1, 2]},
								"up": {"uv": [53, 36], "uv_size": [1, 1]},
								"down": {"uv": [37, 54], "uv_size": [1, -1]}
							}
						},
						{
							"origin": [2.89072, 2.50567, 9.89038],
							"size": [0.6885, 0.3159, 1.88223],
							"pivot": [0.00937, 5.12213, 10],
							"rotation": [0, 90, 67.5],
							"uv": {
								"north": {"uv": [53, 35], "uv_size": [1, 1]},
								"east": {"uv": [50, 31], "uv_size": [2, 1]},
								"south": {"uv": [36, 53], "uv_size": [1, 1]},
								"west": {"uv": [34, 50], "uv_size": [2, 1]},
								"up": {"uv": [37, 50], "uv_size": [1, 2]},
								"down": {"uv": [38, 52], "uv_size": [1, -2]}
							}
						},
						{
							"origin": [2.89072, 2.01859, 9.4033],
							"size": [0.6885, 0.3159, 1.88223],
							"pivot": [0.00937, 5.12213, 10],
							"rotation": [0, 90, 22.5],
							"uv": {
								"north": {"uv": [53, 34], "uv_size": [1, 1]},
								"east": {"uv": [50, 29], "uv_size": [2, 1]},
								"south": {"uv": [35, 53], "uv_size": [1, 1]},
								"west": {"uv": [50, 30], "uv_size": [2, 1]},
								"up": {"uv": [32, 50], "uv_size": [1, 2]},
								"down": {"uv": [33, 52], "uv_size": [1, -2]}
							}
						},
						{
							"origin": [2.89072, 6.73387, 9.89038],
							"size": [0.6885, 0.3159, 1.88223],
							"pivot": [0.00937, 5.12213, 10],
							"rotation": [0, 90, 67.5],
							"uv": {
								"north": {"uv": [53, 33], "uv_size": [1, 1]},
								"east": {"uv": [24, 50], "uv_size": [2, 1]},
								"south": {"uv": [34, 53], "uv_size": [1, 1]},
								"west": {"uv": [50, 26], "uv_size": [2, 1]},
								"up": {"uv": [26, 50], "uv_size": [1, 2]},
								"down": {"uv": [50, 29], "uv_size": [1, -2]}
							}
						},
						{
							"origin": [2.89072, 6.24679, 9.4033],
							"size": [0.6885, 0.3159, 1.88223],
							"pivot": [0.00937, 5.12213, 10],
							"rotation": [0, 90, 22.5],
							"uv": {
								"north": {"uv": [53, 32], "uv_size": [1, 1]},
								"east": {"uv": [50, 20], "uv_size": [2, 1]},
								"south": {"uv": [33, 53], "uv_size": [1, 1]},
								"west": {"uv": [50, 21], "uv_size": [2, 1]},
								"up": {"uv": [22, 50], "uv_size": [1, 2]},
								"down": {"uv": [23, 52], "uv_size": [1, -2]}
							}
						},
						{
							"origin": [14.14072, 3.8366, 8.55944],
							"size": [2.3085, 1.88223, 0.3159],
							"pivot": [0.00937, 5.12213, 10],
							"rotation": [0, 90, 67.5],
							"uv": {
								"north": {"uv": [39, 44], "uv_size": [2, 2]},
								"east": {"uv": [50, 16], "uv_size": [1, 2]},
								"south": {"uv": [44, 40], "uv_size": [2, 2]},
								"west": {"uv": [50, 18], "uv_size": [1, 2]},
								"up": {"uv": [50, 14], "uv_size": [2, 1]},
								"down": {"uv": [20, 51], "uv_size": [2, -1]}
							}
						},
						{
							"origin": [14.14072, 3.34952, 8.07237],
							"size": [2.3085, 1.88223, 0.3159],
							"pivot": [0.00937, 5.12213, 10],
							"rotation": [0, 90, 22.5],
							"uv": {
								"north": {"uv": [37, 44], "uv_size": [2, 2]},
								"east": {"uv": [12, 50], "uv_size": [1, 2]},
								"south": {"uv": [44, 38], "uv_size": [2, 2]},
								"west": {"uv": [13, 50], "uv_size": [1, 2]},
								"up": {"uv": [50, 11], "uv_size": [2, 1]},
								"down": {"uv": [50, 14], "uv_size": [2, -1]}
							}
						},
						{
							"origin": [14.14072, 3.8366, 12.78764],
							"size": [2.3085, 1.88223, 0.3159],
							"pivot": [0.00937, 5.12213, 10],
							"rotation": [0, 90, 67.5],
							"uv": {
								"north": {"uv": [44, 31], "uv_size": [2, 2]},
								"east": {"uv": [8, 50], "uv_size": [1, 2]},
								"south": {"uv": [32, 44], "uv_size": [2, 2]},
								"west": {"uv": [9, 50], "uv_size": [1, 2]},
								"up": {"uv": [50, 7], "uv_size": [2, 1]},
								"down": {"uv": [10, 51], "uv_size": [2, -1]}
							}
						},
						{
							"origin": [14.14072, 3.34952, 12.30057],
							"size": [2.3085, 1.88223, 0.3159],
							"pivot": [0.00937, 5.12213, 10],
							"rotation": [0, 90, 22.5],
							"uv": {
								"north": {"uv": [44, 29], "uv_size": [2, 2]},
								"east": {"uv": [36, 49], "uv_size": [1, 2]},
								"south": {"uv": [30, 44], "uv_size": [2, 2]},
								"west": {"uv": [50, 4], "uv_size": [1, 2]},
								"up": {"uv": [6, 50], "uv_size": [2, 1]},
								"down": {"uv": [50, 7], "uv_size": [2, -1]}
							}
						},
						{
							"origin": [14.14072, 2.50566, 9.89038],
							"size": [2.3085, 0.3159, 1.88223],
							"pivot": [0.00937, 5.12213, 10],
							"rotation": [0, 90, 67.5],
							"uv": {
								"north": {"uv": [50, 0], "uv_size": [2, 1]},
								"east": {"uv": [50, 1], "uv_size": [2, 1]},
								"south": {"uv": [50, 2], "uv_size": [2, 1]},
								"west": {"uv": [50, 3], "uv_size": [2, 1]},
								"up": {"uv": [26, 44], "uv_size": [2, 2]},
								"down": {"uv": [44, 29], "uv_size": [2, -2]}
							}
						},
						{
							"origin": [14.14072, 2.01859, 9.4033],
							"size": [2.3085, 0.3159, 1.88223],
							"pivot": [0.00937, 5.12213, 10],
							"rotation": [0, 90, 22.5],
							"uv": {
								"north": {"uv": [47, 49], "uv_size": [2, 1]},
								"east": {"uv": [49, 47], "uv_size": [2, 1]},
								"south": {"uv": [49, 48], "uv_size": [2, 1]},
								"west": {"uv": [49, 49], "uv_size": [2, 1]},
								"up": {"uv": [24, 44], "uv_size": [2, 2]},
								"down": {"uv": [44, 27], "uv_size": [2, -2]}
							}
						},
						{
							"origin": [14.14072, 6.73386, 9.89038],
							"size": [2.3085, 0.3159, 1.88223],
							"pivot": [0.00937, 5.12213, 10],
							"rotation": [0, 90, 67.5],
							"uv": {
								"north": {"uv": [43, 49], "uv_size": [2, 1]},
								"east": {"uv": [49, 43], "uv_size": [2, 1]},
								"south": {"uv": [45, 49], "uv_size": [2, 1]},
								"west": {"uv": [49, 46], "uv_size": [2, 1]},
								"up": {"uv": [22, 44], "uv_size": [2, 2]},
								"down": {"uv": [44, 25], "uv_size": [2, -2]}
							}
						},
						{
							"origin": [14.14072, 6.24679, 9.4033],
							"size": [2.3085, 0.3159, 1.88223],
							"pivot": [0.00937, 5.12213, 10],
							"rotation": [0, 90, 22.5],
							"uv": {
								"north": {"uv": [49, 39], "uv_size": [2, 1]},
								"east": {"uv": [49, 40], "uv_size": [2, 1]},
								"south": {"uv": [41, 49], "uv_size": [2, 1]},
								"west": {"uv": [49, 41], "uv_size": [2, 1]},
								"up": {"uv": [44, 18], "uv_size": [2, 2]},
								"down": {"uv": [20, 46], "uv_size": [2, -2]}
							}
						},
						{
							"origin": [0.49062, 6.10189, 9.47301],
							"size": [18.6875, 0.2925, 1.7428],
							"inflate": -0.001,
							"pivot": [0.00937, 5.12213, 10],
							"rotation": [0, 90, 22.5],
							"uv": {
								"north": {"uv": [22, 25], "uv_size": [19, 1]},
								"east": {"uv": [49, 36], "uv_size": [2, 1]},
								"south": {"uv": [3, 26], "uv_size": [19, 1]},
								"west": {"uv": [49, 38], "uv_size": [2, 1]},
								"up": {"uv": [19, 8], "uv_size": [19, 2]},
								"down": {"uv": [19, 12], "uv_size": [19, -2]}
							}
						},
						{
							"origin": [0.49062, 6.58896, 9.96009],
							"size": [18.6875, 0.2925, 1.7428],
							"pivot": [0.00937, 5.12213, 10],
							"rotation": [0, 90, 67.5],
							"uv": {
								"north": {"uv": [11, 24], "uv_size": [19, 1]},
								"east": {"uv": [49, 34], "uv_size": [2, 1]},
								"south": {"uv": [3, 25], "uv_size": [19, 1]},
								"west": {"uv": [49, 35], "uv_size": [2, 1]},
								"up": {"uv": [19, 4], "uv_size": [19, 2]},
								"down": {"uv": [19, 8], "uv_size": [19, -2]}
							}
						},
						{
							"origin": [0.49062, 2.18689, 9.47301],
							"size": [18.6875, 0.2925, 1.7428],
							"pivot": [0.00937, 5.12213, 10],
							"rotation": [0, 90, 22.5],
							"uv": {
								"north": {"uv": [22, 20], "uv_size": [19, 1]},
								"east": {"uv": [49, 33], "uv_size": [2, 1]},
								"south": {"uv": [11, 23], "uv_size": [19, 1]},
								"west": {"uv": [34, 49], "uv_size": [2, 1]},
								"up": {"uv": [19, 0], "uv_size": [19, 2]},
								"down": {"uv": [19, 4], "uv_size": [19, -2]}
							}
						},
						{
							"origin": [0.49062, 2.67396, 9.96009],
							"size": [18.6875, 0.2925, 1.7428],
							"inflate": -0.001,
							"pivot": [0.00937, 5.12213, 10],
							"rotation": [0, 90, 67.5],
							"uv": {
								"north": {"uv": [22, 18], "uv_size": [19, 1]},
								"east": {"uv": [32, 49], "uv_size": [2, 1]},
								"south": {"uv": [22, 19], "uv_size": [19, 1]},
								"west": {"uv": [49, 32], "uv_size": [2, 1]},
								"up": {"uv": [0, 16], "uv_size": [19, 2]},
								"down": {"uv": [0, 20], "uv_size": [19, -2]}
							}
						},
						{
							"origin": [0.46562, 3.41924, 12.15567],
							"size": [18.7125, 1.7428, 0.2925],
							"pivot": [0.00937, 5.12213, 10],
							"rotation": [0, 90, 22.5],
							"uv": {
								"north": {"uv": [0, 12], "uv_size": [19, 2]},
								"east": {"uv": [49, 30], "uv_size": [1, 2]},
								"south": {"uv": [0, 14], "uv_size": [19, 2]},
								"west": {"uv": [31, 49], "uv_size": [1, 2]},
								"up": {"uv": [22, 16], "uv_size": [19, 1]},
								"down": {"uv": [22, 18], "uv_size": [19, -1]}
							}
						},
						{
							"origin": [0.49062, 3.90631, 12.64274],
							"size": [18.6875, 1.7428, 0.2925],
							"pivot": [0.00937, 5.12213, 10],
							"rotation": [0, 90, 67.5],
							"uv": {
								"north": {"uv": [0, 8], "uv_size": [19, 2]},
								"east": {"uv": [29, 49], "uv_size": [1, 2]},
								"south": {"uv": [0, 10], "uv_size": [19, 2]},
								"west": {"uv": [30, 49], "uv_size": [1, 2]},
								"up": {"uv": [22, 14], "uv_size": [19, 1]},
								"down": {"uv": [22, 16], "uv_size": [19, -1]}
							}
						},
						{
							"origin": [0.49062, 3.41924, 8.24067],
							"size": [18.6875, 1.7428, 0.2925],
							"pivot": [0.00937, 5.12213, 10],
							"rotation": [0, 90, 22.5],
							"uv": {
								"north": {"uv": [0, 4], "uv_size": [19, 2]},
								"east": {"uv": [28, 49], "uv_size": [1, 2]},
								"south": {"uv": [0, 6], "uv_size": [19, 2]},
								"west": {"uv": [49, 28], "uv_size": [1, 2]},
								"up": {"uv": [22, 12], "uv_size": [19, 1]},
								"down": {"uv": [22, 14], "uv_size": [19, -1]}
							}
						},
						{
							"origin": [0.49062, 3.90631, 8.72774],
							"size": [18.6875, 1.7428, 0.2925],
							"pivot": [0.00937, 5.12213, 10],
							"rotation": [0, 90, 67.5],
							"uv": {
								"north": {"uv": [0, 0], "uv_size": [19, 2]},
								"east": {"uv": [49, 26], "uv_size": [1, 2]},
								"south": {"uv": [0, 2], "uv_size": [19, 2]},
								"west": {"uv": [27, 49], "uv_size": [1, 2]},
								"up": {"uv": [11, 21], "uv_size": [19, 1]},
								"down": {"uv": [11, 23], "uv_size": [19, -1]}
							}
						},
						{
							"origin": [16.43437, 6.31564, 9.31924],
							"size": [2.8, 0.45, 2.05036],
							"inflate": -0.001,
							"pivot": [0.00937, 5.12213, 10],
							"rotation": [0, 90, 22.5],
							"uv": {
								"north": {"uv": [42, 46], "uv_size": [3, 1]},
								"east": {"uv": [25, 49], "uv_size": [2, 1]},
								"south": {"uv": [46, 43], "uv_size": [3, 1]},
								"west": {"uv": [49, 25], "uv_size": [2, 1]},
								"up": {"uv": [31, 41], "uv_size": [3, 2]},
								"down": {"uv": [41, 33], "uv_size": [3, -2]}
							}
						},
						{
							"origin": [11.93437, 6.80271, 9.80631],
							"size": [7.3, 0.45, 2.05036],
							"pivot": [0.00937, 5.12213, 10],
							"rotation": [0, 90, 67.5],
							"uv": {
								"north": {"uv": [37, 24], "uv_size": [7, 1]},
								"east": {"uv": [49, 23], "uv_size": [2, 1]},
								"south": {"uv": [38, 8], "uv_size": [7, 1]},
								"west": {"uv": [49, 24], "uv_size": [2, 1]},
								"up": {"uv": [12, 31], "uv_size": [7, 2]},
								"down": {"uv": [19, 34], "uv_size": [7, -2]}
							}
						},
						{
							"origin": [16.43437, 1.81564, 9.31924],
							"size": [2.8, 0.45, 2.05036],
							"pivot": [0.00937, 5.12213, 10],
							"rotation": [0, 90, 22.5],
							"uv": {
								"north": {"uv": [46, 40], "uv_size": [3, 1]},
								"east": {"uv": [49, 22], "uv_size": [2, 1]},
								"south": {"uv": [46, 41], "uv_size": [3, 1]},
								"west": {"uv": [23, 49], "uv_size": [2, 1]},
								"up": {"uv": [28, 41], "uv_size": [3, 2]},
								"down": {"uv": [41, 31], "uv_size": [3, -2]}
							}
						},
						{
							"origin": [16.43437, 2.30271, 9.80631],
							"size": [2.8, 0.45, 2.05036],
							"inflate": -0.001,
							"pivot": [0.00937, 5.12213, 10],
							"rotation": [0, 90, 67.5],
							"uv": {
								"north": {"uv": [46, 38], "uv_size": [3, 1]},
								"east": {"uv": [49, 15], "uv_size": [2, 1]},
								"south": {"uv": [46, 39], "uv_size": [3, 1]},
								"west": {"uv": [21, 49], "uv_size": [2, 1]},
								"up": {"uv": [41, 25], "uv_size": [3, 2]},
								"down": {"uv": [41, 29], "uv_size": [3, -2]}
							}
						},
						{
							"origin": [16.43437, 3.26546, 12.36942],
							"size": [2.8, 2.05036, 0.45],
							"pivot": [0.00937, 5.12213, 10],
							"rotation": [0, 90, 22.5],
							"uv": {
								"north": {"uv": [22, 41], "uv_size": [3, 2]},
								"east": {"uv": [19, 49], "uv_size": [1, 2]},
								"south": {"uv": [25, 41], "uv_size": [3, 2]},
								"west": {"uv": [49, 20], "uv_size": [1, 2]},
								"up": {"uv": [46, 36], "uv_size": [3, 1]},
								"down": {"uv": [37, 47], "uv_size": [3, -1]}
							}
						},
						{
							"origin": [16.43437, 3.75254, 12.85649],
							"size": [2.8, 2.05036, 0.45],
							"pivot": [0.00937, 5.12213, 10],
							"rotation": [0, 90, 67.5],
							"uv": {
								"north": {"uv": [41, 18], "uv_size": [3, 2]},
								"east": {"uv": [17, 49], "uv_size": [1, 2]},
								"south": {"uv": [19, 41], "uv_size": [3, 2]},
								"west": {"uv": [18, 49], "uv_size": [1, 2]},
								"up": {"uv": [46, 34], "uv_size": [3, 1]},
								"down": {"uv": [46, 36], "uv_size": [3, -1]}
							}
						},
						{
							"origin": [11.93437, 3.26546, 7.86942],
							"size": [7.3, 2.05036, 0.45],
							"pivot": [0.00937, 5.12213, 10],
							"rotation": [0, 90, 22.5],
							"uv": {
								"north": {"uv": [30, 23], "uv_size": [7, 2]},
								"east": {"uv": [15, 49], "uv_size": [1, 2]},
								"south": {"uv": [5, 31], "uv_size": [7, 2]},
								"west": {"uv": [16, 49], "uv_size": [1, 2]},
								"up": {"uv": [11, 20], "uv_size": [7, 1]},
								"down": {"uv": [37, 24], "uv_size": [7, -1]}
							}
						},
						{
							"origin": [16.43437, 3.75254, 8.35649],
							"size": [2.8, 2.05036, 0.45],
							"pivot": [0.00937, 5.12213, 10],
							"rotation": [0, 90, 67.5],
							"uv": {
								"north": {"uv": [16, 41], "uv_size": [3, 2]},
								"east": {"uv": [49, 13], "uv_size": [1, 2]},
								"south": {"uv": [41, 16], "uv_size": [3, 2]},
								"west": {"uv": [14, 49], "uv_size": [1, 2]},
								"up": {"uv": [46, 32], "uv_size": [3, 1]},
								"down": {"uv": [46, 34], "uv_size": [3, -1]}
							}
						},
						{
							"origin": [5.63437, 6.31564, 9.31924],
							"size": [6.3, 0.45, 2.05036],
							"pivot": [0.00937, 5.12213, 10],
							"rotation": [0, 90, 22.5],
							"uv": {
								"north": {"uv": [41, 14], "uv_size": [6, 1]},
								"east": {"uv": [12, 49], "uv_size": [2, 1]},
								"south": {"uv": [41, 15], "uv_size": [6, 1]},
								"west": {"uv": [49, 12], "uv_size": [2, 1]},
								"up": {"uv": [35, 36], "uv_size": [6, 2]},
								"down": {"uv": [5, 39], "uv_size": [6, -2]}
							}
						},
						{
							"origin": [5.63437, 6.80271, 9.80631],
							"size": [6.3, 0.45, 2.05036],
							"pivot": [0.00937, 5.12213, 10],
							"rotation": [0, 90, 67.5],
							"uv": {
								"north": {"uv": [41, 12], "uv_size": [6, 1]},
								"east": {"uv": [10, 49], "uv_size": [2, 1]},
								"south": {"uv": [41, 13], "uv_size": [6, 1]},
								"west": {"uv": [49, 10], "uv_size": [2, 1]},
								"up": {"uv": [17, 36], "uv_size": [6, 2]},
								"down": {"uv": [29, 38], "uv_size": [6, -2]}
							}
						},
						{
							"origin": [5.63437, 1.81564, 9.31924],
							"size": [6.3, 0.45, 2.05036],
							"pivot": [0.00937, 5.12213, 10],
							"rotation": [0, 90, 22.5],
							"uv": {
								"north": {"uv": [10, 41], "uv_size": [6, 1]},
								"east": {"uv": [49, 8], "uv_size": [2, 1]},
								"south": {"uv": [41, 10], "uv_size": [6, 1]},
								"west": {"uv": [49, 9], "uv_size": [2, 1]},
								"up": {"uv": [11, 35], "uv_size": [6, 2]},
								"down": {"uv": [23, 37], "uv_size": [6, -2]}
							}
						},
						{
							"origin": [5.63437, 2.30271, 9.80631],
							"size": [6.3, 0.45, 2.05036],
							"pivot": [0.00937, 5.12213, 10],
							"rotation": [0, 90, 67.5],
							"uv": {
								"north": {"uv": [4, 41], "uv_size": [6, 1]},
								"east": {"uv": [6, 49], "uv_size": [2, 1]},
								"south": {"uv": [41, 9], "uv_size": [6, 1]},
								"west": {"uv": [8, 49], "uv_size": [2, 1]},
								"up": {"uv": [32, 34], "uv_size": [6, 2]},
								"down": {"uv": [5, 37], "uv_size": [6, -2]}
							}
						},
						{
							"origin": [5.63437, 3.26546, 12.36942],
							"size": [6.3, 2.05036, 0.45],
							"pivot": [0.00937, 5.12213, 10],
							"rotation": [0, 90, 22.5],
							"uv": {
								"north": {"uv": [26, 33], "uv_size": [6, 2]},
								"east": {"uv": [4, 49], "uv_size": [1, 2]},
								"south": {"uv": [17, 34], "uv_size": [6, 2]},
								"west": {"uv": [5, 49], "uv_size": [1, 2]},
								"up": {"uv": [29, 40], "uv_size": [6, 1]},
								"down": {"uv": [35, 41], "uv_size": [6, -1]}
							}
						},
						{
							"origin": [5.63437, 3.75254, 12.85649],
							"size": [6.3, 2.05036, 0.45],
							"pivot": [0.00937, 5.12213, 10],
							"rotation": [0, 90, 67.5],
							"uv": {
								"north": {"uv": [5, 33], "uv_size": [6, 2]},
								"east": {"uv": [49, 2], "uv_size": [1, 2]},
								"south": {"uv": [11, 33], "uv_size": [6, 2]},
								"west": {"uv": [3, 49], "uv_size": [1, 2]},
								"up": {"uv": [40, 7], "uv_size": [6, 1]},
								"down": {"uv": [16, 41], "uv_size": [6, -1]}
							}
						},
						{
							"origin": [5.63437, 3.26546, 7.86942],
							"size": [6.3, 2.05036, 0.45],
							"pivot": [0.00937, 5.12213, 10],
							"rotation": [0, 90, 22.5],
							"uv": {
								"north": {"uv": [32, 30], "uv_size": [6, 2]},
								"east": {"uv": [1, 49], "uv_size": [1, 2]},
								"south": {"uv": [32, 32], "uv_size": [6, 2]},
								"west": {"uv": [2, 49], "uv_size": [1, 2]},
								"up": {"uv": [40, 5], "uv_size": [6, 1]},
								"down": {"uv": [40, 7], "uv_size": [6, -1]}
							}
						},
						{
							"origin": [5.63437, 3.75254, 8.35649],
							"size": [6.3, 2.05036, 0.45],
							"pivot": [0.00937, 5.12213, 10],
							"rotation": [0, 90, 67.5],
							"uv": {
								"north": {"uv": [32, 26], "uv_size": [6, 2]},
								"east": {"uv": [0, 49], "uv_size": [1, 2]},
								"south": {"uv": [32, 28], "uv_size": [6, 2]},
								"west": {"uv": [49, 0], "uv_size": [1, 2]},
								"up": {"uv": [38, 11], "uv_size": [6, 1]},
								"down": {"uv": [40, 5], "uv_size": [6, -1]}
							}
						},
						{
							"origin": [0.43437, 6.31564, 9.31924],
							"size": [2.5, 0.45, 2.05036],
							"inflate": -0.001,
							"pivot": [0.00937, 5.12213, 10],
							"rotation": [0, 90, 22.5],
							"uv": {
								"north": {"uv": [46, 30], "uv_size": [3, 1]},
								"east": {"uv": [48, 45], "uv_size": [2, 1]},
								"south": {"uv": [46, 31], "uv_size": [3, 1]},
								"west": {"uv": [47, 48], "uv_size": [2, 1]},
								"up": {"uv": [40, 0], "uv_size": [3, 2]},
								"down": {"uv": [40, 4], "uv_size": [3, -2]}
							}
						},
						{
							"origin": [0.43437, 6.80271, 9.80631],
							"size": [2.5, 0.45, 2.05036],
							"pivot": [0.00937, 5.12213, 10],
							"rotation": [0, 90, 67.5],
							"uv": {
								"north": {"uv": [46, 29], "uv_size": [3, 1]},
								"east": {"uv": [48, 44], "uv_size": [2, 1]},
								"south": {"uv": [30, 46], "uv_size": [3, 1]},
								"west": {"uv": [45, 48], "uv_size": [2, 1]},
								"up": {"uv": [4, 39], "uv_size": [3, 2]},
								"down": {"uv": [7, 41], "uv_size": [3, -2]}
							}
						},
						{
							"origin": [0.43437, 1.81564, 9.31924],
							"size": [2.5, 0.45, 2.05036],
							"pivot": [0.00937, 5.12213, 10],
							"rotation": [0, 90, 22.5],
							"uv": {
								"north": {"uv": [46, 27], "uv_size": [3, 1]},
								"east": {"uv": [48, 42], "uv_size": [2, 1]},
								"south": {"uv": [46, 28], "uv_size": [3, 1]},
								"west": {"uv": [43, 48], "uv_size": [2, 1]},
								"up": {"uv": [35, 38], "uv_size": [3, 2]},
								"down": {"uv": [38, 40], "uv_size": [3, -2]}
							}
						},
						{
							"origin": [0.43437, 2.30271, 9.80631],
							"size": [2.5, 0.45, 2.05036],
							"inflate": -0.001,
							"pivot": [0.00937, 5.12213, 10],
							"rotation": [0, 90, 67.5],
							"uv": {
								"north": {"uv": [46, 25], "uv_size": [3, 1]},
								"east": {"uv": [48, 37], "uv_size": [2, 1]},
								"south": {"uv": [46, 26], "uv_size": [3, 1]},
								"west": {"uv": [41, 48], "uv_size": [2, 1]},
								"up": {"uv": [38, 32], "uv_size": [3, 2]},
								"down": {"uv": [38, 36], "uv_size": [3, -2]}
							}
						},
						{
							"origin": [0.40937, 3.26546, 12.36942],
							"size": [2.525, 2.05036, 0.45],
							"pivot": [0.00937, 5.12213, 10],
							"rotation": [0, 90, 22.5],
							"uv": {
								"north": {"uv": [38, 30], "uv_size": [3, 2]},
								"east": {"uv": [39, 48], "uv_size": [1, 2]},
								"south": {"uv": [32, 38], "uv_size": [3, 2]},
								"west": {"uv": [40, 48], "uv_size": [1, 2]},
								"up": {"uv": [24, 46], "uv_size": [3, 1]},
								"down": {"uv": [46, 25], "uv_size": [3, -1]}
							}
						},
						{
							"origin": [0.43437, 3.75254, 12.85649],
							"size": [2.5, 2.05036, 0.45],
							"pivot": [0.00937, 5.12213, 10],
							"rotation": [0, 90, 67.5],
							"uv": {
								"north": {"uv": [38, 28], "uv_size": [3, 2]},
								"east": {"uv": [37, 48], "uv_size": [1, 2]},
								"south": {"uv": [29, 38], "uv_size": [3, 2]},
								"west": {"uv": [38, 48], "uv_size": [1, 2]},
								"up": {"uv": [46, 22], "uv_size": [3, 1]},
								"down": {"uv": [46, 24], "uv_size": [3, -1]}
							}
						},
						{
							"origin": [0.43437, 3.26546, 7.86942],
							"size": [2.5, 2.05036, 0.45],
							"pivot": [0.00937, 5.12213, 10],
							"rotation": [0, 90, 22.5],
							"uv": {
								"north": {"uv": [19, 38], "uv_size": [3, 2]},
								"east": {"uv": [10, 39], "uv_size": [1, 2]},
								"south": {"uv": [38, 26], "uv_size": [3, 2]},
								"west": {"uv": [35, 47], "uv_size": [1, 2]},
								"up": {"uv": [21, 46], "uv_size": [3, 1]},
								"down": {"uv": [46, 22], "uv_size": [3, -1]}
							}
						},
						{
							"origin": [0.43437, 3.75254, 8.35649],
							"size": [2.5, 2.05036, 0.45],
							"pivot": [0.00937, 5.12213, 10],
							"rotation": [0, 90, 67.5],
							"uv": {
								"north": {"uv": [38, 9], "uv_size": [3, 2]},
								"east": {"uv": [29, 30], "uv_size": [1, 2]},
								"south": {"uv": [16, 38], "uv_size": [3, 2]},
								"west": {"uv": [22, 38], "uv_size": [1, 2]},
								"up": {"uv": [45, 37], "uv_size": [3, 1]},
								"down": {"uv": [45, 43], "uv_size": [3, -1]}
							}
						}
					]
				},
				{
					"name": "_ca_scope",
					"parent": "main",
					"pivot": [0, 0.775, -0.15],
					"cubes": [
						{"origin": [-0.5, 0.275, -0.65], "size": [1, 1, 1], "uv": [198, 208]}
					]
				},
				{
					"name": "scope",
					"parent": "main",
					"pivot": [-0.0125, 4.2, 24.5],
					"cubes": [
						{
							"origin": [-0.5125, 3.7, 24],
							"size": [1, 1, 1],
							"inflate": -0.4,
							"uv": {
								"north": {"uv": [54, 16], "uv_size": [1, 1]},
								"east": {"uv": [57, 61], "uv_size": [1, 1]},
								"south": {"uv": [25, 62], "uv_size": [1, 1]},
								"west": {"uv": [32, 73], "uv_size": [1, 1]},
								"up": {"uv": [3, 75], "uv_size": [1, 1]},
								"down": {"uv": [11, 78], "uv_size": [1, -1]}
							}
						}
					]
				},
				{
					"name": "scopepip",
					"parent": "main",
					"pivot": [0, -9.8, 15],
					"cubes": [
						{
							"origin": [-1.89, 2.336, 8.0085],
							"size": [3.78, 3.78, 0.45],
							"uv": {
								"north": {"uv": [11, 27], "uv_size": [4, 4]},
								"east": {"uv": [36, 45], "uv_size": [1, 4]},
								"south": {"uv": [15, 27], "uv_size": [4, 4]},
								"west": {"uv": [20, 46], "uv_size": [1, 4]},
								"up": {"uv": [45, 8], "uv_size": [4, 1]},
								"down": {"uv": [45, 21], "uv_size": [4, -1]}
							}
						}
					]
				}
			]
		}
	]
}