{
	"format_version": "1.12.0",
	"minecraft:geometry": [
		{
			"description": {
				"identifier": "geometry.protonium_crystal",
				"texture_width": 64,
				"texture_height": 64,
				"visible_bounds_width": 2,
				"visible_bounds_height": 1.5,
				"visible_bounds_offset": [0, 0.25, 0]
			},
			"bones": [
				{
					"name": "bone",
					"pivot": [0, 4, 0],
					"cubes": [
						{"origin": [-3, 0, -3], "size": [6, 8, 6], "pivot": [0, 4, 0], "rotation": [-90, 0, 0], "uv": [0, 14]},
						{"origin": [-3, 0, -3], "size": [6, 8, 6], "uv": [18, 22]},
						{"origin": [-3, 0, -3], "size": [6, 8, 6], "pivot": [0, 4, 0], "rotation": [0, -90, -90], "uv": [0, 0]}
					]
				}
			]
		}
	]
}