{
	"format_version": "1.12.0",
	"minecraft:geometry": [
		{
			"description": {
				"identifier": "geometry.unknown",
				"texture_width": 64,
				"texture_height": 64,
				"visible_bounds_width": 8,
				"visible_bounds_height": 4,
				"visible_bounds_offset": [0, 1, 0]
			},
			"bones": [
				{
					"name": "ammo",
					"pivot": [1, 6.75, -11.5],
					"cubes": [
						{
							"origin": [-1.3, 0, -9.225],
							"size": [6, 3, 14],
							"pivot": [4.7, 3, -8.225],
							"rotation": [0, -13.5, 0],
							"uv": {
								"north": {"uv": [14, 14], "uv_size": [6, 3]},
								"east": {"uv": [0, 14], "uv_size": [14, 3]},
								"south": {"uv": [34, 14], "uv_size": [6, 3]},
								"west": {"uv": [20, 14], "uv_size": [14, 3]},
								"up": {"uv": [14, 0], "uv_size": [6, 14]},
								"down": {"uv": [20, 14], "uv_size": [6, -14]}
							}
						},
						{
							"origin": [-1.05, 0, 4.775],
							"size": [5.5, 2.25, 5],
							"pivot": [4.7, 3, -8.225],
							"rotation": [0, -13.5, 0],
							"uv": {
								"north": {"uv": [5, 22], "uv_size": [5, 2]},
								"east": {"uv": [0, 22], "uv_size": [5, 2]},
								"south": {"uv": [15, 22], "uv_size": [5, 2]},
								"west": {"uv": [10, 22], "uv_size": [5, 2]},
								"up": {"uv": [5, 17], "uv_size": [5, 5]},
								"down": {"uv": [10, 22], "uv_size": [5, -5]}
							}
						},
						{
							"origin": [-5.14724, 0, 6.79025],
							"size": [5.25, 2.25, 2.75],
							"inflate": -0.001,
							"pivot": [-2.64724, 1.125, 8.04025],
							"rotation": [0, 6.5, 0],
							"uv": {
								"north": {"uv": [2, 26], "uv_size": [5, 2]},
								"east": {"uv": [0, 26], "uv_size": [2, 2]},
								"south": {"uv": [9, 26], "uv_size": [5, 2]},
								"west": {"uv": [7, 26], "uv_size": [2, 2]},
								"up": {"uv": [2, 24], "uv_size": [5, 2]},
								"down": {"uv": [7, 26], "uv_size": [5, -2]}
							}
						}
					]
				},
				{
					"name": "glow",
					"parent": "ammo",
					"pivot": [4.7, 3, -8.225],
					"cubes": [
						{
							"origin": [-0.55, -0.025, 4.775],
							"size": [4.5, 2.3, 4],
							"pivot": [4.7, 3, -8.225],
							"rotation": [0, -13.5, 0],
							"uv": {
								"north": {"uv": [5, 22], "uv_size": [4, 2]},
								"east": {"uv": [1, 22], "uv_size": [4, 2]},
								"south": {"uv": [13, 22], "uv_size": [4, 2]},
								"west": {"uv": [9, 22], "uv_size": [4, 2]},
								"up": {"uv": [5.5, 18], "uv_size": [4, 4]},
								"down": {"uv": [10.5, 22], "uv_size": [4, -4]}
							}
						}
					]
				}
			]
		}
	]
}