{
	"format_version": "1.12.0",
	"minecraft:geometry": [
		{
			"description": {
				"identifier": "geometry.unknown",
				"texture_width": 64,
				"texture_height": 64,
				"visible_bounds_width": 2,
				"visible_bounds_height": 1.5,
				"visible_bounds_offset": [0, 0.25, 0]
			},
			"bones": [
				{
					"name": "bone",
					"pivot": [-1, 0, -4],
					"rotation": [0, 65, 0]
				},
				{
					"name": "hexadecagon",
					"parent": "bone",
					"pivot": [-8, -4, -9.5],
					"cubes": [
						{
							"origin": [-8.5, 1, -2.09674],
							"size": [9, 6, 1.19347],
							"uv": {
								"up": {"uv": [0, 0], "uv_size": [9, 1]},
								"down": {"uv": [0, 9], "uv_size": [9, -1]}
							}
						},
						{
							"origin": [-8.5, 1, -2.09674],
							"size": [9, 6, 1.19347],
							"pivot": [-16, 4, -1.5],
							"rotation": [-22.5, 0, 0],
							"uv": {
								"up": {"uv": [0, 1], "uv_size": [9, 1]},
								"down": {"uv": [0, 10], "uv_size": [9, -1]}
							}
						},
						{
							"origin": [-8.5, 3.40326, -4.5],
							"size": [9, 1.19347, 6],
							"pivot": [-16, 4, -1.5],
							"rotation": [45, 0, 0],
							"uv": {
								"north": {"uv": [0, 2], "uv_size": [9, 1]},
								"south": {"uv": [0, 10], "uv_size": [9, 1]}
							}
						},
						{
							"origin": [-8.5, 3.40326, -4.5],
							"size": [9, 1.19347, 6],
							"pivot": [-16, 4, -1.5],
							"rotation": [22.5, 0, 0],
							"uv": {
								"north": {"uv": [0, 3], "uv_size": [9, 1]},
								"south": {"uv": [0, 11], "uv_size": [9, 1]}
							}
						},
						{
							"origin": [-8.5, 3.40326, -4.5],
							"size": [9, 1.19347, 6],
							"uv": {
								"north": {"uv": [0, 4], "uv_size": [9, 1]},
								"south": {"uv": [0, 12], "uv_size": [9, 1]}
							}
						},
						{
							"origin": [-8.5, 3.40326, -4.5],
							"size": [9, 1.19347, 6],
							"pivot": [-16, 4, -1.5],
							"rotation": [-22.5, 0, 0],
							"uv": {
								"north": {"uv": [0, 5], "uv_size": [9, 1]},
								"south": {"uv": [0, 13], "uv_size": [9, 1]}
							}
						},
						{
							"origin": [-8.5, 3.40326, -4.5],
							"size": [9, 1.19347, 6],
							"pivot": [-16, 4, -1.5],
							"rotation": [-45, 0, 0],
							"uv": {
								"north": {"uv": [0, 6], "uv_size": [9, 1]},
								"south": {"uv": [0, 14], "uv_size": [9, 1]}
							}
						},
						{
							"origin": [-8.5, 0.75, -2.09674],
							"size": [9, 6.5, 1.19347],
							"pivot": [-16, 4, -1.5],
							"rotation": [22.5, 0, 0],
							"uv": {
								"north": {"uv": [9, 7], "uv_size": [9, 7]},
								"south": {"uv": [9, 0], "uv_size": [9, 7]},
								"up": {"uv": [0, 7], "uv_size": [9, 1]},
								"down": {"uv": [0, 16], "uv_size": [9, -1]}
							}
						}
					]
				},
				{
					"name": "glow",
					"parent": "hexadecagon",
					"pivot": [-16, 4, -1.5],
					"cubes": [
						{
							"origin": [-8.5, 3.40326, -4.525],
							"size": [9, 1.19347, 6.05],
							"pivot": [-16, 4, -1.5],
							"rotation": [22.5, 0, 0],
							"uv": {
								"north": {"uv": [0, 3], "uv_size": [9, 1]},
								"south": {"uv": [0, 11], "uv_size": [9, 1]}
							}
						},
						{
							"origin": [-8.5, 3.40326, -4.525],
							"size": [9, 1.19347, 6.05],
							"pivot": [-16, 4, -1.5],
							"rotation": [45, 0, 0],
							"uv": {
								"north": {"uv": [0, 2], "uv_size": [9, 1]},
								"south": {"uv": [0, 10], "uv_size": [9, 1]}
							}
						},
						{
							"origin": [-8.5, 3.40326, -4.525],
							"size": [9, 1.19347, 6.05],
							"uv": {
								"north": {"uv": [0, 4], "uv_size": [9, 1]},
								"south": {"uv": [0, 12], "uv_size": [9, 1]}
							}
						},
						{
							"origin": [-8.5, 3.40326, -4.525],
							"size": [9, 1.19347, 6.05],
							"pivot": [-16, 4, -1.5],
							"rotation": [-22.5, 0, 0],
							"uv": {
								"north": {"uv": [0, 5], "uv_size": [9, 1]},
								"south": {"uv": [0, 13], "uv_size": [9, 1]}
							}
						},
						{
							"origin": [-8.5, 3.40326, -4.525],
							"size": [9, 1.19347, 6.05],
							"pivot": [-16, 4, -1.5],
							"rotation": [-45, 0, 0],
							"uv": {
								"north": {"uv": [0, 6], "uv_size": [9, 1]},
								"south": {"uv": [0, 14], "uv_size": [9, 1]}
							}
						}
					]
				},
				{
					"name": "hexadecagon2",
					"parent": "bone",
					"pivot": [10.25, -4, -9.5],
					"cubes": [
						{
							"origin": [0.5, 3.30381, -5],
							"size": [2.5, 1.39239, 7],
							"pivot": [2.25, 4, -1.5],
							"rotation": [45, 0, 0],
							"uv": {
								"north": {"uv": [40, 43], "uv_size": [3, 1]},
								"east": {"uv": [39, 29], "uv_size": [7, 1]},
								"south": {"uv": [43, 41], "uv_size": [3, 1]},
								"west": {"uv": [39, 30], "uv_size": [7, 1]},
								"up": {"uv": [6, 32], "uv_size": [3, 7]},
								"down": {"uv": [33, 13], "uv_size": [3, -7]}
							}
						},
						{
							"origin": [0.5, 3.30381, -5],
							"size": [2.5, 1.39239, 7],
							"pivot": [2.25, 4, -1.5],
							"rotation": [22.5, 0, 0],
							"uv": {
								"north": {"uv": [43, 42], "uv_size": [3, 1]},
								"east": {"uv": [39, 31], "uv_size": [7, 1]},
								"south": {"uv": [43, 43], "uv_size": [3, 1]},
								"west": {"uv": [39, 32], "uv_size": [7, 1]},
								"up": {"uv": [33, 13], "uv_size": [3, 7]},
								"down": {"uv": [33, 27], "uv_size": [3, -7]}
							}
						},
						{
							"origin": [0.5, 3.30381, -5],
							"size": [2.5, 1.39239, 7],
							"uv": {
								"north": {"uv": [9, 44], "uv_size": [3, 1]},
								"east": {"uv": [39, 33], "uv_size": [7, 1]},
								"south": {"uv": [12, 44], "uv_size": [3, 1]},
								"west": {"uv": [39, 34], "uv_size": [7, 1]},
								"up": {"uv": [33, 27], "uv_size": [3, 7]},
								"down": {"uv": [27, 41], "uv_size": [3, -7]}
							}
						},
						{
							"origin": [0.5, 3.30381, -5],
							"size": [2.5, 1.39239, 7],
							"pivot": [2.25, 4, -1.5],
							"rotation": [-22.5, 0, 0],
							"uv": {
								"north": {"uv": [16, 44], "uv_size": [3, 1]},
								"east": {"uv": [39, 35], "uv_size": [7, 1]},
								"south": {"uv": [24, 44], "uv_size": [3, 1]},
								"west": {"uv": [39, 36], "uv_size": [7, 1]},
								"up": {"uv": [30, 34], "uv_size": [3, 7]},
								"down": {"uv": [33, 41], "uv_size": [3, -7]}
							}
						},
						{
							"origin": [0.5, 3.30381, -5],
							"size": [2.5, 1.39239, 7],
							"pivot": [2.25, 4, -1.5],
							"rotation": [-45, 0, 0],
							"uv": {
								"north": {"uv": [27, 44], "uv_size": [3, 1]},
								"east": {"uv": [39, 37], "uv_size": [7, 1]},
								"south": {"uv": [30, 44], "uv_size": [3, 1]},
								"west": {"uv": [39, 38], "uv_size": [7, 1]},
								"up": {"uv": [36, 0], "uv_size": [3, 7]},
								"down": {"uv": [36, 14], "uv_size": [3, -7]}
							}
						},
						{
							"origin": [0.5, 0.5, -2.19619],
							"size": [2.5, 7, 1.39239],
							"pivot": [2.25, 4, -1.5],
							"rotation": [22.5, 0, 0],
							"uv": {
								"north": {"uv": [36, 14], "uv_size": [3, 7]},
								"east": {"uv": [39, 39], "uv_size": [1, 7]},
								"south": {"uv": [36, 21], "uv_size": [3, 7]},
								"west": {"uv": [0, 40], "uv_size": [1, 7]},
								"up": {"uv": [33, 44], "uv_size": [3, 1]},
								"down": {"uv": [36, 45], "uv_size": [3, -1]}
							}
						},
						{
							"origin": [0.5, 0.5, -2.19619],
							"size": [2.5, 7, 1.39239],
							"uv": {
								"north": {"uv": [36, 28], "uv_size": [3, 7]},
								"east": {"uv": [1, 40], "uv_size": [1, 7]},
								"south": {"uv": [36, 35], "uv_size": [3, 7]},
								"west": {"uv": [2, 40], "uv_size": [1, 7]},
								"up": {"uv": [40, 44], "uv_size": [3, 1]},
								"down": {"uv": [43, 45], "uv_size": [3, -1]}
							}
						},
						{
							"origin": [0.5, 0.5, -2.19619],
							"size": [2.5, 7, 1.39239],
							"pivot": [2.25, 4, -1.5],
							"rotation": [-22.5, 0, 0],
							"uv": {
								"north": {"uv": [9, 37], "uv_size": [3, 7]},
								"east": {"uv": [3, 40], "uv_size": [1, 7]},
								"south": {"uv": [12, 37], "uv_size": [3, 7]},
								"west": {"uv": [4, 40], "uv_size": [1, 7]},
								"up": {"uv": [9, 45], "uv_size": [3, 1]},
								"down": {"uv": [12, 46], "uv_size": [3, -1]}
							}
						}
					]
				},
				{
					"name": "hexadecagon3",
					"parent": "bone",
					"pivot": [-2.25, -4, -9.5],
					"cubes": [
						{
							"origin": [-11, 3.30381, -5],
							"size": [2.5, 1.39239, 7],
							"pivot": [-10.25, 4, -1.5],
							"rotation": [45, 0, 0],
							"uv": {
								"north": {"uv": [16, 41], "uv_size": [3, 1]},
								"east": {"uv": [39, 13], "uv_size": [7, 1]},
								"south": {"uv": [27, 41], "uv_size": [3, 1]},
								"west": {"uv": [39, 14], "uv_size": [7, 1]},
								"up": {"uv": [27, 6], "uv_size": [3, 7]},
								"down": {"uv": [27, 20], "uv_size": [3, -7]}
							}
						},
						{
							"origin": [-11, 3.30381, -5],
							"size": [2.5, 1.39239, 7],
							"pivot": [-10.25, 4, -1.5],
							"rotation": [22.5, 0, 0],
							"uv": {
								"north": {"uv": [30, 41], "uv_size": [3, 1]},
								"east": {"uv": [15, 39], "uv_size": [7, 1]},
								"south": {"uv": [33, 41], "uv_size": [3, 1]},
								"west": {"uv": [39, 15], "uv_size": [7, 1]},
								"up": {"uv": [27, 20], "uv_size": [3, 7]},
								"down": {"uv": [27, 34], "uv_size": [3, -7]}
							}
						},
						{
							"origin": [-11, 3.30381, -5],
							"size": [2.5, 1.39239, 7],
							"uv": {
								"north": {"uv": [40, 41], "uv_size": [3, 1]},
								"east": {"uv": [39, 16], "uv_size": [7, 1]},
								"south": {"uv": [16, 42], "uv_size": [3, 1]},
								"west": {"uv": [39, 17], "uv_size": [7, 1]},
								"up": {"uv": [30, 6], "uv_size": [3, 7]},
								"down": {"uv": [9, 37], "uv_size": [3, -7]}
							}
						},
						{
							"origin": [-11, 3.30381, -5],
							"size": [2.5, 1.39239, 7],
							"pivot": [-10.25, 4, -1.5],
							"rotation": [-22.5, 0, 0],
							"uv": {
								"north": {"uv": [27, 42], "uv_size": [3, 1]},
								"east": {"uv": [39, 18], "uv_size": [7, 1]},
								"south": {"uv": [30, 42], "uv_size": [3, 1]},
								"west": {"uv": [39, 19], "uv_size": [7, 1]},
								"up": {"uv": [12, 30], "uv_size": [3, 7]},
								"down": {"uv": [30, 20], "uv_size": [3, -7]}
							}
						},
						{
							"origin": [-11, 3.30381, -5],
							"size": [2.5, 1.39239, 7],
							"pivot": [-10.25, 4, -1.5],
							"rotation": [-45, 0, 0],
							"uv": {
								"north": {"uv": [33, 42], "uv_size": [3, 1]},
								"east": {"uv": [39, 20], "uv_size": [7, 1]},
								"south": {"uv": [36, 42], "uv_size": [3, 1]},
								"west": {"uv": [39, 21], "uv_size": [7, 1]},
								"up": {"uv": [15, 30], "uv_size": [3, 7]},
								"down": {"uv": [18, 37], "uv_size": [3, -7]}
							}
						},
						{
							"origin": [-11, 0.5, -2.19619],
							"size": [2.5, 7, 1.39239],
							"pivot": [-10.25, 4, -1.5],
							"rotation": [22.5, 0, 0],
							"uv": {
								"north": {"uv": [30, 20], "uv_size": [3, 7]},
								"east": {"uv": [24, 37], "uv_size": [1, 7]},
								"south": {"uv": [21, 30], "uv_size": [3, 7]},
								"west": {"uv": [25, 37], "uv_size": [1, 7]},
								"up": {"uv": [40, 42], "uv_size": [3, 1]},
								"down": {"uv": [16, 44], "uv_size": [3, -1]}
							}
						},
						{
							"origin": [-11, 0.5, -2.19619],
							"size": [2.5, 7, 1.39239],
							"uv": {
								"north": {"uv": [24, 30], "uv_size": [3, 7]},
								"east": {"uv": [26, 37], "uv_size": [1, 7]},
								"south": {"uv": [30, 27], "uv_size": [3, 7]},
								"west": {"uv": [22, 39], "uv_size": [1, 7]},
								"up": {"uv": [27, 43], "uv_size": [3, 1]},
								"down": {"uv": [30, 44], "uv_size": [3, -1]}
							}
						},
						{
							"origin": [-11, 0.5, -2.19619],
							"size": [2.5, 7, 1.39239],
							"pivot": [-10.25, 4, -1.5],
							"rotation": [-22.5, 0, 0],
							"uv": {
								"north": {"uv": [0, 32], "uv_size": [3, 7]},
								"east": {"uv": [39, 22], "uv_size": [1, 7]},
								"south": {"uv": [3, 32], "uv_size": [3, 7]},
								"west": {"uv": [23, 39], "uv_size": [1, 7]},
								"up": {"uv": [33, 43], "uv_size": [3, 1]},
								"down": {"uv": [36, 44], "uv_size": [3, -1]}
							}
						}
					]
				}
			]
		}
	]
}