{
	"format_version": "1.12.0",
	"minecraft:geometry": [
		{
			"description": {
				"identifier": "geometry.unknown",
				"texture_width": 32,
				"texture_height": 32,
				"visible_bounds_width": 2,
				"visible_bounds_height": 1.5,
				"visible_bounds_offset": [0, 0.25, 0]
			},
			"bones": [
				{
					"name": "_ca_stellatsweaponries_upgrade",
					"pivot": [0, 1, 0],
					"cubes": [
						{
							"origin": [-1, 0, -1],
							"size": [2, 2, 2],
							"uv": {
								"north": {"uv": [8, 8], "uv_size": [2, 2]},
								"east": {"uv": [8, 10], "uv_size": [2, 2]},
								"south": {"uv": [10, 8], "uv_size": [2, 2]},
								"west": {"uv": [10, 10], "uv_size": [2, 2]},
								"up": {"uv": [12, 0], "uv_size": [2, 2]},
								"down": {"uv": [12, 4], "uv_size": [2, -2]}
							}
						}
					]
				},
				{
					"name": "main",
					"pivot": [0, 0, 0],
					"cubes": [
						{
							"origin": [-0.9, -1, -8],
							"size": [2, 4, 12],
							"uv": {
								"north": {"uv": [4, 8], "uv_size": [2, 4]},
								"east": {"uv": [0, 0], "uv_size": [12, 4]},
								"south": {"uv": [6, 8], "uv_size": [2, 4]},
								"west": {"uv": [0, 4], "uv_size": [12, 4]},
								"up": {"uv": [0, 8], "uv_size": [2, 12]},
								"down": {"uv": [2, 20], "uv_size": [2, -12]}
							}
						},
						{
							"origin": [0, -0.5, -7],
							"size": [1.125, 3, 3],
							"uv": {
								"north": {"uv": [0, 0], "uv_size": [1.125, 3.6]},
								"east": {"uv": [0, 0], "uv_size": [3.6, 3.6]},
								"south": {"uv": [0, 0], "uv_size": [1.125, 3.6]},
								"west": {"uv": [14, 0], "uv_size": [16, 16]},
								"up": {"uv": [1.125, 3.6], "uv_size": [-1.125, -3.6]},
								"down": {"uv": [1.125, 3.6], "uv_size": [-1.125, -3.6]}
							}
						}
					]
				}
			]
		}
	]
}