{
	"format_version": "1.12.0",
	"minecraft:geometry": [
		{
			"description": {
				"identifier": "geometry.unknown",
				"texture_width": 256,
				"texture_height": 256,
				"visible_bounds_width": 13,
				"visible_bounds_height": 6,
				"visible_bounds_offset": [0, 1, 0]
			},
			"bones": [
				{
					"name": "main",
					"pivot": [0, 0, 0]
				},
				{
					"name": "gun",
					"parent": "main",
					"pivot": [0, 0, 0],
					"cubes": [
						{
							"origin": [-0.75, 14.975, -5.25],
							"size": [1.5, 8.25, 3],
							"pivot": [0, 21.725, -3],
							"rotation": [20, 0, 0],
							"uv": {
								"north": {"uv": [107, 104], "uv_size": [2, 11]},
								"east": {"uv": [91, 87], "uv_size": [4, 11]},
								"south": {"uv": [75, 108], "uv_size": [2, 11]},
								"west": {"uv": [30, 92], "uv_size": [4, 11]},
								"up": {"uv": [10, 44], "uv_size": [2, 4]},
								"down": {"uv": [104, 123], "uv_size": [2, -4]}
							}
						},
						{
							"origin": [-0.375, 22.7, -6.3],
							"size": [0.75, 1.575, 0.45],
							"pivot": [0, 21.725, -3],
							"rotation": [20, 0, 0],
							"uv": {
								"north": {"uv": [92, 125], "uv_size": [1, 2]},
								"east": {"uv": [95, 125], "uv_size": [1, 2]},
								"south": {"uv": [100, 125], "uv_size": [1, 2]},
								"west": {"uv": [123, 125], "uv_size": [1, 2]},
								"up": {"uv": [126, 126], "uv_size": [1, 1]},
								"down": {"uv": [4, 128], "uv_size": [1, -1]}
							}
						},
						{
							"origin": [-0.375, 20.30279, -6.7033],
							"size": [0.75, 0.75, 0.45],
							"pivot": [0, 20.11529, -6.4783],
							"rotation": [-20, 0, 0],
							"uv": {
								"north": {"uv": [127, 7], "uv_size": [1, 1]},
								"east": {"uv": [127, 8], "uv_size": [1, 1]},
								"south": {"uv": [127, 9], "uv_size": [1, 1]},
								"west": {"uv": [10, 127], "uv_size": [1, 1]},
								"up": {"uv": [127, 10], "uv_size": [1, 1]},
								"down": {"uv": [11, 128], "uv_size": [1, -1]}
							}
						},
						{
							"origin": [-0.375, 20.89826, -6.42805],
							"size": [0.75, 0.75, 0.45],
							"pivot": [0, 21.27326, -6.20305],
							"rotation": [5, 0, 0],
							"uv": {
								"north": {"uv": [127, 4], "uv_size": [1, 1]},
								"east": {"uv": [5, 127], "uv_size": [1, 1]},
								"south": {"uv": [127, 5], "uv_size": [1, 1]},
								"west": {"uv": [6, 127], "uv_size": [1, 1]},
								"up": {"uv": [127, 6], "uv_size": [1, 1]},
								"down": {"uv": [7, 128], "uv_size": [1, -1]}
							}
						},
						{
							"origin": [-0.69375, 13.86657, -3.54265],
							"size": [1.40625, 0.75, 0.9375],
							"pivot": [0, 14.39157, -3.8239],
							"rotation": [42.5, 0, 0],
							"uv": {
								"north": {"uv": [111, 125], "uv_size": [2, 1]},
								"east": {"uv": [125, 126], "uv_size": [1, 1]},
								"south": {"uv": [113, 125], "uv_size": [2, 1]},
								"west": {"uv": [126, 125], "uv_size": [1, 1]},
								"up": {"uv": [115, 125], "uv_size": [2, 1]},
								"down": {"uv": [117, 126], "uv_size": [2, -1]}
							}
						},
						{
							"origin": [-0.7125, 13.88698, -3.61837],
							"size": [1.44375, 0.75, 3.7875],
							"pivot": [0, 14.41198, -3.89962],
							"rotation": [25, 0, 0],
							"uv": {
								"north": {"uv": [119, 125], "uv_size": [2, 1]},
								"east": {"uv": [122, 12], "uv_size": [5, 1]},
								"south": {"uv": [121, 125], "uv_size": [2, 1]},
								"west": {"uv": [122, 13], "uv_size": [5, 1]},
								"up": {"uv": [56, 116], "uv_size": [2, 5]},
								"down": {"uv": [64, 122], "uv_size": [2, -5]}
							}
						},
						{
							"origin": [-0.73125, 20.525, -3.525],
							"size": [1.4625, 1.5, 1.5],
							"pivot": [0, 21.275, -2.775],
							"rotation": [2.5, 0, 0],
							"uv": {
								"north": {"uv": [122, 29], "uv_size": [2, 2]},
								"east": {"uv": [122, 40], "uv_size": [2, 2]},
								"south": {"uv": [52, 122], "uv_size": [2, 2]},
								"west": {"uv": [59, 122], "uv_size": [2, 2]},
								"up": {"uv": [64, 122], "uv_size": [2, 2]},
								"down": {"uv": [75, 124], "uv_size": [2, -2]}
							}
						},
						{
							"origin": [-0.73125, 21.98026, -3.27214],
							"size": [1.4625, 1.5, 1.5],
							"pivot": [0, 22.73026, -2.52214],
							"rotation": [-20, 0, 0],
							"uv": {
								"north": {"uv": [89, 122], "uv_size": [2, 2]},
								"east": {"uv": [91, 122], "uv_size": [2, 2]},
								"south": {"uv": [122, 91], "uv_size": [2, 2]},
								"west": {"uv": [93, 122], "uv_size": [2, 2]},
								"up": {"uv": [122, 97], "uv_size": [2, 2]},
								"down": {"uv": [122, 101], "uv_size": [2, -2]}
							}
						},
						{
							"origin": [1.5, 20.9, -20.625],
							"size": [0.375, 4.575, 9],
							"pivot": [1.125, 21.725, -12.75],
							"rotation": [20, 0, 0],
							"uv": {
								"north": {"uv": [69, 46], "uv_size": [1, 6]},
								"east": {"uv": [72, 52], "uv_size": [12, 6]},
								"south": {"uv": [55, 119], "uv_size": [1, 6]},
								"west": {"uv": [72, 58], "uv_size": [12, 6]},
								"up": {"uv": [84, 113], "uv_size": [1, 12]},
								"down": {"uv": [8, 126], "uv_size": [1, -12]}
							}
						},
						{
							"origin": [-1.875, 20.9, -21],
							"size": [3.75, 4.575, 0.375],
							"pivot": [1.125, 21.725, -12.75],
							"rotation": [20, 0, 0],
							"uv": {
								"north": {"uv": [36, 101], "uv_size": [5, 6]},
								"east": {"uv": [66, 120], "uv_size": [1, 6]},
								"south": {"uv": [81, 101], "uv_size": [5, 6]},
								"west": {"uv": [67, 120], "uv_size": [1, 6]},
								"up": {"uv": [122, 6], "uv_size": [5, 1]},
								"down": {"uv": [122, 8], "uv_size": [5, -1]}
							}
						},
						{
							"origin": [-1.875, 20.9, -11.625],
							"size": [3.75, 4.575, 0.54375],
							"pivot": [1.125, 21.725, -12.75],
							"rotation": [20, 0, 0],
							"uv": {
								"north": {"uv": [101, 87], "uv_size": [5, 6]},
								"east": {"uv": [70, 120], "uv_size": [1, 6]},
								"south": {"uv": [101, 93], "uv_size": [5, 6]},
								"west": {"uv": [71, 120], "uv_size": [1, 6]},
								"up": {"uv": [122, 8], "uv_size": [5, 1]},
								"down": {"uv": [122, 12], "uv_size": [5, -1]}
							}
						},
						{
							"origin": [-1.875, 20.9, -20.625],
							"size": [0.375, 4.575, 9],
							"pivot": [-1.875, 21.725, -12.75],
							"rotation": [20, 0, 0],
							"uv": {
								"north": {"uv": [78, 119], "uv_size": [1, 6]},
								"east": {"uv": [72, 64], "uv_size": [12, 6]},
								"south": {"uv": [95, 119], "uv_size": [1, 6]},
								"west": {"uv": [72, 70], "uv_size": [12, 6]},
								"up": {"uv": [9, 114], "uv_size": [1, 12]},
								"down": {"uv": [32, 126], "uv_size": [1, -12]}
							}
						},
						{
							"origin": [-1.95, 21.38596, -11.27569],
							"size": [3.9, 4.48125, 0.8625],
							"uv": {
								"north": {"uv": [75, 102], "uv_size": [5, 6]},
								"east": {"uv": [57, 121], "uv_size": [1, 6]},
								"south": {"uv": [29, 103], "uv_size": [5, 6]},
								"west": {"uv": [121, 97], "uv_size": [1, 6]},
								"up": {"uv": [122, 14], "uv_size": [5, 1]},
								"down": {"uv": [122, 16], "uv_size": [5, -1]}
							}
						},
						{
							"origin": [-1.96875, 21.31054, -8.81388],
							"size": [3.9375, 1.5, 0.825],
							"pivot": [0, 24.31054, -9.15138],
							"rotation": [-45, 0, 0],
							"uv": {
								"north": {"uv": [115, 54], "uv_size": [5, 2]},
								"east": {"uv": [54, 125], "uv_size": [1, 2]},
								"south": {"uv": [118, 49], "uv_size": [5, 2]},
								"west": {"uv": [55, 125], "uv_size": [1, 2]},
								"up": {"uv": [121, 90], "uv_size": [5, 1]},
								"down": {"uv": [119, 122], "uv_size": [5, -1]}
							}
						},
						{
							"origin": [-2.25, 22.4, -20.25],
							"size": [4.5, 3.225, 18],
							"uv": {
								"north": {"uv": [34, 48], "uv_size": [6, 5]},
								"east": {"uv": [54, 15], "uv_size": [24, 5]},
								"south": {"uv": [97, 62], "uv_size": [6, 5]},
								"west": {"uv": [54, 20], "uv_size": [24, 5]},
								"up": {"uv": [4, 44], "uv_size": [6, 24]},
								"down": {"uv": [48, 30], "uv_size": [6, -24]}
							}
						},
						{
							"origin": [1.5, 26.75, -21],
							"size": [0.75, 0.75, 18.75],
							"uv": {
								"north": {"uv": [122, 126], "uv_size": [1, 1]},
								"east": {"uv": [103, 36], "uv_size": [25, 1]},
								"south": {"uv": [126, 123], "uv_size": [1, 1]},
								"west": {"uv": [103, 37], "uv_size": [25, 1]},
								"up": {"uv": [86, 101], "uv_size": [1, 25]},
								"down": {"uv": [80, 127], "uv_size": [1, -25]}
							}
						},
						{
							"origin": [-2.25, 25.625, -10.875],
							"size": [1.5, 1.875, 8.625],
							"uv": {
								"north": {"uv": [122, 101], "uv_size": [2, 2]},
								"east": {"uv": [100, 44], "uv_size": [13, 2]},
								"south": {"uv": [109, 122], "uv_size": [2, 2]},
								"west": {"uv": [102, 19], "uv_size": [13, 2]},
								"up": {"uv": [68, 99], "uv_size": [2, 13]},
								"down": {"uv": [8, 114], "uv_size": [2, -13]}
							}
						},
						{
							"origin": [0.75, 25.5875, -20.625],
							"size": [1.5, 0.7875, 18.375],
							"uv": {
								"north": {"uv": [122, 101], "uv_size": [2, 2]},
								"east": {"uv": [100, 44], "uv_size": [13, 2]},
								"south": {"uv": [109, 122], "uv_size": [2, 2]},
								"west": {"uv": [102, 19], "uv_size": [13, 2]},
								"up": {"uv": [68, 99], "uv_size": [2, 13]},
								"down": {"uv": [8, 114], "uv_size": [2, -13]}
							}
						},
						{
							"origin": [-2.25, 25.625, -20.25],
							"size": [1.5, 1.875, 0.75],
							"uv": {
								"north": {"uv": [122, 118], "uv_size": [2, 2]},
								"east": {"uv": [61, 125], "uv_size": [1, 2]},
								"south": {"uv": [119, 122], "uv_size": [2, 2]},
								"west": {"uv": [125, 70], "uv_size": [1, 2]},
								"up": {"uv": [77, 125], "uv_size": [2, 1]},
								"down": {"uv": [81, 126], "uv_size": [2, -1]}
							}
						},
						{
							"origin": [-1.5, 23.15, -2.25],
							"size": [3, 4.35, 7.8],
							"uv": {
								"north": {"uv": [42, 107], "uv_size": [4, 6]},
								"east": {"uv": [73, 0], "uv_size": [10, 6]},
								"south": {"uv": [52, 107], "uv_size": [4, 6]},
								"west": {"uv": [83, 0], "uv_size": [10, 6]},
								"up": {"uv": [52, 97], "uv_size": [4, 10]},
								"down": {"uv": [56, 107], "uv_size": [4, -10]}
							}
						},
						{
							"origin": [-1.5, 23.15, 5.55],
							"size": [3, 4.35, 18.675],
							"uv": {
								"north": {"uv": [87, 107], "uv_size": [4, 6]},
								"east": {"uv": [44, 47], "uv_size": [25, 6]},
								"south": {"uv": [107, 98], "uv_size": [4, 6]},
								"west": {"uv": [48, 0], "uv_size": [25, 6]},
								"up": {"uv": [60, 56], "uv_size": [4, 25]},
								"down": {"uv": [64, 81], "uv_size": [4, -25]}
							}
						},
						{
							"origin": [-1.0875, 27.5, -2.7],
							"size": [2.175, 0.375, 26.925],
							"uv": {
								"north": {"uv": [124, 34], "uv_size": [3, 1]},
								"east": {"uv": [97, 56], "uv_size": [33, 1]},
								"south": {"uv": [124, 41], "uv_size": [3, 1]},
								"west": {"uv": [97, 57], "uv_size": [33, 1]},
								"up": {"uv": [4, 68], "uv_size": [3, 33]},
								"down": {"uv": [7, 101], "uv_size": [3, -33]}
							}
						},
						{
							"origin": [-0.54931, 27.89839, -2.7],
							"size": [0.525, 0.375, 26.925],
							"pivot": [-0.21181, 26.09839, 11.8875],
							"rotation": [0, 0, 45],
							"uv": {
								"north": {"uv": [127, 23], "uv_size": [1, 1]},
								"east": {"uv": [97, 58], "uv_size": [33, 1]},
								"south": {"uv": [127, 24], "uv_size": [1, 1]},
								"west": {"uv": [97, 59], "uv_size": [33, 1]},
								"up": {"uv": [62, 97], "uv_size": [1, 33]},
								"down": {"uv": [63, 130], "uv_size": [1, -33]}
							}
						},
						{
							"origin": [0.00234, 27.95143, -2.7],
							"size": [0.525, 0.375, 26.925],
							"pivot": [0.26484, 26.15143, 11.8875],
							"rotation": [0, 0, -45],
							"uv": {
								"north": {"uv": [25, 127], "uv_size": [1, 1]},
								"east": {"uv": [97, 60], "uv_size": [33, 1]},
								"south": {"uv": [127, 25], "uv_size": [1, 1]},
								"west": {"uv": [97, 61], "uv_size": [33, 1]},
								"up": {"uv": [34, 98], "uv_size": [1, 33]},
								"down": {"uv": [35, 131], "uv_size": [1, -33]}
							}
						},
						{
							"origin": [-1.0875, 27.65, 24.225],
							"size": [2.175, 0.375, 2.5875],
							"uv": {
								"north": {"uv": [124, 46], "uv_size": [3, 1]},
								"east": {"uv": [126, 83], "uv_size": [2, 1]},
								"south": {"uv": [124, 47], "uv_size": [3, 1]},
								"west": {"uv": [85, 126], "uv_size": [2, 1]},
								"up": {"uv": [121, 33], "uv_size": [3, 2]},
								"down": {"uv": [121, 40], "uv_size": [3, -2]}
							}
						},
						{
							"origin": [-0.54931, 28.04839, 24.225],
							"size": [0.525, 0.375, 2.5875],
							"pivot": [-0.21181, 26.24839, 13.7625],
							"rotation": [0, 0, 45],
							"uv": {
								"north": {"uv": [127, 28], "uv_size": [1, 1]},
								"east": {"uv": [78, 126], "uv_size": [2, 1]},
								"south": {"uv": [29, 127], "uv_size": [1, 1]},
								"west": {"uv": [81, 126], "uv_size": [2, 1]},
								"up": {"uv": [83, 126], "uv_size": [1, 2]},
								"down": {"uv": [84, 128], "uv_size": [1, -2]}
							}
						},
						{
							"origin": [0.00234, 28.10143, 24.225],
							"size": [0.525, 0.375, 2.5875],
							"pivot": [0.26484, 26.30143, 13.7625],
							"rotation": [0, 0, -45],
							"uv": {
								"north": {"uv": [127, 26], "uv_size": [1, 1]},
								"east": {"uv": [66, 126], "uv_size": [2, 1]},
								"south": {"uv": [127, 27], "uv_size": [1, 1]},
								"west": {"uv": [70, 126], "uv_size": [2, 1]},
								"up": {"uv": [126, 70], "uv_size": [1, 2]},
								"down": {"uv": [77, 128], "uv_size": [1, -2]}
							}
						},
						{
							"origin": [-1.0875, 15.96875, 24.225],
							"size": [2.175, 0.375, 2.5875],
							"pivot": [0, 16.07764, 25.51875],
							"rotation": [0, 0, 180],
							"uv": {
								"north": {"uv": [124, 46], "uv_size": [3, 1]},
								"east": {"uv": [126, 83], "uv_size": [2, 1]},
								"south": {"uv": [124, 47], "uv_size": [3, 1]},
								"west": {"uv": [85, 126], "uv_size": [2, 1]},
								"up": {"uv": [121, 33], "uv_size": [3, 2]},
								"down": {"uv": [121, 40], "uv_size": [3, -2]}
							}
						},
						{
							"origin": [-1.10581, 16.65979, 24.225],
							"size": [0.525, 0.375, 2.5875],
							"pivot": [0, 16.07764, 25.51875],
							"rotation": [0, 0, 135],
							"uv": {
								"north": {"uv": [127, 26], "uv_size": [1, 1]},
								"east": {"uv": [66, 126], "uv_size": [2, 1]},
								"south": {"uv": [127, 27], "uv_size": [1, 1]},
								"west": {"uv": [70, 126], "uv_size": [2, 1]},
								"up": {"uv": [126, 70], "uv_size": [1, 2]},
								"down": {"uv": [77, 128], "uv_size": [1, -2]}
							}
						},
						{
							"origin": [0.58081, 16.65979, 24.225],
							"size": [0.525, 0.375, 2.5875],
							"pivot": [0, 16.07764, 25.51875],
							"rotation": [0, 0, -135],
							"uv": {
								"north": {"uv": [127, 28], "uv_size": [1, 1]},
								"east": {"uv": [78, 126], "uv_size": [2, 1]},
								"south": {"uv": [29, 127], "uv_size": [1, 1]},
								"west": {"uv": [81, 126], "uv_size": [2, 1]},
								"up": {"uv": [83, 126], "uv_size": [1, 2]},
								"down": {"uv": [84, 128], "uv_size": [1, -2]}
							}
						},
						{
							"origin": [-1.5, 16.175, 24.20625],
							"size": [3, 11.475, 2.64375],
							"uv": {
								"north": {"uv": [64, 81], "uv_size": [4, 15]},
								"east": {"uv": [49, 90], "uv_size": [3, 15]},
								"south": {"uv": [34, 83], "uv_size": [4, 15]},
								"west": {"uv": [90, 52], "uv_size": [3, 15]},
								"up": {"uv": [118, 14], "uv_size": [4, 3]},
								"down": {"uv": [118, 43], "uv_size": [4, -3]}
							}
						},
						{
							"origin": [-1.48125, 23.1106, 8.01862],
							"size": [2.9625, 3.61875, 19.9125],
							"pivot": [0, 28.9606, 8.76862],
							"rotation": [-22.5, 0, 0],
							"uv": {
								"north": {"uv": [109, 28], "uv_size": [4, 5]},
								"east": {"uv": [48, 36], "uv_size": [27, 5]},
								"south": {"uv": [29, 109], "uv_size": [4, 5]},
								"west": {"uv": [48, 41], "uv_size": [27, 5]},
								"up": {"uv": [34, 56], "uv_size": [4, 27]},
								"down": {"uv": [38, 83], "uv_size": [4, -27]}
							}
						},
						{
							"origin": [-1.48125, 27.0856, 19.26862],
							"size": [2.9625, 3.6, 8.925],
							"pivot": [0, 33.6856, 8.76862],
							"rotation": [-22.5, 0, 0],
							"uv": {
								"north": {"uv": [109, 104], "uv_size": [4, 5]},
								"east": {"uv": [22, 48], "uv_size": [12, 5]},
								"south": {"uv": [109, 109], "uv_size": [4, 5]},
								"west": {"uv": [83, 36], "uv_size": [12, 5]},
								"up": {"uv": [26, 87], "uv_size": [4, 12]},
								"down": {"uv": [87, 99], "uv_size": [4, -12]}
							}
						},
						{
							"origin": [-2.1, 22.25, -20.25],
							"size": [4.2, 0.15, 18],
							"uv": {
								"north": {"uv": [120, 116], "uv_size": [6, 1]},
								"east": {"uv": [104, 0], "uv_size": [24, 1]},
								"south": {"uv": [120, 117], "uv_size": [6, 1]},
								"west": {"uv": [104, 1], "uv_size": [24, 1]},
								"up": {"uv": [10, 48], "uv_size": [6, 24]},
								"down": {"uv": [16, 72], "uv_size": [6, -24]}
							}
						},
						{
							"origin": [2.00492, 22.29848, -20.26875],
							"size": [0.225, 0.15, 18],
							"pivot": [2.11742, 22.37348, -16.875],
							"rotation": [0, 0, -45],
							"uv": {
								"north": {"uv": [69, 52], "uv_size": [1, 1]},
								"east": {"uv": [104, 2], "uv_size": [24, 1]},
								"south": {"uv": [29, 102], "uv_size": [1, 1]},
								"west": {"uv": [104, 3], "uv_size": [24, 1]},
								"up": {"uv": [37, 107], "uv_size": [1, 24]},
								"down": {"uv": [38, 131], "uv_size": [1, -24]}
							}
						},
						{
							"origin": [-2.22991, 22.29848, -20.26875],
							"size": [0.225, 0.15, 18],
							"pivot": [-2.11742, 22.37348, -16.875],
							"rotation": [0, 0, 45],
							"uv": {
								"north": {"uv": [106, 98], "uv_size": [1, 1]},
								"east": {"uv": [104, 52], "uv_size": [24, 1]},
								"south": {"uv": [59, 113], "uv_size": [1, 1]},
								"west": {"uv": [104, 53], "uv_size": [24, 1]},
								"up": {"uv": [39, 107], "uv_size": [1, 24]},
								"down": {"uv": [40, 131], "uv_size": [1, -24]}
							}
						},
						{
							"origin": [-2.25, 23.75, -55.5],
							"size": [4.5, 2.25, 33],
							"uv": {
								"north": {"uv": [109, 33], "uv_size": [6, 3]},
								"east": {"uv": [22, 53], "uv_size": [44, 3]},
								"south": {"uv": [109, 38], "uv_size": [6, 3]},
								"west": {"uv": [54, 6], "uv_size": [44, 3]},
								"up": {"uv": [0, 0], "uv_size": [6, 44]},
								"down": {"uv": [6, 44], "uv_size": [6, -44]}
							}
						},
						{
							"origin": [-2.25, 22.25, -54],
							"size": [4.5, 1.5, 15],
							"uv": {
								"north": {"uv": [115, 19], "uv_size": [6, 2]},
								"east": {"uv": [90, 67], "uv_size": [20, 2]},
								"south": {"uv": [115, 33], "uv_size": [6, 2]},
								"west": {"uv": [93, 4], "uv_size": [20, 2]},
								"up": {"uv": [22, 56], "uv_size": [6, 20]},
								"down": {"uv": [28, 76], "uv_size": [6, -20]}
							}
						},
						{
							"origin": [-2.23125, 22.46967, -55.40901],
							"size": [4.4625, 1.5, 2.1],
							"pivot": [0, 23.21967, -53.90901],
							"rotation": [-45, 0, 0],
							"uv": {
								"north": {"uv": [115, 38], "uv_size": [6, 2]},
								"east": {"uv": [101, 99], "uv_size": [3, 2]},
								"south": {"uv": [115, 46], "uv_size": [6, 2]},
								"west": {"uv": [91, 109], "uv_size": [3, 2]},
								"up": {"uv": [91, 111], "uv_size": [6, 3]},
								"down": {"uv": [111, 101], "uv_size": [6, -3]}
							}
						},
						{
							"origin": [-2.175, 26.93198, -30.31066],
							"size": [4.35, 2.25, 5.25],
							"pivot": [0, 32.93198, -23.56066],
							"rotation": [45, 0, 0],
							"uv": {
								"north": {"uv": [110, 70], "uv_size": [6, 3]},
								"east": {"uv": [108, 11], "uv_size": [7, 3]},
								"south": {"uv": [18, 111], "uv_size": [6, 3]},
								"west": {"uv": [108, 14], "uv_size": [7, 3]},
								"up": {"uv": [95, 87], "uv_size": [6, 7]},
								"down": {"uv": [95, 101], "uv_size": [6, -7]}
							}
						},
						{
							"origin": [-2.4, 22.4, -22.5],
							"size": [4.8, 6.6, 2.25],
							"uv": {
								"north": {"uv": [84, 52], "uv_size": [6, 9]},
								"east": {"uv": [98, 104], "uv_size": [3, 9]},
								"south": {"uv": [84, 61], "uv_size": [6, 9]},
								"west": {"uv": [104, 99], "uv_size": [3, 9]},
								"up": {"uv": [111, 101], "uv_size": [6, 3]},
								"down": {"uv": [112, 9], "uv_size": [6, -3]}
							}
						},
						{
							"origin": [-1.65, 21.65, -22.5],
							"size": [3.3, 0.75, 1.275],
							"uv": {
								"north": {"uv": [18, 75], "uv_size": [4, 1]},
								"east": {"uv": [125, 51], "uv_size": [2, 1]},
								"south": {"uv": [98, 14], "uv_size": [4, 1]},
								"west": {"uv": [125, 69], "uv_size": [2, 1]},
								"up": {"uv": [120, 93], "uv_size": [4, 2]},
								"down": {"uv": [120, 115], "uv_size": [4, -2]}
							}
						},
						{
							"origin": [-1.65, 29, -22.5],
							"size": [3.3, 0.75, 2.25],
							"uv": {
								"north": {"uv": [122, 16], "uv_size": [4, 1]},
								"east": {"uv": [113, 123], "uv_size": [3, 1]},
								"south": {"uv": [122, 31], "uv_size": [4, 1]},
								"west": {"uv": [116, 123], "uv_size": [3, 1]},
								"up": {"uv": [10, 118], "uv_size": [4, 3]},
								"down": {"uv": [118, 14], "uv_size": [4, -3]}
							}
						},
						{
							"origin": [-2.3108, 28.76512, -22.5],
							"size": [1.06875, 0.75, 2.25],
							"pivot": [-1.72955, 29.14012, -21.375],
							"rotation": [0, 0, -45],
							"uv": {
								"north": {"uv": [116, 126], "uv_size": [1, 1]},
								"east": {"uv": [121, 123], "uv_size": [3, 1]},
								"south": {"uv": [126, 116], "uv_size": [1, 1]},
								"west": {"uv": [124, 4], "uv_size": [3, 1]},
								"up": {"uv": [94, 98], "uv_size": [1, 3]},
								"down": {"uv": [29, 102], "uv_size": [1, -3]}
							}
						},
						{
							"origin": [1.20887, 21.94545, -22.5],
							"size": [1.06875, 0.75, 2.25],
							"pivot": [1.79012, 22.32045, -21.375],
							"rotation": [0, 0, -45],
							"uv": {
								"north": {"uv": [117, 126], "uv_size": [1, 1]},
								"east": {"uv": [124, 5], "uv_size": [3, 1]},
								"south": {"uv": [126, 117], "uv_size": [1, 1]},
								"west": {"uv": [10, 124], "uv_size": [3, 1]},
								"up": {"uv": [31, 122], "uv_size": [1, 3]},
								"down": {"uv": [54, 125], "uv_size": [1, -3]}
							}
						},
						{
							"origin": [1.14258, 28.77084, -22.5],
							"size": [1.06875, 0.75, 2.25],
							"pivot": [1.72383, 29.14584, -21.375],
							"rotation": [0, 0, -135],
							"uv": {
								"north": {"uv": [118, 126], "uv_size": [1, 1]},
								"east": {"uv": [124, 19], "uv_size": [3, 1]},
								"south": {"uv": [119, 126], "uv_size": [1, 1]},
								"west": {"uv": [124, 20], "uv_size": [3, 1]},
								"up": {"uv": [61, 122], "uv_size": [1, 3]},
								"down": {"uv": [77, 125], "uv_size": [1, -3]}
							}
						},
						{
							"origin": [0.7535, 27.50152, -9.75],
							"size": [1.05, 2.1, 4.5],
							"pivot": [1.2785, 28.91287, -9],
							"rotation": [0, 0, -22.5],
							"uv": {
								"north": {"uv": [108, 123], "uv_size": [1, 3]},
								"east": {"uv": [113, 23], "uv_size": [6, 3]},
								"south": {"uv": [13, 124], "uv_size": [1, 3]},
								"west": {"uv": [113, 26], "uv_size": [6, 3]},
								"up": {"uv": [14, 121], "uv_size": [1, 6]},
								"down": {"uv": [15, 127], "uv_size": [1, -6]}
							}
						},
						{
							"origin": [1.2785, 29.00152, -10.725],
							"size": [0.225, 2.1, 4.5],
							"pivot": [0.97849, 30.41287, -9.975],
							"rotation": [-20, 0, 0],
							"uv": {
								"north": {"uv": [108, 123], "uv_size": [1, 3]},
								"east": {"uv": [113, 23], "uv_size": [6, 3]},
								"south": {"uv": [13, 124], "uv_size": [1, 3]},
								"west": {"uv": [113, 26], "uv_size": [6, 3]},
								"up": {"uv": [14, 121], "uv_size": [1, 6]},
								"down": {"uv": [15, 127], "uv_size": [1, -6]}
							}
						},
						{
							"origin": [0.7535, 29.00152, -11.25],
							"size": [1.05, 0.6, 1.5],
							"pivot": [1.2785, 28.91287, -9],
							"rotation": [0, 0, -22.5],
							"uv": {
								"north": {"uv": [127, 11], "uv_size": [1, 1]},
								"east": {"uv": [125, 122], "uv_size": [2, 1]},
								"south": {"uv": [12, 127], "uv_size": [1, 1]},
								"west": {"uv": [124, 125], "uv_size": [2, 1]},
								"up": {"uv": [8, 126], "uv_size": [1, 2]},
								"down": {"uv": [9, 128], "uv_size": [1, -2]}
							}
						},
						{
							"origin": [0.75, 27.57055, -10.65367],
							"size": [1.0125, 0.75, 2.1],
							"pivot": [1.725, 29.09885, -9],
							"rotation": [-45, 0, -22.5],
							"uv": {
								"north": {"uv": [127, 12], "uv_size": [1, 1]},
								"east": {"uv": [124, 25], "uv_size": [3, 1]},
								"south": {"uv": [13, 127], "uv_size": [1, 1]},
								"west": {"uv": [124, 26], "uv_size": [3, 1]},
								"up": {"uv": [124, 27], "uv_size": [1, 3]},
								"down": {"uv": [29, 127], "uv_size": [1, -3]}
							}
						},
						{
							"origin": [0.75, 28.32055, -9.97867],
							"size": [1.0125, 0.375, 0.75],
							"pivot": [1.725, 29.09885, -9],
							"rotation": [-45, 0, -22.5],
							"uv": {
								"north": {"uv": [127, 13], "uv_size": [1, 1]},
								"east": {"uv": [14, 127], "uv_size": [1, 1]},
								"south": {"uv": [127, 14], "uv_size": [1, 1]},
								"west": {"uv": [15, 127], "uv_size": [1, 1]},
								"up": {"uv": [127, 15], "uv_size": [1, 1]},
								"down": {"uv": [16, 128], "uv_size": [1, -1]}
							}
						},
						{
							"origin": [-1.77019, 27.38248, -10.65401],
							"size": [1.0125, 0.75, 2.1],
							"pivot": [-1.27141, 28.91045, -9],
							"rotation": [-45, 0, 22.5],
							"uv": {
								"north": {"uv": [22, 127], "uv_size": [1, 1]},
								"east": {"uv": [124, 30], "uv_size": [3, 1]},
								"south": {"uv": [23, 127], "uv_size": [1, 1]},
								"west": {"uv": [124, 33], "uv_size": [3, 1]},
								"up": {"uv": [52, 124], "uv_size": [1, 3]},
								"down": {"uv": [53, 127], "uv_size": [1, -3]}
							}
						},
						{
							"origin": [-1.80389, 27.49862, -9.75],
							"size": [1.05, 2.1, 4.5],
							"pivot": [-1.27141, 28.91045, -9],
							"rotation": [0, 0, 22.5],
							"uv": {
								"north": {"uv": [30, 124], "uv_size": [1, 3]},
								"east": {"uv": [113, 29], "uv_size": [6, 3]},
								"south": {"uv": [124, 38], "uv_size": [1, 3]},
								"west": {"uv": [52, 113], "uv_size": [6, 3]},
								"up": {"uv": [16, 121], "uv_size": [1, 6]},
								"down": {"uv": [56, 127], "uv_size": [1, -6]}
							}
						},
						{
							"origin": [-1.50388, 28.99862, -10.725],
							"size": [0.225, 2.1, 4.5],
							"pivot": [-0.97141, 30.41045, -9.975],
							"rotation": [-20, 0, 0],
							"uv": {
								"north": {"uv": [30, 124], "uv_size": [1, 3]},
								"east": {"uv": [113, 29], "uv_size": [6, 3]},
								"south": {"uv": [124, 38], "uv_size": [1, 3]},
								"west": {"uv": [52, 113], "uv_size": [6, 3]},
								"up": {"uv": [16, 121], "uv_size": [1, 6]},
								"down": {"uv": [56, 127], "uv_size": [1, -6]}
							}
						},
						{
							"origin": [-1.77019, 28.13248, -9.97901],
							"size": [1.0125, 0.375, 0.75],
							"pivot": [-1.27141, 28.91045, -9],
							"rotation": [-45, 0, 22.5],
							"uv": {
								"north": {"uv": [127, 18], "uv_size": [1, 1]},
								"east": {"uv": [19, 127], "uv_size": [1, 1]},
								"south": {"uv": [127, 19], "uv_size": [1, 1]},
								"west": {"uv": [20, 127], "uv_size": [1, 1]},
								"up": {"uv": [127, 20], "uv_size": [1, 1]},
								"down": {"uv": [21, 128], "uv_size": [1, -1]}
							}
						},
						{
							"origin": [-1.80389, 28.99862, -11.25],
							"size": [1.05, 0.6, 1.5],
							"pivot": [-1.27141, 28.91045, -9],
							"rotation": [0, 0, 22.5],
							"uv": {
								"north": {"uv": [127, 17], "uv_size": [1, 1]},
								"east": {"uv": [10, 126], "uv_size": [2, 1]},
								"south": {"uv": [18, 127], "uv_size": [1, 1]},
								"west": {"uv": [126, 16], "uv_size": [2, 1]},
								"up": {"uv": [17, 126], "uv_size": [1, 2]},
								"down": {"uv": [126, 19], "uv_size": [1, -2]}
							}
						},
						{
							"origin": [-1.5, 29.09375, -11.25],
							"size": [3, 0.65625, 6],
							"uv": {
								"north": {"uv": [122, 42], "uv_size": [4, 1]},
								"east": {"uv": [120, 72], "uv_size": [8, 1]},
								"south": {"uv": [122, 83], "uv_size": [4, 1]},
								"west": {"uv": [120, 115], "uv_size": [8, 1]},
								"up": {"uv": [87, 99], "uv_size": [4, 8]},
								"down": {"uv": [4, 109], "uv_size": [4, -8]}
							}
						},
						{
							"origin": [-0.75, 28.925, -57.0375],
							"size": [1.5, 0.45, 34.5375],
							"uv": {
								"north": {"uv": [126, 31], "uv_size": [2, 1]},
								"east": {"uv": [88, 77], "uv_size": [46, 1]},
								"south": {"uv": [126, 35], "uv_size": [2, 1]},
								"west": {"uv": [88, 78], "uv_size": [46, 1]},
								"up": {"uv": [10, 72], "uv_size": [2, 46]},
								"down": {"uv": [12, 118], "uv_size": [2, -46]}
							}
						},
						{
							"origin": [-0.73125, 29.1016, -38.20651],
							"size": [1.4625, 0.3, 15.7875],
							"pivot": [0, 29.1766, -35.93776],
							"rotation": [1, 0, 0],
							"uv": {
								"north": {"uv": [126, 42], "uv_size": [2, 1]},
								"east": {"uv": [48, 46], "uv_size": [21, 1]},
								"south": {"uv": [126, 50], "uv_size": [2, 1]},
								"west": {"uv": [105, 18], "uv_size": [21, 1]},
								"up": {"uv": [70, 92], "uv_size": [2, 21]},
								"down": {"uv": [64, 117], "uv_size": [2, -21]}
							}
						},
						{
							"origin": [-0.15, 29.31875, -56.625],
							"size": [0.3, 1.33125, 1.875],
							"uv": {
								"north": {"uv": [32, 126], "uv_size": [1, 2]},
								"east": {"uv": [121, 4], "uv_size": [3, 2]},
								"south": {"uv": [126, 39], "uv_size": [1, 2]},
								"west": {"uv": [121, 19], "uv_size": [3, 2]},
								"up": {"uv": [59, 124], "uv_size": [1, 3]},
								"down": {"uv": [60, 127], "uv_size": [1, -3]}
							}
						},
						{
							"origin": [-0.15, 28.91035, -54.94685],
							"size": [0.3, 1.33125, 6],
							"pivot": [0, 29.95098, -53.82185],
							"rotation": [-22.5, 0, 0],
							"uv": {
								"north": {"uv": [126, 48], "uv_size": [1, 2]},
								"east": {"uv": [112, 93], "uv_size": [8, 2]},
								"south": {"uv": [50, 126], "uv_size": [1, 2]},
								"west": {"uv": [113, 4], "uv_size": [8, 2]},
								"up": {"uv": [50, 118], "uv_size": [1, 8]},
								"down": {"uv": [83, 126], "uv_size": [1, -8]}
							}
						},
						{
							"origin": [-2.37709, 21.95117, -22.5],
							"size": [1.06875, 0.75, 2.25],
							"pivot": [-1.79584, 22.32617, -21.375],
							"rotation": [0, 0, -135],
							"uv": {
								"north": {"uv": [120, 126], "uv_size": [1, 1]},
								"east": {"uv": [124, 23], "uv_size": [3, 1]},
								"south": {"uv": [126, 120], "uv_size": [1, 1]},
								"west": {"uv": [124, 24], "uv_size": [3, 1]},
								"up": {"uv": [111, 122], "uv_size": [1, 3]},
								"down": {"uv": [107, 126], "uv_size": [1, -3]}
							}
						},
						{
							"origin": [-1.65, 23.375, -55.5],
							"size": [3.3, 2.55, 35.25],
							"uv": {
								"north": {"uv": [116, 70], "uv_size": [4, 3]},
								"east": {"uv": [48, 30], "uv_size": [47, 3]},
								"south": {"uv": [116, 113], "uv_size": [4, 3]},
								"west": {"uv": [48, 33], "uv_size": [47, 3]},
								"up": {"uv": [0, 44], "uv_size": [4, 47]},
								"down": {"uv": [44, 47], "uv_size": [4, -47]}
							}
						},
						{
							"origin": [-1.65, 23.375, -57],
							"size": [3.3, 5.1, 1.5],
							"uv": {
								"north": {"uv": [103, 29], "uv_size": [4, 7]},
								"east": {"uv": [66, 113], "uv_size": [2, 7]},
								"south": {"uv": [94, 104], "uv_size": [4, 7]},
								"west": {"uv": [70, 113], "uv_size": [2, 7]},
								"up": {"uv": [116, 119], "uv_size": [4, 2]},
								"down": {"uv": [4, 122], "uv_size": [4, -2]}
							}
						},
						{
							"origin": [-0.9, 22.625, -57],
							"size": [1.8, 0.75, 34.5],
							"uv": {
								"north": {"uv": [105, 28], "uv_size": [2, 1]},
								"east": {"uv": [54, 29], "uv_size": [46, 1]},
								"south": {"uv": [109, 124], "uv_size": [2, 1]},
								"west": {"uv": [83, 43], "uv_size": [46, 1]},
								"up": {"uv": [68, 53], "uv_size": [2, 46]},
								"down": {"uv": [70, 92], "uv_size": [2, -46]}
							}
						},
						{
							"origin": [-0.9, 28.475, -57],
							"size": [1.8, 0.75, 1.51875],
							"uv": {
								"north": {"uv": [124, 121], "uv_size": [2, 1]},
								"east": {"uv": [124, 123], "uv_size": [2, 1]},
								"south": {"uv": [124, 124], "uv_size": [2, 1]},
								"west": {"uv": [10, 125], "uv_size": [2, 1]},
								"up": {"uv": [122, 23], "uv_size": [2, 2]},
								"down": {"uv": [122, 27], "uv_size": [2, -2]}
							}
						},
						{
							"origin": [0.4886, 28.20607, -56.98125],
							"size": [1.05, 0.75, 1.48125],
							"pivot": [1.0136, 28.58107, -43.5],
							"rotation": [0, 0, 45],
							"uv": {
								"north": {"uv": [90, 113], "uv_size": [1, 1]},
								"east": {"uv": [125, 27], "uv_size": [2, 1]},
								"south": {"uv": [89, 118], "uv_size": [1, 1]},
								"west": {"uv": [125, 28], "uv_size": [2, 1]},
								"up": {"uv": [12, 125], "uv_size": [1, 2]},
								"down": {"uv": [31, 127], "uv_size": [1, -2]}
							}
						},
						{
							"origin": [-1.5386, 28.20607, -56.98125],
							"size": [1.05, 0.75, 1.48125],
							"pivot": [-1.0136, 28.58107, -43.5],
							"rotation": [0, 0, -45],
							"uv": {
								"north": {"uv": [102, 126], "uv_size": [1, 1]},
								"east": {"uv": [125, 29], "uv_size": [2, 1]},
								"south": {"uv": [103, 126], "uv_size": [1, 1]},
								"west": {"uv": [125, 38], "uv_size": [2, 1]},
								"up": {"uv": [125, 39], "uv_size": [1, 2]},
								"down": {"uv": [125, 51], "uv_size": [1, -2]}
							}
						},
						{
							"origin": [0.4886, 22.89394, -56.98125],
							"size": [1.05, 0.75, 34.48125],
							"pivot": [1.0136, 23.26894, -43.5],
							"rotation": [0, 0, -45],
							"uv": {
								"north": {"uv": [106, 126], "uv_size": [1, 1]},
								"east": {"uv": [86, 22], "uv_size": [46, 1]},
								"south": {"uv": [107, 126], "uv_size": [1, 1]},
								"west": {"uv": [88, 76], "uv_size": [46, 1]},
								"up": {"uv": [47, 90], "uv_size": [1, 46]},
								"down": {"uv": [48, 136], "uv_size": [1, -46]}
							}
						},
						{
							"origin": [-1.5386, 22.89394, -56.98125],
							"size": [1.05, 0.75, 34.48125],
							"pivot": [-1.0136, 23.26894, -43.5],
							"rotation": [0, 0, 45],
							"uv": {
								"north": {"uv": [104, 126], "uv_size": [1, 1]},
								"east": {"uv": [84, 75], "uv_size": [46, 1]},
								"south": {"uv": [105, 126], "uv_size": [1, 1]},
								"west": {"uv": [86, 21], "uv_size": [46, 1]},
								"up": {"uv": [41, 83], "uv_size": [1, 46]},
								"down": {"uv": [46, 136], "uv_size": [1, -46]}
							}
						},
						{
							"origin": [-1.2, 25.25, -19.875],
							"size": [2.775, 3.225, 10.275],
							"uv": {
								"north": {"uv": [18, 72], "uv_size": [4, 3]},
								"east": {"uv": [96, 46], "uv_size": [11, 3]},
								"south": {"uv": [52, 116], "uv_size": [4, 3]},
								"west": {"uv": [96, 49], "uv_size": [11, 3]},
								"up": {"uv": [93, 56], "uv_size": [4, 11]},
								"down": {"uv": [95, 41], "uv_size": [4, -11]}
							}
						},
						{
							"origin": [-1.2, 26, -24.375],
							"size": [2.4, 2.4, 1.875],
							"uv": {
								"north": {"uv": [52, 119], "uv_size": [3, 3]},
								"east": {"uv": [59, 119], "uv_size": [3, 3]},
								"south": {"uv": [75, 119], "uv_size": [3, 3]},
								"west": {"uv": [89, 119], "uv_size": [3, 3]},
								"up": {"uv": [92, 119], "uv_size": [3, 3]},
								"down": {"uv": [109, 122], "uv_size": [3, -3]}
							}
						},
						{
							"origin": [-1.2, 27.8, -49.5],
							"size": [2.4, 0.6, 25.125],
							"uv": {
								"north": {"uv": [124, 88], "uv_size": [3, 1]},
								"east": {"uv": [88, 83], "uv_size": [34, 1]},
								"south": {"uv": [124, 89], "uv_size": [3, 1]},
								"west": {"uv": [90, 69], "uv_size": [34, 1]},
								"up": {"uv": [46, 56], "uv_size": [3, 34]},
								"down": {"uv": [49, 90], "uv_size": [3, -34]}
							}
						},
						{
							"origin": [0.40451, 28.47123, -55.875],
							"size": [0.825, 0.6, 33.375],
							"pivot": [0.40451, 28.77123, -43.3125],
							"rotation": [0, 0, 45],
							"uv": {
								"north": {"uv": [54, 127], "uv_size": [1, 1]},
								"east": {"uv": [88, 79], "uv_size": [45, 1]},
								"south": {"uv": [127, 54], "uv_size": [1, 1]},
								"west": {"uv": [88, 80], "uv_size": [45, 1]},
								"up": {"uv": [0, 91], "uv_size": [1, 45]},
								"down": {"uv": [1, 136], "uv_size": [1, -45]}
							}
						},
						{
							"origin": [-0.98787, 27.88787, -55.875],
							"size": [0.825, 0.6, 33.375],
							"pivot": [-0.98787, 28.18787, -43.3125],
							"rotation": [0, 0, -45],
							"uv": {
								"north": {"uv": [55, 127], "uv_size": [1, 1]},
								"east": {"uv": [88, 81], "uv_size": [45, 1]},
								"south": {"uv": [127, 55], "uv_size": [1, 1]},
								"west": {"uv": [88, 82], "uv_size": [45, 1]},
								"up": {"uv": [2, 91], "uv_size": [1, 45]},
								"down": {"uv": [3, 136], "uv_size": [1, -45]}
							}
						},
						{
							"origin": [-1.18125, 25.04729, -25.35988],
							"size": [2.3625, 3.45, 1.275],
							"pivot": [0, 27.33479, -24.98488],
							"rotation": [-45, 0, 0],
							"uv": {
								"north": {"uv": [81, 113], "uv_size": [3, 5]},
								"east": {"uv": [81, 118], "uv_size": [2, 5]},
								"south": {"uv": [87, 113], "uv_size": [3, 5]},
								"west": {"uv": [87, 118], "uv_size": [2, 5]},
								"up": {"uv": [121, 46], "uv_size": [3, 2]},
								"down": {"uv": [121, 90], "uv_size": [3, -2]}
							}
						},
						{
							"origin": [-1.18125, 25.04729, -27.60988],
							"size": [2.3625, 3.45, 0.525],
							"pivot": [0, 27.33479, -27.23488],
							"rotation": [-45, 0, 0],
							"uv": {
								"north": {"uv": [98, 113], "uv_size": [3, 5]},
								"east": {"uv": [102, 121], "uv_size": [1, 5]},
								"south": {"uv": [101, 113], "uv_size": [3, 5]},
								"west": {"uv": [103, 121], "uv_size": [1, 5]},
								"up": {"uv": [90, 124], "uv_size": [3, 1]},
								"down": {"uv": [124, 92], "uv_size": [3, -1]}
							}
						},
						{
							"origin": [-1.18125, 25.04729, -28.34113],
							"size": [2.3625, 3.45, 0.525],
							"pivot": [0, 27.33479, -27.96613],
							"rotation": [-45, 0, 0],
							"uv": {
								"north": {"uv": [113, 113], "uv_size": [3, 5]},
								"east": {"uv": [4, 122], "uv_size": [1, 5]},
								"south": {"uv": [18, 114], "uv_size": [3, 5]},
								"west": {"uv": [5, 122], "uv_size": [1, 5]},
								"up": {"uv": [124, 92], "uv_size": [3, 1]},
								"down": {"uv": [124, 94], "uv_size": [3, -1]}
							}
						},
						{
							"origin": [-1.18125, 25.04729, -31.34113],
							"size": [2.3625, 3.45, 0.525],
							"pivot": [0, 27.33479, -30.96613],
							"rotation": [-45, 0, 0],
							"uv": {
								"north": {"uv": [59, 114], "uv_size": [3, 5]},
								"east": {"uv": [18, 122], "uv_size": [1, 5]},
								"south": {"uv": [90, 114], "uv_size": [3, 5]},
								"west": {"uv": [19, 122], "uv_size": [1, 5]},
								"up": {"uv": [98, 124], "uv_size": [3, 1]},
								"down": {"uv": [124, 99], "uv_size": [3, -1]}
							}
						},
						{
							"origin": [-1.18125, 25.04729, -30.60988],
							"size": [2.3625, 3.45, 0.525],
							"pivot": [0, 27.33479, -30.23488],
							"rotation": [-45, 0, 0],
							"uv": {
								"north": {"uv": [21, 114], "uv_size": [3, 5]},
								"east": {"uv": [6, 122], "uv_size": [1, 5]},
								"south": {"uv": [29, 114], "uv_size": [3, 5]},
								"west": {"uv": [7, 122], "uv_size": [1, 5]},
								"up": {"uv": [124, 94], "uv_size": [3, 1]},
								"down": {"uv": [124, 98], "uv_size": [3, -1]}
							}
						},
						{
							"origin": [-1.18125, 25.04729, -34.34113],
							"size": [2.3625, 3.45, 0.525],
							"pivot": [0, 27.33479, -33.96613],
							"rotation": [-45, 0, 0],
							"uv": {
								"north": {"uv": [115, 11], "uv_size": [3, 5]},
								"east": {"uv": [22, 122], "uv_size": [1, 5]},
								"south": {"uv": [14, 116], "uv_size": [3, 5]},
								"west": {"uv": [23, 122], "uv_size": [1, 5]},
								"up": {"uv": [124, 101], "uv_size": [3, 1]},
								"down": {"uv": [124, 103], "uv_size": [3, -1]}
							}
						},
						{
							"origin": [-1.18125, 25.04729, -33.60988],
							"size": [2.3625, 3.45, 0.525],
							"pivot": [0, 27.33479, -33.23488],
							"rotation": [-45, 0, 0],
							"uv": {
								"north": {"uv": [93, 114], "uv_size": [3, 5]},
								"east": {"uv": [20, 122], "uv_size": [1, 5]},
								"south": {"uv": [109, 114], "uv_size": [3, 5]},
								"west": {"uv": [21, 122], "uv_size": [1, 5]},
								"up": {"uv": [124, 99], "uv_size": [3, 1]},
								"down": {"uv": [124, 101], "uv_size": [3, -1]}
							}
						},
						{
							"origin": [-1.18125, 26.17229, -37.34113],
							"size": [2.3625, 2.325, 0.525],
							"pivot": [0, 27.33479, -36.96613],
							"rotation": [-45, 0, 0],
							"uv": {
								"north": {"uv": [29, 119], "uv_size": [3, 3]},
								"east": {"uv": [96, 124], "uv_size": [1, 3]},
								"south": {"uv": [119, 29], "uv_size": [3, 3]},
								"west": {"uv": [101, 124], "uv_size": [1, 3]},
								"up": {"uv": [124, 114], "uv_size": [3, 1]},
								"down": {"uv": [115, 125], "uv_size": [3, -1]}
							}
						},
						{
							"origin": [-1.2, 21.86921, -42.23833],
							"size": [2.4, 12.54375, 1.40625],
							"pivot": [0, 26.78171, -41.86333],
							"rotation": [90, 0, 0],
							"uv": {
								"north": {"uv": [81, 84], "uv_size": [3, 17]},
								"east": {"uv": [66, 96], "uv_size": [2, 17]},
								"south": {"uv": [84, 84], "uv_size": [3, 17]},
								"west": {"uv": [60, 97], "uv_size": [2, 17]},
								"up": {"uv": [113, 121], "uv_size": [3, 2]},
								"down": {"uv": [116, 123], "uv_size": [3, -2]}
							}
						},
						{
							"origin": [-1.18125, 26.17229, -36.60988],
							"size": [2.3625, 2.325, 0.525],
							"pivot": [0, 27.33479, -36.23488],
							"rotation": [-45, 0, 0],
							"uv": {
								"north": {"uv": [119, 23], "uv_size": [3, 3]},
								"east": {"uv": [93, 124], "uv_size": [1, 3]},
								"south": {"uv": [119, 26], "uv_size": [3, 3]},
								"west": {"uv": [94, 124], "uv_size": [1, 3]},
								"up": {"uv": [112, 124], "uv_size": [3, 1]},
								"down": {"uv": [124, 114], "uv_size": [3, -1]}
							}
						},
						{
							"origin": [-1.18125, 25.42229, -49.20988],
							"size": [2.3625, 1.125, 0.525],
							"pivot": [0, 26.58479, -48.83488],
							"rotation": [-45, 0, 0],
							"uv": {
								"north": {"uv": [118, 124], "uv_size": [3, 1]},
								"east": {"uv": [52, 127], "uv_size": [1, 1]},
								"south": {"uv": [124, 118], "uv_size": [3, 1]},
								"west": {"uv": [53, 127], "uv_size": [1, 1]},
								"up": {"uv": [124, 119], "uv_size": [3, 1]},
								"down": {"uv": [121, 125], "uv_size": [3, -1]}
							}
						},
						{
							"origin": [-1.2, 26, -55.875],
							"size": [2.4, 2.4, 6.375],
							"uv": {
								"north": {"uv": [18, 119], "uv_size": [3, 3]},
								"east": {"uv": [103, 62], "uv_size": [9, 3]},
								"south": {"uv": [21, 119], "uv_size": [3, 3]},
								"west": {"uv": [103, 84], "uv_size": [9, 3]},
								"up": {"uv": [101, 104], "uv_size": [3, 9]},
								"down": {"uv": [105, 18], "uv_size": [3, -9]}
							}
						},
						{
							"origin": [-0.825, 26, -58.18125],
							"size": [1.65, 2.475, 1.93125],
							"pivot": [0, 27.2375, -57.5625],
							"rotation": [0, 0, -22.5],
							"uv": {
								"north": {"uv": [107, 120], "uv_size": [2, 3]},
								"east": {"uv": [118, 88], "uv_size": [3, 3]},
								"south": {"uv": [120, 118], "uv_size": [2, 3]},
								"west": {"uv": [98, 118], "uv_size": [3, 3]},
								"up": {"uv": [10, 121], "uv_size": [2, 3]},
								"down": {"uv": [12, 124], "uv_size": [2, -3]}
							}
						},
						{
							"origin": [-0.825, 23.45, -58.875],
							"size": [1.65, 1.65, 37.875],
							"pivot": [0, 24.275, -43.6875],
							"rotation": [0, 0, -6],
							"uv": {
								"north": {"uv": [122, 27], "uv_size": [2, 2]},
								"east": {"uv": [54, 25], "uv_size": [51, 2]},
								"south": {"uv": [29, 122], "uv_size": [2, 2]},
								"west": {"uv": [54, 27], "uv_size": [51, 2]},
								"up": {"uv": [42, 56], "uv_size": [2, 51]},
								"down": {"uv": [44, 107], "uv_size": [2, -51]}
							}
						},
						{
							"origin": [-1.575, 25.475, -59.625],
							"size": [3.15, 3.525, 1.5],
							"pivot": [0, 27.2375, -63.75],
							"rotation": [0, 0, 90],
							"uv": {
								"north": {"uv": [40, 48], "uv_size": [4, 5]},
								"east": {"uv": [105, 23], "uv_size": [2, 5]},
								"south": {"uv": [109, 23], "uv_size": [4, 5]},
								"west": {"uv": [107, 115], "uv_size": [2, 5]},
								"up": {"uv": [120, 54], "uv_size": [4, 2]},
								"down": {"uv": [120, 72], "uv_size": [4, -2]}
							}
						},
						{
							"origin": [-1.575, 25.475, -71.625],
							"size": [3.15, 0.75, 12],
							"pivot": [0, 27.2375, -65.25],
							"rotation": [0, 0, 90],
							"uv": {
								"north": {"uv": [122, 120], "uv_size": [4, 1]},
								"east": {"uv": [113, 32], "uv_size": [16, 1]},
								"south": {"uv": [121, 122], "uv_size": [4, 1]},
								"west": {"uv": [113, 44], "uv_size": [16, 1]},
								"up": {"uv": [30, 76], "uv_size": [4, 16]},
								"down": {"uv": [52, 97], "uv_size": [4, -16]}
							}
						},
						{
							"origin": [1.2, 25.475, -71.625],
							"size": [3.15, 0.75, 12],
							"pivot": [2.775, 27.2375, -65.25],
							"rotation": [0, 0, 90],
							"uv": {
								"north": {"uv": [123, 9], "uv_size": [4, 1]},
								"east": {"uv": [113, 45], "uv_size": [16, 1]},
								"south": {"uv": [123, 10], "uv_size": [4, 1]},
								"west": {"uv": [113, 104], "uv_size": [16, 1]},
								"up": {"uv": [56, 81], "uv_size": [4, 16]},
								"down": {"uv": [60, 97], "uv_size": [4, -16]}
							}
						},
						{
							"origin": [-1.575, 26.225, -71.625],
							"size": [0.6, 2.025, 12],
							"pivot": [0, 27.2375, -65.25],
							"rotation": [0, 0, 90],
							"uv": {
								"north": {"uv": [124, 69], "uv_size": [1, 3]},
								"east": {"uv": [86, 18], "uv_size": [16, 3]},
								"south": {"uv": [75, 124], "uv_size": [1, 3]},
								"west": {"uv": [87, 84], "uv_size": [16, 3]},
								"up": {"uv": [68, 112], "uv_size": [1, 16]},
								"down": {"uv": [69, 128], "uv_size": [1, -16]}
							}
						},
						{
							"origin": [0.7125, 27.93125, -71.60625],
							"size": [0.6, 0.6, 11.98125],
							"pivot": [1.0125, 28.23125, -65.625],
							"rotation": [0, 0, 135],
							"uv": {
								"north": {"uv": [56, 127], "uv_size": [1, 1]},
								"east": {"uv": [113, 105], "uv_size": [16, 1]},
								"south": {"uv": [57, 127], "uv_size": [1, 1]},
								"west": {"uv": [113, 106], "uv_size": [16, 1]},
								"up": {"uv": [72, 112], "uv_size": [1, 16]},
								"down": {"uv": [73, 128], "uv_size": [1, -16]}
							}
						},
						{
							"origin": [0.7125, 25.9625, -71.60625],
							"size": [0.6, 0.6, 11.98125],
							"pivot": [1.0125, 26.2625, -65.625],
							"rotation": [0, 0, 135],
							"uv": {
								"north": {"uv": [65, 127], "uv_size": [1, 1]},
								"east": {"uv": [113, 111], "uv_size": [16, 1]},
								"south": {"uv": [66, 127], "uv_size": [1, 1]},
								"west": {"uv": [113, 112], "uv_size": [16, 1]},
								"up": {"uv": [45, 113], "uv_size": [1, 16]},
								"down": {"uv": [58, 129], "uv_size": [1, -16]}
							}
						},
						{
							"origin": [3.58125, 27.93125, -71.60625],
							"size": [0.6, 0.6, 11.98125],
							"pivot": [1.0125, 28.23125, -65.625],
							"rotation": [0, 0, 135],
							"uv": {
								"north": {"uv": [59, 127], "uv_size": [1, 1]},
								"east": {"uv": [113, 107], "uv_size": [16, 1]},
								"south": {"uv": [60, 127], "uv_size": [1, 1]},
								"west": {"uv": [113, 108], "uv_size": [16, 1]},
								"up": {"uv": [74, 112], "uv_size": [1, 16]},
								"down": {"uv": [42, 129], "uv_size": [1, -16]}
							}
						},
						{
							"origin": [3.58125, 29.95625, -71.60625],
							"size": [0.6, 0.6, 11.98125],
							"pivot": [1.0125, 30.25625, -65.625],
							"rotation": [0, 0, 135],
							"uv": {
								"north": {"uv": [61, 127], "uv_size": [1, 1]},
								"east": {"uv": [113, 109], "uv_size": [16, 1]},
								"south": {"uv": [64, 127], "uv_size": [1, 1]},
								"west": {"uv": [113, 110], "uv_size": [16, 1]},
								"up": {"uv": [43, 113], "uv_size": [1, 16]},
								"down": {"uv": [44, 129], "uv_size": [1, -16]}
							}
						},
						{
							"origin": [0.975, 26.225, -71.625],
							"size": [0.6, 2.025, 12],
							"pivot": [0, 27.2375, -65.25],
							"rotation": [0, 0, 90],
							"uv": {
								"north": {"uv": [64, 124], "uv_size": [1, 3]},
								"east": {"uv": [84, 72], "uv_size": [16, 3]},
								"south": {"uv": [65, 124], "uv_size": [1, 3]},
								"west": {"uv": [86, 15], "uv_size": [16, 3]},
								"up": {"uv": [25, 111], "uv_size": [1, 16]},
								"down": {"uv": [97, 127], "uv_size": [1, -16]}
							}
						},
						{
							"origin": [-1.2, 29, -71.625],
							"size": [2.4, 0.825, 13.5],
							"pivot": [0, 27.2375, -63.75],
							"rotation": [0, 0, 90],
							"uv": {
								"north": {"uv": [100, 29], "uv_size": [3, 1]},
								"east": {"uv": [107, 51], "uv_size": [18, 1]},
								"south": {"uv": [114, 97], "uv_size": [3, 1]},
								"west": {"uv": [108, 17], "uv_size": [18, 1]},
								"up": {"uv": [38, 83], "uv_size": [3, 18]},
								"down": {"uv": [72, 102], "uv_size": [3, -18]}
							}
						},
						{
							"origin": [1.86961, 28.05574, -71.60625],
							"size": [0.375, 0.9, 13.4625],
							"pivot": [2.05711, 28.46824, -63.75],
							"rotation": [0, 0, 115],
							"uv": {
								"north": {"uv": [108, 126], "uv_size": [1, 1]},
								"east": {"uv": [110, 73], "uv_size": [18, 1]},
								"south": {"uv": [109, 126], "uv_size": [1, 1]},
								"west": {"uv": [110, 74], "uv_size": [18, 1]},
								"up": {"uv": [85, 107], "uv_size": [1, 18]},
								"down": {"uv": [79, 126], "uv_size": [1, -18]}
							}
						},
						{
							"origin": [-2.31259, 28.02404, -71.60625],
							"size": [0.375, 0.9, 13.4625],
							"pivot": [-2.12509, 28.43654, -63.75],
							"rotation": [0, 0, 65],
							"uv": {
								"north": {"uv": [112, 126], "uv_size": [1, 1]},
								"east": {"uv": [112, 64], "uv_size": [18, 1]},
								"south": {"uv": [113, 126], "uv_size": [1, 1]},
								"west": {"uv": [112, 84], "uv_size": [18, 1]},
								"up": {"uv": [26, 110], "uv_size": [1, 18]},
								"down": {"uv": [27, 128], "uv_size": [1, -18]}
							}
						},
						{
							"origin": [1.87894, 25.58891, -71.60625],
							"size": [0.375, 0.9, 13.4625],
							"pivot": [2.06644, 26.00141, -63.75],
							"rotation": [0, 0, 65],
							"uv": {
								"north": {"uv": [114, 126], "uv_size": [1, 1]},
								"east": {"uv": [112, 85], "uv_size": [18, 1]},
								"south": {"uv": [115, 126], "uv_size": [1, 1]},
								"west": {"uv": [112, 86], "uv_size": [18, 1]},
								"up": {"uv": [28, 110], "uv_size": [1, 18]},
								"down": {"uv": [24, 129], "uv_size": [1, -18]}
							}
						},
						{
							"origin": [-2.32191, 25.62061, -71.60625],
							"size": [0.375, 0.9, 13.4625],
							"pivot": [-2.13441, 26.03311, -63.75],
							"rotation": [0, 0, 115],
							"uv": {
								"north": {"uv": [110, 126], "uv_size": [1, 1]},
								"east": {"uv": [112, 62], "uv_size": [18, 1]},
								"south": {"uv": [111, 126], "uv_size": [1, 1]},
								"west": {"uv": [112, 63], "uv_size": [18, 1]},
								"up": {"uv": [106, 108], "uv_size": [1, 18]},
								"down": {"uv": [33, 127], "uv_size": [1, -18]}
							}
						},
						{
							"origin": [-1.2, 24.65, -71.625],
							"size": [2.4, 0.825, 13.5],
							"pivot": [0, 27.2375, -63.75],
							"rotation": [0, 0, 90],
							"uv": {
								"north": {"uv": [115, 16], "uv_size": [3, 1]},
								"east": {"uv": [110, 67], "uv_size": [18, 1]},
								"south": {"uv": [115, 40], "uv_size": [3, 1]},
								"west": {"uv": [110, 68], "uv_size": [18, 1]},
								"up": {"uv": [75, 84], "uv_size": [3, 18]},
								"down": {"uv": [78, 102], "uv_size": [3, -18]}
							}
						},
						{
							"origin": [-1.425, 28.025, -21.075],
							"size": [2.85, 1.575, 18.825],
							"uv": {
								"north": {"uv": [118, 91], "uv_size": [4, 2]},
								"east": {"uv": [75, 44], "uv_size": [25, 2]},
								"south": {"uv": [119, 9], "uv_size": [4, 2]},
								"west": {"uv": [78, 23], "uv_size": [25, 2]},
								"up": {"uv": [52, 56], "uv_size": [4, 25]},
								"down": {"uv": [56, 81], "uv_size": [4, -25]}
							}
						},
						{
							"origin": [-1.425, 27.0059, -2.766],
							"size": [2.85, 2.1, 5.625],
							"pivot": [0, 28.0559, -1.266],
							"rotation": [-22.5, 0, 0],
							"uv": {
								"north": {"uv": [116, 116], "uv_size": [4, 3]},
								"east": {"uv": [106, 95], "uv_size": [8, 3]},
								"south": {"uv": [117, 97], "uv_size": [4, 3]},
								"west": {"uv": [107, 46], "uv_size": [8, 3]},
								"up": {"uv": [98, 6], "uv_size": [4, 8]},
								"down": {"uv": [99, 38], "uv_size": [4, -8]}
							}
						},
						{
							"origin": [-1.425, 22.59965, -3.516],
							"size": [2.85, 2.1, 4.125],
							"pivot": [0, 28.0559, -1.266],
							"rotation": [12.5, 0, 0],
							"uv": {
								"north": {"uv": [117, 100], "uv_size": [4, 3]},
								"east": {"uv": [112, 87], "uv_size": [6, 3]},
								"south": {"uv": [118, 6], "uv_size": [4, 3]},
								"west": {"uv": [112, 90], "uv_size": [6, 3]},
								"up": {"uv": [56, 107], "uv_size": [4, 6]},
								"down": {"uv": [81, 113], "uv_size": [4, -6]}
							}
						},
						{
							"origin": [0.37658, 27.12736, -20.26875],
							"size": [1.425, 2.25, 18],
							"pivot": [1.12657, 28.25236, -16.875],
							"rotation": [0, 0, -22.5],
							"uv": {
								"north": {"uv": [66, 53], "uv_size": [2, 3]},
								"east": {"uv": [72, 46], "uv_size": [24, 3]},
								"south": {"uv": [36, 98], "uv_size": [2, 3]},
								"west": {"uv": [72, 49], "uv_size": [24, 3]},
								"up": {"uv": [18, 87], "uv_size": [2, 24]},
								"down": {"uv": [20, 111], "uv_size": [2, -24]}
							}
						},
						{
							"origin": [-1.80157, 27.87736, -20.26875],
							"size": [1.425, 1.5, 18],
							"pivot": [-1.12657, 28.25236, -16.875],
							"rotation": [0, 0, 22.5],
							"uv": {
								"north": {"uv": [103, 23], "uv_size": [2, 2]},
								"east": {"uv": [83, 41], "uv_size": [24, 2]},
								"south": {"uv": [108, 70], "uv_size": [2, 2]},
								"west": {"uv": [84, 70], "uv_size": [24, 2]},
								"up": {"uv": [22, 87], "uv_size": [2, 24]},
								"down": {"uv": [24, 111], "uv_size": [2, -24]}
							}
						},
						{
							"origin": [-1.80157, 27.12736, -10.85625],
							"size": [1.425, 0.75, 8.5875],
							"pivot": [-1.12657, 28.25236, -16.875],
							"rotation": [0, 0, 22.5],
							"uv": {
								"north": {"uv": [84, 125], "uv_size": [2, 1]},
								"east": {"uv": [114, 95], "uv_size": [13, 1]},
								"south": {"uv": [87, 125], "uv_size": [2, 1]},
								"west": {"uv": [114, 96], "uv_size": [13, 1]},
								"up": {"uv": [49, 105], "uv_size": [2, 13]},
								"down": {"uv": [107, 36], "uv_size": [2, -13]}
							}
						},
						{
							"origin": [-1.80157, 27.12736, -20.26875],
							"size": [1.425, 0.75, 0.75],
							"pivot": [-1.12657, 28.25236, -16.875],
							"rotation": [0, 0, 22.5],
							"uv": {
								"north": {"uv": [90, 125], "uv_size": [2, 1]},
								"east": {"uv": [121, 126], "uv_size": [1, 1]},
								"south": {"uv": [98, 125], "uv_size": [2, 1]},
								"west": {"uv": [126, 121], "uv_size": [1, 1]},
								"up": {"uv": [104, 125], "uv_size": [2, 1]},
								"down": {"uv": [109, 126], "uv_size": [2, -1]}
							}
						}
					]
				},
				{
					"name": "muzzleflash",
					"parent": "gun",
					"pivot": [0, 28.65, -94.6],
					"cubes": [
						{
							"origin": [0.05, 27.2875, -71.65],
							"size": [-0.1, -0.1, -0.1],
							"inflate": 0.2,
							"uv": {
								"north": {"uv": [0, 0], "uv_size": [0, 0]},
								"east": {"uv": [0, 0], "uv_size": [0, 0]},
								"south": {"uv": [0, 0], "uv_size": [0, 0]},
								"west": {"uv": [0, 0], "uv_size": [0, 0]},
								"up": {"uv": [0, 0], "uv_size": [0, 0]},
								"down": {"uv": [0, 0], "uv_size": [0, 0]}
							}
						}
					]
				},
				{
					"name": "catridge",
					"parent": "gun",
					"pivot": [0, 25.18313, -21.68687],
					"rotation": [20, 0, 0],
					"cubes": [
						{
							"origin": [-1.125, 23.51235, -20.76515],
							"size": [2.25, 2.25, 7.5],
							"uv": {
								"north": {"uv": [101, 118], "uv_size": [3, 3]},
								"east": {"uv": [94, 101], "uv_size": [10, 3]},
								"south": {"uv": [113, 118], "uv_size": [3, 3]},
								"west": {"uv": [102, 6], "uv_size": [10, 3]},
								"up": {"uv": [102, 9], "uv_size": [3, 10]},
								"down": {"uv": [72, 112], "uv_size": [3, -10]}
							}
						}
					]
				},
				{
					"name": "pump",
					"parent": "gun",
					"pivot": [-3.22254, 24.67696, -27],
					"cubes": [
						{
							"origin": [-2.25, 20.75, -38.25],
							"size": [4.5, 2.775, 8.25],
							"uv": {
								"north": {"uv": [106, 87], "uv_size": [6, 4]},
								"east": {"uv": [93, 0], "uv_size": [11, 4]},
								"south": {"uv": [106, 91], "uv_size": [6, 4]},
								"west": {"uv": [93, 52], "uv_size": [11, 4]},
								"up": {"uv": [18, 76], "uv_size": [6, 11]},
								"down": {"uv": [24, 87], "uv_size": [6, -11]}
							}
						},
						{
							"origin": [1.24264, 18.68198, -38.23125],
							"size": [1.35, 1.5, 8.2125],
							"pivot": [1.99264, 23.93198, -20.98125],
							"rotation": [0, 0, 45],
							"uv": {
								"north": {"uv": [123, 49], "uv_size": [2, 2]},
								"east": {"uv": [104, 54], "uv_size": [11, 2]},
								"south": {"uv": [81, 123], "uv_size": [2, 2]},
								"west": {"uv": [107, 41], "uv_size": [11, 2]},
								"up": {"uv": [77, 108], "uv_size": [2, 11]},
								"down": {"uv": [104, 119], "uv_size": [2, -11]}
							}
						},
						{
							"origin": [-1.25459, 19.79541, -38.25],
							"size": [2.55, 0.975, 8.25],
							"uv": {
								"north": {"uv": [124, 54], "uv_size": [3, 1]},
								"east": {"uv": [115, 35], "uv_size": [11, 1]},
								"south": {"uv": [124, 55], "uv_size": [3, 1]},
								"west": {"uv": [115, 48], "uv_size": [11, 1]},
								"up": {"uv": [91, 98], "uv_size": [3, 11]},
								"down": {"uv": [26, 110], "uv_size": [3, -11]}
							}
						},
						{
							"origin": [-2.4169, 18.25772, -38.23125],
							"size": [1.35, 1.5, 8.2125],
							"pivot": [-2.4169, 23.50772, -20.98125],
							"rotation": [0, 0, -45],
							"uv": {
								"north": {"uv": [87, 123], "uv_size": [2, 2]},
								"east": {"uv": [107, 49], "uv_size": [11, 2]},
								"south": {"uv": [104, 123], "uv_size": [2, 2]},
								"west": {"uv": [108, 9], "uv_size": [11, 2]},
								"up": {"uv": [4, 109], "uv_size": [2, 11]},
								"down": {"uv": [6, 120], "uv_size": [2, -11]}
							}
						}
					]
				},
				{
					"name": "slide",
					"parent": "pump",
					"pivot": [-2.25454, 27.33128, -19.975],
					"cubes": [
						{
							"origin": [-1.80157, 26.90236, -19.51875],
							"size": [0.75, 1.95, 8.7],
							"pivot": [-1.12657, 27.72736, -16.875],
							"rotation": [0, 0, 22.5],
							"uv": {
								"north": {"uv": [76, 124], "uv_size": [1, 3]},
								"east": {"uv": [99, 38], "uv_size": [10, 3]},
								"south": {"uv": [89, 124], "uv_size": [1, 3]},
								"west": {"uv": [100, 72], "uv_size": [10, 3]},
								"up": {"uv": [96, 114], "uv_size": [1, 10]},
								"down": {"uv": [112, 124], "uv_size": [1, -10]}
							}
						},
						{
							"origin": [-2.0659, 25.57346, -19.51875],
							"size": [0.75, 1.65, 8.7],
							"uv": {
								"north": {"uv": [127, 29], "uv_size": [1, 1]},
								"east": {"uv": [117, 103], "uv_size": [10, 1]},
								"south": {"uv": [30, 127], "uv_size": [1, 1]},
								"west": {"uv": [118, 87], "uv_size": [10, 1]},
								"up": {"uv": [17, 116], "uv_size": [1, 10]},
								"down": {"uv": [49, 128], "uv_size": [1, -10]}
							}
						}
					]
				},
				{
					"name": "scope",
					"parent": "gun",
					"pivot": [0, 33.8, 3],
					"cubes": [
						{
							"origin": [0.025, 31.125, 1.525],
							"size": [-0.05, -0.05, -0.05],
							"inflate": 0.1,
							"uv": {
								"north": {"uv": [0, 0], "uv_size": [0, 0]},
								"east": {"uv": [0, 0], "uv_size": [0, 0]},
								"south": {"uv": [0, 0], "uv_size": [0, 0]},
								"west": {"uv": [0, 0], "uv_size": [0, 0]},
								"up": {"uv": [0, 0], "uv_size": [0, 0]},
								"down": {"uv": [0, 0], "uv_size": [0, 0]}
							}
						}
					]
				},
				{
					"name": "glow",
					"parent": "gun",
					"pivot": [0, 28.65, -75.75],
					"cubes": [
						{
							"origin": [1.5, 26.375, -21],
							"size": [0.525, 0.375, 18.75],
							"uv": {
								"north": {"uv": [124, 126], "uv_size": [1, 1]},
								"east": {"uv": [103, 65], "uv_size": [25, 1]},
								"south": {"uv": [126, 124], "uv_size": [1, 1]},
								"west": {"uv": [103, 66], "uv_size": [25, 1]},
								"up": {"uv": [51, 105], "uv_size": [1, 25]},
								"down": {"uv": [36, 132], "uv_size": [1, -25]}
							}
						},
						{
							"origin": [-0.825, 26, -56.68125],
							"size": [1.65, 2.475, 32.68125],
							"uv": {
								"north": {"uv": [98, 121], "uv_size": [2, 3]},
								"east": {"uv": [54, 9], "uv_size": [44, 3]},
								"south": {"uv": [100, 121], "uv_size": [2, 3]},
								"west": {"uv": [54, 12], "uv_size": [44, 3]},
								"up": {"uv": [14, 72], "uv_size": [2, 44]},
								"down": {"uv": [16, 116], "uv_size": [2, -44]}
							}
						}
					]
				},
				{
					"name": "_cb_stellatsweaponries_upgrade",
					"parent": "main",
					"pivot": [2.1, 25, -10],
					"cubes": [
						{
							"origin": [1.1, 24, -11],
							"size": [2, 2, 2],
							"uv": {
								"north": {"uv": [0, 0], "uv_size": [2, 2]},
								"east": {"uv": [0, 0], "uv_size": [2, 2]},
								"south": {"uv": [0, 0], "uv_size": [2, 2]},
								"west": {"uv": [0, 0], "uv_size": [2, 2]},
								"up": {"uv": [2, 2], "uv_size": [-2, -2]},
								"down": {"uv": [2, 2], "uv_size": [-2, -2]}
							}
						}
					]
				},
				{
					"name": "rightarm",
					"parent": "main",
					"pivot": [-6.3, 16.6, 16.1],
					"rotation": [-91.85362, -17.39748, -2.30444],
					"cubes": [
						{"origin": [-10.3, -7.4, 12.1], "size": [8, 24, 8], "uv": [224, 37]}
					]
				},
				{
					"name": "leftarm",
					"parent": "main",
					"pivot": [9.53154, 11.3742, -14.46885],
					"rotation": [-107.56699, -18.2668, -90.40395],
					"cubes": [
						{"origin": [5.44014, -12.64957, -17.92936], "size": [8, 24, 8], "uv": [224, 37]}
					]
				},
				{
					"name": "_camera_",
					"pivot": [11.88, 36.38, 31.39]
				}
			]
		}
	]
}