{
	"format_version": "1.12.0",
	"minecraft:geometry": [
		{
			"description": {
				"identifier": "geometry.mz-x_mk1",
				"texture_width": 128,
				"texture_height": 128,
				"visible_bounds_width": 7,
				"visible_bounds_height": 6,
				"visible_bounds_offset": [0, 1, 0]
			},
			"bones": [
				{
					"name": "main",
					"pivot": [0, 0, 0]
				},
				{
					"name": "gun",
					"parent": "main",
					"pivot": [0.00058, 21.40164, -4.60359],
					"cubes": [
						{
							"origin": [-1, 8.9, 2],
							"size": [2, 9.5, 3.5],
							"inflate": -0.001,
							"pivot": [0, 13.5, 0],
							"rotation": [22.5, 0, 0],
							"uv": {
								"north": {"uv": [4, 68], "uv_size": [2, 9]},
								"east": {"uv": [46, 57], "uv_size": [4, 9]},
								"south": {"uv": [6, 68], "uv_size": [2, 9]},
								"west": {"uv": [60, 32], "uv_size": [4, 9]},
								"up": {"uv": [64, 78], "uv_size": [2, 4]},
								"down": {"uv": [68, 82], "uv_size": [2, -4]}
							}
						},
						{
							"origin": [-1.251, 10.89668, 11.50502],
							"size": [0.475, 9.1, 5.5],
							"inflate": 0.01,
							"uv": {
								"north": {"uv": [75, 77], "uv_size": [1, 9]},
								"east": {"uv": [12, 48], "uv_size": [6, 9]},
								"south": {"uv": [3, 78], "uv_size": [1, 9]},
								"west": {"uv": [18, 48], "uv_size": [6, 9]},
								"up": {"uv": [29, 57], "uv_size": [1, 6]},
								"down": {"uv": [49, 72], "uv_size": [1, -6]}
							}
						},
						{
							"origin": [0.749, 10.89668, 11.50502],
							"size": [0.475, 9.1, 5.5],
							"inflate": 0.01,
							"uv": {
								"north": {"uv": [20, 78], "uv_size": [1, 9]},
								"east": {"uv": [24, 48], "uv_size": [6, 9]},
								"south": {"uv": [21, 78], "uv_size": [1, 9]},
								"west": {"uv": [46, 48], "uv_size": [6, 9]},
								"up": {"uv": [2, 81], "uv_size": [1, 6]},
								"down": {"uv": [54, 88], "uv_size": [1, -6]}
							}
						},
						{
							"origin": [-1.25, 17.80211, 23.39931],
							"size": [2.5, 5, 3],
							"inflate": -0.001,
							"pivot": [0, 22.40211, 13.89931],
							"rotation": [-22.5, 0, 0],
							"uv": {
								"north": {"uv": [72, 18], "uv_size": [3, 5]},
								"east": {"uv": [72, 41], "uv_size": [3, 5]},
								"south": {"uv": [52, 72], "uv_size": [3, 5]},
								"west": {"uv": [72, 69], "uv_size": [3, 5]},
								"up": {"uv": [78, 18], "uv_size": [3, 3]},
								"down": {"uv": [78, 29], "uv_size": [3, -3]}
							}
						},
						{
							"origin": [-1.25, 15.30407, 16.21787],
							"size": [2.475, 10.275, 3.5],
							"inflate": -0.001,
							"pivot": [-0.25, 19.92907, 7.21787],
							"rotation": [-22.5, 0, 0],
							"uv": {
								"north": {"uv": [68, 0], "uv_size": [2, 10]},
								"east": {"uv": [56, 54], "uv_size": [4, 10]},
								"south": {"uv": [2, 68], "uv_size": [2, 10]},
								"west": {"uv": [12, 57], "uv_size": [4, 10]},
								"up": {"uv": [81, 66], "uv_size": [2, 4]},
								"down": {"uv": [81, 74], "uv_size": [2, -4]}
							}
						},
						{
							"origin": [-0.951, 16.37322, 11.5264],
							"size": [1.95, 4.5, 1.5],
							"inflate": -0.001,
							"pivot": [2.249, 18.22322, 1.0264],
							"rotation": [-22.5, 0, 0],
							"uv": {
								"north": {"uv": [81, 74], "uv_size": [2, 4]},
								"east": {"uv": [76, 81], "uv_size": [2, 4]},
								"south": {"uv": [78, 81], "uv_size": [2, 4]},
								"west": {"uv": [81, 78], "uv_size": [2, 4]},
								"up": {"uv": [32, 85], "uv_size": [2, 2]},
								"down": {"uv": [34, 87], "uv_size": [2, -2]}
							}
						},
						{
							"origin": [-0.951, 16.7234, 12.14714],
							"size": [1.95, 3.7, 1.5],
							"inflate": -0.001,
							"pivot": [-0.251, 15.6734, 12.14714],
							"rotation": [22.5, 0, 0],
							"uv": {
								"north": {"uv": [6, 82], "uv_size": [2, 4]},
								"east": {"uv": [8, 82], "uv_size": [2, 4]},
								"south": {"uv": [10, 82], "uv_size": [2, 4]},
								"west": {"uv": [22, 82], "uv_size": [2, 4]},
								"up": {"uv": [85, 34], "uv_size": [2, 2]},
								"down": {"uv": [38, 87], "uv_size": [2, -2]}
							}
						},
						{
							"origin": [-1.501, 17.4234, 15.14714],
							"size": [2.5, 4.05, 1.5],
							"inflate": -0.001,
							"pivot": [-0.251, 15.6734, 12.14714],
							"rotation": [82.5, 0, 0],
							"uv": {
								"north": {"uv": [75, 6], "uv_size": [3, 4]},
								"east": {"uv": [24, 82], "uv_size": [2, 4]},
								"south": {"uv": [75, 18], "uv_size": [3, 4]},
								"west": {"uv": [26, 82], "uv_size": [2, 4]},
								"up": {"uv": [16, 83], "uv_size": [3, 2]},
								"down": {"uv": [83, 20], "uv_size": [3, -2]}
							}
						},
						{
							"origin": [-1.1, 22.80211, 17.64931],
							"size": [2.2, 1.75, 8.75],
							"pivot": [0, 22.40211, 13.89931],
							"rotation": [-22.5, 0, 0],
							"uv": {
								"north": {"uv": [84, 75], "uv_size": [2, 2]},
								"east": {"uv": [68, 67], "uv_size": [9, 2]},
								"south": {"uv": [84, 77], "uv_size": [2, 2]},
								"west": {"uv": [69, 60], "uv_size": [9, 2]},
								"up": {"uv": [68, 69], "uv_size": [2, 9]},
								"down": {"uv": [70, 9], "uv_size": [2, -9]}
							}
						},
						{
							"origin": [-1, 15.375, -2.5],
							"size": [2, 0.25, 4.5],
							"inflate": -0.001,
							"pivot": [0, 13.5, 0],
							"rotation": [22.5, 0, 0],
							"uv": {
								"north": {"uv": [70, 9], "uv_size": [2, 1]},
								"east": {"uv": [83, 20], "uv_size": [5, 1]},
								"south": {"uv": [80, 52], "uv_size": [2, 1]},
								"west": {"uv": [83, 28], "uv_size": [5, 1]},
								"up": {"uv": [26, 77], "uv_size": [2, 5]},
								"down": {"uv": [28, 82], "uv_size": [2, -5]}
							}
						},
						{
							"origin": [-0.25, 17.9, 1],
							"size": [0.5, 1, 0.5],
							"pivot": [0, 13.5, 0],
							"rotation": [22.5, 0, 0],
							"uv": {
								"north": {"uv": [16, 89], "uv_size": [1, 1]},
								"east": {"uv": [89, 16], "uv_size": [1, 1]},
								"south": {"uv": [17, 89], "uv_size": [1, 1]},
								"west": {"uv": [89, 17], "uv_size": [1, 1]},
								"up": {"uv": [18, 89], "uv_size": [1, 1]},
								"down": {"uv": [89, 19], "uv_size": [1, -1]}
							}
						},
						{
							"origin": [-0.25, 16.90775, -0.83226],
							"size": [0.5, 1.25, 0.5],
							"pivot": [0, 17.65775, -0.58226],
							"rotation": [-4, 0, 0],
							"uv": {
								"north": {"uv": [19, 89], "uv_size": [1, 1]},
								"east": {"uv": [89, 19], "uv_size": [1, 1]},
								"south": {"uv": [20, 89], "uv_size": [1, 1]},
								"west": {"uv": [21, 89], "uv_size": [1, 1]},
								"up": {"uv": [89, 21], "uv_size": [1, 1]},
								"down": {"uv": [22, 90], "uv_size": [1, -1]}
							}
						},
						{
							"origin": [-1, 10.91552, 11.7081],
							"size": [2, 4.5, 2],
							"pivot": [0, 15.51552, 8.2081],
							"rotation": [-90, 0, 0],
							"uv": {
								"north": {"uv": [75, 41], "uv_size": [2, 5]},
								"east": {"uv": [6, 77], "uv_size": [2, 5]},
								"south": {"uv": [22, 77], "uv_size": [2, 5]},
								"west": {"uv": [24, 77], "uv_size": [2, 5]},
								"up": {"uv": [83, 80], "uv_size": [2, 2]},
								"down": {"uv": [83, 84], "uv_size": [2, -2]}
							}
						},
						{
							"origin": [-1, 13.08501, -1.26501],
							"size": [2, 3.5, 2.3],
							"pivot": [0, 17.68501, -2.76501],
							"rotation": [-90, 0, 0],
							"uv": {
								"north": {"uv": [78, 73], "uv_size": [2, 4]},
								"east": {"uv": [78, 77], "uv_size": [2, 4]},
								"south": {"uv": [16, 79], "uv_size": [2, 4]},
								"west": {"uv": [18, 79], "uv_size": [2, 4]},
								"up": {"uv": [84, 12], "uv_size": [2, 2]},
								"down": {"uv": [84, 16], "uv_size": [2, -2]}
							}
						},
						{
							"origin": [-1, 13.98501, -2.36501],
							"size": [2, 1, 1.35],
							"pivot": [0, 15.43501, -2.11501],
							"rotation": [-100, 0, 0],
							"uv": {
								"north": {"uv": [86, 48], "uv_size": [2, 1]},
								"east": {"uv": [49, 72], "uv_size": [1, 1]},
								"south": {"uv": [86, 49], "uv_size": [2, 1]},
								"west": {"uv": [80, 40], "uv_size": [1, 1]},
								"up": {"uv": [50, 86], "uv_size": [2, 1]},
								"down": {"uv": [86, 61], "uv_size": [2, -1]}
							}
						},
						{
							"origin": [-1, 13.73501, -2.36501],
							"size": [2, 0.25, 0.475],
							"pivot": [0, 15.43501, -2.11501],
							"rotation": [-100, 0, 0],
							"uv": {
								"north": {"uv": [65, 88], "uv_size": [2, 1]},
								"east": {"uv": [51, 89], "uv_size": [1, 1]},
								"south": {"uv": [67, 88], "uv_size": [2, 1]},
								"west": {"uv": [89, 51], "uv_size": [1, 1]},
								"up": {"uv": [69, 88], "uv_size": [2, 1]},
								"down": {"uv": [71, 89], "uv_size": [2, -1]}
							}
						},
						{
							"origin": [-1, 14.98501, -2.36501],
							"size": [2, 0.4, 1.125],
							"pivot": [0, 15.43501, -2.11501],
							"rotation": [-100, 0, 0],
							"uv": {
								"north": {"uv": [37, 88], "uv_size": [2, 1]},
								"east": {"uv": [89, 44], "uv_size": [1, 1]},
								"south": {"uv": [39, 88], "uv_size": [2, 1]},
								"west": {"uv": [45, 89], "uv_size": [1, 1]},
								"up": {"uv": [41, 88], "uv_size": [2, 1]},
								"down": {"uv": [43, 89], "uv_size": [2, -1]}
							}
						},
						{
							"origin": [-1, 15.38501, -2.36501],
							"size": [2, 0.4, 0.85],
							"pivot": [0, 15.43501, -2.11501],
							"rotation": [-100, 0, 0],
							"uv": {
								"north": {"uv": [45, 88], "uv_size": [2, 1]},
								"east": {"uv": [46, 89], "uv_size": [1, 1]},
								"south": {"uv": [88, 45], "uv_size": [2, 1]},
								"west": {"uv": [89, 46], "uv_size": [1, 1]},
								"up": {"uv": [47, 88], "uv_size": [2, 1]},
								"down": {"uv": [88, 49], "uv_size": [2, -1]}
							}
						},
						{
							"origin": [-1, 15.78501, -2.36501],
							"size": [2, 0.35, 0.6],
							"pivot": [0, 15.43501, -2.11501],
							"rotation": [-100, 0, 0],
							"uv": {
								"north": {"uv": [49, 88], "uv_size": [2, 1]},
								"east": {"uv": [47, 89], "uv_size": [1, 1]},
								"south": {"uv": [88, 49], "uv_size": [2, 1]},
								"west": {"uv": [89, 47], "uv_size": [1, 1]},
								"up": {"uv": [51, 88], "uv_size": [2, 1]},
								"down": {"uv": [53, 89], "uv_size": [2, -1]}
							}
						},
						{
							"origin": [-1, 16.13501, -2.36501],
							"size": [2, 0.4, 0.4],
							"pivot": [0, 15.43501, -2.11501],
							"rotation": [-100, 0, 0],
							"uv": {
								"north": {"uv": [55, 88], "uv_size": [2, 1]},
								"east": {"uv": [48, 89], "uv_size": [1, 1]},
								"south": {"uv": [57, 88], "uv_size": [2, 1]},
								"west": {"uv": [49, 89], "uv_size": [1, 1]},
								"up": {"uv": [59, 88], "uv_size": [2, 1]},
								"down": {"uv": [88, 61], "uv_size": [2, -1]}
							}
						},
						{
							"origin": [-1, 16.53501, -2.36501],
							"size": [2, 0.2, 0.15],
							"pivot": [0, 15.43501, -2.11501],
							"rotation": [-100, 0, 0],
							"uv": {
								"north": {"uv": [61, 88], "uv_size": [2, 1]},
								"east": {"uv": [50, 89], "uv_size": [1, 1]},
								"south": {"uv": [88, 61], "uv_size": [2, 1]},
								"west": {"uv": [89, 50], "uv_size": [1, 1]},
								"up": {"uv": [63, 88], "uv_size": [2, 1]},
								"down": {"uv": [88, 65], "uv_size": [2, -1]}
							}
						},
						{
							"origin": [-1, 9.48192, 3.02795],
							"size": [2, 1.225, 2],
							"inflate": -0.002,
							"pivot": [0, 10.95692, 4.02795],
							"rotation": [-100, 0, 0],
							"uv": {
								"north": {"uv": [27, 88], "uv_size": [2, 1]},
								"east": {"uv": [88, 28], "uv_size": [2, 1]},
								"south": {"uv": [88, 30], "uv_size": [2, 1]},
								"west": {"uv": [31, 88], "uv_size": [2, 1]},
								"up": {"uv": [85, 67], "uv_size": [2, 2]},
								"down": {"uv": [68, 87], "uv_size": [2, -2]}
							}
						},
						{
							"origin": [-1, 8.23192, 1.52795],
							"size": [2, 1.225, 2],
							"inflate": -0.002,
							"pivot": [0, 10.95692, 4.02795],
							"rotation": [147.5, 0, 0],
							"uv": {
								"north": {"uv": [88, 32], "uv_size": [2, 1]},
								"east": {"uv": [33, 88], "uv_size": [2, 1]},
								"south": {"uv": [88, 33], "uv_size": [2, 1]},
								"west": {"uv": [35, 88], "uv_size": [2, 1]},
								"up": {"uv": [85, 69], "uv_size": [2, 2]},
								"down": {"uv": [85, 73], "uv_size": [2, -2]}
							}
						},
						{
							"origin": [-1, 12.08501, -3.79001],
							"size": [2, 3.45, 2.525],
							"pivot": [0, 17.68501, -2.76501],
							"rotation": [-90, 0, 0],
							"uv": {
								"north": {"uv": [32, 82], "uv_size": [2, 3]},
								"east": {"uv": [77, 48], "uv_size": [3, 3]},
								"south": {"uv": [34, 82], "uv_size": [2, 3]},
								"west": {"uv": [77, 62], "uv_size": [3, 3]},
								"up": {"uv": [38, 82], "uv_size": [2, 3]},
								"down": {"uv": [82, 51], "uv_size": [2, -3]}
							}
						},
						{
							"origin": [-1, 7.40813, 2.28952],
							"size": [2, 5.3, 1],
							"inflate": -0.001,
							"pivot": [0, 14.00813, -0.21048],
							"rotation": [-157.5, 0, 0],
							"uv": {
								"north": {"uv": [38, 77], "uv_size": [2, 5]},
								"east": {"uv": [75, 69], "uv_size": [1, 5]},
								"south": {"uv": [77, 41], "uv_size": [2, 5]},
								"west": {"uv": [74, 82], "uv_size": [1, 5]},
								"up": {"uv": [36, 86], "uv_size": [2, 1]},
								"down": {"uv": [86, 46], "uv_size": [2, -1]}
							}
						},
						{
							"origin": [-1, 7.40813, -1.21048],
							"size": [2, 5.325, 1],
							"inflate": -0.001,
							"pivot": [0, 14.00813, -3.71048],
							"rotation": [-157.5, 0, 0],
							"uv": {
								"north": {"uv": [51, 77], "uv_size": [2, 5]},
								"east": {"uv": [19, 83], "uv_size": [1, 5]},
								"south": {"uv": [53, 77], "uv_size": [2, 5]},
								"west": {"uv": [83, 75], "uv_size": [1, 5]},
								"up": {"uv": [71, 86], "uv_size": [2, 1]},
								"down": {"uv": [86, 76], "uv_size": [2, -1]}
							}
						},
						{
							"origin": [-1.25, 19.96192, -25.67094],
							"size": [2.5, 5, 36],
							"uv": {
								"north": {"uv": [72, 0], "uv_size": [3, 5]},
								"east": {"uv": [32, 0], "uv_size": [36, 5]},
								"south": {"uv": [72, 5], "uv_size": [3, 5]},
								"west": {"uv": [32, 5], "uv_size": [36, 5]},
								"up": {"uv": [32, 10], "uv_size": [3, 36]},
								"down": {"uv": [35, 46], "uv_size": [3, -36]}
							}
						},
						{
							"origin": [-1, 19.78894, 10.23876],
							"size": [2, 5, 3],
							"pivot": [0.25, 22.28894, 15.23876],
							"rotation": [-2, 0, 0],
							"uv": {
								"north": {"uv": [71, 77], "uv_size": [2, 5]},
								"east": {"uv": [44, 73], "uv_size": [3, 5]},
								"south": {"uv": [73, 77], "uv_size": [2, 5]},
								"west": {"uv": [47, 73], "uv_size": [3, 5]},
								"up": {"uv": [83, 69], "uv_size": [2, 3]},
								"down": {"uv": [83, 75], "uv_size": [2, -3]}
							}
						},
						{
							"origin": [-1, 20.47263, 13.11567],
							"size": [2, 4, 11],
							"pivot": [0.25, 21.97263, 18.11567],
							"rotation": [-4.5, 0, 0],
							"uv": {
								"north": {"uv": [79, 41], "uv_size": [2, 4]},
								"east": {"uv": [56, 24], "uv_size": [11, 4]},
								"south": {"uv": [80, 48], "uv_size": [2, 4]},
								"west": {"uv": [56, 28], "uv_size": [11, 4]},
								"up": {"uv": [22, 66], "uv_size": [2, 11]},
								"down": {"uv": [24, 77], "uv_size": [2, -11]}
							}
						},
						{
							"origin": [-1.5, 13.47263, 24.11567],
							"size": [3, 11, 3],
							"pivot": [0.25, 21.97263, 18.11567],
							"rotation": [-4.5, 0, 0],
							"uv": {
								"north": {"uv": [40, 60], "uv_size": [3, 11]},
								"east": {"uv": [43, 60], "uv_size": [3, 11]},
								"south": {"uv": [60, 51], "uv_size": [3, 11]},
								"west": {"uv": [60, 62], "uv_size": [3, 11]},
								"up": {"uv": [44, 78], "uv_size": [3, 3]},
								"down": {"uv": [47, 81], "uv_size": [3, -3]}
							}
						},
						{
							"origin": [-1.5, 24.43386, 12.42406],
							"size": [3, 1, 7.5],
							"pivot": [0.25, 21.93386, 17.92406],
							"rotation": [-4.5, 0, 0],
							"uv": {
								"north": {"uv": [85, 82], "uv_size": [3, 1]},
								"east": {"uv": [79, 24], "uv_size": [7, 1]},
								"south": {"uv": [85, 83], "uv_size": [3, 1]},
								"west": {"uv": [79, 45], "uv_size": [7, 1]},
								"up": {"uv": [12, 67], "uv_size": [3, 7]},
								"down": {"uv": [67, 31], "uv_size": [3, -7]}
							}
						},
						{
							"origin": [-1.5, 22.09986, 19.30133],
							"size": [3, 2, 7.25],
							"inflate": -0.001,
							"pivot": [0.25, 20.59986, 25.30133],
							"rotation": [-12, 0, 0],
							"uv": {
								"north": {"uv": [71, 82], "uv_size": [3, 2]},
								"east": {"uv": [72, 23], "uv_size": [7, 2]},
								"south": {"uv": [80, 82], "uv_size": [3, 2]},
								"west": {"uv": [73, 51], "uv_size": [7, 2]},
								"up": {"uv": [46, 66], "uv_size": [3, 7]},
								"down": {"uv": [66, 67], "uv_size": [3, -7]}
							}
						},
						{
							"origin": [-1.5, 22.09986, 11.80133],
							"size": [3, 1, 7.5],
							"inflate": -0.001,
							"pivot": [0.25, 20.59986, 25.30133],
							"rotation": [-12, 0, 0],
							"uv": {
								"north": {"uv": [86, 21], "uv_size": [3, 1]},
								"east": {"uv": [80, 36], "uv_size": [7, 1]},
								"south": {"uv": [22, 86], "uv_size": [3, 1]},
								"west": {"uv": [80, 37], "uv_size": [7, 1]},
								"up": {"uv": [32, 67], "uv_size": [3, 7]},
								"down": {"uv": [35, 74], "uv_size": [3, -7]}
							}
						},
						{
							"origin": [-1.5, 12.60677, 23.99754],
							"size": [3, 0.775, 2.9],
							"pivot": [0.25, 10.10677, 25.64754],
							"rotation": [10.5, 0, 0],
							"uv": {
								"north": {"uv": [86, 16], "uv_size": [3, 1]},
								"east": {"uv": [86, 17], "uv_size": [3, 1]},
								"south": {"uv": [86, 18], "uv_size": [3, 1]},
								"west": {"uv": [86, 19], "uv_size": [3, 1]},
								"up": {"uv": [78, 67], "uv_size": [3, 3]},
								"down": {"uv": [78, 73], "uv_size": [3, -3]}
							}
						},
						{
							"origin": [-1.95, 20.96192, -25.42094],
							"size": [3.9, 3.3, 11.75],
							"uv": {
								"north": {"uv": [72, 74], "uv_size": [4, 3]},
								"east": {"uv": [60, 41], "uv_size": [12, 3]},
								"south": {"uv": [75, 0], "uv_size": [4, 3]},
								"west": {"uv": [60, 44], "uv_size": [12, 3]},
								"up": {"uv": [0, 56], "uv_size": [4, 12]},
								"down": {"uv": [4, 68], "uv_size": [4, -12]}
							}
						},
						{
							"origin": [-2.79289, 22.73704, -25.42094],
							"size": [1, 1, 11.75],
							"pivot": [-0.54289, 22.48704, -0.17094],
							"rotation": [0, 0, 45],
							"uv": {
								"north": {"uv": [29, 88], "uv_size": [1, 1]},
								"east": {"uv": [69, 66], "uv_size": [12, 1]},
								"south": {"uv": [73, 88], "uv_size": [1, 1]},
								"west": {"uv": [70, 30], "uv_size": [12, 1]},
								"up": {"uv": [55, 72], "uv_size": [1, 12]},
								"down": {"uv": [62, 85], "uv_size": [1, -12]}
							}
						},
						{
							"origin": [-2.78579, 19.44415, -25.42094],
							"size": [1, 1, 11.75],
							"pivot": [-0.53579, 19.19415, -0.17094],
							"rotation": [0, 0, 45],
							"uv": {
								"north": {"uv": [88, 74], "uv_size": [1, 1]},
								"east": {"uv": [73, 53], "uv_size": [12, 1]},
								"south": {"uv": [75, 88], "uv_size": [1, 1]},
								"west": {"uv": [74, 38], "uv_size": [12, 1]},
								"up": {"uv": [14, 74], "uv_size": [1, 12]},
								"down": {"uv": [36, 86], "uv_size": [1, -12]}
							}
						},
						{
							"origin": [-0.29289, 22.73704, -25.42094],
							"size": [1, 1, 11.75],
							"pivot": [1.95711, 22.48704, -0.17094],
							"rotation": [0, 0, 45],
							"uv": {
								"north": {"uv": [88, 73], "uv_size": [1, 1]},
								"east": {"uv": [72, 25], "uv_size": [12, 1]},
								"south": {"uv": [74, 88], "uv_size": [1, 1]},
								"west": {"uv": [72, 46], "uv_size": [12, 1]},
								"up": {"uv": [12, 74], "uv_size": [1, 12]},
								"down": {"uv": [13, 86], "uv_size": [1, -12]}
							}
						},
						{
							"origin": [-0.3, 19.44415, -25.42094],
							"size": [1, 1, 11.75],
							"pivot": [1.95, 19.19415, -0.17094],
							"rotation": [0, 0, 45],
							"uv": {
								"north": {"uv": [88, 75], "uv_size": [1, 1]},
								"east": {"uv": [74, 39], "uv_size": [12, 1]},
								"south": {"uv": [76, 88], "uv_size": [1, 1]},
								"west": {"uv": [75, 3], "uv_size": [12, 1]},
								"up": {"uv": [37, 74], "uv_size": [1, 12]},
								"down": {"uv": [50, 86], "uv_size": [1, -12]}
							}
						},
						{
							"origin": [-1.25, 25.96192, -22.67094],
							"size": [2.5, 1, 21],
							"uv": {
								"north": {"uv": [84, 46], "uv_size": [3, 1]},
								"east": {"uv": [64, 34], "uv_size": [21, 1]},
								"south": {"uv": [84, 79], "uv_size": [3, 1]},
								"west": {"uv": [64, 35], "uv_size": [21, 1]},
								"up": {"uv": [32, 46], "uv_size": [3, 21]},
								"down": {"uv": [35, 67], "uv_size": [3, -21]}
							}
						},
						{
							"origin": [-1.25, 24.96192, -23.92094],
							"size": [2.5, 2, 1.25],
							"uv": {
								"north": {"uv": [51, 82], "uv_size": [3, 2]},
								"east": {"uv": [77, 67], "uv_size": [1, 2]},
								"south": {"uv": [82, 51], "uv_size": [3, 2]},
								"west": {"uv": [31, 86], "uv_size": [1, 2]},
								"up": {"uv": [85, 80], "uv_size": [3, 1]},
								"down": {"uv": [85, 82], "uv_size": [3, -1]}
							}
						},
						{
							"origin": [-1.25, 24.96192, -24.62094],
							"size": [2.5, 1.275, 1.275],
							"uv": {
								"north": {"uv": [86, 12], "uv_size": [3, 1]},
								"east": {"uv": [88, 88], "uv_size": [1, 1]},
								"south": {"uv": [86, 13], "uv_size": [3, 1]},
								"west": {"uv": [0, 89], "uv_size": [1, 1]},
								"up": {"uv": [86, 14], "uv_size": [3, 1]},
								"down": {"uv": [86, 16], "uv_size": [3, -1]}
							}
						},
						{
							"origin": [-1.25, 22.06763, -5.87285],
							"size": [2.5, 1.25, 3],
							"pivot": [0, 20.06763, 0.62715],
							"rotation": [-45, 0, 0],
							"uv": {
								"north": {"uv": [85, 22], "uv_size": [3, 1]},
								"east": {"uv": [85, 73], "uv_size": [3, 1]},
								"south": {"uv": [85, 74], "uv_size": [3, 1]},
								"west": {"uv": [77, 85], "uv_size": [3, 1]},
								"up": {"uv": [0, 78], "uv_size": [3, 3]},
								"down": {"uv": [78, 9], "uv_size": [3, -3]}
							}
						},
						{
							"origin": [-1.25, 27.3458, -20.57995],
							"size": [2.5, 0.75, 1],
							"pivot": [0, 27.8458, -22.32995],
							"rotation": [-135, 0, 0],
							"uv": {
								"north": {"uv": [6, 86], "uv_size": [3, 1]},
								"east": {"uv": [86, 88], "uv_size": [1, 1]},
								"south": {"uv": [86, 6], "uv_size": [3, 1]},
								"west": {"uv": [88, 86], "uv_size": [1, 1]},
								"up": {"uv": [86, 7], "uv_size": [3, 1]},
								"down": {"uv": [9, 87], "uv_size": [3, -1]}
							}
						},
						{
							"origin": [-1.25, 27.16903, -19.50673],
							"size": [2.5, 1, 1],
							"pivot": [0, 27.66903, -21.25673],
							"rotation": [-135, 0, 0],
							"uv": {
								"north": {"uv": [86, 9], "uv_size": [3, 1]},
								"east": {"uv": [87, 88], "uv_size": [1, 1]},
								"south": {"uv": [86, 10], "uv_size": [3, 1]},
								"west": {"uv": [88, 87], "uv_size": [1, 1]},
								"up": {"uv": [86, 11], "uv_size": [3, 1]},
								"down": {"uv": [12, 87], "uv_size": [3, -1]}
							}
						},
						{
							"origin": [-0.1765, 20.07871, -13.67094],
							"size": [2, 1, 24],
							"pivot": [0.5735, 23.32871, -0.17094],
							"rotation": [0, 0, -22.5],
							"uv": {
								"north": {"uv": [86, 76], "uv_size": [2, 1]},
								"east": {"uv": [63, 56], "uv_size": [24, 1]},
								"south": {"uv": [77, 86], "uv_size": [2, 1]},
								"west": {"uv": [63, 57], "uv_size": [24, 1]},
								"up": {"uv": [30, 48], "uv_size": [2, 24]},
								"down": {"uv": [52, 72], "uv_size": [2, -24]}
							}
						},
						{
							"origin": [0.5735, 22.07871, -13.67094],
							"size": [1.25, 2.5, 24],
							"pivot": [0.5735, 23.32871, -0.17094],
							"rotation": [0, 0, -22.5],
							"uv": {
								"north": {"uv": [51, 74], "uv_size": [1, 3]},
								"east": {"uv": [46, 18], "uv_size": [24, 3]},
								"south": {"uv": [73, 84], "uv_size": [1, 3]},
								"west": {"uv": [46, 21], "uv_size": [24, 3]},
								"up": {"uv": [57, 64], "uv_size": [1, 24]},
								"down": {"uv": [58, 88], "uv_size": [1, -24]}
							}
						},
						{
							"origin": [2.51434, 22.57197, 10.25498],
							"size": [0.5, 2.25, 8],
							"pivot": [1.76434, 23.82197, -0.24502],
							"rotation": [0, -7, -22.5],
							"uv": {
								"north": {"uv": [86, 84], "uv_size": [1, 2]},
								"east": {"uv": [69, 62], "uv_size": [8, 2]},
								"south": {"uv": [85, 86], "uv_size": [1, 2]},
								"west": {"uv": [69, 64], "uv_size": [8, 2]},
								"up": {"uv": [40, 79], "uv_size": [1, 8]},
								"down": {"uv": [41, 87], "uv_size": [1, -8]}
							}
						},
						{
							"origin": [1.01434, 20.57197, 10.25498],
							"size": [2, 1, 8],
							"pivot": [1.76434, 23.82197, -0.24502],
							"rotation": [0, -7, -22.5],
							"uv": {
								"north": {"uv": [81, 86], "uv_size": [2, 1]},
								"east": {"uv": [77, 65], "uv_size": [8, 1]},
								"south": {"uv": [83, 86], "uv_size": [2, 1]},
								"west": {"uv": [78, 9], "uv_size": [8, 1]},
								"up": {"uv": [70, 18], "uv_size": [2, 8]},
								"down": {"uv": [70, 77], "uv_size": [2, -8]}
							}
						},
						{
							"origin": [1.01434, 20.57197, 10.25498],
							"size": [0.75, 1, 8],
							"pivot": [1.76434, 23.82197, -0.24502],
							"rotation": [0, -7, -22.5],
							"uv": {
								"north": {"uv": [81, 88], "uv_size": [1, 1]},
								"east": {"uv": [79, 2], "uv_size": [8, 1]},
								"south": {"uv": [88, 81], "uv_size": [1, 1]},
								"west": {"uv": [79, 23], "uv_size": [8, 1]},
								"up": {"uv": [0, 81], "uv_size": [1, 8]},
								"down": {"uv": [1, 89], "uv_size": [1, -8]}
							}
						},
						{
							"origin": [-1, 18.71192, -23.67094],
							"size": [2, 1.25, 28],
							"uv": {
								"north": {"uv": [86, 61], "uv_size": [2, 1]},
								"east": {"uv": [63, 54], "uv_size": [28, 1]},
								"south": {"uv": [86, 64], "uv_size": [2, 1]},
								"west": {"uv": [63, 55], "uv_size": [28, 1]},
								"up": {"uv": [8, 48], "uv_size": [2, 28]},
								"down": {"uv": [10, 76], "uv_size": [2, -28]}
							}
						},
						{
							"origin": [-0.75, 11.71192, -20.24594],
							"size": [1.5, 6.45, 1.5],
							"inflate": 0.1,
							"pivot": [0, 14.93692, -19.49594],
							"rotation": [0, -67.5, 0],
							"uv": {
								"north": {"uv": [34, 76], "uv_size": [2, 6]},
								"east": {"uv": [76, 69], "uv_size": [2, 6]},
								"south": {"uv": [76, 75], "uv_size": [2, 6]},
								"west": {"uv": [4, 77], "uv_size": [2, 6]},
								"up": {"uv": [85, 42], "uv_size": [2, 2]},
								"down": {"uv": [44, 87], "uv_size": [2, -2]}
							}
						},
						{
							"origin": [-1, 17.80312, 3.63983],
							"size": [2, 1.5, 6],
							"pivot": [0, 22.30312, -0.86017],
							"rotation": [12.5, 0, 0],
							"uv": {
								"north": {"uv": [44, 71], "uv_size": [2, 2]},
								"east": {"uv": [30, 74], "uv_size": [6, 2]},
								"south": {"uv": [30, 72], "uv_size": [2, 2]},
								"west": {"uv": [74, 36], "uv_size": [6, 2]},
								"up": {"uv": [64, 72], "uv_size": [2, 6]},
								"down": {"uv": [60, 79], "uv_size": [2, -6]}
							}
						},
						{
							"origin": [-1, 9.15131, 7.21709],
							"size": [2, 2, 16.5],
							"pivot": [0, 13.65131, 3.71709],
							"rotation": [12.5, 0, 0],
							"uv": {
								"north": {"uv": [84, 6], "uv_size": [2, 2]},
								"east": {"uv": [60, 47], "uv_size": [17, 2]},
								"south": {"uv": [84, 10], "uv_size": [2, 2]},
								"west": {"uv": [60, 49], "uv_size": [17, 2]},
								"up": {"uv": [50, 57], "uv_size": [2, 17]},
								"down": {"uv": [38, 77], "uv_size": [2, -17]}
							}
						},
						{
							"origin": [-1, 20.93066, 0.21928],
							"size": [2, 1.5, 2.5],
							"inflate": -0.002,
							"pivot": [0, 22.68066, 5.71928],
							"rotation": [57.5, 0, 0],
							"uv": {
								"north": {"uv": [83, 42], "uv_size": [2, 2]},
								"east": {"uv": [80, 62], "uv_size": [3, 2]},
								"south": {"uv": [83, 62], "uv_size": [2, 2]},
								"west": {"uv": [81, 6], "uv_size": [3, 2]},
								"up": {"uv": [81, 18], "uv_size": [2, 3]},
								"down": {"uv": [81, 29], "uv_size": [2, -3]}
							}
						},
						{
							"origin": [-0.75, 20.75, -34],
							"size": [1.5, 1.5, 46],
							"pivot": [0, 21.5, -13],
							"rotation": [0, 0, -12.5],
							"uv": {
								"north": {"uv": [84, 16], "uv_size": [2, 2]},
								"east": {"uv": [38, 10], "uv_size": [46, 2]},
								"south": {"uv": [84, 48], "uv_size": [2, 2]},
								"west": {"uv": [38, 12], "uv_size": [46, 2]},
								"up": {"uv": [38, 14], "uv_size": [2, 46]},
								"down": {"uv": [40, 60], "uv_size": [2, -46]}
							}
						},
						{
							"origin": [-0.85, 20.65, -44],
							"size": [1.7, 1.7, 10],
							"pivot": [0, 21.5, -13],
							"rotation": [0, 0, -12.5],
							"uv": {
								"north": {"uv": [84, 84], "uv_size": [2, 2]},
								"east": {"uv": [64, 36], "uv_size": [10, 2]},
								"south": {"uv": [16, 85], "uv_size": [2, 2]},
								"west": {"uv": [64, 38], "uv_size": [10, 2]},
								"up": {"uv": [66, 67], "uv_size": [2, 10]},
								"down": {"uv": [0, 78], "uv_size": [2, -10]}
							}
						},
						{
							"origin": [-0.75, 22.75, -30],
							"size": [1.5, 1.5, 42],
							"pivot": [0, 23.5, -8.5],
							"rotation": [0, 0, -12.5],
							"uv": {
								"north": {"uv": [51, 84], "uv_size": [2, 2]},
								"east": {"uv": [42, 14], "uv_size": [42, 2]},
								"south": {"uv": [71, 84], "uv_size": [2, 2]},
								"west": {"uv": [42, 16], "uv_size": [42, 2]},
								"up": {"uv": [42, 18], "uv_size": [2, 42]},
								"down": {"uv": [44, 60], "uv_size": [2, -42]}
							}
						},
						{
							"origin": [-0.7, 22.8, -30.725],
							"size": [1.4, 1.4, 0.75],
							"pivot": [0, 23.5, -8.5],
							"rotation": [0, 0, -12.5],
							"uv": {
								"north": {"uv": [82, 88], "uv_size": [1, 1]},
								"east": {"uv": [88, 82], "uv_size": [1, 1]},
								"south": {"uv": [83, 88], "uv_size": [1, 1]},
								"west": {"uv": [88, 83], "uv_size": [1, 1]},
								"up": {"uv": [84, 88], "uv_size": [1, 1]},
								"down": {"uv": [85, 89], "uv_size": [1, -1]}
							}
						},
						{
							"origin": [-1.03356, 20.4237, -29],
							"size": [2, 4.1, 2],
							"uv": {
								"north": {"uv": [81, 40], "uv_size": [2, 4]},
								"east": {"uv": [44, 81], "uv_size": [2, 4]},
								"south": {"uv": [46, 81], "uv_size": [2, 4]},
								"west": {"uv": [48, 81], "uv_size": [2, 4]},
								"up": {"uv": [80, 84], "uv_size": [2, 2]},
								"down": {"uv": [82, 86], "uv_size": [2, -2]}
							}
						},
						{
							"origin": [-1.8235, 22.07871, -13.67094],
							"size": [1.25, 2.5, 13],
							"pivot": [-0.5735, 23.32871, -0.17094],
							"rotation": [0, 0, 22.5],
							"uv": {
								"north": {"uv": [18, 85], "uv_size": [1, 3]},
								"east": {"uv": [16, 57], "uv_size": [13, 3]},
								"south": {"uv": [76, 85], "uv_size": [1, 3]},
								"west": {"uv": [16, 60], "uv_size": [13, 3]},
								"up": {"uv": [59, 64], "uv_size": [1, 13]},
								"down": {"uv": [15, 80], "uv_size": [1, -13]}
							}
						},
						{
							"origin": [-1.8235, 22.07871, 0.32906],
							"size": [1.25, 2.5, 10],
							"pivot": [-0.5735, 23.32871, -0.17094],
							"rotation": [0, 0, 22.5],
							"uv": {
								"north": {"uv": [4, 86], "uv_size": [1, 3]},
								"east": {"uv": [20, 63], "uv_size": [10, 3]},
								"south": {"uv": [5, 86], "uv_size": [1, 3]},
								"west": {"uv": [63, 51], "uv_size": [10, 3]},
								"up": {"uv": [67, 77], "uv_size": [1, 10]},
								"down": {"uv": [70, 87], "uv_size": [1, -10]}
							}
						},
						{
							"origin": [-1.8235, 23.07871, -0.67094],
							"size": [1.25, 1.5, 1],
							"pivot": [-0.5735, 23.32871, -0.17094],
							"rotation": [0, 0, 22.5],
							"uv": {
								"north": {"uv": [52, 86], "uv_size": [1, 2]},
								"east": {"uv": [75, 86], "uv_size": [1, 2]},
								"south": {"uv": [79, 86], "uv_size": [1, 2]},
								"west": {"uv": [80, 86], "uv_size": [1, 2]},
								"up": {"uv": [88, 77], "uv_size": [1, 1]},
								"down": {"uv": [78, 89], "uv_size": [1, -1]}
							}
						},
						{
							"origin": [-1.8235, 20.07871, -13.67094],
							"size": [2, 1, 24],
							"pivot": [-0.5735, 23.32871, -0.17094],
							"rotation": [0, 0, 22.5],
							"uv": {
								"north": {"uv": [86, 77], "uv_size": [2, 1]},
								"east": {"uv": [64, 32], "uv_size": [24, 1]},
								"south": {"uv": [86, 78], "uv_size": [2, 1]},
								"west": {"uv": [64, 33], "uv_size": [24, 1]},
								"up": {"uv": [54, 24], "uv_size": [2, 24]},
								"down": {"uv": [54, 72], "uv_size": [2, -24]}
							}
						},
						{
							"origin": [-3.01434, 22.57197, 10.25498],
							"size": [0.5, 2.25, 8],
							"pivot": [-1.76434, 23.82197, -0.24502],
							"rotation": [0, 7, 22.5],
							"uv": {
								"north": {"uv": [87, 1], "uv_size": [1, 2]},
								"east": {"uv": [70, 26], "uv_size": [8, 2]},
								"south": {"uv": [2, 87], "uv_size": [1, 2]},
								"west": {"uv": [70, 28], "uv_size": [8, 2]},
								"up": {"uv": [15, 80], "uv_size": [1, 8]},
								"down": {"uv": [80, 81], "uv_size": [1, -8]}
							}
						},
						{
							"origin": [-3.01434, 20.57197, 10.25498],
							"size": [1.75, 1, 8],
							"pivot": [-1.76434, 23.82197, -0.24502],
							"rotation": [0, 7, 22.5],
							"uv": {
								"north": {"uv": [86, 86], "uv_size": [2, 1]},
								"east": {"uv": [78, 60], "uv_size": [8, 1]},
								"south": {"uv": [87, 0], "uv_size": [2, 1]},
								"west": {"uv": [78, 61], "uv_size": [8, 1]},
								"up": {"uv": [40, 71], "uv_size": [2, 8]},
								"down": {"uv": [42, 79], "uv_size": [2, -8]}
							}
						},
						{
							"origin": [-1, 18.5, -22.75],
							"size": [2, 0.25, 11.5],
							"uv": {
								"north": {"uv": [87, 3], "uv_size": [2, 1]},
								"east": {"uv": [75, 4], "uv_size": [12, 1]},
								"south": {"uv": [87, 4], "uv_size": [2, 1]},
								"west": {"uv": [75, 5], "uv_size": [12, 1]},
								"up": {"uv": [64, 60], "uv_size": [2, 12]},
								"down": {"uv": [20, 78], "uv_size": [2, -12]}
							}
						},
						{
							"origin": [-1, 26.95, -21.75],
							"size": [2, 0.25, 15.5],
							"uv": {
								"north": {"uv": [87, 37], "uv_size": [2, 1]},
								"east": {"uv": [64, 40], "uv_size": [16, 1]},
								"south": {"uv": [38, 87], "uv_size": [2, 1]},
								"west": {"uv": [67, 31], "uv_size": [16, 1]},
								"up": {"uv": [16, 63], "uv_size": [2, 16]},
								"down": {"uv": [18, 79], "uv_size": [2, -16]}
							}
						},
						{
							"origin": [-0.9, 18.25, -12.25],
							"size": [1.8, 0.25, 0.5],
							"uv": {
								"north": {"uv": [87, 5], "uv_size": [2, 1]},
								"east": {"uv": [89, 0], "uv_size": [1, 1]},
								"south": {"uv": [6, 87], "uv_size": [2, 1]},
								"west": {"uv": [1, 89], "uv_size": [1, 1]},
								"up": {"uv": [8, 87], "uv_size": [2, 1]},
								"down": {"uv": [87, 9], "uv_size": [2, -1]}
							}
						},
						{
							"origin": [-0.9, 18.25, -13.25],
							"size": [1.8, 0.25, 0.5],
							"uv": {
								"north": {"uv": [10, 87], "uv_size": [2, 1]},
								"east": {"uv": [2, 89], "uv_size": [1, 1]},
								"south": {"uv": [12, 87], "uv_size": [2, 1]},
								"west": {"uv": [3, 89], "uv_size": [1, 1]},
								"up": {"uv": [16, 87], "uv_size": [2, 1]},
								"down": {"uv": [20, 88], "uv_size": [2, -1]}
							}
						},
						{
							"origin": [-0.9, 18.25, -14.25],
							"size": [1.8, 0.25, 0.5],
							"uv": {
								"north": {"uv": [22, 87], "uv_size": [2, 1]},
								"east": {"uv": [89, 3], "uv_size": [1, 1]},
								"south": {"uv": [87, 23], "uv_size": [2, 1]},
								"west": {"uv": [4, 89], "uv_size": [1, 1]},
								"up": {"uv": [24, 87], "uv_size": [2, 1]},
								"down": {"uv": [26, 88], "uv_size": [2, -1]}
							}
						},
						{
							"origin": [-0.9, 18.25, -15.25],
							"size": [1.8, 0.25, 0.5],
							"uv": {
								"north": {"uv": [28, 87], "uv_size": [2, 1]},
								"east": {"uv": [89, 4], "uv_size": [1, 1]},
								"south": {"uv": [87, 31], "uv_size": [2, 1]},
								"west": {"uv": [5, 89], "uv_size": [1, 1]},
								"up": {"uv": [32, 87], "uv_size": [2, 1]},
								"down": {"uv": [34, 88], "uv_size": [2, -1]}
							}
						},
						{
							"origin": [-1.15, 18.1, -21.25],
							"size": [2.3, 0.5, 5.5],
							"uv": {
								"north": {"uv": [87, 79], "uv_size": [2, 1]},
								"east": {"uv": [81, 44], "uv_size": [6, 1]},
								"south": {"uv": [81, 87], "uv_size": [2, 1]},
								"west": {"uv": [82, 30], "uv_size": [6, 1]},
								"up": {"uv": [30, 76], "uv_size": [2, 6]},
								"down": {"uv": [32, 82], "uv_size": [2, -6]}
							}
						},
						{
							"origin": [-1.15, 17.6, -21],
							"size": [2.3, 0.5, 3.25],
							"uv": {
								"north": {"uv": [83, 87], "uv_size": [2, 1]},
								"east": {"uv": [86, 24], "uv_size": [3, 1]},
								"south": {"uv": [87, 84], "uv_size": [2, 1]},
								"west": {"uv": [25, 86], "uv_size": [3, 1]},
								"up": {"uv": [64, 82], "uv_size": [2, 3]},
								"down": {"uv": [68, 85], "uv_size": [2, -3]}
							}
						},
						{
							"origin": [-1.15, 17.74236, -18.01559],
							"size": [2.3, 0.5, 2.25],
							"pivot": [0, 17.99236, -17.39059],
							"rotation": [12.5, 0, 0],
							"uv": {
								"north": {"uv": [87, 85], "uv_size": [2, 1]},
								"east": {"uv": [86, 87], "uv_size": [2, 1]},
								"south": {"uv": [88, 1], "uv_size": [2, 1]},
								"west": {"uv": [88, 2], "uv_size": [2, 1]},
								"up": {"uv": [46, 85], "uv_size": [2, 2]},
								"down": {"uv": [48, 87], "uv_size": [2, -2]}
							}
						},
						{
							"origin": [-0.9, 18.25, -22.25],
							"size": [1.8, 0.25, 0.5],
							"uv": {
								"north": {"uv": [87, 34], "uv_size": [2, 1]},
								"east": {"uv": [89, 5], "uv_size": [1, 1]},
								"south": {"uv": [87, 35], "uv_size": [2, 1]},
								"west": {"uv": [6, 89], "uv_size": [1, 1]},
								"up": {"uv": [36, 87], "uv_size": [2, 1]},
								"down": {"uv": [87, 37], "uv_size": [2, -1]}
							}
						},
						{
							"origin": [-0.9, 27.2, -19.25],
							"size": [1.8, 0.25, 0.5],
							"uv": {
								"north": {"uv": [87, 51], "uv_size": [2, 1]},
								"east": {"uv": [89, 9], "uv_size": [1, 1]},
								"south": {"uv": [87, 52], "uv_size": [2, 1]},
								"west": {"uv": [89, 10], "uv_size": [1, 1]},
								"up": {"uv": [87, 53], "uv_size": [2, 1]},
								"down": {"uv": [87, 57], "uv_size": [2, -1]}
							}
						},
						{
							"origin": [-0.9, 27.2, -18.25],
							"size": [1.8, 0.25, 0.5],
							"uv": {
								"north": {"uv": [87, 47], "uv_size": [2, 1]},
								"east": {"uv": [89, 8], "uv_size": [1, 1]},
								"south": {"uv": [48, 87], "uv_size": [2, 1]},
								"west": {"uv": [9, 89], "uv_size": [1, 1]},
								"up": {"uv": [50, 87], "uv_size": [2, 1]},
								"down": {"uv": [87, 51], "uv_size": [2, -1]}
							}
						},
						{
							"origin": [-0.9, 27.2, -20.25],
							"size": [1.8, 0.25, 0.5],
							"uv": {
								"north": {"uv": [44, 87], "uv_size": [2, 1]},
								"east": {"uv": [89, 7], "uv_size": [1, 1]},
								"south": {"uv": [87, 44], "uv_size": [2, 1]},
								"west": {"uv": [8, 89], "uv_size": [1, 1]},
								"up": {"uv": [46, 87], "uv_size": [2, 1]},
								"down": {"uv": [87, 47], "uv_size": [2, -1]}
							}
						},
						{
							"origin": [-0.9, 27.2, -21.25],
							"size": [1.8, 0.25, 0.5],
							"uv": {
								"north": {"uv": [40, 87], "uv_size": [2, 1]},
								"east": {"uv": [89, 6], "uv_size": [1, 1]},
								"south": {"uv": [42, 87], "uv_size": [2, 1]},
								"west": {"uv": [7, 89], "uv_size": [1, 1]},
								"up": {"uv": [87, 42], "uv_size": [2, 1]},
								"down": {"uv": [87, 44], "uv_size": [2, -1]}
							}
						},
						{
							"origin": [-0.9, 27.2, -14.25],
							"size": [1.8, 0.25, 0.5],
							"uv": {
								"north": {"uv": [87, 70], "uv_size": [2, 1]},
								"east": {"uv": [15, 89], "uv_size": [1, 1]},
								"south": {"uv": [71, 87], "uv_size": [2, 1]},
								"west": {"uv": [89, 15], "uv_size": [1, 1]},
								"up": {"uv": [87, 71], "uv_size": [2, 1]},
								"down": {"uv": [87, 73], "uv_size": [2, -1]}
							}
						},
						{
							"origin": [-0.9, 27.2, -13.25],
							"size": [1.8, 0.25, 0.5],
							"uv": {
								"north": {"uv": [87, 67], "uv_size": [2, 1]},
								"east": {"uv": [14, 89], "uv_size": [1, 1]},
								"south": {"uv": [87, 68], "uv_size": [2, 1]},
								"west": {"uv": [89, 14], "uv_size": [1, 1]},
								"up": {"uv": [69, 87], "uv_size": [2, 1]},
								"down": {"uv": [87, 70], "uv_size": [2, -1]}
							}
						},
						{
							"origin": [-0.9, 27.2, -15.25],
							"size": [1.8, 0.25, 0.5],
							"uv": {
								"north": {"uv": [65, 87], "uv_size": [2, 1]},
								"east": {"uv": [13, 89], "uv_size": [1, 1]},
								"south": {"uv": [87, 65], "uv_size": [2, 1]},
								"west": {"uv": [89, 13], "uv_size": [1, 1]},
								"up": {"uv": [87, 66], "uv_size": [2, 1]},
								"down": {"uv": [67, 88], "uv_size": [2, -1]}
							}
						},
						{
							"origin": [-0.9, 27.2, -17.25],
							"size": [1.8, 0.25, 0.5],
							"uv": {
								"north": {"uv": [61, 87], "uv_size": [2, 1]},
								"east": {"uv": [12, 89], "uv_size": [1, 1]},
								"south": {"uv": [87, 62], "uv_size": [2, 1]},
								"west": {"uv": [89, 12], "uv_size": [1, 1]},
								"up": {"uv": [63, 87], "uv_size": [2, 1]},
								"down": {"uv": [87, 64], "uv_size": [2, -1]}
							}
						},
						{
							"origin": [-1.1, 27, -12.4],
							"size": [2.2, 0.7, 5.8],
							"uv": {
								"north": {"uv": [73, 87], "uv_size": [2, 1]},
								"east": {"uv": [80, 64], "uv_size": [6, 1]},
								"south": {"uv": [77, 87], "uv_size": [2, 1]},
								"west": {"uv": [81, 8], "uv_size": [6, 1]},
								"up": {"uv": [8, 76], "uv_size": [2, 6]},
								"down": {"uv": [10, 82], "uv_size": [2, -6]}
							}
						},
						{
							"origin": [-1.23891, 27.39749, -11.9],
							"size": [0.1, 0.7, 0.75],
							"pivot": [-1.48891, 27.94749, -9.5],
							"rotation": [0, 0, -22.5],
							"uv": {
								"north": {"uv": [23, 89], "uv_size": [1, 1]},
								"east": {"uv": [89, 23], "uv_size": [1, 1]},
								"south": {"uv": [24, 89], "uv_size": [1, 1]},
								"west": {"uv": [89, 24], "uv_size": [1, 1]},
								"up": {"uv": [25, 89], "uv_size": [1, 1]},
								"down": {"uv": [26, 90], "uv_size": [1, -1]}
							}
						},
						{
							"origin": [-1.31534, 28.18174, -11.9],
							"size": [0.1, 0.45, 0.75],
							"uv": {
								"north": {"uv": [89, 34], "uv_size": [1, 1]},
								"east": {"uv": [35, 89], "uv_size": [1, 1]},
								"south": {"uv": [89, 35], "uv_size": [1, 1]},
								"west": {"uv": [36, 89], "uv_size": [1, 1]},
								"up": {"uv": [89, 36], "uv_size": [1, 1]},
								"down": {"uv": [37, 90], "uv_size": [1, -1]}
							}
						},
						{
							"origin": [1.21534, 28.18174, -11.9],
							"size": [0.1, 0.45, 0.75],
							"uv": {
								"north": {"uv": [89, 37], "uv_size": [1, 1]},
								"east": {"uv": [38, 89], "uv_size": [1, 1]},
								"south": {"uv": [89, 38], "uv_size": [1, 1]},
								"west": {"uv": [39, 89], "uv_size": [1, 1]},
								"up": {"uv": [89, 39], "uv_size": [1, 1]},
								"down": {"uv": [40, 90], "uv_size": [1, -1]}
							}
						},
						{
							"origin": [1.13891, 27.39749, -11.9],
							"size": [0.1, 0.7, 0.75],
							"pivot": [1.48891, 27.94749, -9.5],
							"rotation": [0, 0, 22.5],
							"uv": {
								"north": {"uv": [89, 26], "uv_size": [1, 1]},
								"east": {"uv": [27, 89], "uv_size": [1, 1]},
								"south": {"uv": [89, 27], "uv_size": [1, 1]},
								"west": {"uv": [28, 89], "uv_size": [1, 1]},
								"up": {"uv": [29, 89], "uv_size": [1, 1]},
								"down": {"uv": [89, 30], "uv_size": [1, -1]}
							}
						},
						{
							"origin": [-0.9, 27.2, -16.25],
							"size": [1.8, 0.25, 0.5],
							"uv": {
								"north": {"uv": [87, 57], "uv_size": [2, 1]},
								"east": {"uv": [11, 89], "uv_size": [1, 1]},
								"south": {"uv": [87, 58], "uv_size": [2, 1]},
								"west": {"uv": [89, 11], "uv_size": [1, 1]},
								"up": {"uv": [59, 87], "uv_size": [2, 1]},
								"down": {"uv": [87, 60], "uv_size": [2, -1]}
							}
						}
					]
				},
				{
					"name": "glow",
					"parent": "gun",
					"pivot": [0, 13.5, 0],
					"cubes": [
						{
							"origin": [0.3235, 21.07871, -13.67094],
							"size": [1.25, 1, 24],
							"pivot": [0.5735, 23.32871, -0.17094],
							"rotation": [0, 0, -22.5],
							"uv": {
								"north": {"uv": [80, 81], "uv_size": [1, 1]},
								"east": {"uv": [63, 58], "uv_size": [24, 1]},
								"south": {"uv": [84, 50], "uv_size": [1, 1]},
								"west": {"uv": [63, 59], "uv_size": [24, 1]},
								"up": {"uv": [63, 60], "uv_size": [1, 24]},
								"down": {"uv": [56, 88], "uv_size": [1, -24]}
							}
						},
						{
							"origin": [2.01434, 21.57197, 10.25498],
							"size": [0.75, 1, 8],
							"pivot": [1.76434, 23.82197, -0.24502],
							"rotation": [0, -7, -22.5],
							"uv": {
								"north": {"uv": [88, 78], "uv_size": [1, 1]},
								"east": {"uv": [78, 21], "uv_size": [8, 1]},
								"south": {"uv": [79, 88], "uv_size": [1, 1]},
								"west": {"uv": [78, 29], "uv_size": [8, 1]},
								"up": {"uv": [42, 79], "uv_size": [1, 8]},
								"down": {"uv": [43, 87], "uv_size": [1, -8]}
							}
						},
						{
							"origin": [-1.1, 14.08501, -3.26501],
							"size": [2.2, 1, 0.5],
							"pivot": [0, 17.68501, -2.76501],
							"rotation": [-90, 0, 0],
							"uv": {
								"north": {"uv": [88, 22], "uv_size": [2, 1]},
								"east": {"uv": [89, 41], "uv_size": [1, 1]},
								"south": {"uv": [23, 88], "uv_size": [2, 1]},
								"west": {"uv": [42, 89], "uv_size": [1, 1]},
								"up": {"uv": [25, 88], "uv_size": [2, 1]},
								"down": {"uv": [88, 26], "uv_size": [2, -1]}
							}
						},
						{
							"origin": [-1.5735, 21.07871, 0.32906],
							"size": [1.25, 1, 10],
							"pivot": [-0.5735, 23.32871, -0.17094],
							"rotation": [0, 0, 22.5],
							"uv": {
								"north": {"uv": [63, 84], "uv_size": [1, 1]},
								"east": {"uv": [75, 22], "uv_size": [10, 1]},
								"south": {"uv": [13, 88], "uv_size": [1, 1]},
								"west": {"uv": [77, 47], "uv_size": [10, 1]},
								"up": {"uv": [59, 77], "uv_size": [1, 10]},
								"down": {"uv": [66, 87], "uv_size": [1, -10]}
							}
						},
						{
							"origin": [-2.76434, 21.57197, 10.25498],
							"size": [0.75, 1, 8],
							"pivot": [-1.76434, 23.82197, -0.24502],
							"rotation": [0, 7, 22.5],
							"uv": {
								"north": {"uv": [80, 88], "uv_size": [1, 1]},
								"east": {"uv": [79, 0], "uv_size": [8, 1]},
								"south": {"uv": [88, 80], "uv_size": [1, 1]},
								"west": {"uv": [79, 1], "uv_size": [8, 1]},
								"up": {"uv": [60, 79], "uv_size": [1, 8]},
								"down": {"uv": [61, 87], "uv_size": [1, -8]}
							}
						},
						{
							"origin": [-1.5735, 21.07871, -13.67094],
							"size": [1.25, 1, 4],
							"pivot": [-0.5735, 23.32871, -0.17094],
							"rotation": [0, 0, 22.5],
							"uv": {
								"north": {"uv": [88, 76], "uv_size": [1, 1]},
								"east": {"uv": [83, 31], "uv_size": [4, 1]},
								"south": {"uv": [77, 88], "uv_size": [1, 1]},
								"west": {"uv": [84, 25], "uv_size": [4, 1]},
								"up": {"uv": [53, 84], "uv_size": [1, 4]},
								"down": {"uv": [55, 88], "uv_size": [1, -4]}
							}
						}
					]
				},
				{
					"name": "catridge",
					"parent": "gun",
					"pivot": [-0.5, 21.725, -8.175],
					"cubes": [
						{
							"origin": [-1, 21.225, -9.675],
							"size": [1, 1, 3],
							"uv": {
								"north": {"uv": [92, 1], "uv_size": [1, 1]},
								"east": {"uv": [90, 4], "uv_size": [3, 1]},
								"south": {"uv": [92, 0], "uv_size": [1, 1]},
								"west": {"uv": [90, 3], "uv_size": [3, 1]},
								"up": {"uv": [92, 3], "uv_size": [-1, -3]},
								"down": {"uv": [91, 3], "uv_size": [-1, -3]}
							}
						}
					]
				},
				{
					"name": "bolt",
					"parent": "gun",
					"pivot": [0, 22.225, -9.175],
					"cubes": [
						{
							"origin": [-3.25, 21.35, -9.675],
							"size": [3.25, 0.8, 1],
							"pivot": [-1.25, 22.225, -9.175],
							"rotation": [0, 0, 22.5],
							"uv": {
								"north": {"uv": [86, 26], "uv_size": [3, 1]},
								"east": {"uv": [89, 42], "uv_size": [1, 1]},
								"south": {"uv": [86, 27], "uv_size": [3, 1]},
								"west": {"uv": [43, 89], "uv_size": [1, 1]},
								"up": {"uv": [28, 86], "uv_size": [3, 1]},
								"down": {"uv": [86, 30], "uv_size": [3, -1]}
							}
						},
						{
							"origin": [-3.48261, 22.18197, -9.675],
							"size": [2.55, 0.75, 1],
							"pivot": [-2.18261, 23.43197, -9.175],
							"rotation": [0, 0, 90],
							"uv": {
								"north": {"uv": [86, 38], "uv_size": [3, 1]},
								"east": {"uv": [89, 43], "uv_size": [1, 1]},
								"south": {"uv": [86, 39], "uv_size": [3, 1]},
								"west": {"uv": [44, 89], "uv_size": [1, 1]},
								"up": {"uv": [86, 40], "uv_size": [3, 1]},
								"down": {"uv": [86, 42], "uv_size": [3, -1]}
							}
						}
					]
				},
				{
					"name": "scope",
					"parent": "gun",
					"pivot": [0, 28.9, 2.19],
					"cubes": [
						{"origin": [-0.5, 28.4, 1.69], "size": [1, 1, 1], "inflate": -0.4, "uv": [252, 0]}
					]
				},
				{
					"name": "magazine",
					"parent": "gun",
					"pivot": [-0.001, 10.19668, 13.75502],
					"rotation": [-22.5, 0, 0],
					"cubes": [
						{
							"origin": [-0.751, 7.14668, 12.00502],
							"size": [1.5, 15, 3.5],
							"inflate": 0.01,
							"uv": {
								"north": {"uv": [26, 66], "uv_size": [2, 11]},
								"east": {"uv": [56, 32], "uv_size": [4, 11]},
								"south": {"uv": [28, 66], "uv_size": [2, 11]},
								"west": {"uv": [56, 43], "uv_size": [4, 11]},
								"up": {"uv": [28, 82], "uv_size": [2, 4]},
								"down": {"uv": [30, 86], "uv_size": [2, -4]}
							}
						},
						{
							"origin": [-1.001, 6.09159, 12.68587],
							"size": [2, 2.1, 3.3],
							"inflate": 0.01,
							"uv": {
								"north": {"uv": [85, 50], "uv_size": [2, 2]},
								"east": {"uv": [83, 26], "uv_size": [3, 2]},
								"south": {"uv": [85, 52], "uv_size": [2, 2]},
								"west": {"uv": [83, 40], "uv_size": [3, 2]},
								"up": {"uv": [4, 83], "uv_size": [2, 3]},
								"down": {"uv": [83, 69], "uv_size": [2, -3]}
							}
						},
						{
							"origin": [-1.001, 6.09159, 11.96087],
							"size": [2, 0.725, 0.7],
							"inflate": 0.01,
							"uv": {
								"north": {"uv": [17, 88], "uv_size": [2, 1]},
								"east": {"uv": [89, 40], "uv_size": [1, 1]},
								"south": {"uv": [19, 88], "uv_size": [2, 1]},
								"west": {"uv": [41, 89], "uv_size": [1, 1]},
								"up": {"uv": [88, 20], "uv_size": [2, 1]},
								"down": {"uv": [21, 89], "uv_size": [2, -1]}
							}
						},
						{
							"origin": [-1.001, 6.33014, 11.83497],
							"size": [2, 2, 1],
							"pivot": [-0.001, 7.28014, 12.10997],
							"rotation": [-45, 0, 0],
							"uv": {
								"north": {"uv": [64, 85], "uv_size": [2, 2]},
								"east": {"uv": [30, 87], "uv_size": [1, 2]},
								"south": {"uv": [85, 65], "uv_size": [2, 2]},
								"west": {"uv": [10, 88], "uv_size": [1, 2]},
								"up": {"uv": [11, 88], "uv_size": [2, 1]},
								"down": {"uv": [15, 89], "uv_size": [2, -1]}
							}
						},
						{
							"origin": [-0.751, 8.00836, 15.32964],
							"size": [1.5, 1.75, 0.5],
							"pivot": [0.249, 8.50836, 15.57964],
							"rotation": [22.5, 0, 0],
							"uv": {
								"north": {"uv": [62, 85], "uv_size": [2, 2]},
								"east": {"uv": [3, 87], "uv_size": [1, 2]},
								"south": {"uv": [85, 62], "uv_size": [2, 2]},
								"west": {"uv": [14, 87], "uv_size": [1, 2]},
								"up": {"uv": [6, 88], "uv_size": [2, 1]},
								"down": {"uv": [8, 89], "uv_size": [2, -1]}
							}
						}
					]
				},
				{
					"name": "glow2",
					"parent": "magazine",
					"pivot": [0, 0, 0],
					"cubes": [
						{
							"origin": [-0.776, 8.52168, 12.90502],
							"size": [1.55, 12.25, 1.7],
							"uv": {
								"north": {"uv": [26, 66], "uv_size": [2, 11]},
								"east": {"uv": [57, 33], "uv_size": [2, 9]},
								"south": {"uv": [28, 66], "uv_size": [2, 11]},
								"west": {"uv": [57, 44], "uv_size": [2, 9]},
								"up": {"uv": [28, 82], "uv_size": [2, 4]},
								"down": {"uv": [30, 86], "uv_size": [2, -4]}
							}
						}
					]
				},
				{
					"name": "leftarm",
					"parent": "main",
					"pivot": [12.7, 12.3, -2.1],
					"rotation": [-92.854, 35.65716, -2.44663],
					"cubes": [
						{
							"origin": [8.79527, -11.50042, -6.3784],
							"size": [8, 24, 8],
							"pivot": [15.79527, 1.49958, -7.1284],
							"rotation": [-2.5, 0, 0],
							"uv": {
								"north": {"uv": [0, 0], "uv_size": [8, 24]},
								"east": {"uv": [8, 0], "uv_size": [8, 24]},
								"south": {"uv": [16, 0], "uv_size": [8, 24]},
								"west": {"uv": [0, 24], "uv_size": [8, 24]},
								"up": {"uv": [46, 24], "uv_size": [8, 8]},
								"down": {"uv": [46, 40], "uv_size": [8, -8]}
							}
						}
					]
				},
				{
					"name": "rightarm",
					"parent": "main",
					"pivot": [-8.2, 17.7, 22.05],
					"rotation": [-81.49616, -19.82085, -3.60221],
					"cubes": [
						{
							"origin": [-12.14457, -6.30253, 18.15171],
							"size": [8, 24, 8],
							"uv": {
								"north": {"uv": [24, 0], "uv_size": [8, 24]},
								"east": {"uv": [8, 24], "uv_size": [8, 24]},
								"south": {"uv": [16, 24], "uv_size": [8, 24]},
								"west": {"uv": [24, 24], "uv_size": [8, 24]},
								"up": {"uv": [46, 40], "uv_size": [8, 8]},
								"down": {"uv": [0, 56], "uv_size": [8, -8]}
							}
						}
					]
				},
				{
					"name": "_camera_",
					"pivot": [19, 30, 32]
				}
			]
		}
	]
}