{
	"format_version": "1.12.0",
	"minecraft:geometry": [
		{
			"description": {
				"identifier": "geometry.unknown",
				"texture_width": 8,
				"texture_height": 8,
				"visible_bounds_width": 4,
				"visible_bounds_height": 1.5,
				"visible_bounds_offset": [0, 0.25, 0]
			},
			"bones": [
				{
					"name": "ammo",
					"pivot": [0.0025, 0.46592, -1.24992],
					"cubes": [
						{
							"origin": [-0.7725, 2.80479, 8.94823],
							"size": [1.55, 6.41, 1.55],
							"inflate": -0.1,
							"pivot": [-1.0475, -1.1762, 8.07366],
							"rotation": [90, 0, 0],
							"uv": {
								"north": {"uv": [0, 0], "uv_size": [1, 4.25]},
								"east": {"uv": [1, 0], "uv_size": [1, 4.25]},
								"south": {"uv": [2, 0], "uv_size": [1, 4.25]},
								"west": {"uv": [3, 0], "uv_size": [1, 4.25]},
								"up": {"uv": [5, 0], "uv_size": [1, 1]},
								"down": {"uv": [1, 6], "uv_size": [1, -1]}
							}
						},
						{
							"origin": [-0.7225, 8.85498, 8.98336],
							"size": [1.45, 2.86, 1.45],
							"inflate": -0.2,
							"pivot": [-1.0475, -1.1762, 8.07366],
							"rotation": [90, 0, 0],
							"uv": {
								"north": {"uv": [4, 0], "uv_size": [1, 2]},
								"east": {"uv": [4, 2], "uv_size": [1, 2]},
								"south": {"uv": [4, 4], "uv_size": [1, 2]},
								"west": {"uv": [0, 5], "uv_size": [1, 2]},
								"up": {"uv": [5, 1], "uv_size": [1, 1]},
								"down": {"uv": [2, 6], "uv_size": [1, -1]}
							}
						},
						{
							"origin": [-0.6725, 4.90478, 12.04823],
							"size": [1.35, 4.26, 0.025],
							"pivot": [-1.0475, -1.2762, 9.57366],
							"rotation": [90, 0, 0],
							"uv": {
								"east": {"uv": [6, 0], "uv_size": [2, 8]},
								"south": {"uv": [6, 0], "uv_size": [2, 8]},
								"west": {"uv": [6, 0], "uv_size": [2, 8]},
								"up": {"uv": [8, 8], "uv_size": [-2, -8]},
								"down": {"uv": [8, 8], "uv_size": [-2, -8]}
							}
						}
					]
				}
			]
		}
	]
}