{
	"format_version": "1.12.0",
	"minecraft:geometry": [
		{
			"description": {
				"identifier": "geometry.unknown",
				"texture_width": 128,
				"texture_height": 128,
				"visible_bounds_width": 10,
				"visible_bounds_height": 7,
				"visible_bounds_offset": [0, 1.5, 0]
			},
			"bones": [
				{
					"name": "main",
					"pivot": [0, 0, 0]
				},
				{
					"name": "gun",
					"parent": "main",
					"pivot": [-0.3, 17.3, -0.6],
					"cubes": [
						{
							"origin": [-1.85, 5.55, -3.85],
							"size": [3.1, 13.75, 5.25],
							"pivot": [-0.3, 17.3, -0.6],
							"rotation": [15, 0, 0],
							"uv": {
								"north": {"uv": [8, 53], "uv_size": [3, 14]},
								"east": {"uv": [16, 30], "uv_size": [5, 14]},
								"south": {"uv": [11, 53], "uv_size": [3, 14]},
								"west": {"uv": [21, 30], "uv_size": [5, 14]},
								"up": {"uv": [64, 77], "uv_size": [3, 5]},
								"down": {"uv": [11, 83], "uv_size": [3, -5]}
							}
						},
						{
							"origin": [-1.775, 14.27025, 0.68347],
							"size": [2.95, 4, 2],
							"pivot": [-0.3, 17.52025, 0.43347],
							"rotation": [10, 0, 0],
							"uv": {
								"north": {"uv": [25, 79], "uv_size": [3, 4]},
								"east": {"uv": [54, 81], "uv_size": [2, 4]},
								"south": {"uv": [61, 79], "uv_size": [3, 4]},
								"west": {"uv": [38, 83], "uv_size": [2, 4]},
								"up": {"uv": [60, 28], "uv_size": [3, 2]},
								"down": {"uv": [70, 60], "uv_size": [3, -2]}
							}
						},
						{
							"origin": [-1.8, 5.51997, -0.23066],
							"size": [3, 8.5, 2.25],
							"pivot": [-0.3, 17.26997, -0.23066],
							"rotation": [22.5, 0, 0],
							"uv": {
								"north": {"uv": [64, 52], "uv_size": [3, 9]},
								"east": {"uv": [38, 74], "uv_size": [2, 9]},
								"south": {"uv": [64, 61], "uv_size": [3, 9]},
								"west": {"uv": [67, 75], "uv_size": [2, 9]},
								"up": {"uv": [19, 86], "uv_size": [3, 2]},
								"down": {"uv": [25, 88], "uv_size": [3, -2]}
							}
						},
						{
							"origin": [-1.8, 12.31707, -6.19864],
							"size": [3, 6, 2],
							"pivot": [-0.3, 17.81707, -6.44864],
							"rotation": [30, 0, 0],
							"uv": {
								"north": {"uv": [0, 75], "uv_size": [3, 6]},
								"east": {"uv": [56, 77], "uv_size": [2, 6]},
								"south": {"uv": [75, 10], "uv_size": [3, 6]},
								"west": {"uv": [78, 79], "uv_size": [2, 6]},
								"up": {"uv": [40, 85], "uv_size": [3, 2]},
								"down": {"uv": [43, 87], "uv_size": [3, -2]}
							}
						},
						{
							"origin": [-1.8, 5.6269, -3.32021],
							"size": [3, 7.5, 1.75],
							"pivot": [-0.3, 12.6269, -3.57021],
							"rotation": [20, 0, 0],
							"uv": {
								"north": {"uv": [22, 67], "uv_size": [3, 8]},
								"east": {"uv": [31, 77], "uv_size": [2, 8]},
								"south": {"uv": [67, 52], "uv_size": [3, 8]},
								"west": {"uv": [33, 77], "uv_size": [2, 8]},
								"up": {"uv": [46, 85], "uv_size": [3, 2]},
								"down": {"uv": [49, 87], "uv_size": [3, -2]}
							}
						},
						{
							"origin": [-2.05, 18, -38.6],
							"size": [3.5, 2, 26],
							"uv": {
								"north": {"uv": [40, 83], "uv_size": [4, 2]},
								"east": {"uv": [34, 28], "uv_size": [26, 2]},
								"south": {"uv": [44, 83], "uv_size": [4, 2]},
								"west": {"uv": [26, 36], "uv_size": [26, 2]},
								"up": {"uv": [0, 0], "uv_size": [4, 26]},
								"down": {"uv": [4, 26], "uv_size": [4, -26]}
							}
						},
						{
							"origin": [-2.05, 18, -5.25],
							"size": [3.5, 2, 6.75],
							"uv": {
								"north": {"uv": [3, 85], "uv_size": [4, 2]},
								"east": {"uv": [14, 79], "uv_size": [7, 2]},
								"south": {"uv": [85, 8], "uv_size": [4, 2]},
								"west": {"uv": [79, 45], "uv_size": [7, 2]},
								"up": {"uv": [40, 63], "uv_size": [4, 7]},
								"down": {"uv": [44, 70], "uv_size": [4, -7]}
							}
						},
						{
							"origin": [-2.05, 18, -12.6],
							"size": [3.5, 2, 7.375],
							"uv": {
								"north": {"uv": [85, 26], "uv_size": [4, 2]},
								"east": {"uv": [79, 47], "uv_size": [7, 2]},
								"south": {"uv": [31, 85], "uv_size": [4, 2]},
								"west": {"uv": [71, 79], "uv_size": [7, 2]},
								"up": {"uv": [64, 38], "uv_size": [4, 7]},
								"down": {"uv": [64, 52], "uv_size": [4, -7]}
							}
						},
						{
							"origin": [-2.3, 20, -5.25],
							"size": [4, 6, 7.75],
							"uv": {
								"north": {"uv": [8, 67], "uv_size": [4, 6]},
								"east": {"uv": [46, 30], "uv_size": [8, 6]},
								"south": {"uv": [67, 18], "uv_size": [4, 6]},
								"west": {"uv": [47, 17], "uv_size": [8, 6]},
								"up": {"uv": [57, 62], "uv_size": [4, 8]},
								"down": {"uv": [63, 30], "uv_size": [4, -8]}
							}
						},
						{
							"origin": [-3.3, 23, -5.25],
							"size": [6, 2, 7.75],
							"uv": {
								"north": {"uv": [82, 2], "uv_size": [6, 2]},
								"east": {"uv": [55, 22], "uv_size": [8, 2]},
								"south": {"uv": [82, 4], "uv_size": [6, 2]},
								"west": {"uv": [78, 14], "uv_size": [8, 2]},
								"up": {"uv": [48, 38], "uv_size": [6, 8]},
								"down": {"uv": [48, 54], "uv_size": [6, -8]}
							}
						},
						{
							"origin": [1.13934, 24.35355, -5.25],
							"size": [1, 2, 7.75],
							"pivot": [1.63934, 25.35355, -1.375],
							"rotation": [0, 0, -45],
							"uv": {
								"north": {"uv": [74, 87], "uv_size": [1, 2]},
								"east": {"uv": [78, 22], "uv_size": [8, 2]},
								"south": {"uv": [23, 89], "uv_size": [1, 2]},
								"west": {"uv": [78, 36], "uv_size": [8, 2]},
								"up": {"uv": [77, 81], "uv_size": [1, 8]},
								"down": {"uv": [56, 91], "uv_size": [1, -8]}
							}
						},
						{
							"origin": [1.13934, 21.64645, -5.25],
							"size": [1, 2, 7.75],
							"pivot": [1.63934, 22.64645, -1.375],
							"rotation": [0, 0, 45],
							"uv": {
								"north": {"uv": [87, 89], "uv_size": [1, 2]},
								"east": {"uv": [78, 64], "uv_size": [8, 2]},
								"south": {"uv": [88, 89], "uv_size": [1, 2]},
								"west": {"uv": [78, 66], "uv_size": [8, 2]},
								"up": {"uv": [62, 83], "uv_size": [1, 8]},
								"down": {"uv": [63, 91], "uv_size": [1, -8]}
							}
						},
						{
							"origin": [-2.73934, 24.35355, -5.25],
							"size": [1, 2, 7.75],
							"pivot": [-2.23934, 25.35355, -1.375],
							"rotation": [0, 0, 45],
							"uv": {
								"north": {"uv": [89, 89], "uv_size": [1, 2]},
								"east": {"uv": [78, 68], "uv_size": [8, 2]},
								"south": {"uv": [3, 90], "uv_size": [1, 2]},
								"west": {"uv": [78, 70], "uv_size": [8, 2]},
								"up": {"uv": [75, 83], "uv_size": [1, 8]},
								"down": {"uv": [76, 91], "uv_size": [1, -8]}
							}
						},
						{
							"origin": [-2.73934, 21.64645, -5.25],
							"size": [1, 2, 7.75],
							"pivot": [-2.23934, 22.64645, -1.375],
							"rotation": [0, 0, -45],
							"uv": {
								"north": {"uv": [85, 89], "uv_size": [1, 2]},
								"east": {"uv": [78, 38], "uv_size": [8, 2]},
								"south": {"uv": [86, 89], "uv_size": [1, 2]},
								"west": {"uv": [78, 40], "uv_size": [8, 2]},
								"up": {"uv": [57, 83], "uv_size": [1, 8]},
								"down": {"uv": [61, 91], "uv_size": [1, -8]}
							}
						},
						{
							"origin": [-2.05, 26, -38.25],
							"size": [3.5, 0.75, 25.5],
							"uv": {
								"north": {"uv": [3, 87], "uv_size": [4, 1]},
								"east": {"uv": [54, 34], "uv_size": [26, 1]},
								"south": {"uv": [87, 6], "uv_size": [4, 1]},
								"west": {"uv": [54, 35], "uv_size": [26, 1]},
								"up": {"uv": [16, 0], "uv_size": [4, 26]},
								"down": {"uv": [20, 26], "uv_size": [4, -26]}
							}
						},
						{
							"origin": [-2.05, 26.75, -14.75],
							"size": [3.5, 0.25, 1],
							"uv": {
								"north": {"uv": [87, 87], "uv_size": [4, 1]},
								"east": {"uv": [52, 90], "uv_size": [1, 1]},
								"south": {"uv": [88, 2], "uv_size": [4, 1]},
								"west": {"uv": [53, 90], "uv_size": [1, 1]},
								"up": {"uv": [3, 88], "uv_size": [4, 1]},
								"down": {"uv": [88, 4], "uv_size": [4, -1]}
							}
						},
						{
							"origin": [-2.05, 26.75, -16.75],
							"size": [3.5, 0.25, 1],
							"uv": {
								"north": {"uv": [88, 4], "uv_size": [4, 1]},
								"east": {"uv": [54, 90], "uv_size": [1, 1]},
								"south": {"uv": [88, 5], "uv_size": [4, 1]},
								"west": {"uv": [55, 90], "uv_size": [1, 1]},
								"up": {"uv": [11, 88], "uv_size": [4, 1]},
								"down": {"uv": [88, 25], "uv_size": [4, -1]}
							}
						},
						{
							"origin": [-2.05, 26.75, -18.75],
							"size": [3.5, 0.25, 1],
							"uv": {
								"north": {"uv": [88, 25], "uv_size": [4, 1]},
								"east": {"uv": [64, 90], "uv_size": [1, 1]},
								"south": {"uv": [88, 28], "uv_size": [4, 1]},
								"west": {"uv": [65, 90], "uv_size": [1, 1]},
								"up": {"uv": [88, 29], "uv_size": [4, 1]},
								"down": {"uv": [88, 31], "uv_size": [4, -1]}
							}
						},
						{
							"origin": [-2.05, 26.75, -20.75],
							"size": [3.5, 0.25, 1],
							"uv": {
								"north": {"uv": [88, 31], "uv_size": [4, 1]},
								"east": {"uv": [66, 90], "uv_size": [1, 1]},
								"south": {"uv": [52, 88], "uv_size": [4, 1]},
								"west": {"uv": [67, 90], "uv_size": [1, 1]},
								"up": {"uv": [66, 88], "uv_size": [4, 1]},
								"down": {"uv": [78, 89], "uv_size": [4, -1]}
							}
						},
						{
							"origin": [-2.05, 26.75, -22.75],
							"size": [3.5, 0.25, 1],
							"uv": {
								"north": {"uv": [88, 78], "uv_size": [4, 1]},
								"east": {"uv": [68, 90], "uv_size": [1, 1]},
								"south": {"uv": [88, 79], "uv_size": [4, 1]},
								"west": {"uv": [69, 90], "uv_size": [1, 1]},
								"up": {"uv": [88, 80], "uv_size": [4, 1]},
								"down": {"uv": [88, 82], "uv_size": [4, -1]}
							}
						},
						{
							"origin": [-2.05, 26.75, -24.75],
							"size": [3.5, 0.25, 1],
							"uv": {
								"north": {"uv": [82, 88], "uv_size": [4, 1]},
								"east": {"uv": [70, 90], "uv_size": [1, 1]},
								"south": {"uv": [88, 84], "uv_size": [4, 1]},
								"west": {"uv": [71, 90], "uv_size": [1, 1]},
								"up": {"uv": [88, 85], "uv_size": [4, 1]},
								"down": {"uv": [86, 89], "uv_size": [4, -1]}
							}
						},
						{
							"origin": [-2.05, 26.75, -26.75],
							"size": [3.5, 0.25, 1],
							"uv": {
								"north": {"uv": [3, 89], "uv_size": [4, 1]},
								"east": {"uv": [90, 71], "uv_size": [1, 1]},
								"south": {"uv": [7, 89], "uv_size": [4, 1]},
								"west": {"uv": [72, 90], "uv_size": [1, 1]},
								"up": {"uv": [89, 8], "uv_size": [4, 1]},
								"down": {"uv": [89, 10], "uv_size": [4, -1]}
							}
						},
						{
							"origin": [-2.05, 26.75, -28.75],
							"size": [3.5, 0.25, 1],
							"uv": {
								"north": {"uv": [89, 10], "uv_size": [4, 1]},
								"east": {"uv": [73, 90], "uv_size": [1, 1]},
								"south": {"uv": [11, 89], "uv_size": [4, 1]},
								"west": {"uv": [74, 90], "uv_size": [1, 1]},
								"up": {"uv": [89, 11], "uv_size": [4, 1]},
								"down": {"uv": [89, 13], "uv_size": [4, -1]}
							}
						},
						{
							"origin": [-2.05, 26.75, -30.75],
							"size": [3.5, 0.25, 1],
							"uv": {
								"north": {"uv": [89, 13], "uv_size": [4, 1]},
								"east": {"uv": [77, 90], "uv_size": [1, 1]},
								"south": {"uv": [15, 89], "uv_size": [4, 1]},
								"west": {"uv": [78, 90], "uv_size": [1, 1]},
								"up": {"uv": [19, 89], "uv_size": [4, 1]},
								"down": {"uv": [89, 21], "uv_size": [4, -1]}
							}
						},
						{
							"origin": [-2.05, 26.75, -32.75],
							"size": [3.5, 0.25, 1],
							"uv": {
								"north": {"uv": [89, 21], "uv_size": [4, 1]},
								"east": {"uv": [79, 90], "uv_size": [1, 1]},
								"south": {"uv": [89, 26], "uv_size": [4, 1]},
								"west": {"uv": [80, 90], "uv_size": [1, 1]},
								"up": {"uv": [89, 27], "uv_size": [4, 1]},
								"down": {"uv": [29, 90], "uv_size": [4, -1]}
							}
						},
						{
							"origin": [-2.05, 26.75, -34.75],
							"size": [3.5, 0.25, 1],
							"uv": {
								"north": {"uv": [38, 89], "uv_size": [4, 1]},
								"east": {"uv": [81, 90], "uv_size": [1, 1]},
								"south": {"uv": [42, 89], "uv_size": [4, 1]},
								"west": {"uv": [82, 90], "uv_size": [1, 1]},
								"up": {"uv": [89, 42], "uv_size": [4, 1]},
								"down": {"uv": [89, 44], "uv_size": [4, -1]}
							}
						},
						{
							"origin": [-2.05, 26.75, -36.75],
							"size": [3.5, 0.25, 1],
							"uv": {
								"north": {"uv": [89, 44], "uv_size": [4, 1]},
								"east": {"uv": [83, 90], "uv_size": [1, 1]},
								"south": {"uv": [46, 89], "uv_size": [4, 1]},
								"west": {"uv": [84, 90], "uv_size": [1, 1]},
								"up": {"uv": [89, 49], "uv_size": [4, 1]},
								"down": {"uv": [50, 90], "uv_size": [4, -1]}
							}
						},
						{
							"origin": [-2.05, 26, -5],
							"size": [3.5, 1, 7.5],
							"uv": {
								"north": {"uv": [87, 7], "uv_size": [4, 1]},
								"east": {"uv": [47, 23], "uv_size": [8, 1]},
								"south": {"uv": [11, 87], "uv_size": [4, 1]},
								"west": {"uv": [81, 44], "uv_size": [8, 1]},
								"up": {"uv": [25, 63], "uv_size": [4, 8]},
								"down": {"uv": [29, 71], "uv_size": [4, -8]}
							}
						},
						{
							"origin": [-2.3, 20.52767, 3.58017],
							"size": [4, 2, 2.75],
							"pivot": [-0.3, 17.82767, 4.23017],
							"rotation": [25, 0, 0],
							"uv": {
								"north": {"uv": [84, 30], "uv_size": [4, 2]},
								"east": {"uv": [64, 85], "uv_size": [3, 2]},
								"south": {"uv": [67, 84], "uv_size": [4, 2]},
								"west": {"uv": [71, 85], "uv_size": [3, 2]},
								"up": {"uv": [7, 80], "uv_size": [4, 3]},
								"down": {"uv": [80, 27], "uv_size": [4, -3]}
							}
						},
						{
							"origin": [-2.3, 23.14179, 0.63333],
							"size": [4, 0.75, 2],
							"pivot": [-0.3, 19.19179, 1.28333],
							"rotation": [-45, 0, 0],
							"uv": {
								"north": {"uv": [86, 71], "uv_size": [4, 1]},
								"east": {"uv": [54, 89], "uv_size": [2, 1]},
								"south": {"uv": [83, 86], "uv_size": [4, 1]},
								"west": {"uv": [89, 66], "uv_size": [2, 1]},
								"up": {"uv": [84, 78], "uv_size": [4, 2]},
								"down": {"uv": [80, 86], "uv_size": [4, -2]}
							}
						},
						{
							"origin": [-2.3, 20, -38.5],
							"size": [4, 1, 26],
							"uv": {
								"north": {"uv": [57, 70], "uv_size": [4, 1]},
								"east": {"uv": [54, 32], "uv_size": [26, 1]},
								"south": {"uv": [71, 78], "uv_size": [4, 1]},
								"west": {"uv": [54, 33], "uv_size": [26, 1]},
								"up": {"uv": [8, 0], "uv_size": [4, 26]},
								"down": {"uv": [12, 26], "uv_size": [4, -26]}
							}
						},
						{
							"origin": [-2.3, 25, -38.5],
							"size": [4, 1, 26],
							"uv": {
								"north": {"uv": [87, 18], "uv_size": [4, 1]},
								"east": {"uv": [67, 16], "uv_size": [26, 1]},
								"south": {"uv": [87, 19], "uv_size": [4, 1]},
								"west": {"uv": [67, 17], "uv_size": [26, 1]},
								"up": {"uv": [24, 0], "uv_size": [4, 26]},
								"down": {"uv": [0, 52], "uv_size": [4, -26]}
							}
						},
						{
							"origin": [-2.05, 21, -38.5],
							"size": [3.5, 4, 26],
							"uv": {
								"north": {"uv": [52, 77], "uv_size": [4, 4]},
								"east": {"uv": [4, 26], "uv_size": [26, 4]},
								"south": {"uv": [78, 18], "uv_size": [4, 4]},
								"west": {"uv": [28, 0], "uv_size": [26, 4]},
								"up": {"uv": [4, 30], "uv_size": [4, 26]},
								"down": {"uv": [30, 30], "uv_size": [4, -26]}
							}
						},
						{
							"origin": [-3.3, 23, -18.5],
							"size": [6, 2, 6],
							"uv": {
								"north": {"uv": [80, 32], "uv_size": [6, 2]},
								"east": {"uv": [80, 34], "uv_size": [6, 2]},
								"south": {"uv": [80, 58], "uv_size": [6, 2]},
								"west": {"uv": [80, 60], "uv_size": [6, 2]},
								"up": {"uv": [55, 16], "uv_size": [6, 6]},
								"down": {"uv": [61, 22], "uv_size": [6, -6]}
							}
						},
						{
							"origin": [-3.3, 20.25, -15.75],
							"size": [6, 2.75, 3.25],
							"uv": {
								"north": {"uv": [75, 73], "uv_size": [6, 3]},
								"east": {"uv": [10, 83], "uv_size": [3, 3]},
								"south": {"uv": [76, 2], "uv_size": [6, 3]},
								"west": {"uv": [18, 83], "uv_size": [3, 3]},
								"up": {"uv": [76, 5], "uv_size": [6, 3]},
								"down": {"uv": [75, 79], "uv_size": [6, -3]}
							}
						},
						{
							"origin": [-3.325, 20.43934, -17.06802],
							"size": [6.05, 2.75, 2.75],
							"pivot": [3.7, 21.93934, -15.31802],
							"rotation": [-45, 0, 0],
							"uv": {
								"north": {"uv": [75, 42], "uv_size": [6, 3]},
								"east": {"uv": [80, 80], "uv_size": [4, 2]},
								"south": {"uv": [46, 75], "uv_size": [6, 3]},
								"west": {"uv": [14, 82], "uv_size": [4, 2]},
								"up": {"uv": [67, 24], "uv_size": [6, 4]},
								"down": {"uv": [67, 64], "uv_size": [6, -4]}
							}
						},
						{
							"origin": [-3.325, 20.38631, -19.76499],
							"size": [6.05, 1.4, 2.675],
							"pivot": [3.7, 21.88631, -15.26499],
							"rotation": [-45, 0, 0],
							"uv": {
								"north": {"uv": [85, 83], "uv_size": [6, 1]},
								"east": {"uv": [19, 90], "uv_size": [1, 1]},
								"south": {"uv": [86, 0], "uv_size": [6, 1]},
								"west": {"uv": [20, 90], "uv_size": [1, 1]},
								"up": {"uv": [86, 1], "uv_size": [6, 1]},
								"down": {"uv": [7, 87], "uv_size": [6, -1]}
							}
						},
						{
							"origin": [-1.71421, 24, -16.25],
							"size": [6, 1.5, 0.75],
							"pivot": [1.28579, 25, -15.5],
							"rotation": [0, -90, -45],
							"uv": {
								"north": {"uv": [80, 62], "uv_size": [6, 2]},
								"east": {"uv": [7, 78], "uv_size": [1, 2]},
								"south": {"uv": [18, 81], "uv_size": [6, 2]},
								"west": {"uv": [21, 79], "uv_size": [1, 2]},
								"up": {"uv": [13, 86], "uv_size": [6, 1]},
								"down": {"uv": [86, 15], "uv_size": [6, -1]}
							}
						},
						{
							"origin": [-5.59289, 24.70711, -16.5],
							"size": [6, 1.5, 0.75],
							"pivot": [-2.59289, 25.70711, -15.5],
							"rotation": [0, -90, 45],
							"uv": {
								"north": {"uv": [40, 81], "uv_size": [6, 2]},
								"east": {"uv": [17, 84], "uv_size": [1, 2]},
								"south": {"uv": [81, 42], "uv_size": [6, 2]},
								"west": {"uv": [74, 85], "uv_size": [1, 2]},
								"up": {"uv": [86, 15], "uv_size": [6, 1]},
								"down": {"uv": [86, 23], "uv_size": [6, -1]}
							}
						},
						{
							"origin": [-2.05, 17.22035, 1.88322],
							"size": [3.5, 2, 4.75],
							"pivot": [-0.3, 16.52035, -0.11678],
							"rotation": [25, 0, 0],
							"uv": {
								"north": {"uv": [48, 83], "uv_size": [4, 2]},
								"east": {"uv": [82, 6], "uv_size": [5, 2]},
								"south": {"uv": [71, 83], "uv_size": [4, 2]},
								"west": {"uv": [82, 18], "uv_size": [5, 2]},
								"up": {"uv": [71, 73], "uv_size": [4, 5]},
								"down": {"uv": [14, 79], "uv_size": [4, -5]}
							}
						},
						{
							"origin": [-2.425, 20.22035, 4.63322],
							"size": [4.25, 4.75, 2.25],
							"pivot": [-0.3, 16.52035, -0.11678],
							"rotation": [25, 0, 0],
							"uv": {
								"north": {"uv": [18, 74], "uv_size": [4, 5]},
								"east": {"uv": [46, 70], "uv_size": [2, 5]},
								"south": {"uv": [25, 74], "uv_size": [4, 5]},
								"west": {"uv": [52, 81], "uv_size": [2, 5]},
								"up": {"uv": [13, 84], "uv_size": [4, 2]},
								"down": {"uv": [84, 26], "uv_size": [4, -2]}
							}
						},
						{
							"origin": [-1.8, 13, -19.6],
							"size": [3, 3, 6],
							"uv": {
								"north": {"uv": [64, 82], "uv_size": [3, 3]},
								"east": {"uv": [29, 74], "uv_size": [6, 3]},
								"south": {"uv": [7, 83], "uv_size": [3, 3]},
								"west": {"uv": [52, 74], "uv_size": [6, 3]},
								"up": {"uv": [35, 74], "uv_size": [3, 6]},
								"down": {"uv": [58, 80], "uv_size": [3, -6]}
							}
						},
						{
							"origin": [-1.8, 18.56066, -14.91802],
							"size": [3, 1.5, 4.5],
							"pivot": [-0.3, 17.06066, -10.41802],
							"rotation": [45, 0, 0],
							"uv": {
								"north": {"uv": [86, 69], "uv_size": [3, 2]},
								"east": {"uv": [82, 20], "uv_size": [5, 2]},
								"south": {"uv": [80, 86], "uv_size": [3, 2]},
								"west": {"uv": [80, 82], "uv_size": [5, 2]},
								"up": {"uv": [46, 78], "uv_size": [3, 5]},
								"down": {"uv": [49, 83], "uv_size": [3, -5]}
							}
						},
						{
							"origin": [-1.8, 14, -21.85],
							"size": [3, 2, 2.25],
							"uv": {
								"north": {"uv": [86, 63], "uv_size": [3, 2]},
								"east": {"uv": [72, 87], "uv_size": [2, 2]},
								"south": {"uv": [86, 65], "uv_size": [3, 2]},
								"west": {"uv": [87, 72], "uv_size": [2, 2]},
								"up": {"uv": [67, 86], "uv_size": [3, 2]},
								"down": {"uv": [86, 69], "uv_size": [3, -2]}
							}
						},
						{
							"origin": [-1.8, 15, -24.35],
							"size": [3, 1, 2.5],
							"uv": {
								"north": {"uv": [89, 63], "uv_size": [3, 1]},
								"east": {"uv": [64, 89], "uv_size": [3, 1]},
								"south": {"uv": [89, 64], "uv_size": [3, 1]},
								"west": {"uv": [89, 65], "uv_size": [3, 1]},
								"up": {"uv": [21, 83], "uv_size": [3, 3]},
								"down": {"uv": [25, 86], "uv_size": [3, -3]}
							}
						},
						{
							"origin": [-1.775, 14.53177, -23.80075],
							"size": [2.95, 1, 5.5],
							"pivot": [-0.3, 17.03177, -22.80075],
							"rotation": [-22.5, 0, 0],
							"uv": {
								"north": {"uv": [19, 88], "uv_size": [3, 1]},
								"east": {"uv": [72, 48], "uv_size": [6, 1]},
								"south": {"uv": [25, 88], "uv_size": [3, 1]},
								"west": {"uv": [85, 82], "uv_size": [6, 1]},
								"up": {"uv": [22, 75], "uv_size": [3, 6]},
								"down": {"uv": [75, 42], "uv_size": [3, -6]}
							}
						},
						{
							"origin": [-1.775, 13, -13.6],
							"size": [2.95, 0.5, 12],
							"uv": {
								"north": {"uv": [78, 72], "uv_size": [3, 1]},
								"east": {"uv": [73, 27], "uv_size": [12, 1]},
								"south": {"uv": [81, 78], "uv_size": [3, 1]},
								"west": {"uv": [77, 57], "uv_size": [12, 1]},
								"up": {"uv": [58, 38], "uv_size": [3, 12]},
								"down": {"uv": [58, 62], "uv_size": [3, -12]}
							}
						},
						{
							"origin": [0.45, 25.3, -1.6],
							"size": [0.75, 3, 2],
							"pivot": [-0.3, 26.3, -0.6],
							"rotation": [45, 0, 0],
							"uv": {
								"north": {"uv": [57, 59], "uv_size": [1, 2]},
								"east": {"uv": [52, 86], "uv_size": [2, 2]},
								"south": {"uv": [25, 60], "uv_size": [1, 2]},
								"west": {"uv": [7, 87], "uv_size": [2, 2]},
								"up": {"uv": [22, 63], "uv_size": [1, 2]},
								"down": {"uv": [22, 67], "uv_size": [1, -2]}
							}
						},
						{
							"origin": [-1.8, 25.3, -1.6],
							"size": [0.75, 3, 2],
							"pivot": [-0.3, 26.3, -0.6],
							"rotation": [45, 0, 0],
							"uv": {
								"north": {"uv": [32, 71], "uv_size": [1, 2]},
								"east": {"uv": [9, 87], "uv_size": [2, 2]},
								"south": {"uv": [11, 73], "uv_size": [1, 2]},
								"west": {"uv": [87, 10], "uv_size": [2, 2]},
								"up": {"uv": [11, 75], "uv_size": [1, 2]},
								"down": {"uv": [7, 78], "uv_size": [1, -2]}
							}
						}
					]
				},
				{
					"name": "glow",
					"parent": "gun",
					"pivot": [-0.3, 17.06066, -10.41802],
					"cubes": [
						{
							"origin": [-1.3, 20.31066, -11.41802],
							"size": [2, 24.75, 2],
							"pivot": [-0.3, 17.06066, -10.41802],
							"rotation": [90, 0, 0],
							"uv": {
								"north": {"uv": [26, 38], "uv_size": [2, 25]},
								"east": {"uv": [28, 38], "uv_size": [2, 25]},
								"south": {"uv": [30, 38], "uv_size": [2, 25]},
								"west": {"uv": [32, 38], "uv_size": [2, 25]},
								"up": {"uv": [87, 74], "uv_size": [2, 2]},
								"down": {"uv": [87, 78], "uv_size": [2, -2]}
							}
						},
						{
							"origin": [-2.05, 21, -38.6],
							"size": [3.5, 4, 0.05],
							"uv": {
								"north": {"uv": [52, 77], "uv_size": [4, 4]},
								"east": {"uv": [4, 26], "uv_size": [26, 4]},
								"south": {"uv": [78, 18], "uv_size": [4, 4]},
								"west": {"uv": [28, 0], "uv_size": [26, 4]},
								"up": {"uv": [4, 30], "uv_size": [4, 26]},
								"down": {"uv": [30, 30], "uv_size": [4, -26]}
							}
						}
					]
				},
				{
					"name": "display",
					"parent": "gun",
					"pivot": [-0.3, 17.3, -0.6]
				},
				{
					"name": "loaded",
					"parent": "display",
					"pivot": [-0.3, 17.3, -0.6],
					"cubes": [
						{
							"origin": [-2.425, 20.22035, 7],
							"size": [4.25, 4.75, 0],
							"pivot": [-0.3, 16.52035, -0.11678],
							"rotation": [25, 0, 0],
							"uv": {
								"south": {"uv": [0, 92], "uv_size": [8, 10]}
							}
						}
					]
				},
				{
					"name": "unloaded",
					"parent": "display",
					"pivot": [-0.3, 17.3, -1.6],
					"cubes": [
						{
							"origin": [-2.425, 20.22035, 6],
							"size": [4.25, 4.75, 0],
							"pivot": [-0.3, 16.52035, -1.11678],
							"rotation": [25, 0, 0],
							"uv": {
								"south": {"uv": [10, 92], "uv_size": [8, 10]}
							}
						}
					]
				},
				{
					"name": "reloading",
					"parent": "display",
					"pivot": [-0.3, 17.3, -1.6],
					"cubes": [
						{
							"origin": [-2.425, 20.22035, 6],
							"size": [4.25, 4.75, 0],
							"pivot": [-0.3, 16.52035, -1.11678],
							"rotation": [25, 0, 0],
							"uv": {
								"south": {"uv": [20, 92], "uv_size": [8, 10]}
							}
						}
					]
				},
				{
					"name": "statcheck",
					"parent": "display",
					"pivot": [-0.3, 17.3, -1.6],
					"cubes": [
						{
							"origin": [-2.425, 20.22035, 6],
							"size": [4.25, 4.75, 0],
							"pivot": [-0.3, 16.52035, -1.11678],
							"rotation": [25, 0, 0],
							"uv": {
								"south": {"uv": [30, 92], "uv_size": [8, 10]}
							}
						}
					]
				},
				{
					"name": "scope",
					"parent": "gun",
					"pivot": [-0.3125, 28.05, 24.5],
					"cubes": [
						{
							"origin": [-0.8125, 27.55, 24],
							"size": [1, 1, 1],
							"inflate": -0.4,
							"uv": {
								"north": {"uv": [54, 16], "uv_size": [1, 1]},
								"east": {"uv": [57, 61], "uv_size": [1, 1]},
								"south": {"uv": [25, 62], "uv_size": [1, 1]},
								"west": {"uv": [32, 73], "uv_size": [1, 1]},
								"up": {"uv": [3, 75], "uv_size": [1, 1]},
								"down": {"uv": [11, 78], "uv_size": [1, -1]}
							}
						}
					]
				},
				{
					"name": "trigger",
					"parent": "gun",
					"pivot": [0, 18.15401, -7.05078],
					"cubes": [
						{
							"origin": [-0.5, 23.25, -1.1],
							"size": [1, 1, 1.5],
							"pivot": [-1.05, 17.3, -0.1],
							"rotation": [85, 0, 0],
							"uv": {
								"north": {"uv": [5, 90], "uv_size": [1, 1]},
								"east": {"uv": [56, 58], "uv_size": [2, 1]},
								"south": {"uv": [6, 90], "uv_size": [1, 1]},
								"west": {"uv": [33, 89], "uv_size": [2, 1]},
								"up": {"uv": [25, 56], "uv_size": [1, 2]},
								"down": {"uv": [25, 60], "uv_size": [1, -2]}
							}
						},
						{
							"origin": [-0.5, 20.99642, -1.16377],
							"size": [1, 1, 1.25],
							"pivot": [-1.05, 15.04642, -0.41377],
							"rotation": [77.5, 0, 0],
							"uv": {
								"north": {"uv": [7, 90], "uv_size": [1, 1]},
								"east": {"uv": [8, 90], "uv_size": [1, 1]},
								"south": {"uv": [9, 90], "uv_size": [1, 1]},
								"west": {"uv": [10, 90], "uv_size": [1, 1]},
								"up": {"uv": [11, 90], "uv_size": [1, 1]},
								"down": {"uv": [12, 91], "uv_size": [1, -1]}
							}
						},
						{
							"origin": [-0.5, 18.3611, -2.08822],
							"size": [1, 1, 1.25],
							"pivot": [-1.05, 12.4111, -1.33822],
							"rotation": [62.5, 0, 0],
							"uv": {
								"north": {"uv": [13, 90], "uv_size": [1, 1]},
								"east": {"uv": [14, 90], "uv_size": [1, 1]},
								"south": {"uv": [15, 90], "uv_size": [1, 1]},
								"west": {"uv": [16, 90], "uv_size": [1, 1]},
								"up": {"uv": [17, 90], "uv_size": [1, 1]},
								"down": {"uv": [18, 91], "uv_size": [1, -1]}
							}
						}
					]
				},
				{
					"name": "magazine",
					"parent": "gun",
					"pivot": [-0.25, 24, -12],
					"rotation": [0, -90, 0],
					"cubes": [
						{
							"origin": [-0.725, 22.55025, -15.5],
							"size": [7.225, 2.89949, 7],
							"pivot": [-0.25, 24, -12],
							"rotation": [-45, 0, 0],
							"uv": {
								"north": {"uv": [70, 55], "uv_size": [7, 3]},
								"east": {"uv": [71, 18], "uv_size": [7, 3]},
								"south": {"uv": [71, 21], "uv_size": [7, 3]},
								"west": {"uv": [25, 71], "uv_size": [7, 3]},
								"up": {"uv": [34, 38], "uv_size": [7, 7]},
								"down": {"uv": [40, 17], "uv_size": [7, -7]}
							}
						},
						{
							"origin": [-0.725, 22.55025, -15.5],
							"size": [7.225, 2.89949, 7],
							"uv": {
								"north": {"uv": [54, 71], "uv_size": [7, 3]},
								"east": {"uv": [71, 64], "uv_size": [7, 3]},
								"south": {"uv": [71, 67], "uv_size": [7, 3]},
								"west": {"uv": [71, 70], "uv_size": [7, 3]},
								"up": {"uv": [40, 17], "uv_size": [7, 7]},
								"down": {"uv": [41, 45], "uv_size": [7, -7]}
							}
						},
						{
							"origin": [-0.725, 20.5, -13.44975],
							"size": [7.225, 7, 2.89949],
							"pivot": [-0.25, 24, -12],
							"rotation": [-45, 0, 0],
							"uv": {
								"north": {"uv": [16, 44], "uv_size": [7, 7]},
								"east": {"uv": [64, 70], "uv_size": [3, 7]},
								"south": {"uv": [34, 45], "uv_size": [7, 7]},
								"west": {"uv": [72, 38], "uv_size": [3, 7]},
								"up": {"uv": [72, 45], "uv_size": [7, 3]},
								"down": {"uv": [73, 27], "uv_size": [7, -3]}
							}
						},
						{
							"origin": [-0.725, 20.5, -13.44975],
							"size": [7.225, 7, 2.89949],
							"uv": {
								"north": {"uv": [41, 45], "uv_size": [7, 7]},
								"east": {"uv": [61, 72], "uv_size": [3, 7]},
								"south": {"uv": [47, 10], "uv_size": [7, 7]},
								"west": {"uv": [8, 73], "uv_size": [3, 7]},
								"up": {"uv": [73, 58], "uv_size": [7, 3]},
								"down": {"uv": [73, 64], "uv_size": [7, -3]}
							}
						}
					]
				},
				{
					"name": "glow2",
					"parent": "magazine",
					"pivot": [-0.25, 24, -12],
					"cubes": [
						{
							"origin": [0.275, 23.55025, -15.6],
							"size": [5.225, 0.92449, 7.2],
							"uv": {
								"north": {"uv": [56, 72], "uv_size": [4, 1]},
								"east": {"uv": [71, 64], "uv_size": [7, 3]},
								"south": {"uv": [73, 68], "uv_size": [4, 1]},
								"west": {"uv": [71, 70], "uv_size": [7, 3]},
								"up": {"uv": [40, 17], "uv_size": [7, 7]},
								"down": {"uv": [41, 45], "uv_size": [7, -7]}
							}
						},
						{
							"origin": [0.275, 23.55025, -15.6],
							"size": [5.225, 0.89949, 7.2],
							"pivot": [-0.25, 24, -12],
							"rotation": [-45, 0, 0],
							"uv": {
								"north": {"uv": [71, 56], "uv_size": [5, 1]},
								"east": {"uv": [71, 18], "uv_size": [7, 3]},
								"south": {"uv": [72, 22], "uv_size": [5, 1]},
								"west": {"uv": [25, 71], "uv_size": [7, 3]},
								"up": {"uv": [34, 38], "uv_size": [7, 7]},
								"down": {"uv": [40, 17], "uv_size": [7, -7]}
							}
						},
						{
							"origin": [0.275, 20.4, -12.44975],
							"size": [5.225, 7.2, 0.89949],
							"uv": {
								"north": {"uv": [41, 45], "uv_size": [7, 7]},
								"east": {"uv": [61, 72], "uv_size": [3, 7]},
								"south": {"uv": [47, 10], "uv_size": [7, 7]},
								"west": {"uv": [8, 73], "uv_size": [3, 7]},
								"up": {"uv": [74, 59], "uv_size": [5, 1]},
								"down": {"uv": [74, 63], "uv_size": [5, -1]}
							}
						},
						{
							"origin": [0.275, 20.4, -12.44975],
							"size": [5.225, 7.2, 0.89949],
							"pivot": [-0.25, 24, -12],
							"rotation": [-45, 0, 0],
							"uv": {
								"north": {"uv": [16, 44], "uv_size": [7, 7]},
								"east": {"uv": [64, 70], "uv_size": [3, 7]},
								"south": {"uv": [34, 45], "uv_size": [7, 7]},
								"west": {"uv": [72, 38], "uv_size": [3, 7]},
								"up": {"uv": [73, 46], "uv_size": [5, 1]},
								"down": {"uv": [74, 26], "uv_size": [5, -1]}
							}
						}
					]
				},
				{
					"name": "exhaustslide",
					"parent": "gun",
					"pivot": [2.7, 20.3, -1.6],
					"cubes": [
						{
							"origin": [-11.31257, 24.62322, -16.22131],
							"size": [0.75, 1, 0.25],
							"pivot": [1.31612, 25.12322, -15.47131],
							"rotation": [0, -90, -45],
							"uv": {
								"north": {"uv": [40, 90], "uv_size": [1, 1]},
								"east": {"uv": [41, 90], "uv_size": [1, 1]},
								"south": {"uv": [42, 90], "uv_size": [1, 1]},
								"west": {"uv": [43, 90], "uv_size": [1, 1]},
								"up": {"uv": [44, 90], "uv_size": [1, 1]},
								"down": {"uv": [45, 91], "uv_size": [1, -1]}
							}
						},
						{
							"origin": [-15.37322, 25.33033, -15.85],
							"size": [0.75, 1, 0.25],
							"pivot": [-2.62322, 25.83033, -15.35],
							"rotation": [0, -90, 45],
							"uv": {
								"north": {"uv": [46, 90], "uv_size": [1, 1]},
								"east": {"uv": [47, 90], "uv_size": [1, 1]},
								"south": {"uv": [48, 90], "uv_size": [1, 1]},
								"west": {"uv": [49, 90], "uv_size": [1, 1]},
								"up": {"uv": [50, 90], "uv_size": [1, 1]},
								"down": {"uv": [51, 91], "uv_size": [1, -1]}
							}
						},
						{
							"origin": [-3.3, 18.05, -48.1],
							"size": [2, 2.25, 21.75],
							"uv": {
								"north": {"uv": [42, 87], "uv_size": [2, 2]},
								"east": {"uv": [54, 2], "uv_size": [22, 2]},
								"south": {"uv": [87, 42], "uv_size": [2, 2]},
								"west": {"uv": [54, 4], "uv_size": [22, 2]},
								"up": {"uv": [28, 4], "uv_size": [2, 22]},
								"down": {"uv": [34, 74], "uv_size": [2, -22]}
							}
						},
						{
							"origin": [-3.3, 18.025, -48.1],
							"size": [2, 0.025, 21.75],
							"uv": {
								"north": {"uv": [42, 87], "uv_size": [2, 2]},
								"east": {"uv": [54, 2], "uv_size": [22, 2]},
								"south": {"uv": [87, 42], "uv_size": [2, 2]},
								"west": {"uv": [54, 4], "uv_size": [22, 2]},
								"up": {"uv": [28, 4], "uv_size": [2, 22]},
								"down": {"uv": [34, 74], "uv_size": [2, -22]}
							}
						},
						{
							"origin": [0.7, 18.05, -48.1],
							"size": [2, 2.25, 21.75],
							"uv": {
								"north": {"uv": [48, 87], "uv_size": [2, 2]},
								"east": {"uv": [54, 6], "uv_size": [22, 2]},
								"south": {"uv": [50, 87], "uv_size": [2, 2]},
								"west": {"uv": [54, 8], "uv_size": [22, 2]},
								"up": {"uv": [36, 52], "uv_size": [2, 22]},
								"down": {"uv": [38, 74], "uv_size": [2, -22]}
							}
						},
						{
							"origin": [0.7, 18.025, -48.1],
							"size": [2, 0.025, 21.75],
							"uv": {
								"north": {"uv": [48, 87], "uv_size": [2, 2]},
								"east": {"uv": [54, 6], "uv_size": [22, 2]},
								"south": {"uv": [50, 87], "uv_size": [2, 2]},
								"west": {"uv": [54, 8], "uv_size": [22, 2]},
								"up": {"uv": [36, 52], "uv_size": [2, 22]},
								"down": {"uv": [38, 74], "uv_size": [2, -22]}
							}
						},
						{
							"origin": [-2.63839, 17.01115, -48.04142],
							"size": [1.25, 1.75, 23.25],
							"pivot": [-2.38839, 17.88615, -36.41642],
							"rotation": [0, 0, 45],
							"uv": {
								"north": {"uv": [44, 87], "uv_size": [2, 2]},
								"east": {"uv": [40, 24], "uv_size": [23, 2]},
								"south": {"uv": [46, 87], "uv_size": [2, 2]},
								"west": {"uv": [40, 26], "uv_size": [23, 2]},
								"up": {"uv": [18, 51], "uv_size": [2, 23]},
								"down": {"uv": [20, 74], "uv_size": [2, -23]}
							}
						},
						{
							"origin": [0.78839, 17.01115, -48.04142],
							"size": [1.25, 1.75, 23.25],
							"pivot": [1.78839, 17.88615, -36.41642],
							"rotation": [0, 0, -45],
							"uv": {
								"north": {"uv": [64, 87], "uv_size": [2, 2]},
								"east": {"uv": [52, 36], "uv_size": [23, 2]},
								"south": {"uv": [70, 87], "uv_size": [2, 2]},
								"west": {"uv": [54, 0], "uv_size": [23, 2]},
								"up": {"uv": [0, 52], "uv_size": [2, 23]},
								"down": {"uv": [2, 75], "uv_size": [2, -23]}
							}
						},
						{
							"origin": [-3.3, 20.3, -28.58579],
							"size": [6, 1, 1.4],
							"uv": {
								"north": {"uv": [86, 35], "uv_size": [6, 1]},
								"east": {"uv": [25, 90], "uv_size": [1, 1]},
								"south": {"uv": [86, 36], "uv_size": [6, 1]},
								"west": {"uv": [26, 90], "uv_size": [1, 1]},
								"up": {"uv": [86, 37], "uv_size": [6, 1]},
								"down": {"uv": [86, 39], "uv_size": [6, -1]}
							}
						},
						{
							"origin": [0.7, 22.3, -49.6],
							"size": [2, 3, 20.25],
							"uv": {
								"north": {"uv": [54, 85], "uv_size": [2, 3]},
								"east": {"uv": [26, 30], "uv_size": [20, 3]},
								"south": {"uv": [78, 85], "uv_size": [2, 3]},
								"west": {"uv": [26, 33], "uv_size": [20, 3]},
								"up": {"uv": [52, 54], "uv_size": [2, 20]},
								"down": {"uv": [4, 76], "uv_size": [2, -20]}
							}
						},
						{
							"origin": [-3.3, 22.3, -49.6],
							"size": [2, 3, 20.25],
							"uv": {
								"north": {"uv": [22, 86], "uv_size": [2, 3]},
								"east": {"uv": [34, 4], "uv_size": [20, 3]},
								"south": {"uv": [29, 86], "uv_size": [2, 3]},
								"west": {"uv": [34, 7], "uv_size": [20, 3]},
								"up": {"uv": [6, 56], "uv_size": [2, 20]},
								"down": {"uv": [56, 58], "uv_size": [2, -20]}
							}
						},
						{
							"origin": [-3.3, 25.05, -29.6],
							"size": [6, 0.25, 1.5],
							"uv": {
								"north": {"uv": [86, 61], "uv_size": [6, 1]},
								"east": {"uv": [67, 89], "uv_size": [2, 1]},
								"south": {"uv": [86, 62], "uv_size": [6, 1]},
								"west": {"uv": [89, 67], "uv_size": [2, 1]},
								"up": {"uv": [81, 74], "uv_size": [6, 2]},
								"down": {"uv": [81, 78], "uv_size": [6, -2]}
							}
						},
						{
							"origin": [-3.325, 23.89619, -30.28198],
							"size": [6.05, 2, 9.25],
							"pivot": [-0.3, 24.89619, -31.78198],
							"rotation": [-45, 0, 0],
							"uv": {
								"north": {"uv": [71, 81], "uv_size": [6, 2]},
								"east": {"uv": [75, 30], "uv_size": [9, 2]},
								"south": {"uv": [81, 72], "uv_size": [6, 2]},
								"west": {"uv": [76, 8], "uv_size": [9, 2]},
								"up": {"uv": [34, 10], "uv_size": [6, 9]},
								"down": {"uv": [34, 28], "uv_size": [6, -9]}
							}
						},
						{
							"origin": [-3.325, 24.8191, -49.6595],
							"size": [1.55, 1.75, 8.5],
							"pivot": [-0.3, 25.8191, -50.4095],
							"rotation": [-70, 0, 0],
							"uv": {
								"north": {"uv": [17, 87], "uv_size": [2, 2]},
								"east": {"uv": [77, 0], "uv_size": [9, 2]},
								"south": {"uv": [87, 20], "uv_size": [2, 2]},
								"west": {"uv": [77, 55], "uv_size": [9, 2]},
								"up": {"uv": [69, 75], "uv_size": [2, 9]},
								"down": {"uv": [3, 85], "uv_size": [2, -9]}
							}
						},
						{
							"origin": [1.175, 24.8191, -49.6595],
							"size": [1.55, 1.75, 8.5],
							"pivot": [-0.3, 25.8191, -50.4095],
							"rotation": [-70, 0, 0],
							"uv": {
								"north": {"uv": [31, 87], "uv_size": [2, 2]},
								"east": {"uv": [78, 10], "uv_size": [9, 2]},
								"south": {"uv": [33, 87], "uv_size": [2, 2]},
								"west": {"uv": [78, 12], "uv_size": [9, 2]},
								"up": {"uv": [5, 76], "uv_size": [2, 9]},
								"down": {"uv": [29, 86], "uv_size": [2, -9]}
							}
						},
						{
							"origin": [-1.55, 19.81033, -38.8514],
							"size": [2.5, 12, 0.8],
							"pivot": [-0.3, 25.81033, -43.54142],
							"rotation": [-90, 0, 0],
							"uv": {
								"north": {"uv": [54, 59], "uv_size": [3, 12]},
								"east": {"uv": [25, 44], "uv_size": [1, 12]},
								"south": {"uv": [61, 38], "uv_size": [3, 12]},
								"west": {"uv": [22, 51], "uv_size": [1, 12]},
								"up": {"uv": [25, 89], "uv_size": [3, 1]},
								"down": {"uv": [89, 51], "uv_size": [3, -1]}
							}
						},
						{
							"origin": [-2.3, 20.31033, -38.04142],
							"size": [4, 10.5, 1],
							"pivot": [-0.3, 25.81033, -43.54142],
							"rotation": [-90, 0, 0],
							"uv": {
								"north": {"uv": [40, 52], "uv_size": [4, 11]},
								"east": {"uv": [35, 80], "uv_size": [1, 11]},
								"south": {"uv": [44, 52], "uv_size": [4, 11]},
								"west": {"uv": [36, 80], "uv_size": [1, 11]},
								"up": {"uv": [83, 87], "uv_size": [4, 1]},
								"down": {"uv": [87, 87], "uv_size": [4, -1]}
							}
						},
						{
							"origin": [-32.91612, 24.47678, -16.22131],
							"size": [21.25, 0.75, 0.75],
							"pivot": [0.96256, 25.47678, -15.47131],
							"rotation": [0, -90, -45],
							"uv": {
								"north": {"uv": [68, 51], "uv_size": [21, 1]},
								"east": {"uv": [38, 90], "uv_size": [1, 1]},
								"south": {"uv": [70, 52], "uv_size": [21, 1]},
								"west": {"uv": [39, 90], "uv_size": [1, 1]},
								"up": {"uv": [70, 53], "uv_size": [21, 1]},
								"down": {"uv": [70, 55], "uv_size": [21, -1]}
							}
						},
						{
							"origin": [1.0839, 24.46423, -51.03927],
							"size": [1.75, 0.75, 0.75],
							"pivot": [1.2089, 24.83923, -50.66427],
							"rotation": [0, -65, -45],
							"uv": {
								"north": {"uv": [89, 74], "uv_size": [2, 1]},
								"east": {"uv": [90, 88], "uv_size": [1, 1]},
								"south": {"uv": [89, 75], "uv_size": [2, 1]},
								"west": {"uv": [90, 89], "uv_size": [1, 1]},
								"up": {"uv": [89, 76], "uv_size": [2, 1]},
								"down": {"uv": [77, 90], "uv_size": [2, -1]}
							}
						},
						{
							"origin": [-36.26967, 25.18388, -16.35],
							"size": [21.25, 0.75, 0.75],
							"pivot": [-2.26967, 26.18388, -15.35],
							"rotation": [0, -90, 45],
							"uv": {
								"north": {"uv": [67, 28], "uv_size": [21, 1]},
								"east": {"uv": [27, 90], "uv_size": [1, 1]},
								"south": {"uv": [67, 29], "uv_size": [21, 1]},
								"west": {"uv": [28, 90], "uv_size": [1, 1]},
								"up": {"uv": [68, 49], "uv_size": [21, 1]},
								"down": {"uv": [68, 51], "uv_size": [21, -1]}
							}
						},
						{
							"origin": [-2.58332, 24.61365, -50.58611],
							"size": [1.75, 0.75, 0.75],
							"pivot": [-1.95832, 24.98865, -50.21111],
							"rotation": [-180, -65, -135],
							"uv": {
								"north": {"uv": [89, 77], "uv_size": [2, 1]},
								"east": {"uv": [90, 90], "uv_size": [1, 1]},
								"south": {"uv": [79, 89], "uv_size": [2, 1]},
								"west": {"uv": [4, 91], "uv_size": [1, 1]},
								"up": {"uv": [81, 89], "uv_size": [2, 1]},
								"down": {"uv": [83, 90], "uv_size": [2, -1]}
							}
						},
						{
							"origin": [-2.3, 21.56033, -36.04142],
							"size": [4, 22.75, 1.75],
							"pivot": [-0.3, 25.81033, -43.54142],
							"rotation": [-90, 0, 0],
							"uv": {
								"north": {"uv": [8, 30], "uv_size": [4, 23]},
								"east": {"uv": [23, 44], "uv_size": [2, 23]},
								"south": {"uv": [12, 30], "uv_size": [4, 23]},
								"west": {"uv": [16, 51], "uv_size": [2, 23]},
								"up": {"uv": [84, 80], "uv_size": [4, 2]},
								"down": {"uv": [84, 86], "uv_size": [4, -2]}
							}
						},
						{
							"origin": [-1.55, 19.81033, -43.04142],
							"size": [2.5, 11, 0.75],
							"pivot": [-0.3, 25.81033, -43.54142],
							"rotation": [-90, 0, 0],
							"uv": {
								"north": {"uv": [61, 50], "uv_size": [3, 11]},
								"east": {"uv": [33, 63], "uv_size": [1, 11]},
								"south": {"uv": [61, 61], "uv_size": [3, 11]},
								"west": {"uv": [28, 79], "uv_size": [1, 11]},
								"up": {"uv": [89, 51], "uv_size": [3, 1]},
								"down": {"uv": [89, 58], "uv_size": [3, -1]}
							}
						},
						{
							"origin": [-0.13679, 18.31033, -43.54142],
							"size": [2, 11, 0.75],
							"pivot": [1.11321, 24.31033, -43.54142],
							"rotation": [-90, 0, 45],
							"uv": {
								"north": {"uv": [12, 67], "uv_size": [2, 11]},
								"east": {"uv": [37, 80], "uv_size": [1, 11]},
								"south": {"uv": [67, 64], "uv_size": [2, 11]},
								"west": {"uv": [58, 80], "uv_size": [1, 11]},
								"up": {"uv": [89, 68], "uv_size": [2, 1]},
								"down": {"uv": [69, 90], "uv_size": [2, -1]}
							}
						},
						{
							"origin": [-1.83133, 15.84066, -43.29142],
							"size": [1.75, 11, 1],
							"pivot": [-0.83133, 21.84066, -43.54142],
							"rotation": [-90, 0, 45],
							"uv": {
								"north": {"uv": [42, 70], "uv_size": [2, 11]},
								"east": {"uv": [2, 81], "uv_size": [1, 11]},
								"south": {"uv": [44, 70], "uv_size": [2, 11]},
								"west": {"uv": [24, 81], "uv_size": [1, 11]},
								"up": {"uv": [73, 89], "uv_size": [2, 1]},
								"down": {"uv": [89, 74], "uv_size": [2, -1]}
							}
						},
						{
							"origin": [-0.66712, 16.19421, -43.29142],
							"size": [1.75, 11, 1],
							"pivot": [0.58288, 22.19421, -43.54142],
							"rotation": [-90, 0, -45],
							"uv": {
								"north": {"uv": [68, 38], "uv_size": [2, 11]},
								"east": {"uv": [59, 80], "uv_size": [1, 11]},
								"south": {"uv": [69, 64], "uv_size": [2, 11]},
								"west": {"uv": [60, 80], "uv_size": [1, 11]},
								"up": {"uv": [89, 69], "uv_size": [2, 1]},
								"down": {"uv": [89, 71], "uv_size": [2, -1]}
							}
						},
						{
							"origin": [-0.49034, 16.54256, -46.54142],
							"size": [2, 11, 0.75],
							"pivot": [0.75966, 22.54256, -43.54142],
							"rotation": [-90, 0, -45],
							"uv": {
								"north": {"uv": [70, 38], "uv_size": [2, 11]},
								"east": {"uv": [0, 81], "uv_size": [1, 11]},
								"south": {"uv": [40, 70], "uv_size": [2, 11]},
								"west": {"uv": [1, 81], "uv_size": [1, 11]},
								"up": {"uv": [71, 89], "uv_size": [2, 1]},
								"down": {"uv": [89, 73], "uv_size": [2, -1]}
							}
						},
						{
							"origin": [-3.325, 25.89619, -30.28198],
							"size": [6.05, 1, 1],
							"pivot": [-0.3, 24.89619, -31.78198],
							"rotation": [-45, 0, 0],
							"uv": {
								"north": {"uv": [86, 23], "uv_size": [6, 1]},
								"east": {"uv": [21, 90], "uv_size": [1, 1]},
								"south": {"uv": [86, 32], "uv_size": [6, 1]},
								"west": {"uv": [22, 90], "uv_size": [1, 1]},
								"up": {"uv": [86, 33], "uv_size": [6, 1]},
								"down": {"uv": [86, 35], "uv_size": [6, -1]}
							}
						},
						{
							"origin": [-3.325, 26.89619, -30.03198],
							"size": [6.05, 0.25, 0.75],
							"pivot": [-0.3, 24.89619, -31.78198],
							"rotation": [-45, 0, 0],
							"uv": {
								"north": {"uv": [86, 39], "uv_size": [6, 1]},
								"east": {"uv": [29, 90], "uv_size": [1, 1]},
								"south": {"uv": [86, 40], "uv_size": [6, 1]},
								"west": {"uv": [30, 90], "uv_size": [1, 1]},
								"up": {"uv": [86, 41], "uv_size": [6, 1]},
								"down": {"uv": [86, 46], "uv_size": [6, -1]}
							}
						},
						{
							"origin": [-3.325, 27.39619, -29.53198],
							"size": [6.05, 0.25, 0.25],
							"pivot": [-0.3, 24.89619, -31.78198],
							"rotation": [-45, 0, 0],
							"uv": {
								"north": {"uv": [86, 46], "uv_size": [6, 1]},
								"east": {"uv": [31, 90], "uv_size": [1, 1]},
								"south": {"uv": [86, 47], "uv_size": [6, 1]},
								"west": {"uv": [32, 90], "uv_size": [1, 1]},
								"up": {"uv": [86, 48], "uv_size": [6, 1]},
								"down": {"uv": [86, 56], "uv_size": [6, -1]}
							}
						},
						{
							"origin": [-3.325, 27.14619, -29.78198],
							"size": [6.05, 0.25, 0.5],
							"pivot": [-0.3, 24.89619, -31.78198],
							"rotation": [-45, 0, 0],
							"uv": {
								"north": {"uv": [86, 56], "uv_size": [6, 1]},
								"east": {"uv": [33, 90], "uv_size": [1, 1]},
								"south": {"uv": [86, 58], "uv_size": [6, 1]},
								"west": {"uv": [34, 90], "uv_size": [1, 1]},
								"up": {"uv": [86, 59], "uv_size": [6, 1]},
								"down": {"uv": [86, 61], "uv_size": [6, -1]}
							}
						}
					]
				},
				{
					"name": "glow3",
					"parent": "exhaustslide",
					"pivot": [0, 0, 0],
					"cubes": [
						{
							"origin": [0.7, 20.3, -49.3],
							"size": [1.75, 2, 20.75],
							"uv": {
								"north": {"uv": [87, 12], "uv_size": [2, 2]},
								"east": {"uv": [54, 10], "uv_size": [21, 2]},
								"south": {"uv": [15, 87], "uv_size": [2, 2]},
								"west": {"uv": [54, 12], "uv_size": [21, 2]},
								"up": {"uv": [14, 53], "uv_size": [2, 21]},
								"down": {"uv": [54, 59], "uv_size": [2, -21]}
							}
						},
						{
							"origin": [-2.66339, 17.01115, -48.04142],
							"size": [0, 1.75, 23.25],
							"pivot": [-2.38839, 17.88615, -36.41642],
							"rotation": [0, 0, 45],
							"uv": {
								"north": {"uv": [44, 87], "uv_size": [2, 2]},
								"east": {"uv": [40, 24], "uv_size": [23, 2]},
								"south": {"uv": [46, 87], "uv_size": [2, 2]},
								"west": {"uv": [40, 26], "uv_size": [23, 2]},
								"up": {"uv": [18, 51], "uv_size": [2, 23]},
								"down": {"uv": [20, 74], "uv_size": [2, -23]}
							}
						},
						{
							"origin": [-3.05, 20.3, -49.3],
							"size": [1.75, 2, 20.75],
							"uv": {
								"north": {"uv": [38, 87], "uv_size": [2, 2]},
								"east": {"uv": [54, 14], "uv_size": [21, 2]},
								"south": {"uv": [40, 87], "uv_size": [2, 2]},
								"west": {"uv": [54, 30], "uv_size": [21, 2]},
								"up": {"uv": [48, 54], "uv_size": [2, 21]},
								"down": {"uv": [50, 75], "uv_size": [2, -21]}
							}
						},
						{
							"origin": [2.03839, 17.01115, -48.04142],
							"size": [0.025, 1.75, 23.25],
							"pivot": [1.78839, 17.88615, -36.41642],
							"rotation": [0, 0, -45],
							"uv": {
								"north": {"uv": [64, 87], "uv_size": [2, 2]},
								"east": {"uv": [52, 36], "uv_size": [23, 2]},
								"south": {"uv": [70, 87], "uv_size": [2, 2]},
								"west": {"uv": [54, 0], "uv_size": [23, 2]},
								"up": {"uv": [0, 52], "uv_size": [2, 23]},
								"down": {"uv": [2, 75], "uv_size": [2, -23]}
							}
						}
					]
				},
				{
					"name": "leftarm",
					"parent": "main",
					"pivot": [19.7, 7.3, 42.4],
					"rotation": [-123.79711, 27.37656, -54.46836],
					"cubes": [
						{
							"origin": [15.7, -17.7, 40.15],
							"size": [8, 24, 8],
							"pivot": [22.7, -4.7, 39.4],
							"rotation": [-2.5, 0, 0],
							"uv": {
								"north": {"uv": [127, 0], "uv_size": [1, 1]},
								"east": {"uv": [128, 0], "uv_size": [0, 1]},
								"south": {"uv": [128, 0], "uv_size": [0, 1]},
								"west": {"uv": [128, 0], "uv_size": [0, 1]},
								"up": {"uv": [128, 1], "uv_size": [0, -1]},
								"down": {"uv": [128, 1], "uv_size": [0, -1]}
							}
						}
					]
				},
				{
					"name": "rightarm",
					"parent": "main",
					"pivot": [-5.55, 10.3, 16.8],
					"rotation": [-96.81106, -12.40003, -2.46982],
					"cubes": [
						{
							"origin": [-9.3, -12.7, 13.05],
							"size": [8, 24, 8],
							"uv": {
								"north": {"uv": [127, 0], "uv_size": [1, 1]},
								"east": {"uv": [127, 0], "uv_size": [1, 1]},
								"south": {"uv": [127, 0], "uv_size": [1, 1]},
								"west": {"uv": [127, 0], "uv_size": [1, 1]},
								"up": {"uv": [128, 1], "uv_size": [-1, -1]},
								"down": {"uv": [128, 1], "uv_size": [-1, -1]}
							}
						}
					]
				},
				{
					"name": "_camera_",
					"pivot": [15, 30, 43]
				}
			]
		}
	]
}