{
	"format_version": "1.12.0",
	"minecraft:geometry": [
		{
			"description": {
				"identifier": "geometry.unknown",
				"texture_width": 128,
				"texture_height": 128,
				"visible_bounds_width": 6,
				"visible_bounds_height": 2.5,
				"visible_bounds_offset": [0, 0.75, 0]
			},
			"bones": [
				{
					"name": "main",
					"pivot": [0, 0.45, -0.05],
					"cubes": [
						{
							"origin": [-3.07473, 3.59824, 10.75972],
							"size": [5.75875, 2.28853, 0.85],
							"pivot": [0.32527, 3.9572, 13.8475],
							"rotation": [0, -90, -45],
							"uv": {
								"north": {"uv": [49, 50], "uv_size": [6, 2]},
								"east": {"uv": [48, 50], "uv_size": [1, 2]},
								"south": {"uv": [56, 50], "uv_size": [6, 2]},
								"west": {"uv": [55, 50], "uv_size": [1, 2]},
								"up": {"uv": [49, 49], "uv_size": [6, 1]},
								"down": {"uv": [55, 50], "uv_size": [6, -1]}
							}
						},
						{
							"origin": [10.4475, 3.59824, 23.98804],
							"size": [5.7375, 2.28853, 0.85],
							"pivot": [13.37527, 0, 13.37527],
							"rotation": [0, -90, 0],
							"uv": {
								"north": {"uv": [35, 50], "uv_size": [6, 2]},
								"east": {"uv": [34, 50], "uv_size": [1, 2]},
								"south": {"uv": [42, 50], "uv_size": [6, 2]},
								"west": {"uv": [41, 50], "uv_size": [1, 2]},
								"up": {"uv": [35, 49], "uv_size": [6, 1]},
								"down": {"uv": [41, 50], "uv_size": [6, -1]}
							}
						},
						{
							"origin": [-3.07473, 3.59824, 15.43472],
							"size": [5.7375, 2.28853, 0.85],
							"pivot": [0.32527, 3.9572, 13.8475],
							"rotation": [0, -90, -45],
							"uv": {
								"north": {"uv": [50, 27], "uv_size": [6, 2]},
								"east": {"uv": [49, 27], "uv_size": [1, 2]},
								"south": {"uv": [57, 27], "uv_size": [6, 2]},
								"west": {"uv": [56, 27], "uv_size": [1, 2]},
								"up": {"uv": [50, 26], "uv_size": [6, 1]},
								"down": {"uv": [56, 27], "uv_size": [6, -1]}
							}
						},
						{
							"origin": [10.4475, 3.59824, 28.66304],
							"size": [5.7375, 2.28853, 0.85],
							"pivot": [13.37527, 0, 13.37527],
							"rotation": [0, -90, 0],
							"uv": {
								"north": {"uv": [50, 24], "uv_size": [6, 2]},
								"east": {"uv": [49, 24], "uv_size": [1, 2]},
								"south": {"uv": [57, 24], "uv_size": [6, 2]},
								"west": {"uv": [56, 24], "uv_size": [1, 2]},
								"up": {"uv": [50, 23], "uv_size": [6, 1]},
								"down": {"uv": [56, 24], "uv_size": [6, -1]}
							}
						},
						{
							"origin": [-3.07473, 1.98, 12.37795],
							"size": [5.7375, 0.85, 2.28853],
							"pivot": [0.32527, 3.9572, 13.8475],
							"rotation": [0, -90, -45],
							"uv": {
								"north": {"uv": [50, 21], "uv_size": [6, 1]},
								"east": {"uv": [48, 21], "uv_size": [2, 1]},
								"south": {"uv": [58, 21], "uv_size": [6, 1]},
								"west": {"uv": [56, 21], "uv_size": [2, 1]},
								"up": {"uv": [50, 19], "uv_size": [6, 2]},
								"down": {"uv": [56, 21], "uv_size": [6, -2]}
							}
						},
						{
							"origin": [10.4475, 1.98, 25.60628],
							"size": [5.7375, 0.85, 2.28853],
							"pivot": [13.37527, 0, 13.37527],
							"rotation": [0, -90, 0],
							"uv": {
								"north": {"uv": [50, 18], "uv_size": [6, 1]},
								"east": {"uv": [48, 18], "uv_size": [2, 1]},
								"south": {"uv": [58, 18], "uv_size": [6, 1]},
								"west": {"uv": [56, 18], "uv_size": [2, 1]},
								"up": {"uv": [50, 16], "uv_size": [6, 2]},
								"down": {"uv": [56, 18], "uv_size": [6, -2]}
							}
						},
						{
							"origin": [-0.48876, 2.80875, 11.87448],
							"size": [0.48875, 3.8675, 3.96728],
							"pivot": [-0.00001, 4.7425, 13.8475],
							"rotation": [0, -90, 5],
							"uv": {
								"north": {"uv": [12, 51], "uv_size": [0, 4]},
								"east": {"uv": [8, 51], "uv_size": [4, 4]},
								"south": {"uv": [16, 51], "uv_size": [0, 4]},
								"west": {"uv": [12, 51], "uv_size": [4, 4]},
								"up": {"uv": [12, 47], "uv_size": [0, 4]},
								"down": {"uv": [12, 51], "uv_size": [0, -4]}
							}
						},
						{
							"origin": [-3.07473, 6.655, 12.37795],
							"size": [5.7375, 0.85, 2.28853],
							"pivot": [0.32527, 3.9572, 13.8475],
							"rotation": [0, -90, -45],
							"uv": {
								"north": {"uv": [50, 15], "uv_size": [6, 1]},
								"east": {"uv": [48, 15], "uv_size": [2, 1]},
								"south": {"uv": [58, 15], "uv_size": [6, 1]},
								"west": {"uv": [56, 15], "uv_size": [2, 1]},
								"up": {"uv": [50, 13], "uv_size": [6, 2]},
								"down": {"uv": [56, 15], "uv_size": [6, -2]}
							}
						},
						{
							"origin": [10.4475, 6.655, 25.60628],
							"size": [5.7375, 0.85, 2.28853],
							"pivot": [13.37527, 0, 13.37527],
							"rotation": [0, -90, 0],
							"uv": {
								"north": {"uv": [49, 11], "uv_size": [6, 1]},
								"east": {"uv": [47, 11], "uv_size": [2, 1]},
								"south": {"uv": [57, 11], "uv_size": [6, 1]},
								"west": {"uv": [55, 11], "uv_size": [2, 1]},
								"up": {"uv": [49, 9], "uv_size": [6, 2]},
								"down": {"uv": [55, 11], "uv_size": [6, -2]}
							}
						},
						{
							"origin": [-9.10324, 3.16153, 6.68795],
							"size": [9.775, 2.11249, 0.85],
							"pivot": [0, 3.8925, 10.0225],
							"rotation": [0, -87.5, -67.5],
							"uv": {
								"north": {"uv": [1, 33], "uv_size": [11, 2]},
								"east": {"uv": [0, 33], "uv_size": [1, 2]},
								"south": {"uv": [13, 33], "uv_size": [11, 2]},
								"west": {"uv": [12, 33], "uv_size": [1, 2]},
								"up": {"uv": [1, 32], "uv_size": [11, 1]},
								"down": {"uv": [12, 33], "uv_size": [11, -1]}
							}
						},
						{
							"origin": [-9.12331, 3.62155, 7.14753],
							"size": [9.775, 2.11249, 0.85],
							"pivot": [0, 3.8925, 10.0225],
							"rotation": [0, -87.5, -22.5],
							"uv": {
								"north": {"uv": [24, 31], "uv_size": [11, 2]},
								"east": {"uv": [23, 31], "uv_size": [1, 2]},
								"south": {"uv": [36, 31], "uv_size": [11, 2]},
								"west": {"uv": [35, 31], "uv_size": [1, 2]},
								"up": {"uv": [24, 30], "uv_size": [11, 1]},
								"down": {"uv": [35, 31], "uv_size": [11, -1]}
							}
						},
						{
							"origin": [-9.17176, 3.16153, 10.93795],
							"size": [9.775, 2.11249, 0.85],
							"pivot": [0, 3.8925, 10.0225],
							"rotation": [-180, -87.5, 112.5],
							"uv": {
								"north": {"uv": [1, 29], "uv_size": [11, 2]},
								"east": {"uv": [0, 29], "uv_size": [1, 2]},
								"south": {"uv": [13, 29], "uv_size": [11, 2]},
								"west": {"uv": [12, 29], "uv_size": [1, 2]},
								"up": {"uv": [1, 28], "uv_size": [11, 1]},
								"down": {"uv": [12, 29], "uv_size": [11, -1]}
							}
						},
						{
							"origin": [-9.15169, 3.62155, 11.39753],
							"size": [9.775, 2.11249, 0.85],
							"pivot": [0, 3.8925, 10.0225],
							"rotation": [180, -87.5, 157.5],
							"uv": {
								"north": {"uv": [26, 28], "uv_size": [11, 2]},
								"east": {"uv": [25, 28], "uv_size": [1, 2]},
								"south": {"uv": [38, 28], "uv_size": [11, 2]},
								"west": {"uv": [37, 28], "uv_size": [1, 2]},
								"up": {"uv": [26, 27], "uv_size": [11, 1]},
								"down": {"uv": [37, 28], "uv_size": [11, -1]}
							}
						},
						{
							"origin": [-9.15169, 1.66747, 8.18096],
							"size": [9.775, 0.85, 2.11249],
							"pivot": [0, 3.8925, 10.0225],
							"rotation": [-90, -87.5, 22.5],
							"uv": {
								"north": {"uv": [25, 2], "uv_size": [11, 1]},
								"east": {"uv": [23, 2], "uv_size": [2, 1]},
								"south": {"uv": [38, 2], "uv_size": [11, 1]},
								"west": {"uv": [36, 2], "uv_size": [2, 1]},
								"up": {"uv": [25, 0], "uv_size": [11, 2]},
								"down": {"uv": [36, 2], "uv_size": [11, -2]}
							}
						},
						{
							"origin": [-9.17176, 2.12705, 8.64098],
							"size": [9.775, 0.85, 2.11249],
							"pivot": [0, 3.8925, 10.0225],
							"rotation": [-90, -87.5, 67.5],
							"uv": {
								"north": {"uv": [2, 24], "uv_size": [11, 1]},
								"east": {"uv": [0, 24], "uv_size": [2, 1]},
								"south": {"uv": [15, 24], "uv_size": [11, 1]},
								"west": {"uv": [13, 24], "uv_size": [2, 1]},
								"up": {"uv": [2, 22], "uv_size": [11, 2]},
								"down": {"uv": [13, 24], "uv_size": [11, -2]}
							}
						},
						{
							"origin": [-9.12331, 5.91747, 8.18096],
							"size": [9.775, 0.85, 2.11249],
							"pivot": [0, 3.8925, 10.0225],
							"rotation": [90, -87.5, -157.5],
							"uv": {
								"north": {"uv": [2, 21], "uv_size": [11, 1]},
								"east": {"uv": [0, 21], "uv_size": [2, 1]},
								"south": {"uv": [15, 21], "uv_size": [11, 1]},
								"west": {"uv": [13, 21], "uv_size": [2, 1]},
								"up": {"uv": [2, 19], "uv_size": [11, 2]},
								"down": {"uv": [13, 21], "uv_size": [11, -2]}
							}
						},
						{
							"origin": [-9.10324, 6.37705, 8.64098],
							"size": [9.775, 0.85, 2.11249],
							"pivot": [0, 3.8925, 10.0225],
							"rotation": [90, -87.5, -112.5],
							"uv": {
								"north": {"uv": [2, 18], "uv_size": [11, 1]},
								"east": {"uv": [0, 18], "uv_size": [2, 1]},
								"south": {"uv": [15, 18], "uv_size": [11, 1]},
								"west": {"uv": [13, 18], "uv_size": [2, 1]},
								"up": {"uv": [2, 16], "uv_size": [11, 2]},
								"down": {"uv": [13, 18], "uv_size": [11, -2]}
							}
						},
						{
							"origin": [-9.27845, 2.80626, -5.30022],
							"size": [9.835, 2.17249, 0.91],
							"inflate": -0.2,
							"pivot": [0, 3.8925, -2.09],
							"rotation": [180, -82.5, 90],
							"uv": {
								"north": {"uv": [1, 39], "uv_size": [11, 2]},
								"east": {"uv": [0, 39], "uv_size": [1, 2]},
								"south": {"uv": [13, 39], "uv_size": [11, 2]},
								"west": {"uv": [12, 39], "uv_size": [1, 2]},
								"up": {"uv": [1, 38], "uv_size": [11, 1]},
								"down": {"uv": [12, 39], "uv_size": [11, -1]}
							}
						},
						{
							"origin": [-9.24596, 3.4073, -5.0534],
							"size": [9.835, 2.17249, 0.91],
							"inflate": -0.2,
							"pivot": [0, 3.8925, -2.09],
							"rotation": [-180, -82.5, 135],
							"uv": {
								"north": {"uv": [25, 37], "uv_size": [11, 2]},
								"east": {"uv": [24, 37], "uv_size": [1, 2]},
								"south": {"uv": [37, 37], "uv_size": [11, 2]},
								"west": {"uv": [36, 37], "uv_size": [1, 2]},
								"up": {"uv": [25, 36], "uv_size": [11, 1]},
								"down": {"uv": [36, 37], "uv_size": [11, -1]}
							}
						},
						{
							"origin": [-9.05655, 2.80626, -1.47522],
							"size": [9.835, 2.17249, 0.91],
							"inflate": -0.2,
							"pivot": [0, 3.8925, -2.09],
							"rotation": [0, -82.5, -90],
							"uv": {
								"north": {"uv": [1, 36], "uv_size": [11, 2]},
								"east": {"uv": [0, 36], "uv_size": [1, 2]},
								"south": {"uv": [13, 36], "uv_size": [11, 2]},
								"west": {"uv": [12, 36], "uv_size": [1, 2]},
								"up": {"uv": [1, 35], "uv_size": [11, 1]},
								"down": {"uv": [12, 36], "uv_size": [11, -1]}
							}
						},
						{
							"origin": [-9.08905, 3.4073, -1.2284],
							"size": [9.835, 2.17249, 0.91],
							"inflate": -0.2,
							"pivot": [0, 3.8925, -2.09],
							"rotation": [0, -82.5, -45],
							"uv": {
								"north": {"uv": [25, 34], "uv_size": [11, 2]},
								"east": {"uv": [24, 34], "uv_size": [1, 2]},
								"south": {"uv": [37, 34], "uv_size": [11, 2]},
								"west": {"uv": [36, 34], "uv_size": [1, 2]},
								"up": {"uv": [25, 33], "uv_size": [11, 1]},
								"down": {"uv": [36, 34], "uv_size": [11, -1]}
							}
						},
						{
							"origin": [-9.1675, 1.525, -4.02624],
							"size": [9.835, 0.91, 2.17249],
							"inflate": -0.2,
							"pivot": [0, 3.8925, -2.09],
							"rotation": [90, -82.5, 180],
							"uv": {
								"north": {"uv": [26, 17], "uv_size": [11, 1]},
								"east": {"uv": [24, 17], "uv_size": [2, 1]},
								"south": {"uv": [39, 17], "uv_size": [11, 1]},
								"west": {"uv": [37, 17], "uv_size": [2, 1]},
								"up": {"uv": [26, 15], "uv_size": [11, 2]},
								"down": {"uv": [37, 17], "uv_size": [11, -2]}
							}
						},
						{
							"origin": [-9.08905, 2.1209, -3.77729],
							"size": [9.835, 0.91, 2.17249],
							"inflate": -0.2,
							"pivot": [0, 3.8925, -2.09],
							"rotation": [90, -82.5, -135],
							"uv": {
								"north": {"uv": [25, 14], "uv_size": [11, 1]},
								"east": {"uv": [23, 14], "uv_size": [2, 1]},
								"south": {"uv": [38, 14], "uv_size": [11, 1]},
								"west": {"uv": [36, 14], "uv_size": [2, 1]},
								"up": {"uv": [25, 12], "uv_size": [11, 2]},
								"down": {"uv": [36, 14], "uv_size": [11, -2]}
							}
						},
						{
							"origin": [-9.1675, 5.35, -4.02624],
							"size": [9.835, 0.91, 2.17249],
							"inflate": -0.2,
							"pivot": [0, 3.8925, -2.09],
							"rotation": [-90, -82.5, 0],
							"uv": {
								"north": {"uv": [25, 10], "uv_size": [11, 1]},
								"east": {"uv": [23, 10], "uv_size": [2, 1]},
								"south": {"uv": [38, 10], "uv_size": [11, 1]},
								"west": {"uv": [36, 10], "uv_size": [2, 1]},
								"up": {"uv": [25, 8], "uv_size": [11, 2]},
								"down": {"uv": [36, 10], "uv_size": [11, -2]}
							}
						},
						{
							"origin": [-9.24596, 5.9459, -3.77729],
							"size": [9.835, 0.91, 2.17249],
							"inflate": -0.2,
							"pivot": [0, 3.8925, -2.09],
							"rotation": [-90, -82.5, 45],
							"uv": {
								"north": {"uv": [25, 6], "uv_size": [11, 1]},
								"east": {"uv": [23, 6], "uv_size": [2, 1]},
								"south": {"uv": [38, 6], "uv_size": [11, 1]},
								"west": {"uv": [36, 6], "uv_size": [2, 1]},
								"up": {"uv": [25, 4], "uv_size": [11, 2]},
								"down": {"uv": [36, 6], "uv_size": [11, -2]}
							}
						},
						{
							"origin": [-9.24, 3.16153, -4.99358],
							"size": [9.775, 2.11249, 0.85],
							"pivot": [0, 3.8925, -1.8775],
							"rotation": [180, -82.5, 112.5],
							"uv": {
								"north": {"uv": [1, 45], "uv_size": [11, 2]},
								"east": {"uv": [0, 45], "uv_size": [1, 2]},
								"south": {"uv": [13, 45], "uv_size": [11, 2]},
								"west": {"uv": [12, 45], "uv_size": [1, 2]},
								"up": {"uv": [1, 44], "uv_size": [11, 1]},
								"down": {"uv": [12, 45], "uv_size": [11, -1]}
							}
						},
						{
							"origin": [-9.17996, 3.62155, -4.5375],
							"size": [9.775, 2.11249, 0.85],
							"pivot": [0, 3.8925, -1.8775],
							"rotation": [180, -82.5, 157.5],
							"uv": {
								"north": {"uv": [25, 43], "uv_size": [11, 2]},
								"east": {"uv": [24, 43], "uv_size": [1, 2]},
								"south": {"uv": [37, 43], "uv_size": [11, 2]},
								"west": {"uv": [36, 43], "uv_size": [1, 2]},
								"up": {"uv": [25, 42], "uv_size": [11, 1]},
								"down": {"uv": [36, 43], "uv_size": [11, -1]}
							}
						},
						{
							"origin": [-9.035, 3.16153, -1.16858],
							"size": [9.775, 2.11249, 0.85],
							"pivot": [0, 3.8925, -1.8775],
							"rotation": [0, -82.5, -67.5],
							"uv": {
								"north": {"uv": [1, 42], "uv_size": [11, 2]},
								"east": {"uv": [0, 42], "uv_size": [1, 2]},
								"south": {"uv": [13, 42], "uv_size": [11, 2]},
								"west": {"uv": [12, 42], "uv_size": [1, 2]},
								"up": {"uv": [1, 41], "uv_size": [11, 1]},
								"down": {"uv": [12, 42], "uv_size": [11, -1]}
							}
						},
						{
							"origin": [-9.09504, 3.62155, -0.7125],
							"size": [9.775, 2.11249, 0.85],
							"pivot": [0, 3.8925, -1.8775],
							"rotation": [0, -82.5, -22.5],
							"uv": {
								"north": {"uv": [25, 40], "uv_size": [11, 2]},
								"east": {"uv": [24, 40], "uv_size": [1, 2]},
								"south": {"uv": [37, 40], "uv_size": [11, 2]},
								"west": {"uv": [36, 40], "uv_size": [1, 2]},
								"up": {"uv": [25, 39], "uv_size": [11, 1]},
								"down": {"uv": [36, 40], "uv_size": [11, -1]}
							}
						},
						{
							"origin": [-9.09504, 1.8775, -3.71904],
							"size": [9.775, 0.85, 2.11249],
							"pivot": [0, 3.8925, -1.8775],
							"rotation": [90, -82.5, -157.5],
							"uv": {
								"north": {"uv": [2, 27], "uv_size": [11, 1]},
								"east": {"uv": [0, 27], "uv_size": [2, 1]},
								"south": {"uv": [15, 27], "uv_size": [11, 1]},
								"west": {"uv": [13, 27], "uv_size": [2, 1]},
								"up": {"uv": [2, 25], "uv_size": [11, 2]},
								"down": {"uv": [13, 27], "uv_size": [11, -2]}
							}
						},
						{
							"origin": [-9.035, 2.33358, -3.25902],
							"size": [9.775, 0.85, 2.11249],
							"pivot": [0, 3.8925, -1.8775],
							"rotation": [90, -82.5, -112.5],
							"uv": {
								"north": {"uv": [26, 26], "uv_size": [11, 1]},
								"east": {"uv": [24, 26], "uv_size": [2, 1]},
								"south": {"uv": [39, 26], "uv_size": [11, 1]},
								"west": {"uv": [37, 26], "uv_size": [2, 1]},
								"up": {"uv": [26, 24], "uv_size": [11, 2]},
								"down": {"uv": [37, 26], "uv_size": [11, -2]}
							}
						},
						{
							"origin": [-9.17996, 5.7025, -3.71904],
							"size": [9.775, 0.85, 2.11249],
							"pivot": [0, 3.8925, -1.8775],
							"rotation": [-90, -82.5, 22.5],
							"uv": {
								"north": {"uv": [26, 23], "uv_size": [11, 1]},
								"east": {"uv": [24, 23], "uv_size": [2, 1]},
								"south": {"uv": [39, 23], "uv_size": [11, 1]},
								"west": {"uv": [37, 23], "uv_size": [2, 1]},
								"up": {"uv": [26, 21], "uv_size": [11, 2]},
								"down": {"uv": [37, 23], "uv_size": [11, -2]}
							}
						},
						{
							"origin": [-9.24, 6.15858, -3.25902],
							"size": [9.775, 0.85, 2.11249],
							"pivot": [0, 3.8925, -1.8775],
							"rotation": [-90, -82.5, 67.5],
							"uv": {
								"north": {"uv": [26, 20], "uv_size": [11, 1]},
								"east": {"uv": [24, 20], "uv_size": [2, 1]},
								"south": {"uv": [39, 20], "uv_size": [11, 1]},
								"west": {"uv": [37, 20], "uv_size": [2, 1]},
								"up": {"uv": [26, 18], "uv_size": [11, 2]},
								"down": {"uv": [37, 20], "uv_size": [11, -2]}
							}
						},
						{
							"origin": [-0.6375, 3.26948, -14.95278],
							"size": [8.925, 2.81665, 0.85],
							"pivot": [0, 3.8925, -11.2275],
							"rotation": [0, 90, 22.5],
							"uv": {
								"north": {"uv": [48, 31], "uv_size": [10, 3]},
								"east": {"uv": [47, 31], "uv_size": [1, 3]},
								"south": {"uv": [59, 31], "uv_size": [10, 3]},
								"west": {"uv": [58, 31], "uv_size": [1, 3]},
								"up": {"uv": [48, 30], "uv_size": [10, 1]},
								"down": {"uv": [58, 31], "uv_size": [10, -1]}
							}
						},
						{
							"origin": [11.22495, 7.86236, -25.52972],
							"size": [8.925, 2.81665, 0.85],
							"pivot": [11.86245, 4.59288, -11.2275],
							"rotation": [0, 90, -22.5],
							"uv": {
								"north": {"uv": [1, 48], "uv_size": [10, 3]},
								"east": {"uv": [0, 48], "uv_size": [1, 3]},
								"south": {"uv": [12, 48], "uv_size": [10, 3]},
								"west": {"uv": [11, 48], "uv_size": [1, 3]},
								"up": {"uv": [1, 47], "uv_size": [10, 1]},
								"down": {"uv": [11, 48], "uv_size": [10, -1]}
							}
						},
						{
							"origin": [-0.6375, 3.26948, -9.00278],
							"size": [8.925, 2.81665, 0.85],
							"pivot": [0, 3.8925, -11.2275],
							"rotation": [0, 90, 22.5],
							"uv": {
								"north": {"uv": [47, 46], "uv_size": [10, 3]},
								"east": {"uv": [46, 46], "uv_size": [1, 3]},
								"south": {"uv": [58, 46], "uv_size": [10, 3]},
								"west": {"uv": [57, 46], "uv_size": [1, 3]},
								"up": {"uv": [47, 45], "uv_size": [10, 1]},
								"down": {"uv": [57, 46], "uv_size": [10, -1]}
							}
						},
						{
							"origin": [11.22495, 7.86236, -19.57972],
							"size": [8.925, 2.81665, 0.85],
							"pivot": [11.86245, 4.59288, -11.2275],
							"rotation": [0, 90, -22.5],
							"uv": {
								"north": {"uv": [25, 46], "uv_size": [10, 3]},
								"east": {"uv": [24, 46], "uv_size": [1, 3]},
								"south": {"uv": [36, 46], "uv_size": [10, 3]},
								"west": {"uv": [35, 46], "uv_size": [1, 3]},
								"up": {"uv": [25, 45], "uv_size": [10, 1]},
								"down": {"uv": [35, 46], "uv_size": [10, -1]}
							}
						},
						{
							"origin": [-0.6375, 1.2778, -12.96111],
							"size": [8.925, 0.85, 2.81665],
							"pivot": [0, 3.8925, -11.2275],
							"rotation": [0, 90, 22.5],
							"uv": {
								"north": {"uv": [3, 15], "uv_size": [10, 1]},
								"east": {"uv": [0, 15], "uv_size": [3, 1]},
								"south": {"uv": [16, 15], "uv_size": [10, 1]},
								"west": {"uv": [13, 15], "uv_size": [3, 1]},
								"up": {"uv": [3, 12], "uv_size": [10, 3]},
								"down": {"uv": [13, 15], "uv_size": [10, -3]}
							}
						},
						{
							"origin": [11.22495, 5.87068, -23.53804],
							"size": [8.925, 0.85, 2.81665],
							"pivot": [11.86245, 4.59288, -11.2275],
							"rotation": [0, 90, -22.5],
							"uv": {
								"north": {"uv": [3, 11], "uv_size": [10, 1]},
								"east": {"uv": [0, 11], "uv_size": [3, 1]},
								"south": {"uv": [16, 11], "uv_size": [10, 1]},
								"west": {"uv": [13, 11], "uv_size": [3, 1]},
								"up": {"uv": [3, 8], "uv_size": [10, 3]},
								"down": {"uv": [13, 11], "uv_size": [10, -3]}
							}
						},
						{
							"origin": [-0.6375, 7.2278, -12.96111],
							"size": [8.925, 0.85, 2.81665],
							"pivot": [0, 3.8925, -11.2275],
							"rotation": [0, 90, 22.5],
							"uv": {
								"north": {"uv": [3, 7], "uv_size": [10, 1]},
								"east": {"uv": [0, 7], "uv_size": [3, 1]},
								"south": {"uv": [16, 7], "uv_size": [10, 1]},
								"west": {"uv": [13, 7], "uv_size": [3, 1]},
								"up": {"uv": [3, 4], "uv_size": [10, 3]},
								"down": {"uv": [13, 7], "uv_size": [10, -3]}
							}
						},
						{
							"origin": [11.22495, 11.82068, -23.53804],
							"size": [8.925, 0.85, 2.81665],
							"pivot": [11.86245, 4.59288, -11.2275],
							"rotation": [0, 90, -22.5],
							"uv": {
								"north": {"uv": [3, 3], "uv_size": [10, 1]},
								"east": {"uv": [0, 3], "uv_size": [3, 1]},
								"south": {"uv": [16, 3], "uv_size": [10, 1]},
								"west": {"uv": [13, 3], "uv_size": [3, 1]},
								"up": {"uv": [3, 0], "uv_size": [10, 3]},
								"down": {"uv": [13, 3], "uv_size": [10, -3]}
							}
						},
						{
							"origin": [19.29995, 6.50818, -25.02554],
							"size": [0, 5.525, 5.79165],
							"pivot": [11.86245, 4.59288, -11.2275],
							"rotation": [0, 90, -22.5],
							"uv": {
								"north": {"uv": [28, 49], "uv_size": [0, 6]},
								"east": {"uv": [22, 49], "uv_size": [6, 6]},
								"south": {"uv": [34, 49], "uv_size": [0, 6]},
								"west": {"uv": [28, 49], "uv_size": [6, 6]},
								"up": {"uv": [28, 43], "uv_size": [0, 6]},
								"down": {"uv": [28, 49], "uv_size": [0, -6]}
							}
						},
						{
							"origin": [-0.6375, 2.9855, 0.7372],
							"size": [1.275, 2.46457, 0.85],
							"pivot": [0, 3.8925, 4.4975],
							"rotation": [0, -90, -67.5],
							"uv": {
								"north": {"uv": [60, 60], "uv_size": [1, 2]},
								"east": {"uv": [59, 60], "uv_size": [1, 2]},
								"south": {"uv": [62, 60], "uv_size": [1, 2]},
								"west": {"uv": [61, 60], "uv_size": [1, 2]},
								"up": {"uv": [60, 59], "uv_size": [1, 1]},
								"down": {"uv": [61, 60], "uv_size": [1, -1]}
							}
						},
						{
							"origin": [5.00724, 5.46293, 5.69472],
							"size": [1.275, 2.46457, 0.85],
							"pivot": [5.64474, 2.01742, 4.4975],
							"rotation": [0, -90, -22.5],
							"uv": {
								"north": {"uv": [56, 60], "uv_size": [1, 2]},
								"east": {"uv": [55, 60], "uv_size": [1, 2]},
								"south": {"uv": [58, 60], "uv_size": [1, 2]},
								"west": {"uv": [57, 60], "uv_size": [1, 2]},
								"up": {"uv": [56, 59], "uv_size": [1, 1]},
								"down": {"uv": [57, 60], "uv_size": [1, -1]}
							}
						},
						{
							"origin": [-0.6375, 2.9855, 5.8372],
							"size": [1.275, 2.46457, 0.85],
							"pivot": [0, 3.8925, 4.4975],
							"rotation": [0, -90, -67.5],
							"uv": {
								"north": {"uv": [52, 60], "uv_size": [1, 2]},
								"east": {"uv": [51, 60], "uv_size": [1, 2]},
								"south": {"uv": [54, 60], "uv_size": [1, 2]},
								"west": {"uv": [53, 60], "uv_size": [1, 2]},
								"up": {"uv": [52, 59], "uv_size": [1, 1]},
								"down": {"uv": [53, 60], "uv_size": [1, -1]}
							}
						},
						{
							"origin": [5.00724, 5.46293, 10.79472],
							"size": [1.275, 2.46457, 0.85],
							"pivot": [5.64474, 2.01742, 4.4975],
							"rotation": [0, -90, -22.5],
							"uv": {
								"north": {"uv": [60, 43], "uv_size": [1, 2]},
								"east": {"uv": [59, 43], "uv_size": [1, 2]},
								"south": {"uv": [62, 43], "uv_size": [1, 2]},
								"west": {"uv": [61, 43], "uv_size": [1, 2]},
								"up": {"uv": [60, 42], "uv_size": [1, 1]},
								"down": {"uv": [61, 43], "uv_size": [1, -1]}
							}
						},
						{
							"origin": [-0.6375, 1.24278, 2.47991],
							"size": [1.275, 0.85, 2.46457],
							"pivot": [0, 3.8925, 4.4975],
							"rotation": [0, -90, -67.5],
							"uv": {
								"north": {"uv": [58, 58], "uv_size": [1, 1]},
								"east": {"uv": [56, 58], "uv_size": [2, 1]},
								"south": {"uv": [61, 58], "uv_size": [1, 1]},
								"west": {"uv": [59, 58], "uv_size": [2, 1]},
								"up": {"uv": [58, 56], "uv_size": [1, 2]},
								"down": {"uv": [59, 58], "uv_size": [1, -2]}
							}
						},
						{
							"origin": [5.00724, 3.72022, 7.43743],
							"size": [1.275, 0.85, 2.46457],
							"pivot": [5.64474, 2.01742, 4.4975],
							"rotation": [0, -90, -22.5],
							"uv": {
								"north": {"uv": [52, 58], "uv_size": [1, 1]},
								"east": {"uv": [50, 58], "uv_size": [2, 1]},
								"south": {"uv": [55, 58], "uv_size": [1, 1]},
								"west": {"uv": [53, 58], "uv_size": [2, 1]},
								"up": {"uv": [52, 56], "uv_size": [1, 2]},
								"down": {"uv": [53, 58], "uv_size": [1, -2]}
							}
						},
						{
							"origin": [-0.6375, 6.34278, 2.47991],
							"size": [1.275, 0.85, 2.46457],
							"pivot": [0, 3.8925, 4.4975],
							"rotation": [0, -90, -67.5],
							"uv": {
								"north": {"uv": [42, 58], "uv_size": [1, 1]},
								"east": {"uv": [40, 58], "uv_size": [2, 1]},
								"south": {"uv": [45, 58], "uv_size": [1, 1]},
								"west": {"uv": [43, 58], "uv_size": [2, 1]},
								"up": {"uv": [42, 56], "uv_size": [1, 2]},
								"down": {"uv": [43, 58], "uv_size": [1, -2]}
							}
						},
						{
							"origin": [5.00724, 8.82022, 7.43743],
							"size": [1.275, 0.85, 2.46457],
							"pivot": [5.64474, 2.01742, 4.4975],
							"rotation": [0, -90, -22.5],
							"uv": {
								"north": {"uv": [36, 58], "uv_size": [1, 1]},
								"east": {"uv": [34, 58], "uv_size": [2, 1]},
								"south": {"uv": [39, 58], "uv_size": [1, 1]},
								"west": {"uv": [37, 58], "uv_size": [2, 1]},
								"up": {"uv": [36, 56], "uv_size": [1, 2]},
								"down": {"uv": [37, 58], "uv_size": [1, -2]}
							}
						},
						{
							"origin": [-1.0625, 2.9855, -7.9753],
							"size": [1.7, 2.46457, 0.85],
							"pivot": [0, 3.8925, -4.215],
							"rotation": [0, -90, -67.5],
							"uv": {
								"north": {"uv": [28, 59], "uv_size": [2, 2]},
								"east": {"uv": [27, 59], "uv_size": [1, 2]},
								"south": {"uv": [31, 59], "uv_size": [2, 2]},
								"west": {"uv": [30, 59], "uv_size": [1, 2]},
								"up": {"uv": [28, 58], "uv_size": [2, 1]},
								"down": {"uv": [30, 59], "uv_size": [2, -1]}
							}
						},
						{
							"origin": [-3.46706, 2.1288, -11.73028],
							"size": [1.7, 2.46457, 0.85],
							"pivot": [-2.40456, -1.31671, -4.215],
							"rotation": [0, -90, -22.5],
							"uv": {
								"north": {"uv": [22, 59], "uv_size": [2, 2]},
								"east": {"uv": [21, 59], "uv_size": [1, 2]},
								"south": {"uv": [25, 59], "uv_size": [2, 2]},
								"west": {"uv": [24, 59], "uv_size": [1, 2]},
								"up": {"uv": [22, 58], "uv_size": [2, 1]},
								"down": {"uv": [24, 59], "uv_size": [2, -1]}
							}
						},
						{
							"origin": [-1.0625, 2.9855, -2.8753],
							"size": [1.7, 2.46457, 0.85],
							"pivot": [0, 3.8925, -4.215],
							"rotation": [0, -90, -67.5],
							"uv": {
								"north": {"uv": [7, 59], "uv_size": [2, 2]},
								"east": {"uv": [6, 59], "uv_size": [1, 2]},
								"south": {"uv": [10, 59], "uv_size": [2, 2]},
								"west": {"uv": [9, 59], "uv_size": [1, 2]},
								"up": {"uv": [7, 58], "uv_size": [2, 1]},
								"down": {"uv": [9, 59], "uv_size": [2, -1]}
							}
						},
						{
							"origin": [-3.46706, 2.1288, -6.63028],
							"size": [1.7, 2.46457, 0.85],
							"pivot": [-2.40456, -1.31671, -4.215],
							"rotation": [0, -90, -22.5],
							"uv": {
								"north": {"uv": [1, 59], "uv_size": [2, 2]},
								"east": {"uv": [0, 59], "uv_size": [1, 2]},
								"south": {"uv": [4, 59], "uv_size": [2, 2]},
								"west": {"uv": [3, 59], "uv_size": [1, 2]},
								"up": {"uv": [1, 58], "uv_size": [2, 1]},
								"down": {"uv": [3, 59], "uv_size": [2, -1]}
							}
						},
						{
							"origin": [-1.0625, 1.24278, -6.23259],
							"size": [1.7, 0.85, 2.46457],
							"pivot": [0, 3.8925, -4.215],
							"rotation": [0, -90, -67.5],
							"uv": {
								"north": {"uv": [10, 57], "uv_size": [2, 1]},
								"east": {"uv": [8, 57], "uv_size": [2, 1]},
								"south": {"uv": [14, 57], "uv_size": [2, 1]},
								"west": {"uv": [12, 57], "uv_size": [2, 1]},
								"up": {"uv": [10, 55], "uv_size": [2, 2]},
								"down": {"uv": [12, 57], "uv_size": [2, -2]}
							}
						},
						{
							"origin": [-3.46706, 0.38609, -9.98757],
							"size": [1.7, 0.85, 2.46457],
							"pivot": [-2.40456, -1.31671, -4.215],
							"rotation": [0, -90, -22.5],
							"uv": {
								"north": {"uv": [2, 57], "uv_size": [2, 1]},
								"east": {"uv": [0, 57], "uv_size": [2, 1]},
								"south": {"uv": [6, 57], "uv_size": [2, 1]},
								"west": {"uv": [4, 57], "uv_size": [2, 1]},
								"up": {"uv": [2, 55], "uv_size": [2, 2]},
								"down": {"uv": [4, 57], "uv_size": [2, -2]}
							}
						},
						{
							"origin": [-1.0625, 6.34278, -6.23259],
							"size": [1.7, 0.85, 2.46457],
							"pivot": [0, 3.8925, -4.215],
							"rotation": [0, -90, -67.5],
							"uv": {
								"north": {"uv": [56, 55], "uv_size": [2, 1]},
								"east": {"uv": [54, 55], "uv_size": [2, 1]},
								"south": {"uv": [60, 55], "uv_size": [2, 1]},
								"west": {"uv": [58, 55], "uv_size": [2, 1]},
								"up": {"uv": [56, 53], "uv_size": [2, 2]},
								"down": {"uv": [58, 55], "uv_size": [2, -2]}
							}
						},
						{
							"origin": [-3.46706, 5.48609, -9.98757],
							"size": [1.7, 0.85, 2.46457],
							"pivot": [-2.40456, -1.31671, -4.215],
							"rotation": [0, -90, -22.5],
							"uv": {
								"north": {"uv": [16, 55], "uv_size": [2, 1]},
								"east": {"uv": [14, 55], "uv_size": [2, 1]},
								"south": {"uv": [20, 55], "uv_size": [2, 1]},
								"west": {"uv": [18, 55], "uv_size": [2, 1]},
								"up": {"uv": [16, 53], "uv_size": [2, 2]},
								"down": {"uv": [18, 55], "uv_size": [2, -2]}
							}
						},
						{
							"origin": [-1.275, 3.33758, -2.6628],
							"size": [1.9125, 1.76041, 0.85],
							"pivot": [0, 3.8925, 0.2475],
							"rotation": [0, -90, -67.5],
							"uv": {
								"north": {"uv": [40, 60], "uv_size": [2, 2]},
								"east": {"uv": [39, 60], "uv_size": [1, 2]},
								"south": {"uv": [43, 60], "uv_size": [2, 2]},
								"west": {"uv": [42, 60], "uv_size": [1, 2]},
								"up": {"uv": [40, 59], "uv_size": [2, 1]},
								"down": {"uv": [42, 60], "uv_size": [2, -1]}
							}
						},
						{
							"origin": [0.44326, 4.18861, -1.95528],
							"size": [1.9125, 1.76041, 0.85],
							"pivot": [1.71826, 0.39101, 0.2475],
							"rotation": [0, -90, -22.5],
							"uv": {
								"north": {"uv": [34, 60], "uv_size": [2, 2]},
								"east": {"uv": [33, 60], "uv_size": [1, 2]},
								"south": {"uv": [37, 60], "uv_size": [2, 2]},
								"west": {"uv": [36, 60], "uv_size": [1, 2]},
								"up": {"uv": [34, 59], "uv_size": [2, 1]},
								"down": {"uv": [36, 60], "uv_size": [2, -1]}
							}
						},
						{
							"origin": [-1.275, 3.33758, 0.7372],
							"size": [1.9125, 1.76041, 0.85],
							"pivot": [0, 3.8925, 0.2475],
							"rotation": [0, -90, -67.5],
							"uv": {
								"north": {"uv": [13, 60], "uv_size": [2, 2]},
								"east": {"uv": [12, 60], "uv_size": [1, 2]},
								"south": {"uv": [16, 60], "uv_size": [2, 2]},
								"west": {"uv": [15, 60], "uv_size": [1, 2]},
								"up": {"uv": [13, 59], "uv_size": [2, 1]},
								"down": {"uv": [15, 60], "uv_size": [2, -1]}
							}
						},
						{
							"origin": [0.44326, 4.18861, 1.44472],
							"size": [1.9125, 1.76041, 0.85],
							"pivot": [1.71826, 0.39101, 0.2475],
							"rotation": [0, -90, -22.5],
							"uv": {
								"north": {"uv": [46, 59], "uv_size": [2, 2]},
								"east": {"uv": [45, 59], "uv_size": [1, 2]},
								"south": {"uv": [49, 59], "uv_size": [2, 2]},
								"west": {"uv": [48, 59], "uv_size": [1, 2]},
								"up": {"uv": [46, 58], "uv_size": [2, 1]},
								"down": {"uv": [48, 59], "uv_size": [2, -1]}
							}
						},
						{
							"origin": [-1.275, 2.09278, -1.418],
							"size": [1.9125, 0.85, 1.76041],
							"pivot": [0, 3.8925, 0.2475],
							"rotation": [0, -90, -67.5],
							"uv": {
								"north": {"uv": [16, 58], "uv_size": [2, 1]},
								"east": {"uv": [14, 58], "uv_size": [2, 1]},
								"south": {"uv": [20, 58], "uv_size": [2, 1]},
								"west": {"uv": [18, 58], "uv_size": [2, 1]},
								"up": {"uv": [16, 56], "uv_size": [2, 2]},
								"down": {"uv": [18, 58], "uv_size": [2, -2]}
							}
						},
						{
							"origin": [0.44326, 2.94381, -0.71049],
							"size": [1.9125, 0.85, 1.76041],
							"pivot": [1.71826, 0.39101, 0.2475],
							"rotation": [0, -90, -22.5],
							"uv": {
								"north": {"uv": [46, 57], "uv_size": [2, 1]},
								"east": {"uv": [44, 57], "uv_size": [2, 1]},
								"south": {"uv": [50, 57], "uv_size": [2, 1]},
								"west": {"uv": [48, 57], "uv_size": [2, 1]},
								"up": {"uv": [46, 55], "uv_size": [2, 2]},
								"down": {"uv": [48, 57], "uv_size": [2, -2]}
							}
						},
						{
							"origin": [-1.275, 5.49278, -1.418],
							"size": [1.9125, 0.85, 1.76041],
							"pivot": [0, 3.8925, 0.2475],
							"rotation": [0, -90, -67.5],
							"uv": {
								"north": {"uv": [30, 57], "uv_size": [2, 1]},
								"east": {"uv": [28, 57], "uv_size": [2, 1]},
								"south": {"uv": [34, 57], "uv_size": [2, 1]},
								"west": {"uv": [32, 57], "uv_size": [2, 1]},
								"up": {"uv": [30, 55], "uv_size": [2, 2]},
								"down": {"uv": [32, 57], "uv_size": [2, -2]}
							}
						},
						{
							"origin": [0.44326, 6.34381, -0.71049],
							"size": [1.9125, 0.85, 1.76041],
							"pivot": [1.71826, 0.39101, 0.2475],
							"rotation": [0, -90, -22.5],
							"uv": {
								"north": {"uv": [22, 57], "uv_size": [2, 1]},
								"east": {"uv": [20, 57], "uv_size": [2, 1]},
								"south": {"uv": [26, 57], "uv_size": [2, 1]},
								"west": {"uv": [24, 57], "uv_size": [2, 1]},
								"up": {"uv": [22, 55], "uv_size": [2, 2]},
								"down": {"uv": [24, 57], "uv_size": [2, -2]}
							}
						},
						{
							"origin": [-3.4, 3.8925, -0.92125],
							"size": [6.8, 1.7, 1.7],
							"pivot": [0, 4.7425, -0.07125],
							"rotation": [45, 0, -90],
							"uv": {
								"north": {"uv": [49, 3], "uv_size": [8, 2]},
								"east": {"uv": [47, 3], "uv_size": [2, 2]},
								"south": {"uv": [59, 3], "uv_size": [8, 2]},
								"west": {"uv": [57, 3], "uv_size": [2, 2]},
								"up": {"uv": [49, 1], "uv_size": [8, 2]},
								"down": {"uv": [57, 3], "uv_size": [8, -2]}
							}
						},
						{
							"origin": [-3.4, 3.8925, -0.92125],
							"size": [6.8, 1.7, 1.7],
							"pivot": [0, 4.7425, -0.07125],
							"rotation": [-45, 0, 0],
							"uv": {
								"north": {"uv": [49, 7], "uv_size": [8, 2]},
								"east": {"uv": [47, 7], "uv_size": [2, 2]},
								"south": {"uv": [59, 7], "uv_size": [8, 2]},
								"west": {"uv": [57, 7], "uv_size": [2, 2]},
								"up": {"uv": [49, 5], "uv_size": [8, 2]},
								"down": {"uv": [57, 7], "uv_size": [8, -2]}
							}
						},
						{
							"origin": [-1.2125, 0.0675, -1.24],
							"size": [2.225, 5.95, 2.3375],
							"uv": {
								"north": {"uv": [50, 36], "uv_size": [4, 7]},
								"east": {"uv": [48, 36], "uv_size": [2, 7]},
								"south": {"uv": [56, 36], "uv_size": [4, 7]},
								"west": {"uv": [54, 36], "uv_size": [2, 7]},
								"up": {"uv": [50, 34], "uv_size": [4, 2]},
								"down": {"uv": [54, 36], "uv_size": [4, -2]}
							}
						},
						{
							"origin": [-1.2125, 1.0675, -4.24],
							"size": [2.425, 0.95, 8.3375],
							"uv": {
								"north": {"uv": [50, 36], "uv_size": [4, 7]},
								"east": {"uv": [48, 36], "uv_size": [2, 7]},
								"south": {"uv": [56, 36], "uv_size": [4, 7]},
								"west": {"uv": [54, 36], "uv_size": [2, 7]},
								"up": {"uv": [50, 34], "uv_size": [4, 2]},
								"down": {"uv": [54, 36], "uv_size": [4, -2]}
							}
						},
						{
							"origin": [-1.2125, 0.0675, -5.2775],
							"size": [2.225, 2.3375, 1.7],
							"uv": {
								"north": {"uv": [36, 54], "uv_size": [4, 2]},
								"east": {"uv": [34, 54], "uv_size": [2, 2]},
								"south": {"uv": [42, 54], "uv_size": [4, 2]},
								"west": {"uv": [40, 54], "uv_size": [2, 2]},
								"up": {"uv": [36, 52], "uv_size": [4, 2]},
								"down": {"uv": [40, 54], "uv_size": [4, -2]}
							}
						},
						{
							"origin": [-1.2125, 0.0675, 3.86],
							"size": [2.225, 2.3375, 1.275],
							"uv": {
								"north": {"uv": [47, 53], "uv_size": [4, 2]},
								"east": {"uv": [46, 53], "uv_size": [1, 2]},
								"south": {"uv": [52, 53], "uv_size": [4, 2]},
								"west": {"uv": [51, 53], "uv_size": [1, 2]},
								"up": {"uv": [47, 52], "uv_size": [4, 1]},
								"down": {"uv": [51, 53], "uv_size": [4, -1]}
							}
						}
					]
				},
				{
					"name": "scope",
					"parent": "main",
					"pivot": [-0.0125, 4.75, 30.5],
					"cubes": [
						{
							"origin": [-0.5125, 4.25, 30],
							"size": [1, 1, 1],
							"inflate": -0.4,
							"uv": {
								"north": {"uv": [54, 16], "uv_size": [1, 1]},
								"east": {"uv": [57, 61], "uv_size": [1, 1]},
								"south": {"uv": [25, 62], "uv_size": [1, 1]},
								"west": {"uv": [32, 73], "uv_size": [1, 1]},
								"up": {"uv": [3, 75], "uv_size": [1, 1]},
								"down": {"uv": [11, 78], "uv_size": [1, -1]}
							}
						}
					]
				},
				{
					"name": "_ca_scope",
					"parent": "main",
					"pivot": [0, 0.45, -0.05],
					"cubes": [
						{
							"origin": [-0.575, 0.025, -0.475],
							"size": [1, 1, 1],
							"uv": {
								"north": {"uv": [17, 52], "uv_size": [1, 1]},
								"east": {"uv": [16, 52], "uv_size": [1, 1]},
								"south": {"uv": [19, 52], "uv_size": [1, 1]},
								"west": {"uv": [18, 52], "uv_size": [1, 1]},
								"up": {"uv": [17, 51], "uv_size": [1, 1]},
								"down": {"uv": [18, 52], "uv_size": [1, -1]}
							}
						}
					]
				},
				{
					"name": "scopepip",
					"parent": "main",
					"pivot": [0, 0, 0],
					"cubes": [
						{
							"origin": [-2, 2.7, 14],
							"size": [4, 4, 1],
							"uv": {
								"north": {"uv": [4, 51], "uv_size": [4, 4]},
								"east": {"uv": [4, 51], "uv_size": [4, 4]},
								"south": {"uv": [4, 51], "uv_size": [4, 4]},
								"west": {"uv": [4, 51], "uv_size": [4, 4]},
								"up": {"uv": [8, 55], "uv_size": [-4, -4]},
								"down": {"uv": [8, 55], "uv_size": [-4, -4]}
							}
						}
					]
				}
			]
		}
	]
}