{
	"format_version": "1.12.0",
	"minecraft:geometry": [
		{
			"description": {
				"identifier": "geometry.unknown",
				"texture_width": 16,
				"texture_height": 16,
				"visible_bounds_width": 2,
				"visible_bounds_height": 3,
				"visible_bounds_offset": [0, -0.5, 0]
			},
			"bones": [
				{
					"name": "bb_main",
					"pivot": [0, 0, 0],
					"cubes": [
						{
							"origin": [-0.76875, 0.47, -8],
							"size": [1.51875, 1.53, 11.25],
							"uv": {
								"north": {"uv": [6, 8], "uv_size": [2, 2]},
								"east": {"uv": [11, 0], "uv_size": [-11, 3]},
								"south": {"uv": [8, 6], "uv_size": [2, 2]},
								"west": {"uv": [0, 0], "uv_size": [11, 3]},
								"up": {"uv": [0, 4], "uv_size": [3, 11]},
								"down": {"uv": [0, 15], "uv_size": [3, -11]}
							}
						}
					]
				},
				{
					"name": "_ca_stellatsweaponries_upgrade",
					"pivot": [-0.25, 0, 0],
					"cubes": [
						{
							"origin": [-0.75, 0.5, -8],
							"size": [1.5, 1.5, 1.5],
							"uv": {
								"north": {"uv": [4, 4], "uv_size": [2, 2]},
								"east": {"uv": [4, 6], "uv_size": [2, 2]},
								"south": {"uv": [6, 4], "uv_size": [2, 2]},
								"west": {"uv": [6, 6], "uv_size": [2, 2]},
								"up": {"uv": [4, 8], "uv_size": [2, 2]},
								"down": {"uv": [8, 6], "uv_size": [2, -2]}
							}
						}
					]
				}
			]
		}
	]
}