{
	"format_version": "1.12.0",
	"minecraft:geometry": [
		{
			"description": {
				"identifier": "geometry.quantum_jailbreaker",
				"texture_width": 256,
				"texture_height": 256,
				"visible_bounds_width": 11,
				"visible_bounds_height": 7,
				"visible_bounds_offset": [0, 0.5, 0]
			},
			"bones": [
				{
					"name": "main",
					"pivot": [0, -1, -10]
				},
				{
					"name": "leftarm",
					"parent": "main",
					"pivot": [12.7, 9.8, -12.6],
					"rotation": [-110.18901, -15.5414, -80.29374],
					"cubes": [
						{
							"origin": [8.44883, -14.22241, -17.08571],
							"size": [8, 24, 8],
							"uv": {
								"north": {"uv": [255, 0], "uv_size": [1, 1]},
								"east": {"uv": [255, 0], "uv_size": [1, 1]},
								"south": {"uv": [255, 0], "uv_size": [1, 1]},
								"west": {"uv": [255, 0], "uv_size": [1, 1]},
								"up": {"uv": [256, 1], "uv_size": [-1, -1]},
								"down": {"uv": [256, 1], "uv_size": [-1, -1]}
							}
						}
					]
				},
				{
					"name": "rightarm",
					"parent": "main",
					"pivot": [-1.3, 14.8, 16.3],
					"rotation": [-19.02776, 0.3433, -2.55943],
					"cubes": [
						{
							"origin": [-5.3, -9.2, 12.3],
							"size": [8, 24, 8],
							"uv": {
								"north": {"uv": [255, 0], "uv_size": [1, 1]},
								"east": {"uv": [255, 0], "uv_size": [1, 1]},
								"south": {"uv": [255, 0], "uv_size": [1, 1]},
								"west": {"uv": [255, 0], "uv_size": [1, 1]},
								"up": {"uv": [256, 1], "uv_size": [-1, -1]},
								"down": {"uv": [256, 1], "uv_size": [-1, -1]}
							}
						}
					]
				},
				{
					"name": "muzzleflash",
					"parent": "main",
					"pivot": [-0.03431, 5.24815, -83.3],
					"rotation": [0, 0, -22.5],
					"cubes": [
						{"origin": [-0.53431, 4.74815, -83.8], "size": [1, 1, 1], "inflate": -0.4, "uv": [252, 0]}
					]
				},
				{
					"name": "scope",
					"parent": "main",
					"pivot": [9.10506, 29.55, -11.29487],
					"rotation": [0, 3.5, 0],
					"cubes": [
						{
							"origin": [8.5, 29, -11],
							"size": [1, 1, 1],
							"inflate": -0.4,
							"pivot": [9.14709, 29.75, -2.24276],
							"rotation": [0, -1, 0],
							"uv": {
								"north": {"uv": [31.02, 63.02], "uv_size": [0.96, 0.96]},
								"east": {"uv": [74.02, 19.02], "uv_size": [0.96, 0.96]},
								"south": {"uv": [60.02, 97.02], "uv_size": [0.96, 0.96]},
								"west": {"uv": [101.02, 18.02], "uv_size": [0.96, 0.96]},
								"up": {"uv": [54.02, 107.02], "uv_size": [0.96, 0.96]},
								"down": {"uv": [65.02, 113.98], "uv_size": [0.96, -0.96]}
							}
						}
					]
				},
				{
					"name": "gun",
					"parent": "main",
					"pivot": [0, -1, -10],
					"cubes": [
						{
							"origin": [-1.25, -28.5, -7],
							"size": [2.5, 17, 5],
							"pivot": [0, -1, -10],
							"rotation": [72.5, 0, 0],
							"uv": {
								"north": {"uv": [50.02, 20.02], "uv_size": [2.96, 16.96]},
								"east": {"uv": [19.02, 71.02], "uv_size": [4.96, 16.96]},
								"south": {"uv": [74.02, 97.02], "uv_size": [2.96, 16.96]},
								"west": {"uv": [24.02, 71.02], "uv_size": [4.96, 16.96]},
								"up": {"uv": [31.02, 119.02], "uv_size": [2.96, 4.96]},
								"down": {"uv": [34.02, 123.98], "uv_size": [2.96, -4.96]}
							}
						},
						{
							"origin": [-0.75, -32.75, -5.5],
							"size": [1.5, 3.25, 2],
							"pivot": [0, -1, -10],
							"rotation": [72.5, 0, 0],
							"uv": {
								"north": {"uv": [80.02, 45.02], "uv_size": [1.96, 2.96]},
								"east": {"uv": [73.02, 80.02], "uv_size": [1.96, 2.96]},
								"south": {"uv": [125.02, 22.02], "uv_size": [1.96, 2.96]},
								"west": {"uv": [31.02, 125.02], "uv_size": [1.96, 2.96]},
								"up": {"uv": [126.02, 39.02], "uv_size": [1.96, 1.96]},
								"down": {"uv": [126.02, 48.98], "uv_size": [1.96, -1.96]}
							}
						},
						{
							"origin": [-1.5, -29.75, -7.25],
							"size": [3, 1.25, 5.5],
							"pivot": [0, -1, -10],
							"rotation": [72.5, 0, 0],
							"uv": {
								"north": {"uv": [104.02, 33.02], "uv_size": [2.96, 0.96]},
								"east": {"uv": [102.02, 82.02], "uv_size": [5.96, 0.96]},
								"south": {"uv": [126.02, 21.02], "uv_size": [2.96, 0.96]},
								"west": {"uv": [107.02, 100.02], "uv_size": [5.96, 0.96]},
								"up": {"uv": [0.02, 116.02], "uv_size": [2.96, 5.96]},
								"down": {"uv": [12.02, 121.98], "uv_size": [2.96, -5.96]}
							}
						},
						{
							"origin": [-3, -5, -10],
							"size": [6, 11.75, 5],
							"uv": {
								"north": {"uv": [76.02, 48.02], "uv_size": [5.96, 11.96]},
								"east": {"uv": [90.02, 66.02], "uv_size": [4.96, 11.96]},
								"south": {"uv": [29.02, 80.02], "uv_size": [5.96, 11.96]},
								"west": {"uv": [91.02, 22.02], "uv_size": [4.96, 11.96]},
								"up": {"uv": [108.02, 72.02], "uv_size": [5.96, 4.96]},
								"down": {"uv": [108.02, 86.98], "uv_size": [5.96, -4.96]}
							}
						},
						{
							"origin": [-3, 6.75, -10],
							"size": [6, 2, 3],
							"uv": {
								"north": {"uv": [116.02, 13.02], "uv_size": [5.96, 1.96]},
								"east": {"uv": [76.02, 123.02], "uv_size": [2.96, 1.96]},
								"south": {"uv": [118.02, 34.02], "uv_size": [5.96, 1.96]},
								"west": {"uv": [79.02, 123.02], "uv_size": [2.96, 1.96]},
								"up": {"uv": [116.02, 10.02], "uv_size": [5.96, 2.96]},
								"down": {"uv": [26.02, 118.98], "uv_size": [5.96, -2.96]}
							}
						},
						{
							"origin": [-3, 6.34082, -7.26385],
							"size": [6, 2, 2.5],
							"pivot": [0, 7.34082, -5.26385],
							"rotation": [-12.5, 0, 0],
							"uv": {
								"north": {"uv": [118.02, 103.02], "uv_size": [5.96, 1.96]},
								"east": {"uv": [82.02, 123.02], "uv_size": [2.96, 1.96]},
								"south": {"uv": [120.02, 16.02], "uv_size": [5.96, 1.96]},
								"west": {"uv": [95.02, 123.02], "uv_size": [2.96, 1.96]},
								"up": {"uv": [32.02, 116.02], "uv_size": [5.96, 2.96]},
								"down": {"uv": [116.02, 70.98], "uv_size": [5.96, -2.96]}
							}
						},
						{
							"origin": [-3, 3.58098, -0.31499],
							"size": [6, 2, 2.75],
							"pivot": [0, 4.58098, 1.93501],
							"rotation": [-12.5, 0, 0],
							"uv": {
								"north": {"uv": [41.02, 121.02], "uv_size": [5.96, 1.96]},
								"east": {"uv": [98.02, 123.02], "uv_size": [2.96, 1.96]},
								"south": {"uv": [75.02, 121.02], "uv_size": [5.96, 1.96]},
								"west": {"uv": [120.02, 123.02], "uv_size": [2.96, 1.96]},
								"up": {"uv": [116.02, 77.02], "uv_size": [5.96, 2.96]},
								"down": {"uv": [116.02, 82.98], "uv_size": [5.96, -2.96]}
							}
						},
						{
							"origin": [-3, -5.96637, -22.80258],
							"size": [6, 2.5, 23],
							"pivot": [-0.25, -4.96637, -19.30258],
							"rotation": [-2.5, 0, 0],
							"uv": {
								"north": {"uv": [41.02, 118.02], "uv_size": [5.96, 2.96]},
								"east": {"uv": [86.02, 36.02], "uv_size": [22.96, 2.96]},
								"south": {"uv": [75.02, 118.02], "uv_size": [5.96, 2.96]},
								"west": {"uv": [86.02, 39.02], "uv_size": [22.96, 2.96]},
								"up": {"uv": [19.02, 48.02], "uv_size": [5.96, 22.96]},
								"down": {"uv": [25.02, 70.98], "uv_size": [5.96, -22.96]}
							}
						},
						{
							"origin": [-3, 3.97051, 1.65901],
							"size": [6, 1.25, 1.7],
							"pivot": [0, 4.22051, 2.40901],
							"rotation": [-47.5, 0, 0],
							"uv": {
								"north": {"uv": [108.02, 77.02], "uv_size": [5.96, 0.96]},
								"east": {"uv": [126.02, 56.02], "uv_size": [1.96, 0.96]},
								"south": {"uv": [109.02, 41.02], "uv_size": [5.96, 0.96]},
								"west": {"uv": [126.02, 93.02], "uv_size": [1.96, 0.96]},
								"up": {"uv": [81.02, 121.02], "uv_size": [5.96, 1.96]},
								"down": {"uv": [120.02, 122.98], "uv_size": [5.96, -1.96]}
							}
						},
						{
							"origin": [-3, 4.70736, -5.16926],
							"size": [6, 2.75, 5.25],
							"pivot": [0, 6.45736, -3.16926],
							"rotation": [-25, 0, 0],
							"uv": {
								"north": {"uv": [116.02, 71.02], "uv_size": [5.96, 2.96]},
								"east": {"uv": [105.02, 119.02], "uv_size": [4.96, 2.96]},
								"south": {"uv": [116.02, 74.02], "uv_size": [5.96, 2.96]},
								"west": {"uv": [110.02, 119.02], "uv_size": [4.96, 2.96]},
								"up": {"uv": [21.02, 110.02], "uv_size": [5.96, 4.96]},
								"down": {"uv": [107.02, 114.98], "uv_size": [5.96, -4.96]}
							}
						},
						{
							"origin": [-3, -5, -23],
							"size": [6, 5, 12],
							"uv": {
								"north": {"uv": [109.02, 0.02], "uv_size": [5.96, 4.96]},
								"east": {"uv": [87.02, 53.02], "uv_size": [11.96, 4.96]},
								"south": {"uv": [109.02, 36.02], "uv_size": [5.96, 4.96]},
								"west": {"uv": [90.02, 78.02], "uv_size": [11.96, 4.96]},
								"up": {"uv": [51.02, 80.02], "uv_size": [5.96, 11.96]},
								"down": {"uv": [57.02, 91.98], "uv_size": [5.96, -11.96]}
							}
						},
						{
							"origin": [-3, -2, -46],
							"size": [6, 10, 16],
							"uv": {
								"north": {"uv": [25.02, 92.02], "uv_size": [5.96, 9.96]},
								"east": {"uv": [50.02, 0.02], "uv_size": [15.96, 9.96]},
								"south": {"uv": [31.02, 92.02], "uv_size": [5.96, 9.96]},
								"west": {"uv": [50.02, 10.02], "uv_size": [15.96, 9.96]},
								"up": {"uv": [31.02, 64.02], "uv_size": [5.96, 15.96]},
								"down": {"uv": [37.02, 79.98], "uv_size": [5.96, -15.96]}
							}
						},
						{
							"origin": [-2.5, -2, -56.75],
							"size": [5, 4.25, 10.75],
							"uv": {
								"north": {"uv": [106.02, 115.02], "uv_size": [4.96, 3.96]},
								"east": {"uv": [21.02, 106.02], "uv_size": [10.96, 3.96]},
								"south": {"uv": [111.02, 115.02], "uv_size": [4.96, 3.96]},
								"west": {"uv": [106.02, 22.02], "uv_size": [10.96, 3.96]},
								"up": {"uv": [55.02, 97.02], "uv_size": [4.96, 10.96]},
								"down": {"uv": [69.02, 107.98], "uv_size": [4.96, -10.96]}
							}
						},
						{
							"origin": [-3, 8, -46],
							"size": [6, 1, 16],
							"uv": {
								"north": {"uv": [31.02, 124.02], "uv_size": [5.96, 0.96]},
								"east": {"uv": [115.02, 4.02], "uv_size": [15.96, 0.96]},
								"south": {"uv": [124.02, 34.02], "uv_size": [5.96, 0.96]},
								"west": {"uv": [115.02, 57.02], "uv_size": [15.96, 0.96]},
								"up": {"uv": [51.02, 64.02], "uv_size": [5.96, 15.96]},
								"down": {"uv": [70.02, 67.98], "uv_size": [5.96, -15.96]}
							}
						},
						{
							"origin": [-3, -4.5, -56.75],
							"size": [6, 2.5, 26.75],
							"uv": {
								"north": {"uv": [117.02, 42.02], "uv_size": [5.96, 2.96]},
								"east": {"uv": [66.02, 16.02], "uv_size": [26.96, 2.96]},
								"south": {"uv": [6.02, 118.02], "uv_size": [5.96, 2.96]},
								"west": {"uv": [75.02, 19.02], "uv_size": [26.96, 2.96]},
								"up": {"uv": [7.02, 48.02], "uv_size": [5.96, 26.96]},
								"down": {"uv": [13.02, 74.98], "uv_size": [5.96, -26.96]}
							}
						},
						{
							"origin": [-4.5, -1.59808, -46],
							"size": [1.5, 8, 16],
							"uv": {
								"north": {"uv": [29.02, 71.02], "uv_size": [1.96, 7.96]},
								"east": {"uv": [59.02, 20.02], "uv_size": [15.96, 7.96]},
								"south": {"uv": [41.02, 80.02], "uv_size": [1.96, 7.96]},
								"west": {"uv": [59.02, 28.02], "uv_size": [15.96, 7.96]},
								"up": {"uv": [52.02, 107.02], "uv_size": [1.96, 15.96]},
								"down": {"uv": [95.02, 122.98], "uv_size": [1.96, -15.96]}
							}
						},
						{
							"origin": [3, -1.59808, -46],
							"size": [1.5, 8, 16],
							"uv": {
								"north": {"uv": [47.02, 118.02], "uv_size": [1.96, 7.96]},
								"east": {"uv": [59.02, 36.02], "uv_size": [15.96, 7.96]},
								"south": {"uv": [29.02, 119.02], "uv_size": [1.96, 7.96]},
								"west": {"uv": [59.02, 44.02], "uv_size": [15.96, 7.96]},
								"up": {"uv": [97.02, 107.02], "uv_size": [1.96, 15.96]},
								"down": {"uv": [99.02, 122.98], "uv_size": [1.96, -15.96]}
							}
						},
						{
							"origin": [2.06699, 6.63397, -46],
							"size": [3, 1.75, 16],
							"pivot": [3.06699, 7.88397, -49],
							"rotation": [0, 0, 60],
							"uv": {
								"north": {"uv": [124.02, 72.02], "uv_size": [2.96, 1.96]},
								"east": {"uv": [99.02, 56.02], "uv_size": [15.96, 1.96]},
								"south": {"uv": [124.02, 74.02], "uv_size": [2.96, 1.96]},
								"west": {"uv": [103.02, 51.02], "uv_size": [15.96, 1.96]},
								"up": {"uv": [66.02, 98.02], "uv_size": [2.96, 15.96]},
								"down": {"uv": [12.02, 115.98], "uv_size": [2.96, -15.96]}
							}
						},
						{
							"origin": [-3.91747, -3.0891, -57],
							"size": [3, 1.75, 27],
							"pivot": [-2.91747, -1.8391, -49],
							"rotation": [0, 0, 60],
							"uv": {
								"north": {"uv": [104.02, 124.02], "uv_size": [2.96, 1.96]},
								"east": {"uv": [93.02, 16.02], "uv_size": [26.96, 1.96]},
								"south": {"uv": [109.02, 124.02], "uv_size": [2.96, 1.96]},
								"west": {"uv": [98.02, 5.02], "uv_size": [26.96, 1.96]},
								"up": {"uv": [6.02, 75.02], "uv_size": [2.96, 26.96]},
								"down": {"uv": [9.02, 101.98], "uv_size": [2.96, -26.96]}
							}
						},
						{
							"origin": [-4.56699, 5.76795, -46],
							"size": [3, 1.75, 16],
							"pivot": [-3.56699, 7.01795, -49],
							"rotation": [0, 0, -60],
							"uv": {
								"north": {"uv": [124.02, 76.02], "uv_size": [2.96, 1.96]},
								"east": {"uv": [106.02, 66.02], "uv_size": [15.96, 1.96]},
								"south": {"uv": [124.02, 100.02], "uv_size": [2.96, 1.96]},
								"west": {"uv": [107.02, 32.02], "uv_size": [15.96, 1.96]},
								"up": {"uv": [6.02, 102.02], "uv_size": [2.96, 15.96]},
								"down": {"uv": [9.02, 117.98], "uv_size": [2.96, -15.96]}
							}
						},
						{
							"origin": [-4.65538, -2.11554, -57],
							"size": [5.25, 1.75, 14],
							"pivot": [-3.65538, -0.86554, -60],
							"rotation": [0, 0, -67.5],
							"uv": {
								"north": {"uv": [115.02, 93.02], "uv_size": [4.96, 1.96]},
								"east": {"uv": [108.02, 87.02], "uv_size": [13.96, 1.96]},
								"south": {"uv": [122.02, 105.02], "uv_size": [4.96, 1.96]},
								"west": {"uv": [113.02, 60.02], "uv_size": [13.96, 1.96]},
								"up": {"uv": [82.02, 45.02], "uv_size": [4.96, 13.96]},
								"down": {"uv": [73.02, 96.98], "uv_size": [4.96, -13.96]}
							}
						},
						{
							"origin": [1.97156, -2.40484, -57],
							"size": [5.25, 1.75, 14],
							"pivot": [2.97156, -1.15484, -60],
							"rotation": [0, 0, -112.5],
							"uv": {
								"north": {"uv": [109.02, 122.02], "uv_size": [4.96, 1.96]},
								"east": {"uv": [113.02, 62.02], "uv_size": [13.96, 1.96]},
								"south": {"uv": [122.02, 110.02], "uv_size": [4.96, 1.96]},
								"west": {"uv": [113.02, 64.02], "uv_size": [13.96, 1.96]},
								"up": {"uv": [12.02, 86.02], "uv_size": [4.96, 13.96]},
								"down": {"uv": [86.02, 35.98], "uv_size": [4.96, -13.96]}
							}
						},
						{
							"origin": [1.41747, -3.95513, -57],
							"size": [3, 1.75, 27],
							"pivot": [2.41747, -2.70513, -49],
							"rotation": [0, 0, -60],
							"uv": {
								"north": {"uv": [101.02, 124.02], "uv_size": [2.96, 1.96]},
								"east": {"uv": [87.02, 58.02], "uv_size": [26.96, 1.96]},
								"south": {"uv": [124.02, 102.02], "uv_size": [2.96, 1.96]},
								"west": {"uv": [91.02, 34.02], "uv_size": [26.96, 1.96]},
								"up": {"uv": [0.02, 72.02], "uv_size": [2.96, 26.96]},
								"down": {"uv": [3.02, 98.98], "uv_size": [2.96, -26.96]}
							}
						},
						{
							"origin": [-2.25, 4, -79],
							"size": [0.75, 2.5, 5],
							"pivot": [0, 5.25, -58.5],
							"rotation": [0, 0, 22.5],
							"uv": {
								"north": {"uv": [6.02, 72.02], "uv_size": [0.96, 2.96]},
								"east": {"uv": [120.02, 47.02], "uv_size": [4.96, 2.96]},
								"south": {"uv": [86.02, 42.02], "uv_size": [0.96, 2.96]},
								"west": {"uv": [120.02, 50.02], "uv_size": [4.96, 2.96]},
								"up": {"uv": [33.02, 125.02], "uv_size": [0.96, 4.96]},
								"down": {"uv": [34.02, 129.98], "uv_size": [0.96, -4.96]}
							}
						},
						{
							"origin": [-1.83449, 4.41551, -79],
							"size": [0.75, 1.4, 5],
							"pivot": [0.41551, 5.66551, -58.5],
							"rotation": [0, 0, 67.5],
							"uv": {
								"north": {"uv": [24.02, 127.02], "uv_size": [0.96, 0.96]},
								"east": {"uv": [125.02, 53.02], "uv_size": [4.96, 0.96]},
								"south": {"uv": [127.02, 24.02], "uv_size": [0.96, 0.96]},
								"west": {"uv": [125.02, 54.02], "uv_size": [4.96, 0.96]},
								"up": {"uv": [93.02, 125.02], "uv_size": [0.96, 4.96]},
								"down": {"uv": [95.02, 129.98], "uv_size": [0.96, -4.96]}
							}
						},
						{
							"origin": [-0.30364, 0.473, -79],
							"size": [0.75, 1.4, 5],
							"pivot": [1.94636, 1.723, -58.5],
							"rotation": [0, 0, 67.5],
							"uv": {
								"north": {"uv": [25.02, 127.02], "uv_size": [0.96, 0.96]},
								"east": {"uv": [125.02, 55.02], "uv_size": [4.96, 0.96]},
								"south": {"uv": [26.02, 127.02], "uv_size": [0.96, 0.96]},
								"west": {"uv": [125.02, 94.02], "uv_size": [4.96, 0.96]},
								"up": {"uv": [96.02, 125.02], "uv_size": [0.96, 4.96]},
								"down": {"uv": [97.02, 129.98], "uv_size": [0.96, -4.96]}
							}
						},
						{
							"origin": [-1.83449, 3.58449, -79],
							"size": [0.75, 1.5, 5],
							"pivot": [0.41551, 4.83449, -58.5],
							"rotation": [0, 0, 157.5],
							"uv": {
								"north": {"uv": [111.02, 126.02], "uv_size": [0.96, 1.96]},
								"east": {"uv": [70.02, 68.02], "uv_size": [4.96, 1.96]},
								"south": {"uv": [125.02, 126.02], "uv_size": [0.96, 1.96]},
								"west": {"uv": [27.02, 110.02], "uv_size": [4.96, 1.96]},
								"up": {"uv": [98.02, 125.02], "uv_size": [0.96, 4.96]},
								"down": {"uv": [99.02, 129.98], "uv_size": [0.96, -4.96]}
							}
						},
						{
							"origin": [-5.71455, 1.97731, -79],
							"size": [0.75, 1.25, 5],
							"pivot": [-3.46455, 3.22731, -58.5],
							"rotation": [0, 0, 157.5],
							"uv": {
								"north": {"uv": [27.02, 127.02], "uv_size": [0.96, 0.96]},
								"east": {"uv": [125.02, 112.02], "uv_size": [4.96, 0.96]},
								"south": {"uv": [28.02, 127.02], "uv_size": [0.96, 0.96]},
								"west": {"uv": [125.02, 113.02], "uv_size": [4.96, 0.96]},
								"up": {"uv": [100.02, 125.02], "uv_size": [0.96, 4.96]},
								"down": {"uv": [120.02, 129.98], "uv_size": [0.96, -4.96]}
							}
						},
						{
							"origin": [-2.25, 4, -79],
							"size": [0.75, 2.5, 5],
							"pivot": [0, 5.25, -58.5],
							"rotation": [0, 0, -65],
							"uv": {
								"north": {"uv": [68.02, 126.02], "uv_size": [0.96, 2.96]},
								"east": {"uv": [6.02, 121.02], "uv_size": [4.96, 2.96]},
								"south": {"uv": [73.02, 126.02], "uv_size": [0.96, 2.96]},
								"west": {"uv": [121.02, 39.02], "uv_size": [4.96, 2.96]},
								"up": {"uv": [77.02, 125.02], "uv_size": [0.96, 4.96]},
								"down": {"uv": [78.02, 129.98], "uv_size": [0.96, -4.96]}
							}
						},
						{
							"origin": [-2.25, 4, -79],
							"size": [0.75, 2.5, 5],
							"pivot": [0, 5.25, -58.5],
							"rotation": [0, 0, -155],
							"uv": {
								"north": {"uv": [66.02, 126.02], "uv_size": [0.96, 2.96]},
								"east": {"uv": [120.02, 92.02], "uv_size": [4.96, 2.96]},
								"south": {"uv": [67.02, 126.02], "uv_size": [0.96, 2.96]},
								"west": {"uv": [120.02, 118.02], "uv_size": [4.96, 2.96]},
								"up": {"uv": [125.02, 47.02], "uv_size": [0.96, 4.96]},
								"down": {"uv": [76.02, 129.98], "uv_size": [0.96, -4.96]}
							}
						},
						{
							"origin": [-2.25, 4, -79],
							"size": [0.75, 2.5, 5],
							"pivot": [0, 5.25, -58.5],
							"rotation": [0, 0, 112.5],
							"uv": {
								"north": {"uv": [48.02, 126.02], "uv_size": [0.96, 2.96]},
								"east": {"uv": [120.02, 53.02], "uv_size": [4.96, 2.96]},
								"south": {"uv": [65.02, 126.02], "uv_size": [0.96, 2.96]},
								"west": {"uv": [120.02, 89.02], "uv_size": [4.96, 2.96]},
								"up": {"uv": [35.02, 125.02], "uv_size": [0.96, 4.96]},
								"down": {"uv": [36.02, 129.98], "uv_size": [0.96, -4.96]}
							}
						},
						{
							"origin": [-1.06687, 7.03884, -82.25],
							"size": [2, 0.125, 3.25],
							"pivot": [0.18313, 5.03884, -58.5],
							"rotation": [0, 0, 22.5],
							"uv": {
								"north": {"uv": [126.02, 95.02], "uv_size": [1.96, 0.96]},
								"east": {"uv": [118.02, 114.02], "uv_size": [3.96, 0.96]},
								"south": {"uv": [126.02, 96.02], "uv_size": [1.96, 0.96]},
								"west": {"uv": [125.02, 119.02], "uv_size": [3.96, 0.96]},
								"up": {"uv": [23.02, 123.02], "uv_size": [1.96, 3.96]},
								"down": {"uv": [25.02, 126.98], "uv_size": [1.96, -3.96]}
							}
						},
						{
							"origin": [-1.06687, 3.03884, -82.25],
							"size": [2, 0.125, 3.25],
							"pivot": [0.18313, 5.03884, -58.5],
							"rotation": [0, 0, 22.5],
							"uv": {
								"north": {"uv": [101.02, 126.02], "uv_size": [1.96, 0.96]},
								"east": {"uv": [125.02, 120.02], "uv_size": [3.96, 0.96]},
								"south": {"uv": [103.02, 126.02], "uv_size": [1.96, 0.96]},
								"west": {"uv": [125.02, 123.02], "uv_size": [3.96, 0.96]},
								"up": {"uv": [27.02, 123.02], "uv_size": [1.96, 3.96]},
								"down": {"uv": [41.02, 126.98], "uv_size": [1.96, -3.96]}
							}
						},
						{
							"origin": [-0.99908, 3.24962, -82.25],
							"size": [2, 0.125, 3.25],
							"pivot": [0.00092, 5.24962, -58.5],
							"rotation": [0, 0, 112.5],
							"uv": {
								"north": {"uv": [105.02, 126.02], "uv_size": [1.96, 0.96]},
								"east": {"uv": [125.02, 124.02], "uv_size": [3.96, 0.96]},
								"south": {"uv": [109.02, 126.02], "uv_size": [1.96, 0.96]},
								"west": {"uv": [125.02, 125.02], "uv_size": [3.96, 0.96]},
								"up": {"uv": [123.02, 42.02], "uv_size": [1.96, 3.96]},
								"down": {"uv": [43.02, 126.98], "uv_size": [1.96, -3.96]}
							}
						},
						{
							"origin": [-0.88452, 6.95216, -82.25],
							"size": [2, 0.125, 3.25],
							"pivot": [0.11548, 5.20216, -58.5],
							"rotation": [0, 0, 112.5],
							"uv": {
								"north": {"uv": [117.02, 126.02], "uv_size": [1.96, 0.96]},
								"east": {"uv": [126.02, 0.02], "uv_size": [3.96, 0.96]},
								"south": {"uv": [126.02, 121.02], "uv_size": [1.96, 0.96]},
								"west": {"uv": [126.02, 1.02], "uv_size": [3.96, 0.96]},
								"up": {"uv": [45.02, 123.02], "uv_size": [1.96, 3.96]},
								"down": {"uv": [52.02, 126.98], "uv_size": [1.96, -3.96]}
							}
						},
						{
							"origin": [-2, 3.25, -50],
							"size": [4, 4, 4],
							"pivot": [0, 5.25, -69.5],
							"rotation": [0, 0, 22.5],
							"uv": {
								"north": {"uv": [25.02, 88.02], "uv_size": [3.96, 3.96]},
								"east": {"uv": [90.02, 83.02], "uv_size": [3.96, 3.96]},
								"south": {"uv": [37.02, 92.02], "uv_size": [3.96, 3.96]},
								"west": {"uv": [60.02, 118.02], "uv_size": [3.96, 3.96]},
								"up": {"uv": [87.02, 118.02], "uv_size": [3.96, 3.96]},
								"down": {"uv": [101.02, 121.98], "uv_size": [3.96, -3.96]}
							}
						},
						{
							"origin": [-2, 7.5, -30],
							"size": [3.75, 1.25, 8],
							"uv": {
								"north": {"uv": [126.02, 2.02], "uv_size": [3.96, 0.96]},
								"east": {"uv": [66.02, 19.02], "uv_size": [7.96, 0.96]},
								"south": {"uv": [15.02, 126.02], "uv_size": [3.96, 0.96]},
								"west": {"uv": [93.02, 18.02], "uv_size": [7.96, 0.96]},
								"up": {"uv": [82.02, 22.02], "uv_size": [3.96, 7.96]},
								"down": {"uv": [69.02, 94.98], "uv_size": [3.96, -7.96]}
							}
						},
						{
							"origin": [-1.34045, 6.27479, -30],
							"size": [3.5, 3.25, 8],
							"pivot": [0.65955, 6.02479, -69.5],
							"rotation": [0, 0, -67.5],
							"uv": {
								"north": {"uv": [82.02, 30.02], "uv_size": [3.96, 2.96]},
								"east": {"uv": [114.02, 97.02], "uv_size": [7.96, 2.96]},
								"south": {"uv": [122.02, 0.02], "uv_size": [3.96, 2.96]},
								"west": {"uv": [114.02, 105.02], "uv_size": [7.96, 2.96]},
								"up": {"uv": [0.02, 108.02], "uv_size": [3.96, 7.96]},
								"down": {"uv": [54.02, 115.98], "uv_size": [3.96, -7.96]}
							}
						},
						{
							"origin": [2.87693, 8.0777, -30],
							"size": [0.5, 0.25, 7.5],
							"pivot": [1.62693, 5.0777, -69.5],
							"rotation": [0, 0, -22.5],
							"uv": {
								"north": {"uv": [29.02, 127.02], "uv_size": [0.96, 0.96]},
								"east": {"uv": [96.02, 33.02], "uv_size": [7.96, 0.96]},
								"south": {"uv": [30.02, 127.02], "uv_size": [0.96, 0.96]},
								"west": {"uv": [106.02, 68.02], "uv_size": [7.96, 0.96]},
								"up": {"uv": [119.02, 122.02], "uv_size": [0.96, 7.96]},
								"down": {"uv": [71.02, 130.98], "uv_size": [0.96, -7.96]}
							}
						},
						{
							"origin": [-1.62307, 4.3277, -22.5],
							"size": [5, 4, 0.5],
							"pivot": [1.62693, 5.0777, -69.5],
							"rotation": [0, 0, -22.5],
							"uv": {
								"north": {"uv": [21.02, 115.02], "uv_size": [4.96, 3.96]},
								"east": {"uv": [75.02, 48.02], "uv_size": [0.96, 3.96]},
								"south": {"uv": [115.02, 47.02], "uv_size": [4.96, 3.96]},
								"west": {"uv": [77.02, 97.02], "uv_size": [0.96, 3.96]},
								"up": {"uv": [125.02, 114.02], "uv_size": [4.96, 0.96]},
								"down": {"uv": [125.02, 115.98], "uv_size": [4.96, -0.96]}
							}
						},
						{
							"origin": [-1.62307, 4.3277, -30],
							"size": [5, 4, 0.5],
							"pivot": [1.62693, 5.0777, -69.5],
							"rotation": [0, 0, -22.5],
							"uv": {
								"north": {"uv": [115.02, 53.02], "uv_size": [4.96, 3.96]},
								"east": {"uv": [126.02, 30.02], "uv_size": [0.96, 3.96]},
								"south": {"uv": [115.02, 89.02], "uv_size": [4.96, 3.96]},
								"west": {"uv": [47.02, 126.02], "uv_size": [0.96, 3.96]},
								"up": {"uv": [125.02, 116.02], "uv_size": [4.96, 0.96]},
								"down": {"uv": [125.02, 118.98], "uv_size": [4.96, -0.96]}
							}
						},
						{
							"origin": [-1.75, 3.5, -74],
							"size": [3.5, 3.5, 24],
							"pivot": [0, 5.25, -69.5],
							"rotation": [0, 0, 22.5],
							"uv": {
								"north": {"uv": [118.02, 110.02], "uv_size": [3.96, 3.96]},
								"east": {"uv": [66.02, 0.02], "uv_size": [23.96, 3.96]},
								"south": {"uv": [116.02, 118.02], "uv_size": [3.96, 3.96]},
								"west": {"uv": [66.02, 4.02], "uv_size": [23.96, 3.96]},
								"up": {"uv": [43.02, 64.02], "uv_size": [3.96, 23.96]},
								"down": {"uv": [47.02, 87.98], "uv_size": [3.96, -23.96]}
							}
						},
						{
							"origin": [-2.75, 2.5, -68.5],
							"size": [5.5, 5.5, 3],
							"pivot": [0, 5.25, -67],
							"rotation": [0, 0, 22.5],
							"uv": {
								"north": {"uv": [60.02, 107.02], "uv_size": [5.96, 5.96]},
								"east": {"uv": [38.02, 116.02], "uv_size": [2.96, 5.96]},
								"south": {"uv": [77.02, 107.02], "uv_size": [5.96, 5.96]},
								"west": {"uv": [54.02, 116.02], "uv_size": [2.96, 5.96]},
								"up": {"uv": [116.02, 115.02], "uv_size": [5.96, 2.96]},
								"down": {"uv": [117.02, 24.98], "uv_size": [5.96, -2.96]}
							}
						},
						{
							"origin": [-2, 3.25, -72],
							"size": [4, 4, 2],
							"pivot": [0, 5.25, -67],
							"rotation": [0, 0, 22.5],
							"uv": {
								"north": {"uv": [21.02, 119.02], "uv_size": [3.96, 3.96]},
								"east": {"uv": [58.02, 123.02], "uv_size": [1.96, 3.96]},
								"south": {"uv": [25.02, 119.02], "uv_size": [3.96, 3.96]},
								"west": {"uv": [69.02, 123.02], "uv_size": [1.96, 3.96]},
								"up": {"uv": [76.02, 66.02], "uv_size": [3.96, 1.96]},
								"down": {"uv": [69.02, 96.98], "uv_size": [3.96, -1.96]}
							}
						},
						{
							"origin": [-2.5, 2.75, -64],
							"size": [5, 5, 5],
							"pivot": [0, 5.25, -67],
							"rotation": [0, 0, 22.5],
							"uv": {
								"north": {"uv": [77.02, 113.02], "uv_size": [4.96, 4.96]},
								"east": {"uv": [82.02, 113.02], "uv_size": [4.96, 4.96]},
								"south": {"uv": [87.02, 113.02], "uv_size": [4.96, 4.96]},
								"west": {"uv": [113.02, 100.02], "uv_size": [4.96, 4.96]},
								"up": {"uv": [101.02, 113.02], "uv_size": [4.96, 4.96]},
								"down": {"uv": [113.02, 114.98], "uv_size": [4.96, -4.96]}
							}
						},
						{
							"origin": [-4, -0.5, -30],
							"size": [8, 5.75, 8],
							"uv": {
								"north": {"uv": [100.02, 72.02], "uv_size": [7.96, 5.96]},
								"east": {"uv": [77.02, 101.02], "uv_size": [7.96, 5.96]},
								"south": {"uv": [85.02, 101.02], "uv_size": [7.96, 5.96]},
								"west": {"uv": [93.02, 101.02], "uv_size": [7.96, 5.96]},
								"up": {"uv": [90.02, 0.02], "uv_size": [7.96, 7.96]},
								"down": {"uv": [90.02, 15.98], "uv_size": [7.96, -7.96]}
							}
						},
						{
							"origin": [-3, -6, 0],
							"size": [6, 12, 3],
							"pivot": [0, -1, -10],
							"rotation": [-7.5, 0, 0],
							"uv": {
								"north": {"uv": [80.02, 33.02], "uv_size": [5.96, 11.96]},
								"east": {"uv": [46.02, 106.02], "uv_size": [2.96, 11.96]},
								"south": {"uv": [35.02, 80.02], "uv_size": [5.96, 11.96]},
								"west": {"uv": [49.02, 107.02], "uv_size": [2.96, 11.96]},
								"up": {"uv": [115.02, 39.02], "uv_size": [5.96, 2.96]},
								"down": {"uv": [116.02, 9.98], "uv_size": [5.96, -2.96]}
							}
						},
						{
							"origin": [-3, -4.48684, 1.22818],
							"size": [6, 1, 22],
							"pivot": [0, 0.51316, -8.77182],
							"rotation": [-17.5, 0, 0],
							"uv": {
								"north": {"uv": [124.02, 35.02], "uv_size": [5.96, 0.96]},
								"east": {"uv": [104.02, 15.02], "uv_size": [21.96, 0.96]},
								"south": {"uv": [124.02, 104.02], "uv_size": [5.96, 0.96]},
								"west": {"uv": [105.02, 46.02], "uv_size": [21.96, 0.96]},
								"up": {"uv": [53.02, 20.02], "uv_size": [5.96, 21.96]},
								"down": {"uv": [53.02, 63.98], "uv_size": [5.96, -21.96]}
							}
						},
						{
							"origin": [-3, -3.48684, 22.22818],
							"size": [6, 9, 1],
							"pivot": [0, 0.51316, -8.77182],
							"rotation": [-17.5, 0, 0],
							"uv": {
								"north": {"uv": [0.02, 99.02], "uv_size": [5.96, 8.96]},
								"east": {"uv": [114.02, 122.02], "uv_size": [0.96, 8.96]},
								"south": {"uv": [100.02, 60.02], "uv_size": [5.96, 8.96]},
								"west": {"uv": [116.02, 122.02], "uv_size": [0.96, 8.96]},
								"up": {"uv": [125.02, 5.02], "uv_size": [5.96, 0.96]},
								"down": {"uv": [125.02, 6.98], "uv_size": [5.96, -0.96]}
							}
						},
						{
							"origin": [-3.25, -6.25, -23],
							"size": [6.5, 3, 24],
							"pivot": [0, -1, -10],
							"rotation": [-2.5, 0, 0],
							"uv": {
								"north": {"uv": [115.02, 0.02], "uv_size": [6.96, 2.96]},
								"east": {"uv": [76.02, 60.02], "uv_size": [23.96, 2.96]},
								"south": {"uv": [115.02, 36.02], "uv_size": [6.96, 2.96]},
								"west": {"uv": [76.02, 63.02], "uv_size": [23.96, 2.96]},
								"up": {"uv": [32.02, 40.02], "uv_size": [6.96, 23.96]},
								"down": {"uv": [39.02, 63.98], "uv_size": [6.96, -23.96]}
							}
						},
						{
							"origin": [-3.05, -3.25, -10],
							"size": [6.1, 9, 11],
							"pivot": [0, -1, -10],
							"rotation": [-2.5, 0, 0],
							"uv": {
								"north": {"uv": [98.02, 7.02], "uv_size": [5.96, 8.96]},
								"east": {"uv": [59.02, 52.02], "uv_size": [10.96, 8.96]},
								"south": {"uv": [60.02, 98.02], "uv_size": [5.96, 8.96]},
								"west": {"uv": [59.02, 61.02], "uv_size": [10.96, 8.96]},
								"up": {"uv": [87.02, 42.02], "uv_size": [5.96, 10.96]},
								"down": {"uv": [63.02, 97.98], "uv_size": [5.96, -10.96]}
							}
						},
						{
							"origin": [-3.5, -4.25, -23],
							"size": [7, 4, 24],
							"uv": {
								"north": {"uv": [27.02, 112.02], "uv_size": [6.96, 3.96]},
								"east": {"uv": [66.02, 8.02], "uv_size": [23.96, 3.96]},
								"south": {"uv": [34.02, 112.02], "uv_size": [6.96, 3.96]},
								"west": {"uv": [66.02, 12.02], "uv_size": [23.96, 3.96]},
								"up": {"uv": [46.02, 40.02], "uv_size": [6.96, 23.96]},
								"down": {"uv": [0.02, 71.98], "uv_size": [6.96, -23.96]}
							}
						},
						{
							"origin": [-3.5, -0.25, -9.75],
							"size": [7, 5, 10.75],
							"uv": {
								"north": {"uv": [107.02, 95.02], "uv_size": [6.96, 4.96]},
								"east": {"uv": [96.02, 28.02], "uv_size": [10.96, 4.96]},
								"south": {"uv": [107.02, 105.02], "uv_size": [6.96, 4.96]},
								"west": {"uv": [98.02, 0.02], "uv_size": [10.96, 4.96]},
								"up": {"uv": [12.02, 75.02], "uv_size": [6.96, 10.96]},
								"down": {"uv": [75.02, 32.98], "uv_size": [6.96, -10.96]}
							}
						},
						{
							"origin": [-6.25, -0.35454, -44.7604],
							"size": [2.25, 5.5, 5.75],
							"pivot": [-5, -0.10454, -37.7604],
							"rotation": [-25, 0, 0],
							"uv": {
								"north": {"uv": [57.02, 64.02], "uv_size": [1.96, 5.96]},
								"east": {"uv": [83.02, 107.02], "uv_size": [5.96, 5.96]},
								"south": {"uv": [61.02, 92.02], "uv_size": [1.96, 5.96]},
								"west": {"uv": [89.02, 107.02], "uv_size": [5.96, 5.96]},
								"up": {"uv": [23.02, 96.02], "uv_size": [1.96, 5.96]},
								"down": {"uv": [15.02, 105.98], "uv_size": [1.96, -5.96]}
							}
						},
						{
							"origin": [-3.55, -1, -6.5],
							"size": [0, 3.75, 4],
							"uv": {
								"north": {"uv": [133, 0], "uv_size": [64, 64]},
								"east": {"uv": [133, 0], "uv_size": [64, 64]},
								"south": {"uv": [133, 0], "uv_size": [64, 64]},
								"west": {"uv": [197, 0], "uv_size": [-64, 64]},
								"up": {"uv": [197, 64], "uv_size": [-64, -64]},
								"down": {"uv": [197, 64], "uv_size": [-64, -64]}
							}
						}
					]
				},
				{
					"name": "trigger",
					"parent": "gun",
					"pivot": [0, -2.29422, 2.53088],
					"cubes": [
						{
							"origin": [-1.25, -8.42604, 15.41865],
							"size": [2.5, 1.25, 1.5],
							"pivot": [0, -8.05104, 16.16865],
							"rotation": [112.5, 0, 0],
							"uv": {
								"north": {"uv": [126.02, 41.02], "uv_size": [2.96, 0.96]},
								"east": {"uv": [126.02, 50.02], "uv_size": [1.96, 0.96]},
								"south": {"uv": [126.02, 49.02], "uv_size": [2.96, 0.96]},
								"west": {"uv": [126.02, 51.02], "uv_size": [1.96, 0.96]},
								"up": {"uv": [122.02, 115.02], "uv_size": [2.96, 1.96]},
								"down": {"uv": [123.02, 33.98], "uv_size": [2.96, -1.96]}
							}
						},
						{
							"origin": [-1, -27.5, -7.25],
							"size": [2, 15, 1.5],
							"pivot": [0, -1, -10],
							"rotation": [67.5, 0, 0],
							"uv": {
								"north": {"uv": [69.02, 108.02], "uv_size": [1.96, 14.96]},
								"east": {"uv": [31.02, 48.02], "uv_size": [0.96, 14.96]},
								"south": {"uv": [71.02, 108.02], "uv_size": [1.96, 14.96]},
								"west": {"uv": [94.02, 113.02], "uv_size": [0.96, 14.96]},
								"up": {"uv": [29.02, 79.02], "uv_size": [1.96, 0.96]},
								"down": {"uv": [114.02, 68.98], "uv_size": [1.96, -0.96]}
							}
						}
					]
				},
				{
					"name": "bone",
					"parent": "gun",
					"pivot": [-0.39055, 5.11779, -80.93851],
					"rotation": [0, 180, 0],
					"cubes": [
						{
							"origin": [-1.22699, 3.65331, -85.92524],
							"size": [1, 0.5, 6],
							"pivot": [-0.34431, 5.22943, -80.92524],
							"rotation": [-5, 0, 22.5],
							"uv": {
								"north": {"uv": [11.02, 121.02], "uv_size": [0.96, 0.96]},
								"east": {"uv": [117.02, 45.02], "uv_size": [5.96, 0.96]},
								"south": {"uv": [126.02, 122.02], "uv_size": [0.96, 0.96]},
								"west": {"uv": [120.02, 56.02], "uv_size": [5.96, 0.96]},
								"up": {"uv": [86.02, 123.02], "uv_size": [0.96, 5.96]},
								"down": {"uv": [123.02, 128.98], "uv_size": [0.96, -5.96]}
							}
						},
						{
							"origin": [-0.16639, 5.3724, -86.0313],
							"size": [0.75, 0.5, 5],
							"pivot": [0.20861, 5.6224, -83.5313],
							"rotation": [5, 0, 67.5],
							"uv": {
								"north": {"uv": [16.02, 127.02], "uv_size": [0.96, 0.96]},
								"east": {"uv": [82.02, 59.02], "uv_size": [4.96, 0.96]},
								"south": {"uv": [17.02, 127.02], "uv_size": [0.96, 0.96]},
								"west": {"uv": [41.02, 117.02], "uv_size": [4.96, 0.96]},
								"up": {"uv": [79.02, 125.02], "uv_size": [0.96, 4.96]},
								"down": {"uv": [80.02, 129.98], "uv_size": [0.96, -4.96]}
							}
						},
						{
							"origin": [-0.7526, 4.04139, -86.0313],
							"size": [0.75, 0.5, 5],
							"pivot": [-0.3776, 4.29139, -83.5313],
							"rotation": [-5, 0, -22.5],
							"uv": {
								"north": {"uv": [23.02, 127.02], "uv_size": [0.96, 0.96]},
								"east": {"uv": [125.02, 45.02], "uv_size": [4.96, 0.96]},
								"south": {"uv": [127.02, 23.02], "uv_size": [0.96, 0.96]},
								"west": {"uv": [125.02, 52.02], "uv_size": [4.96, 0.96]},
								"up": {"uv": [125.02, 89.02], "uv_size": [0.96, 4.96]},
								"down": {"uv": [92.02, 129.98], "uv_size": [0.96, -4.96]}
							}
						},
						{
							"origin": [-0.61336, 5.58575, -85.98208],
							"size": [1, 0.5, 6],
							"pivot": [-0.23068, 5.16187, -80.98208],
							"rotation": [5, 0, 112.5],
							"uv": {
								"north": {"uv": [126.02, 126.02], "uv_size": [0.96, 0.96]},
								"east": {"uv": [122.02, 38.02], "uv_size": [5.96, 0.96]},
								"south": {"uv": [4.02, 127.02], "uv_size": [0.96, 0.96]},
								"west": {"uv": [122.02, 99.02], "uv_size": [5.96, 0.96]},
								"up": {"uv": [6.02, 124.02], "uv_size": [0.96, 5.96]},
								"down": {"uv": [7.02, 129.98], "uv_size": [0.96, -5.96]}
							}
						},
						{
							"origin": [-1.4974, 5.95861, -86.0313],
							"size": [0.75, 0.5, 5],
							"pivot": [-1.1224, 6.20861, -83.5313],
							"rotation": [5, 0, -22.5],
							"uv": {
								"north": {"uv": [22.02, 127.02], "uv_size": [0.96, 0.96]},
								"east": {"uv": [125.02, 43.02], "uv_size": [4.96, 0.96]},
								"south": {"uv": [127.02, 22.02], "uv_size": [0.96, 0.96]},
								"west": {"uv": [125.02, 44.02], "uv_size": [4.96, 0.96]},
								"up": {"uv": [83.02, 125.02], "uv_size": [0.96, 4.96]},
								"down": {"uv": [84.02, 129.98], "uv_size": [0.96, -4.96]}
							}
						},
						{
							"origin": [-1.27323, 6.04167, -85.93851],
							"size": [1, 0.5, 6],
							"pivot": [-0.39055, 5.11779, -80.93851],
							"rotation": [5, 0, 22.5],
							"uv": {
								"north": {"uv": [26.02, 115.02], "uv_size": [0.96, 0.96]},
								"east": {"uv": [116.02, 83.02], "uv_size": [5.96, 0.96]},
								"south": {"uv": [105.02, 118.02], "uv_size": [0.96, 0.96]},
								"west": {"uv": [117.02, 25.02], "uv_size": [5.96, 0.96]},
								"up": {"uv": [73.02, 108.02], "uv_size": [0.96, 5.96]},
								"down": {"uv": [85.02, 128.98], "uv_size": [0.96, -5.96]}
							}
						},
						{
							"origin": [-0.73182, 3.38482, -85.90345],
							"size": [1, 0.5, 6],
							"pivot": [-0.34914, 5.21094, -80.90345],
							"rotation": [-5, 0, 112.5],
							"uv": {
								"north": {"uv": [5.02, 127.02], "uv_size": [0.96, 0.96]},
								"east": {"uv": [122.02, 107.02], "uv_size": [5.96, 0.96]},
								"south": {"uv": [15.02, 127.02], "uv_size": [0.96, 0.96]},
								"west": {"uv": [122.02, 117.02], "uv_size": [5.96, 0.96]},
								"up": {"uv": [8.02, 124.02], "uv_size": [0.96, 5.96]},
								"down": {"uv": [9.02, 129.98], "uv_size": [0.96, -5.96]}
							}
						},
						{
							"origin": [-2.06617, 4.58548, -86.0313],
							"size": [0.75, 0.5, 5],
							"pivot": [-1.69117, 4.83548, -83.5313],
							"rotation": [-5, 0, 67.5],
							"uv": {
								"north": {"uv": [18.02, 127.02], "uv_size": [0.96, 0.96]},
								"east": {"uv": [125.02, 25.02], "uv_size": [4.96, 0.96]},
								"south": {"uv": [21.02, 127.02], "uv_size": [0.96, 0.96]},
								"west": {"uv": [125.02, 42.02], "uv_size": [4.96, 0.96]},
								"up": {"uv": [81.02, 125.02], "uv_size": [0.96, 4.96]},
								"down": {"uv": [82.02, 129.98], "uv_size": [0.96, -4.96]}
							}
						}
					]
				},
				{
					"name": "magazine",
					"parent": "gun",
					"pivot": [5.1198, -7.10409, -26.5],
					"cubes": [
						{
							"origin": [-5, -10.75, -30],
							"size": [18, 10, 0.5],
							"uv": {
								"north": {"uv": [32.02, 0.02], "uv_size": [17.96, 9.96]},
								"east": {"uv": [115.02, 119.02], "uv_size": [0.96, 9.96]},
								"south": {"uv": [32.02, 10.02], "uv_size": [17.96, 9.96]},
								"west": {"uv": [2.02, 122.02], "uv_size": [0.96, 9.96]},
								"up": {"uv": [114.02, 86.02], "uv_size": [17.96, 0.96]},
								"down": {"uv": [114.02, 108.98], "uv_size": [17.96, -0.96]}
							}
						},
						{
							"origin": [-5, -10.75, -23.5],
							"size": [18, 10, 0.5],
							"uv": {
								"north": {"uv": [32.02, 20.02], "uv_size": [17.96, 9.96]},
								"east": {"uv": [40.02, 122.02], "uv_size": [0.96, 9.96]},
								"south": {"uv": [32.02, 30.02], "uv_size": [17.96, 9.96]},
								"west": {"uv": [56.02, 122.02], "uv_size": [0.96, 9.96]},
								"up": {"uv": [114.02, 109.02], "uv_size": [17.96, 0.96]},
								"down": {"uv": [115.02, 3.98], "uv_size": [17.96, -0.96]}
							}
						},
						{
							"origin": [12.25, -10.75, -29.5],
							"size": [0.75, 10, 6],
							"uv": {
								"north": {"uv": [107.02, 122.02], "uv_size": [0.96, 9.96]},
								"east": {"uv": [17.02, 96.02], "uv_size": [5.96, 9.96]},
								"south": {"uv": [108.02, 122.02], "uv_size": [0.96, 9.96]},
								"west": {"uv": [37.02, 96.02], "uv_size": [5.96, 9.96]},
								"up": {"uv": [10.02, 124.02], "uv_size": [0.96, 5.96]},
								"down": {"uv": [112.02, 129.98], "uv_size": [0.96, -5.96]}
							}
						},
						{
							"origin": [6.76169, -6.61345, -29.5],
							"size": [1, 8, 6],
							"pivot": [8.26169, -2.61345, -26.5],
							"rotation": [0, 0, 90],
							"uv": {
								"north": {"uv": [72.02, 123.02], "uv_size": [0.96, 7.96]},
								"east": {"uv": [101.02, 105.02], "uv_size": [5.96, 7.96]},
								"south": {"uv": [75.02, 123.02], "uv_size": [0.96, 7.96]},
								"west": {"uv": [15.02, 106.02], "uv_size": [5.96, 7.96]},
								"up": {"uv": [113.02, 124.02], "uv_size": [0.96, 5.96]},
								"down": {"uv": [124.02, 128.98], "uv_size": [0.96, -5.96]}
							}
						},
						{
							"origin": [-5, -10.75, -29.5],
							"size": [9.25, 10, 6],
							"uv": {
								"north": {"uv": [57.02, 70.02], "uv_size": [8.96, 9.96]},
								"east": {"uv": [43.02, 96.02], "uv_size": [5.96, 9.96]},
								"south": {"uv": [66.02, 70.02], "uv_size": [8.96, 9.96]},
								"west": {"uv": [49.02, 97.02], "uv_size": [5.96, 9.96]},
								"up": {"uv": [98.02, 95.02], "uv_size": [8.96, 5.96]},
								"down": {"uv": [99.02, 88.98], "uv_size": [8.96, -5.96]}
							}
						},
						{
							"origin": [-5, -16.75, -30],
							"size": [10, 6, 7],
							"uv": {
								"north": {"uv": [93.02, 47.02], "uv_size": [9.96, 5.96]},
								"east": {"uv": [32.02, 106.02], "uv_size": [6.96, 5.96]},
								"south": {"uv": [78.02, 95.02], "uv_size": [9.96, 5.96]},
								"west": {"uv": [39.02, 106.02], "uv_size": [6.96, 5.96]},
								"up": {"uv": [63.02, 80.02], "uv_size": [9.96, 6.96]},
								"down": {"uv": [80.02, 72.98], "uv_size": [9.96, -6.96]}
							}
						},
						{
							"origin": [-6.27674, -16.82793, -29.95],
							"size": [10, 5.5, 6.9],
							"pivot": [-1.27674, 0.92207, -15],
							"rotation": [0, 0, -35],
							"uv": {
								"north": {"uv": [88.02, 95.02], "uv_size": [9.96, 5.96]},
								"east": {"uv": [106.02, 60.02], "uv_size": [6.96, 5.96]},
								"south": {"uv": [96.02, 22.02], "uv_size": [9.96, 5.96]},
								"west": {"uv": [107.02, 26.02], "uv_size": [6.96, 5.96]},
								"up": {"uv": [80.02, 73.02], "uv_size": [9.96, 6.96]},
								"down": {"uv": [80.02, 86.98], "uv_size": [9.96, -6.96]}
							}
						}
					]
				},
				{
					"name": "belt",
					"parent": "magazine",
					"pivot": [6.91972, -1.84639, -26.5],
					"cubes": [
						{
							"origin": [5.8037, -0.11384, -28.5],
							"size": [2, 2, 4],
							"inflate": 0.05,
							"pivot": [6.8037, 0.88616, -26.5],
							"rotation": [0, 0, -7.5],
							"uv": {
								"north": {"uv": [17.02, 86.02], "uv_size": [1.96, 1.96]},
								"east": {"uv": [123.02, 7.02], "uv_size": [3.96, 1.96]},
								"south": {"uv": [121.02, 125.02], "uv_size": [1.96, 1.96]},
								"west": {"uv": [123.02, 9.02], "uv_size": [3.96, 1.96]},
								"up": {"uv": [0.02, 123.02], "uv_size": [1.96, 3.96]},
								"down": {"uv": [11.02, 126.98], "uv_size": [1.96, -3.96]}
							}
						},
						{
							"origin": [5.8037, -0.11384, -29.5],
							"size": [2, 2, 6],
							"pivot": [6.8037, 0.88616, -26.5],
							"rotation": [0, 0, -7.5],
							"uv": {
								"north": {"uv": [17.02, 86.02], "uv_size": [1.96, 1.96]},
								"east": {"uv": [122.02, 7.02], "uv_size": [5.96, 1.96]},
								"south": {"uv": [121.02, 125.02], "uv_size": [1.96, 1.96]},
								"west": {"uv": [122.02, 9.02], "uv_size": [5.96, 1.96]},
								"up": {"uv": [0.02, 122.02], "uv_size": [1.96, 5.96]},
								"down": {"uv": [11.02, 127.98], "uv_size": [1.96, -5.96]}
							}
						},
						{
							"origin": [6, -0.5, -29.5],
							"size": [0, 2, 6],
							"pivot": [16, 2, -17.5],
							"rotation": [0, 0, -5],
							"uv": {
								"north": {"uv": [0.02, 0.02], "uv_size": [0, 1.96]},
								"east": {"uv": [122.02, 78.02], "uv_size": [5.96, 1.96]},
								"south": {"uv": [0.02, 0.02], "uv_size": [0, 1.96]},
								"west": {"uv": [122.02, 80.02], "uv_size": [5.96, 1.96]},
								"up": {"uv": [0.02, 0.02], "uv_size": [0, 5.96]},
								"down": {"uv": [0.02, 5.98], "uv_size": [0, -5.96]}
							}
						}
					]
				},
				{
					"name": "glow2",
					"parent": "belt",
					"pivot": [6.8037, 0.88616, -26.5],
					"cubes": [
						{
							"origin": [5.8037, -0.11384, -29.5],
							"size": [2, 2, 6],
							"pivot": [6.8037, 0.88616, -26.5],
							"rotation": [0, 0, -7.5],
							"uv": {
								"north": {"uv": [17.02, 86.02], "uv_size": [1.96, 1.96]},
								"east": {"uv": [122.02, 7.02], "uv_size": [5.96, 1.96]},
								"south": {"uv": [121.02, 125.02], "uv_size": [1.96, 1.96]},
								"west": {"uv": [122.02, 9.02], "uv_size": [5.96, 1.96]},
								"up": {"uv": [0.02, 122.02], "uv_size": [1.96, 5.96]},
								"down": {"uv": [11.02, 127.98], "uv_size": [1.96, -5.96]}
							}
						}
					]
				},
				{
					"name": "belt2",
					"parent": "belt",
					"pivot": [5.94555, 1.80793, -26.5],
					"cubes": [
						{
							"origin": [6.75, 6.25, -28.5],
							"size": [2, 2, 4],
							"inflate": 0.05,
							"pivot": [16, 2, -17.5],
							"rotation": [0, 0, -22.5],
							"uv": {
								"north": {"uv": [126.02, 15.02], "uv_size": [1.96, 1.96]},
								"east": {"uv": [123.02, 11.02], "uv_size": [3.96, 1.96]},
								"south": {"uv": [126.02, 17.02], "uv_size": [1.96, 1.96]},
								"west": {"uv": [123.02, 13.02], "uv_size": [3.96, 1.96]},
								"up": {"uv": [13.02, 123.02], "uv_size": [1.96, 3.96]},
								"down": {"uv": [38.02, 126.98], "uv_size": [1.96, -4.96]}
							}
						},
						{
							"origin": [5.58517, 2.15896, -29.5],
							"size": [0, 2, 6],
							"pivot": [15.83517, 4.65896, -17.5],
							"rotation": [0, 0, -10],
							"uv": {
								"north": {"uv": [0.02, 0.02], "uv_size": [0, 1.96]},
								"east": {"uv": [122.02, 82.02], "uv_size": [5.96, 1.96]},
								"south": {"uv": [0.02, 0.02], "uv_size": [0, 1.96]},
								"west": {"uv": [122.02, 87.02], "uv_size": [5.96, 1.96]},
								"up": {"uv": [0.02, 0.02], "uv_size": [0, 5.96]},
								"down": {"uv": [0.02, 5.98], "uv_size": [0, -5.96]}
							}
						}
					]
				},
				{
					"name": "glow3",
					"parent": "belt2",
					"pivot": [16, 2, -17.5],
					"cubes": [
						{
							"origin": [6.75, 6.25, -29.5],
							"size": [2, 2, 6],
							"pivot": [16, 2, -17.5],
							"rotation": [0, 0, -22.5],
							"uv": {
								"north": {"uv": [126.02, 15.02], "uv_size": [1.96, 1.96]},
								"east": {"uv": [122.02, 11.02], "uv_size": [5.96, 1.96]},
								"south": {"uv": [126.02, 17.02], "uv_size": [1.96, 1.96]},
								"west": {"uv": [122.02, 13.02], "uv_size": [5.96, 1.96]},
								"up": {"uv": [13.02, 122.02], "uv_size": [1.96, 5.96]},
								"down": {"uv": [38.02, 127.98], "uv_size": [1.96, -5.96]}
							}
						}
					]
				},
				{
					"name": "belt3",
					"parent": "belt2",
					"pivot": [5.19555, 4.30793, -26.5],
					"rotation": [0, 0, -22.5],
					"cubes": [
						{
							"origin": [5.82298, 8.63739, -28.5],
							"size": [2, 2, 4],
							"inflate": 0.05,
							"pivot": [15.82298, 4.63739, -17.5],
							"rotation": [0, 0, -22.5],
							"uv": {
								"north": {"uv": [19.02, 126.02], "uv_size": [1.96, 1.96]},
								"east": {"uv": [123.02, 36.02], "uv_size": [3.96, 1.96]},
								"south": {"uv": [126.02, 19.02], "uv_size": [1.96, 1.96]},
								"west": {"uv": [123.02, 66.02], "uv_size": [3.96, 1.96]},
								"up": {"uv": [54.02, 123.02], "uv_size": [1.96, 3.96]},
								"down": {"uv": [60.02, 126.98], "uv_size": [1.96, -3.96]}
							}
						},
						{
							"origin": [4.8109, 4.27837, -29.5],
							"size": [0, 2, 6],
							"pivot": [15.0609, 6.77837, -17.5],
							"rotation": [0, 0, -10],
							"uv": {
								"north": {"uv": [0.02, 0.02], "uv_size": [0, 1.96]},
								"east": {"uv": [122.02, 97.02], "uv_size": [5.96, 1.96]},
								"south": {"uv": [0.02, 0.02], "uv_size": [0, 1.96]},
								"west": {"uv": [101.02, 122.02], "uv_size": [5.96, 1.96]},
								"up": {"uv": [0.02, 0.02], "uv_size": [0, 5.96]},
								"down": {"uv": [0.02, 5.98], "uv_size": [0, -5.96]}
							}
						}
					]
				},
				{
					"name": "glow4",
					"parent": "belt3",
					"pivot": [15.82298, 4.63739, -17.5],
					"cubes": [
						{
							"origin": [5.82298, 8.63739, -29.5],
							"size": [2, 2, 6],
							"pivot": [15.82298, 4.63739, -17.5],
							"rotation": [0, 0, -22.5],
							"uv": {
								"north": {"uv": [19.02, 126.02], "uv_size": [1.96, 1.96]},
								"east": {"uv": [122.02, 36.02], "uv_size": [5.96, 1.96]},
								"south": {"uv": [126.02, 19.02], "uv_size": [1.96, 1.96]},
								"west": {"uv": [122.02, 66.02], "uv_size": [5.96, 1.96]},
								"up": {"uv": [54.02, 122.02], "uv_size": [1.96, 5.96]},
								"down": {"uv": [60.02, 127.98], "uv_size": [1.96, -5.96]}
							}
						}
					]
				},
				{
					"name": "belt4",
					"parent": "belt3",
					"pivot": [4.41044, 6.50909, -26.5],
					"cubes": [
						{
							"origin": [6.48068, 7.32531, -28.5],
							"size": [2, 2, 4],
							"inflate": 0.05,
							"pivot": [6.48068, 3.32531, -26.5],
							"rotation": [0, 0, -40],
							"uv": {
								"north": {"uv": [126.02, 26.02], "uv_size": [1.96, 1.96]},
								"east": {"uv": [123.02, 68.02], "uv_size": [3.96, 1.96]},
								"south": {"uv": [126.02, 28.02], "uv_size": [1.96, 1.96]},
								"west": {"uv": [123.02, 70.02], "uv_size": [3.96, 1.96]},
								"up": {"uv": [62.02, 121.02], "uv_size": [1.96, 7.96]},
								"down": {"uv": [122.02, 76.98], "uv_size": [1.96, -3.96]}
							}
						},
						{
							"origin": [3.78808, 5.21986, -29.5],
							"size": [0, 3, 6],
							"pivot": [3.78808, 7.21986, -26.5],
							"rotation": [0, 0, -30],
							"uv": {
								"north": {"uv": [0.02, 0.02], "uv_size": [0, 2.96]},
								"east": {"uv": [81.02, 118.02], "uv_size": [5.96, 2.96]},
								"south": {"uv": [0.02, 0.02], "uv_size": [0, 2.96]},
								"west": {"uv": [118.02, 100.02], "uv_size": [5.96, 2.96]},
								"up": {"uv": [0.02, 0.02], "uv_size": [0, 5.96]},
								"down": {"uv": [0.02, 5.98], "uv_size": [0, -5.96]}
							}
						}
					]
				},
				{
					"name": "glow5",
					"parent": "belt4",
					"pivot": [6.48068, 3.32531, -26.5],
					"cubes": [
						{
							"origin": [6.48068, 7.32531, -29.5],
							"size": [2, 2, 6],
							"pivot": [6.48068, 3.32531, -26.5],
							"rotation": [0, 0, -40],
							"uv": {
								"north": {"uv": [126.02, 26.02], "uv_size": [1.96, 1.96]},
								"east": {"uv": [122.02, 68.02], "uv_size": [5.96, 1.96]},
								"south": {"uv": [126.02, 28.02], "uv_size": [1.96, 1.96]},
								"west": {"uv": [122.02, 70.02], "uv_size": [5.96, 1.96]},
								"up": {"uv": [62.02, 122.02], "uv_size": [1.96, 5.96]},
								"down": {"uv": [122.02, 77.98], "uv_size": [1.96, -5.96]}
							}
						}
					]
				},
				{
					"name": "magazine2",
					"parent": "gun",
					"pivot": [5.1198, -7.10409, -26.5],
					"cubes": [
						{
							"origin": [-5, -10.75, -30],
							"size": [18, 10, 0.5],
							"uv": {
								"north": {"uv": [32.02, 0.02], "uv_size": [17.96, 9.96]},
								"east": {"uv": [115.02, 119.02], "uv_size": [0.96, 9.96]},
								"south": {"uv": [32.02, 10.02], "uv_size": [17.96, 9.96]},
								"west": {"uv": [2.02, 122.02], "uv_size": [0.96, 9.96]},
								"up": {"uv": [114.02, 86.02], "uv_size": [17.96, 0.96]},
								"down": {"uv": [114.02, 108.98], "uv_size": [17.96, -0.96]}
							}
						},
						{
							"origin": [-5, -10.75, -23.5],
							"size": [18, 10, 0.5],
							"uv": {
								"north": {"uv": [32.02, 20.02], "uv_size": [17.96, 9.96]},
								"east": {"uv": [40.02, 122.02], "uv_size": [0.96, 9.96]},
								"south": {"uv": [32.02, 30.02], "uv_size": [17.96, 9.96]},
								"west": {"uv": [56.02, 122.02], "uv_size": [0.96, 9.96]},
								"up": {"uv": [114.02, 109.02], "uv_size": [17.96, 0.96]},
								"down": {"uv": [115.02, 3.98], "uv_size": [17.96, -0.96]}
							}
						},
						{
							"origin": [12.25, -10.75, -29.5],
							"size": [0.75, 10, 6],
							"uv": {
								"north": {"uv": [107.02, 122.02], "uv_size": [0.96, 9.96]},
								"east": {"uv": [17.02, 96.02], "uv_size": [5.96, 9.96]},
								"south": {"uv": [108.02, 122.02], "uv_size": [0.96, 9.96]},
								"west": {"uv": [37.02, 96.02], "uv_size": [5.96, 9.96]},
								"up": {"uv": [10.02, 124.02], "uv_size": [0.96, 5.96]},
								"down": {"uv": [112.02, 129.98], "uv_size": [0.96, -5.96]}
							}
						},
						{
							"origin": [6.76169, -6.61345, -29.5],
							"size": [1, 8, 6],
							"pivot": [8.26169, -2.61345, -26.5],
							"rotation": [0, 0, 90],
							"uv": {
								"north": {"uv": [72.02, 123.02], "uv_size": [0.96, 7.96]},
								"east": {"uv": [101.02, 105.02], "uv_size": [5.96, 7.96]},
								"south": {"uv": [75.02, 123.02], "uv_size": [0.96, 7.96]},
								"west": {"uv": [15.02, 106.02], "uv_size": [5.96, 7.96]},
								"up": {"uv": [113.02, 124.02], "uv_size": [0.96, 5.96]},
								"down": {"uv": [124.02, 128.98], "uv_size": [0.96, -5.96]}
							}
						},
						{
							"origin": [-5, -10.75, -29.5],
							"size": [9.25, 10, 6],
							"uv": {
								"north": {"uv": [57.02, 70.02], "uv_size": [8.96, 9.96]},
								"east": {"uv": [43.02, 96.02], "uv_size": [5.96, 9.96]},
								"south": {"uv": [66.02, 70.02], "uv_size": [8.96, 9.96]},
								"west": {"uv": [49.02, 97.02], "uv_size": [5.96, 9.96]},
								"up": {"uv": [98.02, 95.02], "uv_size": [8.96, 5.96]},
								"down": {"uv": [99.02, 88.98], "uv_size": [8.96, -5.96]}
							}
						},
						{
							"origin": [-5, -16.75, -30],
							"size": [10, 6, 7],
							"uv": {
								"north": {"uv": [93.02, 47.02], "uv_size": [9.96, 5.96]},
								"east": {"uv": [32.02, 106.02], "uv_size": [6.96, 5.96]},
								"south": {"uv": [78.02, 95.02], "uv_size": [9.96, 5.96]},
								"west": {"uv": [39.02, 106.02], "uv_size": [6.96, 5.96]},
								"up": {"uv": [63.02, 80.02], "uv_size": [9.96, 6.96]},
								"down": {"uv": [80.02, 72.98], "uv_size": [9.96, -6.96]}
							}
						},
						{
							"origin": [-6.27674, -16.82793, -29.95],
							"size": [10, 5.5, 6.9],
							"pivot": [-1.27674, 0.92207, -15],
							"rotation": [0, 0, -35],
							"uv": {
								"north": {"uv": [88.02, 95.02], "uv_size": [9.96, 5.96]},
								"east": {"uv": [106.02, 60.02], "uv_size": [6.96, 5.96]},
								"south": {"uv": [96.02, 22.02], "uv_size": [9.96, 5.96]},
								"west": {"uv": [107.02, 26.02], "uv_size": [6.96, 5.96]},
								"up": {"uv": [80.02, 73.02], "uv_size": [9.96, 6.96]},
								"down": {"uv": [80.02, 86.98], "uv_size": [9.96, -6.96]}
							}
						}
					]
				},
				{
					"name": "belt9",
					"parent": "magazine2",
					"pivot": [6.91972, -1.84639, -26.5],
					"cubes": [
						{
							"origin": [5.5537, -3.36384, -28.5],
							"size": [2, 2, 4],
							"inflate": 0.05,
							"pivot": [6.8037, 0.88616, -26.5],
							"rotation": [0, 0, -7.5],
							"uv": {
								"north": {"uv": [17.02, 86.02], "uv_size": [1.96, 1.96]},
								"east": {"uv": [123.02, 7.02], "uv_size": [3.96, 1.96]},
								"south": {"uv": [121.02, 125.02], "uv_size": [1.96, 1.96]},
								"west": {"uv": [123.02, 9.02], "uv_size": [3.96, 1.96]},
								"up": {"uv": [0.02, 123.02], "uv_size": [1.96, 3.96]},
								"down": {"uv": [11.02, 126.98], "uv_size": [1.96, -3.96]}
							}
						},
						{
							"origin": [6, -3.75, -29.5],
							"size": [0, 2, 6],
							"pivot": [16, 2, -17.5],
							"rotation": [0, 0, -5],
							"uv": {
								"north": {"uv": [0.02, 0.02], "uv_size": [0, 1.96]},
								"east": {"uv": [122.02, 78.02], "uv_size": [5.96, 1.96]},
								"south": {"uv": [0.02, 0.02], "uv_size": [0, 1.96]},
								"west": {"uv": [122.02, 80.02], "uv_size": [5.96, 1.96]},
								"up": {"uv": [0.02, 0.02], "uv_size": [0, 5.96]},
								"down": {"uv": [0.02, 5.98], "uv_size": [0, -5.96]}
							}
						}
					]
				},
				{
					"name": "glow6",
					"parent": "belt9",
					"pivot": [6.8037, 0.88616, -26.5],
					"cubes": [
						{
							"origin": [5.5537, -3.36384, -29.5],
							"size": [2, 2, 6],
							"pivot": [6.8037, 0.88616, -26.5],
							"rotation": [0, 0, -7.5],
							"uv": {
								"north": {"uv": [17.02, 86.02], "uv_size": [1.96, 1.96]},
								"east": {"uv": [122.02, 7.02], "uv_size": [5.96, 1.96]},
								"south": {"uv": [121.02, 125.02], "uv_size": [1.96, 1.96]},
								"west": {"uv": [122.02, 9.02], "uv_size": [5.96, 1.96]},
								"up": {"uv": [0.02, 122.02], "uv_size": [1.96, 5.96]},
								"down": {"uv": [11.02, 127.98], "uv_size": [1.96, -5.96]}
							}
						}
					]
				},
				{
					"name": "belt5",
					"parent": "belt9",
					"pivot": [6.91972, -1.84639, -26.5],
					"cubes": [
						{
							"origin": [5.8037, -0.11384, -28.5],
							"size": [2, 2, 4],
							"inflate": 0.05,
							"pivot": [6.8037, 0.88616, -26.5],
							"rotation": [0, 0, -7.5],
							"uv": {
								"north": {"uv": [17.02, 86.02], "uv_size": [1.96, 1.96]},
								"east": {"uv": [123.02, 7.02], "uv_size": [3.96, 1.96]},
								"south": {"uv": [121.02, 125.02], "uv_size": [1.96, 1.96]},
								"west": {"uv": [123.02, 9.02], "uv_size": [3.96, 1.96]},
								"up": {"uv": [0.02, 123.02], "uv_size": [1.96, 3.96]},
								"down": {"uv": [11.02, 126.98], "uv_size": [1.96, -3.96]}
							}
						},
						{
							"origin": [6, -0.5, -29.5],
							"size": [0, 2, 6],
							"pivot": [16, 2, -17.5],
							"rotation": [0, 0, -5],
							"uv": {
								"north": {"uv": [0.02, 0.02], "uv_size": [0, 1.96]},
								"east": {"uv": [122.02, 78.02], "uv_size": [5.96, 1.96]},
								"south": {"uv": [0.02, 0.02], "uv_size": [0, 1.96]},
								"west": {"uv": [122.02, 80.02], "uv_size": [5.96, 1.96]},
								"up": {"uv": [0.02, 0.02], "uv_size": [0, 5.96]},
								"down": {"uv": [0.02, 5.98], "uv_size": [0, -5.96]}
							}
						}
					]
				},
				{
					"name": "glow7",
					"parent": "belt5",
					"pivot": [6.8037, 0.88616, -26.5],
					"cubes": [
						{
							"origin": [5.8037, -0.11384, -29.5],
							"size": [2, 2, 6],
							"pivot": [6.8037, 0.88616, -26.5],
							"rotation": [0, 0, -7.5],
							"uv": {
								"north": {"uv": [17.02, 86.02], "uv_size": [1.96, 1.96]},
								"east": {"uv": [122.02, 7.02], "uv_size": [5.96, 1.96]},
								"south": {"uv": [121.02, 125.02], "uv_size": [1.96, 1.96]},
								"west": {"uv": [122.02, 9.02], "uv_size": [5.96, 1.96]},
								"up": {"uv": [0.02, 122.02], "uv_size": [1.96, 5.96]},
								"down": {"uv": [11.02, 127.98], "uv_size": [1.96, -5.96]}
							}
						}
					]
				},
				{
					"name": "belt6",
					"parent": "belt5",
					"pivot": [5.94555, 1.80793, -26.5],
					"cubes": [
						{
							"origin": [6.75, 6.25, -28.5],
							"size": [2, 2, 4],
							"inflate": 0.05,
							"pivot": [16, 2, -17.5],
							"rotation": [0, 0, -22.5],
							"uv": {
								"north": {"uv": [126.02, 15.02], "uv_size": [1.96, 1.96]},
								"east": {"uv": [123.02, 11.02], "uv_size": [3.96, 1.96]},
								"south": {"uv": [126.02, 17.02], "uv_size": [1.96, 1.96]},
								"west": {"uv": [123.02, 13.02], "uv_size": [3.96, 1.96]},
								"up": {"uv": [13.02, 123.02], "uv_size": [1.96, 3.96]},
								"down": {"uv": [38.02, 126.98], "uv_size": [1.96, -3.96]}
							}
						},
						{
							"origin": [5.58517, 2.15896, -29.5],
							"size": [0, 2, 6],
							"pivot": [15.83517, 4.65896, -17.5],
							"rotation": [0, 0, -10],
							"uv": {
								"north": {"uv": [0.02, 0.02], "uv_size": [0, 1.96]},
								"east": {"uv": [122.02, 82.02], "uv_size": [5.96, 1.96]},
								"south": {"uv": [0.02, 0.02], "uv_size": [0, 1.96]},
								"west": {"uv": [122.02, 87.02], "uv_size": [5.96, 1.96]},
								"up": {"uv": [0.02, 0.02], "uv_size": [0, 5.96]},
								"down": {"uv": [0.02, 5.98], "uv_size": [0, -5.96]}
							}
						}
					]
				},
				{
					"name": "glow8",
					"parent": "belt6",
					"pivot": [16, 2, -17.5],
					"cubes": [
						{
							"origin": [6.75, 6.25, -29.5],
							"size": [2, 2, 6],
							"pivot": [16, 2, -17.5],
							"rotation": [0, 0, -22.5],
							"uv": {
								"north": {"uv": [126.02, 15.02], "uv_size": [1.96, 1.96]},
								"east": {"uv": [122.02, 11.02], "uv_size": [5.96, 1.96]},
								"south": {"uv": [126.02, 17.02], "uv_size": [1.96, 1.96]},
								"west": {"uv": [122.02, 13.02], "uv_size": [5.96, 1.96]},
								"up": {"uv": [13.02, 122.02], "uv_size": [1.96, 5.96]},
								"down": {"uv": [38.02, 127.98], "uv_size": [1.96, -5.96]}
							}
						}
					]
				},
				{
					"name": "belt7",
					"parent": "belt6",
					"pivot": [5.19555, 4.30793, -26.5],
					"rotation": [0, 0, -22.5],
					"cubes": [
						{
							"origin": [5.82298, 8.63739, -28.5],
							"size": [2, 2, 4],
							"inflate": 0.05,
							"pivot": [15.82298, 4.63739, -17.5],
							"rotation": [0, 0, -22.5],
							"uv": {
								"north": {"uv": [19.02, 126.02], "uv_size": [1.96, 1.96]},
								"east": {"uv": [123.02, 36.02], "uv_size": [3.96, 1.96]},
								"south": {"uv": [126.02, 19.02], "uv_size": [1.96, 1.96]},
								"west": {"uv": [123.02, 66.02], "uv_size": [3.96, 1.96]},
								"up": {"uv": [54.02, 123.02], "uv_size": [1.96, 3.96]},
								"down": {"uv": [60.02, 126.98], "uv_size": [1.96, -3.96]}
							}
						},
						{
							"origin": [4.8109, 4.27837, -29.5],
							"size": [0, 2, 6],
							"pivot": [15.0609, 6.77837, -17.5],
							"rotation": [0, 0, -10],
							"uv": {
								"north": {"uv": [0.02, 0.02], "uv_size": [0, 1.96]},
								"east": {"uv": [122.02, 97.02], "uv_size": [5.96, 1.96]},
								"south": {"uv": [0.02, 0.02], "uv_size": [0, 1.96]},
								"west": {"uv": [101.02, 122.02], "uv_size": [5.96, 1.96]},
								"up": {"uv": [0.02, 0.02], "uv_size": [0, 5.96]},
								"down": {"uv": [0.02, 5.98], "uv_size": [0, -5.96]}
							}
						}
					]
				},
				{
					"name": "glow9",
					"parent": "belt7",
					"pivot": [15.82298, 4.63739, -17.5],
					"cubes": [
						{
							"origin": [5.82298, 8.63739, -29.5],
							"size": [2, 2, 6],
							"pivot": [15.82298, 4.63739, -17.5],
							"rotation": [0, 0, -22.5],
							"uv": {
								"north": {"uv": [19.02, 126.02], "uv_size": [1.96, 1.96]},
								"east": {"uv": [122.02, 36.02], "uv_size": [5.96, 1.96]},
								"south": {"uv": [126.02, 19.02], "uv_size": [1.96, 1.96]},
								"west": {"uv": [122.02, 66.02], "uv_size": [5.96, 1.96]},
								"up": {"uv": [54.02, 122.02], "uv_size": [1.96, 5.96]},
								"down": {"uv": [60.02, 127.98], "uv_size": [1.96, -5.96]}
							}
						}
					]
				},
				{
					"name": "belt8",
					"parent": "belt7",
					"pivot": [4.41044, 6.50909, -26.5],
					"cubes": [
						{
							"origin": [6.48068, 7.32531, -28.5],
							"size": [2, 2, 4],
							"inflate": 0.05,
							"pivot": [6.48068, 3.32531, -26.5],
							"rotation": [0, 0, -40],
							"uv": {
								"north": {"uv": [126.02, 26.02], "uv_size": [1.96, 1.96]},
								"east": {"uv": [123.02, 68.02], "uv_size": [3.96, 1.96]},
								"south": {"uv": [126.02, 28.02], "uv_size": [1.96, 1.96]},
								"west": {"uv": [123.02, 70.02], "uv_size": [3.96, 1.96]},
								"up": {"uv": [62.02, 123.02], "uv_size": [1.96, 3.96]},
								"down": {"uv": [122.02, 76.98], "uv_size": [1.96, -3.96]}
							}
						},
						{
							"origin": [3.78808, 5.21986, -29.5],
							"size": [0, 3, 6],
							"pivot": [3.78808, 7.21986, -26.5],
							"rotation": [0, 0, -30],
							"uv": {
								"north": {"uv": [0.02, 0.02], "uv_size": [0, 2.96]},
								"east": {"uv": [81.02, 118.02], "uv_size": [5.96, 2.96]},
								"south": {"uv": [0.02, 0.02], "uv_size": [0, 2.96]},
								"west": {"uv": [118.02, 100.02], "uv_size": [5.96, 2.96]},
								"up": {"uv": [0.02, 0.02], "uv_size": [0, 5.96]},
								"down": {"uv": [0.02, 5.98], "uv_size": [0, -5.96]}
							}
						}
					]
				},
				{
					"name": "glow10",
					"parent": "belt8",
					"pivot": [6.48068, 3.32531, -26.5],
					"cubes": [
						{
							"origin": [6.48068, 7.32531, -29.5],
							"size": [2, 2, 6],
							"pivot": [6.48068, 3.32531, -26.5],
							"rotation": [0, 0, -40],
							"uv": {
								"north": {"uv": [126.02, 26.02], "uv_size": [1.96, 1.96]},
								"east": {"uv": [122.02, 68.02], "uv_size": [5.96, 1.96]},
								"south": {"uv": [126.02, 28.02], "uv_size": [1.96, 1.96]},
								"west": {"uv": [122.02, 70.02], "uv_size": [5.96, 1.96]},
								"up": {"uv": [62.02, 122.02], "uv_size": [1.96, 5.96]},
								"down": {"uv": [122.02, 77.98], "uv_size": [1.96, -5.96]}
							}
						}
					]
				},
				{
					"name": "shockwavechamber",
					"parent": "gun",
					"pivot": [0, 4.25, -16],
					"cubes": [
						{
							"origin": [2.25, 2.25, -22],
							"size": [1.5, 4, 12],
							"uv": {
								"north": {"uv": [78.02, 83.02], "uv_size": [1.96, 3.96]},
								"east": {"uv": [101.02, 101.02], "uv_size": [11.96, 3.96]},
								"south": {"uv": [49.02, 88.02], "uv_size": [1.96, 3.96]},
								"west": {"uv": [102.02, 18.02], "uv_size": [11.96, 3.96]},
								"up": {"uv": [92.02, 113.02], "uv_size": [1.96, 11.96]},
								"down": {"uv": [15.02, 125.98], "uv_size": [1.96, -11.96]}
							}
						},
						{
							"origin": [1.53536, 5.25754, -22],
							"size": [1.25, 2.3, 12],
							"pivot": [2.03536, 6.75754, -21.5],
							"rotation": [0, 0, -45],
							"uv": {
								"north": {"uv": [106.02, 26.02], "uv_size": [0.96, 1.96]},
								"east": {"uv": [114.02, 18.02], "uv_size": [11.96, 1.96]},
								"south": {"uv": [106.02, 113.02], "uv_size": [0.96, 1.96]},
								"west": {"uv": [114.02, 20.02], "uv_size": [11.96, 1.96]},
								"up": {"uv": [3.02, 116.02], "uv_size": [0.96, 11.96]},
								"down": {"uv": [57.02, 127.98], "uv_size": [0.96, -11.96]}
							}
						},
						{
							"origin": [-3.66404, 3.13622, -22],
							"size": [1.25, 2.3, 12],
							"pivot": [0.08596, 4.63622, -21.5],
							"rotation": [0, 0, 45],
							"uv": {
								"north": {"uv": [74.02, 126.02], "uv_size": [0.96, 1.96]},
								"east": {"uv": [114.02, 30.02], "uv_size": [11.96, 1.96]},
								"south": {"uv": [126.02, 84.02], "uv_size": [0.96, 1.96]},
								"west": {"uv": [114.02, 58.02], "uv_size": [11.96, 1.96]},
								"up": {"uv": [37.02, 119.02], "uv_size": [0.96, 11.96]},
								"down": {"uv": [49.02, 130.98], "uv_size": [0.96, -11.96]}
							}
						},
						{
							"origin": [1.15165, -1.38388, -22],
							"size": [1.25, 2.3, 12],
							"pivot": [4.65165, 0.11612, -21.5],
							"rotation": [0, 0, 45],
							"uv": {
								"north": {"uv": [126.02, 89.02], "uv_size": [0.96, 1.96]},
								"east": {"uv": [114.02, 84.02], "uv_size": [11.96, 1.96]},
								"south": {"uv": [126.02, 91.02], "uv_size": [0.96, 1.96]},
								"west": {"uv": [114.02, 95.02], "uv_size": [11.96, 1.96]},
								"up": {"uv": [50.02, 119.02], "uv_size": [0.96, 11.96]},
								"down": {"uv": [51.02, 130.98], "uv_size": [0.96, -11.96]}
							}
						},
						{
							"origin": [-3.28033, 0.73744, -22],
							"size": [1.25, 2.3, 12],
							"pivot": [-2.53033, 2.23744, -21.5],
							"rotation": [0, 0, -45],
							"uv": {
								"north": {"uv": [119.02, 51.02], "uv_size": [0.96, 1.96]},
								"east": {"uv": [114.02, 26.02], "uv_size": [11.96, 1.96]},
								"south": {"uv": [126.02, 58.02], "uv_size": [0.96, 1.96]},
								"west": {"uv": [114.02, 28.02], "uv_size": [11.96, 1.96]},
								"up": {"uv": [64.02, 118.02], "uv_size": [0.96, 11.96]},
								"down": {"uv": [91.02, 129.98], "uv_size": [0.96, -11.96]}
							}
						},
						{
							"origin": [-3.75, 2.25, -22],
							"size": [1.5, 4, 12],
							"uv": {
								"north": {"uv": [35.02, 102.02], "uv_size": [1.96, 3.96]},
								"east": {"uv": [23.02, 102.02], "uv_size": [11.96, 3.96]},
								"south": {"uv": [75.02, 114.02], "uv_size": [1.96, 3.96]},
								"west": {"uv": [102.02, 78.02], "uv_size": [11.96, 3.96]},
								"up": {"uv": [17.02, 114.02], "uv_size": [1.96, 11.96]},
								"down": {"uv": [19.02, 125.98], "uv_size": [1.96, -11.96]}
							}
						},
						{
							"origin": [3.75, 8.75, -22],
							"size": [1.5, 4, 12],
							"pivot": [-2.5, 8.25, -21.5],
							"rotation": [0, 0, 90],
							"uv": {
								"north": {"uv": [21.02, 123.02], "uv_size": [1.96, 3.96]},
								"east": {"uv": [104.02, 11.02], "uv_size": [11.96, 3.96]},
								"south": {"uv": [123.02, 22.02], "uv_size": [1.96, 3.96]},
								"west": {"uv": [105.02, 42.02], "uv_size": [11.96, 3.96]},
								"up": {"uv": [114.02, 72.02], "uv_size": [1.96, 11.96]},
								"down": {"uv": [73.02, 125.98], "uv_size": [1.96, -11.96]}
							}
						},
						{
							"origin": [-2.25, 8.75, -22],
							"size": [1.5, 4, 12],
							"pivot": [-2.5, 8.25, -21.5],
							"rotation": [0, 0, 90],
							"uv": {
								"north": {"uv": [117.02, 122.02], "uv_size": [1.96, 3.96]},
								"east": {"uv": [103.02, 47.02], "uv_size": [11.96, 3.96]},
								"south": {"uv": [4.02, 123.02], "uv_size": [1.96, 3.96]},
								"west": {"uv": [104.02, 7.02], "uv_size": [11.96, 3.96]},
								"up": {"uv": [65.02, 114.02], "uv_size": [1.96, 11.96]},
								"down": {"uv": [67.02, 125.98], "uv_size": [1.96, -11.96]}
							}
						},
						{
							"origin": [-2.25, 2, -22],
							"size": [4.5, 4.5, 12],
							"uv": {
								"north": {"uv": [41.02, 112.02], "uv_size": [4.96, 4.96]},
								"east": {"uv": [49.02, 92.02], "uv_size": [11.96, 4.96]},
								"south": {"uv": [60.02, 113.02], "uv_size": [4.96, 4.96]},
								"west": {"uv": [93.02, 42.02], "uv_size": [11.96, 4.96]},
								"up": {"uv": [94.02, 83.02], "uv_size": [4.96, 11.96]},
								"down": {"uv": [95.02, 77.98], "uv_size": [4.96, -11.96]}
							}
						}
					]
				},
				{
					"name": "glow",
					"parent": "shockwavechamber",
					"pivot": [0, 0, 0],
					"cubes": [
						{
							"origin": [3.75, 3.25, -21],
							"size": [0.025, 2, 10],
							"uv": {
								"north": {"uv": [78.02, 83.02], "uv_size": [1.96, 3.96]},
								"east": {"uv": [101.02, 101.02], "uv_size": [11.96, 3.96]},
								"south": {"uv": [49.02, 88.02], "uv_size": [1.96, 3.96]},
								"west": {"uv": [103.02, 19.02], "uv_size": [9.96, 1.96]},
								"up": {"uv": [92.02, 113.02], "uv_size": [1.96, 11.96]},
								"down": {"uv": [15.02, 125.98], "uv_size": [1.96, -11.96]}
							}
						},
						{
							"origin": [-2.775, 9.25, -21],
							"size": [0.025, 2, 10],
							"pivot": [-2.5, 7.75, -21.5],
							"rotation": [0, 0, 90],
							"uv": {
								"north": {"uv": [117.02, 122.02], "uv_size": [1.96, 3.96]},
								"east": {"uv": [104.02, 48.02], "uv_size": [9.96, 1.96]},
								"south": {"uv": [4.02, 123.02], "uv_size": [1.96, 3.96]},
								"west": {"uv": [104.02, 7.02], "uv_size": [11.96, 3.96]},
								"up": {"uv": [65.02, 114.02], "uv_size": [1.96, 11.96]},
								"down": {"uv": [67.02, 125.98], "uv_size": [1.96, -11.96]}
							}
						},
						{
							"origin": [5.775, 10.275, -21],
							"size": [0.025, 2, 10],
							"pivot": [-2.5, 8.775, -21.5],
							"rotation": [0, 0, 90],
							"uv": {
								"north": {"uv": [21.02, 123.02], "uv_size": [1.96, 3.96]},
								"east": {"uv": [104.02, 11.02], "uv_size": [11.96, 3.96]},
								"south": {"uv": [123.02, 22.02], "uv_size": [1.96, 3.96]},
								"west": {"uv": [106.02, 43.02], "uv_size": [9.96, 1.96]},
								"up": {"uv": [114.02, 72.02], "uv_size": [1.96, 11.96]},
								"down": {"uv": [73.02, 125.98], "uv_size": [1.96, -11.96]}
							}
						},
						{
							"origin": [-3.775, 3.25, -21],
							"size": [0.025, 2, 10],
							"uv": {
								"north": {"uv": [35.02, 102.02], "uv_size": [1.96, 3.96]},
								"east": {"uv": [24.02, 103.02], "uv_size": [9.96, 1.96]},
								"south": {"uv": [75.02, 114.02], "uv_size": [1.96, 3.96]},
								"west": {"uv": [102.02, 78.02], "uv_size": [11.96, 3.96]},
								"up": {"uv": [17.02, 114.02], "uv_size": [1.96, 11.96]},
								"down": {"uv": [19.02, 125.98], "uv_size": [1.96, -11.96]}
							}
						}
					]
				},
				{
					"name": "grip",
					"parent": "gun",
					"pivot": [-4, 3.75, -40.25],
					"cubes": [
						{
							"origin": [-6, 1.38231, -37.11868],
							"size": [2, 15, 5],
							"pivot": [-5, 11.13231, -30.36868],
							"rotation": [-37.5, 0, 0],
							"uv": {
								"north": {"uv": [4.02, 108.02], "uv_size": [1.96, 14.96]},
								"east": {"uv": [75.02, 33.02], "uv_size": [4.96, 14.96]},
								"south": {"uv": [58.02, 108.02], "uv_size": [1.96, 14.96]},
								"west": {"uv": [75.02, 68.02], "uv_size": [4.96, 14.96]},
								"up": {"uv": [87.02, 122.02], "uv_size": [1.96, 4.96]},
								"down": {"uv": [89.02, 126.98], "uv_size": [1.96, -4.96]}
							}
						},
						{
							"origin": [-4, 22, -27],
							"size": [16, 3, 3],
							"pivot": [0, -1, -4],
							"rotation": [17.5, 0, 0],
							"uv": {
								"north": {"uv": [99.02, 53.02], "uv_size": [15.96, 2.96]},
								"east": {"uv": [50.02, 37.02], "uv_size": [2.96, 2.96]},
								"south": {"uv": [99.02, 89.02], "uv_size": [15.96, 2.96]},
								"west": {"uv": [122.02, 112.02], "uv_size": [2.96, 2.96]},
								"up": {"uv": [99.02, 92.02], "uv_size": [15.96, 2.96]},
								"down": {"uv": [100.02, 71.98], "uv_size": [15.96, -2.96]}
							}
						}
					]
				},
				{
					"name": "_camera_",
					"pivot": [5, 27, 30]
				}
			]
		}
	]
}