{
	"format_version": "1.12.0",
	"minecraft:geometry": [
		{
			"description": {
				"identifier": "geometry.unknown",
				"texture_width": 64,
				"texture_height": 64,
				"visible_bounds_width": 3,
				"visible_bounds_height": 1.5,
				"visible_bounds_offset": [0, 0.25, 0]
			},
			"bones": [
				{
					"name": "bb_main",
					"pivot": [0, 0, 0],
					"cubes": [
						{
							"origin": [-6, 0, -11],
							"size": [12, 4, 22],
							"pivot": [0, 0, 0],
							"rotation": [0, -32.5, 0],
							"uv": {
								"north": {"uv": [24, 0], "uv_size": [12, 4]},
								"east": {"uv": [0, 22], "uv_size": [22, 4]},
								"south": {"uv": [24, 4], "uv_size": [12, 4]},
								"west": {"uv": [22, 22], "uv_size": [22, 4]},
								"up": {"uv": [0, 0], "uv_size": [12, 22]},
								"down": {"uv": [12, 22], "uv_size": [12, -22]}
							}
						}
					]
				}
			]
		}
	]
}