{
	"format_version": "1.12.0",
	"minecraft:geometry": [
		{
			"description": {
				"identifier": "geometry.unknown",
				"texture_width": 64,
				"texture_height": 64,
				"visible_bounds_width": 3,
				"visible_bounds_height": 2.5,
				"visible_bounds_offset": [0, 0.75, 0]
			},
			"bones": [
				{
					"name": "main",
					"pivot": [0, -8, 27],
					"cubes": [
						{
							"origin": [-3.6, 0.5, -15.375],
							"size": [2, 10, 25],
							"uv": {
								"north": {"uv": [4, 20], "uv_size": [2, 10]},
								"east": {"uv": [0, 0], "uv_size": [25, 10]},
								"south": {"uv": [6, 20], "uv_size": [2, 10]},
								"west": {"uv": [0, 10], "uv_size": [25, 10]},
								"up": {"uv": [0, 20], "uv_size": [2, 25]},
								"down": {"uv": [2, 45], "uv_size": [2, -25]}
							}
						}
					]
				},
				{
					"name": "_ca_stellatsweaponries_upgrade",
					"pivot": [-0.1, -8, 27],
					"cubes": [
						{
							"origin": [-1.6, 4, -0.88354],
							"size": [1, 1, 1],
							"uv": {
								"north": {"uv": [8, 20], "uv_size": [1, 1]},
								"east": {"uv": [9, 20], "uv_size": [1, 1]},
								"south": {"uv": [10, 20], "uv_size": [1, 1]},
								"west": {"uv": [11, 20], "uv_size": [1, 1]},
								"up": {"uv": [12, 20], "uv_size": [1, 1]},
								"down": {"uv": [13, 21], "uv_size": [1, -1]}
							}
						}
					]
				}
			]
		}
	]
}