{
  "name" : "cp2077_tsunami_rasetsu",
  "type": "Gun",
  "compatibleAttachmentGroups": [
    "rasetsu_suppressor",
    "chimera"
  ],
  "features": [
    {
        "type": "Aiming",
        "zoom": 0.9,
        "condition": {
          "allOf": [
              {
                "doesNotHaveAttachmentGroup": "chimera"
              }
            ]
        }
    }
  ],
  "maxAmmoCapacity" : 3,
  "compatibleAmmo" : ["ammo50bmg", "ammocreative"],
  "damage" : 40.0,
  "rpm" : 65,
  "fireModes" : ["SINGLE"],
  "fireSound" : "rasetsu_fire",
  "drawCooldownDuration" : 1100,
  "prepareFireCooldownDuration": 1500,
  "bobbingOnAim" : 0.1,
  "gunRecoilInitialAmplitude" : 0.4,
  "shakeRecoilAmplitude" : 1,
  "shakeRecoilSpeed" : 2,
  "viewRecoilAmplitude" : 3,
  "inspectCooldownDuration": 7500,
  "scopeOverlay" : "textures/gui/rasetsu_scope.png",
  "glowingParts": [
    {
      "name": "glow"
    },
    {
      "name": "glow2"
    }
  ],
  "effects": [
    {
      "phase": "hit_scan_acquired",
      "name": "tracer"
    },
    {
      "phase": "firing",
      "name": "muzzle_flash_big"
    }
  ],
  "phasedReloads": [
    {
      "phase": "RELOADING",
      "condition": "reloadIterationIndex == 0",
      "duration": 6700,
      "animation": "animation.model.reloadempty"
    },
     {
      "phase": "RELOADING",
      "condition": "reloadIterationIndex > 0",
      "duration": 6700,
      "animation": "animation.model.reload"
    }
  ]
}
