{
  "name" : "cp2077_budget_arms_carnage",
  "type": "Gun",
  "compatibleAttachmentGroups": [
    "chimera"
  ],
  "maxAmmoCapacity" : 4,
  "maxAmmoPerReloadIteration" : 1,
  "compatibleAmmo" : ["ammo12gauge", "ammocreative"],
  "pelletCount": 20,
  "pelletSpread": 0.1,
  "damage" : 3.0,
  "rpm" : 30,
  "fireModes" : ["SINGLE"],
  "fireSound" : "carnage_fire",
  "drawCooldownDuration" : 900,
  "aimingZoom" : 0.25,
  "gunRecoilInitialAmplitude" : 0.5,
  "shakeRecoilAmplitude" : 0.65,
  "shakeRecoilSpeed" : 1.25,
  "viewRecoilAmplitude" : 7,
  "inspectCooldownDuration": 5970,
  
  "effects": [
    {
      "phase": "firing",
      "name": "cp2077_launcher_muzzle_ext"
    }
  ],
  "phasedReloads": [
    {
      "phase": "PREPARING",
      "condition": "reloadIterationIndex == -1",
      "duration": 1100,
      "animation": "animation.model.preparealt"
    },
    {
      "phase": "PREPARING",
      "condition": "reloadIterationIndex >= 0",
      "duration": 400,
      "animation": "animation.model.prepare"
    },
    {
      "phase": "RELOADING",
      "condition": "reloadIterationIndex == 0",
      "duration": 2000,
      "animation": "animation.model.chamberload"
    },
    {
      "phase": "RELOADING",
      "condition": "reloadIterationIndex > 0",
      "duration": 1300,
      "animation": "animation.model.iterativeload"
    },
    {
      "phase": "COMPLETETING",
      "condition": "reloadIterationIndex >= 0",
      "duration": 830,
      "animation": "animation.model.finish"
    }
  ]
}
