{
	"format_version": "1.12.0",
	"minecraft:geometry": [
		{
			"description": {
				"identifier": "geometry.unknown",
				"texture_width": 256,
				"texture_height": 256,
				"visible_bounds_width": 157,
				"visible_bounds_height": 6,
				"visible_bounds_offset": [0, 2, 0]
			},
			"bones": [
				{
					"name": "main",
					"pivot": [0, 20, 0]
				},
				{
					"name": "gun",
					"parent": "main",
					"pivot": [1, 11, -1],
					"cubes": [
						{
							"origin": [-1.63037, 9.5701, 7.49851],
							"size": [3.277, 0.6, 3.03],
							"pivot": [0.00831, 10.20565, 7.42152],
							"rotation": [-74.24951, 0.12953, -0.03902],
							"uv": {
								"north": {"uv": [1, 33], "uv_size": [5, 10]},
								"east": {"uv": [202, 135], "uv_size": [5, 8]},
								"south": {"uv": [223, 110], "uv_size": [6, 6]},
								"west": {"uv": [177, 71], "uv_size": [4, 5]},
								"up": {"uv": [5, 62], "uv_size": [-4, -7]},
								"down": {"uv": [6, 54], "uv_size": [-3, -9]}
							}
						},
						{
							"origin": [-1.6285, 8.6791, 4.13827],
							"size": [3.275, 1.425, 3.225],
							"pivot": [-0.0049, 10.09947, 7.38961],
							"rotation": [-64.74951, 0.12953, -0.03902],
							"uv": {
								"north": {"uv": [1, 33], "uv_size": [5, 10]},
								"east": {"uv": [202, 135], "uv_size": [5, 8]},
								"south": {"uv": [223, 110], "uv_size": [6, 6]},
								"west": {"uv": [177, 71], "uv_size": [4, 5]},
								"up": {"uv": [5, 62], "uv_size": [-4, -7]},
								"down": {"uv": [6, 54], "uv_size": [-3, -9]}
							}
						},
						{
							"origin": [-1.63349, 11.61431, 2.79294],
							"size": [3.275, 1.425, 3.225],
							"pivot": [-0.0049, 13.04947, 6.01461],
							"rotation": [-50.74951, 0.12953, -0.03902],
							"uv": {
								"north": {"uv": [1, 33], "uv_size": [5, 10]},
								"east": {"uv": [202, 135], "uv_size": [5, 8]},
								"south": {"uv": [223, 110], "uv_size": [6, 6]},
								"west": {"uv": [177, 71], "uv_size": [4, 5]},
								"up": {"uv": [5, 62], "uv_size": [-4, -7]},
								"down": {"uv": [6, 54], "uv_size": [-3, -9]}
							}
						},
						{
							"origin": [-1.85313, 16.7875, -16.65312],
							"size": [3.70625, 5.625, 10.65],
							"uv": {
								"north": {"uv": [219, 31], "uv_size": [5.5, 4]},
								"east": {"uv": [243, 218], "uv_size": [-55, 18]},
								"south": {"uv": [219, 31], "uv_size": [5.5, 4]},
								"west": {"uv": [188, 237], "uv_size": [68, 19]}
							}
						},
						{
							"origin": [-1.65313, 19.0125, -2.85312],
							"size": [3.30625, 2.975, 6.7],
							"uv": {
								"north": {"uv": [219, 31], "uv_size": [5.5, 4]},
								"east": {"uv": [187, 237], "uv_size": [-54, 19]},
								"south": {"uv": [219, 31], "uv_size": [5.5, 4]},
								"west": {"uv": [133, 237], "uv_size": [54, 19]}
							}
						},
						{"origin": [-2.6, 20.6, -20.8], "size": [5.2, 1, 1], "pivot": [-1.95, 21.7, -17.8], "rotation": [-26, 0, 0], "uv": [138, 54]},
						{"origin": [1, 15, -11.75], "size": [1, 5, 2], "inflate": 0.001, "uv": [157, 80]},
						{"origin": [1, 21, -11.75], "size": [1, 2, 2], "inflate": 0.001, "uv": [52, 64]},
						{"origin": [1, 20, -11.75], "size": [1, 1, 1], "inflate": 0.001, "uv": [65, 24]},
						{"origin": [0.95, 20, -11.25], "size": [1, 1, 4], "inflate": 0.001, "uv": [243, 38]},
						{"origin": [-2.05, 17.8, 0.2], "size": [4.1, 2, 1], "inflate": -0.1, "pivot": [0, 20, 1], "rotation": [-90, 0, 0], "uv": [55, 24]},
						{"origin": [-2.05, 19.59319, -0.72028], "size": [4.1, 2, 2], "inflate": -0.2, "pivot": [1.05, 20.1, 0.6], "rotation": [-111, 0, 0], "uv": [62, 36]},
						{"origin": [-0.6, 25, -15.5], "size": [2, 2, 2.5], "uv": [53, 4]},
						{
							"origin": [1.9, 22.05, -9],
							"size": [0.3, 0.6, 2],
							"pivot": [2, 22, -8],
							"rotation": [-90, 0, -4.75],
							"uv": {
								"north": {"uv": [233, 187], "uv_size": [4, 11]},
								"east": {"uv": [50, 133], "uv_size": [5, 15]},
								"south": {"uv": [63, 175], "uv_size": [6, 12]},
								"west": {"uv": [132, 190], "uv_size": [4, 10]},
								"up": {"uv": [71, 119], "uv_size": [-5, 10]},
								"down": {"uv": [216, 195], "uv_size": [-3, -8]}
							}
						},
						{
							"origin": [1.9, 21.825, -9.95],
							"size": [0.35, 1.05, 1.15],
							"pivot": [2, 22, -8],
							"rotation": [-90, 0, -4.75],
							"uv": {
								"north": {"uv": [168, 116], "uv_size": [4, 10]},
								"east": {"uv": [160, 5], "uv_size": [5, 13]},
								"south": {"uv": [136, 129], "uv_size": [8, 13]},
								"west": {"uv": [127, 135], "uv_size": [6, 7]},
								"up": {"uv": [47, 66], "uv_size": [-7, 13]},
								"down": {"uv": [146, 100], "uv_size": [-6, -10]}
							}
						},
						{
							"origin": [0, 21.5, -8.4],
							"size": [2.35, 0.5, 0.5],
							"uv": {
								"north": {"uv": [14, 109], "uv_size": [5, 8]},
								"east": {"uv": [190, 185], "uv_size": [6, 11]},
								"south": {"uv": [202, 178], "uv_size": [10, 4]},
								"west": {"uv": [41, 95], "uv_size": [7, 7]},
								"up": {"uv": [159, 127], "uv_size": [7, -9]},
								"down": {"uv": [177, 191], "uv_size": [9, -8]}
							}
						},
						{
							"origin": [0, 21.5, -7.4],
							"size": [2.35, 0.5, 0.5],
							"uv": {
								"north": {"uv": [14, 109], "uv_size": [5, 8]},
								"east": {"uv": [190, 185], "uv_size": [6, 11]},
								"south": {"uv": [202, 178], "uv_size": [10, 4]},
								"west": {"uv": [41, 95], "uv_size": [7, 7]},
								"up": {"uv": [159, 127], "uv_size": [7, -9]},
								"down": {"uv": [177, 191], "uv_size": [9, -8]}
							}
						},
						{"origin": [0.85, 19, -8.75], "size": [1, 4, 2], "uv": [145, 223]},
						{"origin": [0.85, 19, -9.75], "size": [1, 1, 3], "inflate": -0.001, "pivot": [1.9, 19, -6.75], "rotation": [25, 0, 0], "uv": [52, 52]},
						{"origin": [-1.85, 19, -8.75], "size": [1, 4, 2], "uv": [171, 81]},
						{"origin": [-2.4, 19.25, -8.5], "size": [1, 2, 1], "inflate": -0.001, "pivot": [-2.45, 21.25, -7.5], "rotation": [0, 0, -9], "uv": [42, 24]},
						{"origin": [-2.1, 18.2, -9.9], "size": [1, 1, 3], "inflate": -0.001, "uv": [238, 2]},
						{"origin": [-2.1, 17.2, -10.25], "size": [1, 5, 1], "uv": [177, 159]},
						{"origin": [-2.75, 20.9, -11.7], "size": [1, 2, 1], "inflate": -0.1, "pivot": [-2.75, 22.9, -11.7], "rotation": [0, 0, 17], "uv": [181, 194]},
						{"origin": [-2.75, 20.6, -15.63], "size": [1, 3, 9], "inflate": -0.2, "pivot": [-2.75, 22.6, -15.6], "rotation": [0, 0, 17], "uv": [24, 238]},
						{"origin": [-2.3, 22.6, -17.75], "size": [1, 1, 12], "pivot": [-2.3, 23.6, -16.75], "rotation": [0, 0, -19], "uv": [198, 117]},
						{"origin": [-2.5, 22.2, -7.5], "size": [1, 2, 1], "inflate": 0.001, "pivot": [-2.6, 23.6, -7.45], "rotation": [0, 0, -19], "uv": [107, 9]},
						{"origin": [-2.5, 22.2, -16.5], "size": [1, 2, 1], "inflate": 0.001, "pivot": [-2.6, 23.6, -16.5], "rotation": [0, 0, -19], "uv": [37, 48]},
						{"origin": [-2.4, 24.2, -16.5], "size": [1, 3, 1], "pivot": [-2.4, 24.2, -16.5], "rotation": [0, 0, 25], "uv": [150, 13]},
						{"origin": [-2.4, 24.2, -7.5], "size": [1, 3, 1], "pivot": [-2.4, 24.2, -7.5], "rotation": [0, 0, 25], "uv": [129, 15]},
						{"origin": [-2.3, 25.9, -15.6], "size": [1, 1, 9], "inflate": -0.001, "pivot": [-2.4, 24.2, -16.5], "rotation": [0, 0, 25], "uv": [25, 97]},
						{"origin": [-2.4, 24.2, -7.4], "size": [2, 2, 3], "pivot": [-2.4, 24.2, -6.4], "rotation": [0, -33, 25], "uv": [100, 24]},
						{"origin": [-2.4, 23.3, 5.85], "size": [2, 2, 1], "inflate": -0.3, "pivot": [-2.4, 23.3, -1.95], "rotation": [1.38249, -12.46915, 7.06579], "uv": [70, 74]},
						{"origin": [-2.4, 23.3, 3.85], "size": [2, 2, 3], "inflate": -0.4, "pivot": [-2.4, 23.3, -1.95], "rotation": [1.38249, -12.46915, 7.06579], "uv": [238, 10]},
						{"origin": [-2.4, 23.3, -2.95], "size": [3, 2, 8], "inflate": -0.2, "pivot": [-2.4, 23.3, -1.95], "rotation": [1.38249, -12.46915, 7.06579], "uv": [232, 62]},
						{"origin": [0, 25.38, 7], "size": [1, 1, 1], "pivot": [0, 26.35, 7], "rotation": [0, 0, 19], "uv": [64, 4]},
						{"origin": [0.6, 25.38, 6], "size": [1, 1, 2], "inflate": -0.001, "pivot": [0, 26.35, 6], "rotation": [0, 0, 19], "uv": [92, 16]},
						{"origin": [-1, 25.38, 7], "size": [1, 1, 1], "inflate": 0.001, "pivot": [0, 26.35, 7], "rotation": [0, 0, -19], "uv": [65, 11]},
						{"origin": [-1.6, 25.38, 6], "size": [1, 1, 2], "inflate": -0.001, "pivot": [0, 26.35, 6], "rotation": [0, 0, -19], "uv": [89, 69]},
						{"origin": [-2.05, 24.9, 6], "size": [1, 1, 2], "inflate": -0.002, "pivot": [-2.05, 24.3, 6], "rotation": [0, 0, 19], "uv": [73, 55]},
						{"origin": [1.05, 24.9, 6], "size": [1, 1, 2], "inflate": -0.002, "pivot": [2.05, 24.3, 6], "rotation": [0, 0, -19], "uv": [33, 56]},
						{"origin": [-2.05, 24.3, 6], "size": [1, 1, 2], "pivot": [-2.05, 24.3, 6], "rotation": [0, 0, 19], "uv": [5, 77]},
						{"origin": [-2.05, 23.3, 6], "size": [1, 1, 2], "inflate": 0.001, "pivot": [-2.05, 24.3, 6], "rotation": [0, 0, -19], "uv": [13, 70]},
						{"origin": [-2.05, 22.8, 6], "size": [1, 1, 2], "pivot": [-2.05, 24.3, 6], "rotation": [0, 0, -19], "uv": [104, 69]},
						{"origin": [-1.6, 22.32, 4], "size": [1, 1, 4], "inflate": -0.001, "pivot": [0, 22.35, 4], "rotation": [0, 0, 19], "uv": [124, 28]},
						{"origin": [-1, 22.32, 7], "size": [1, 1, 1], "inflate": 0.001, "pivot": [0, 22.35, 7], "rotation": [0, 0, 19], "uv": [99, 102]},
						{"origin": [0, 22.32, 7], "size": [1, 1, 1], "pivot": [0, 22.35, 7], "rotation": [0, 0, -19], "uv": [63, 58]},
						{"origin": [1.05, 24.3, 6], "size": [1, 1, 2], "pivot": [2.05, 24.3, 6], "rotation": [0, 0, -19], "uv": [88, 138]},
						{"origin": [1.05, 23.3, 6], "size": [1, 1, 2], "inflate": 0.001, "pivot": [2.05, 24.3, 6], "rotation": [0, 0, 19], "uv": [115, 14]},
						{"origin": [1.05, 22.8, 6], "size": [1, 1, 2], "pivot": [2.05, 24.3, 4], "rotation": [0, 0, 19], "uv": [2, 90]},
						{"origin": [0.6, 22.32, 4], "size": [1, 1, 4], "inflate": -0.001, "pivot": [0, 22.35, 4], "rotation": [0, 0, -19], "uv": [155, 58]},
						{"origin": [-2.1, 24.1, 5], "size": [3, 1, 2], "inflate": -0.002, "pivot": [-2.1, 24.1, 5], "rotation": [0, 55, 77.5], "uv": [21, 3]},
						{"origin": [-2.1, 24.1, 5], "size": [3, 1, 2], "inflate": -0.001, "pivot": [-2.1, 24.1, 5], "rotation": [0, 0, 77.5], "uv": [137, 6]},
						{"origin": [-2.1, 24.1, 5], "size": [1, 2, 2], "pivot": [-2.1, 24.1, 5], "rotation": [0, 0, 11], "uv": [53, 76]},
						{"origin": [-1.9, 25.82, 5], "size": [1, 1, 2], "inflate": -0.001, "pivot": [-0.35, 26.79, 5], "rotation": [0, 0, -29], "uv": [183, 121]},
						{"origin": [-0.85, 25.54, 5], "size": [1, 1, 2], "inflate": 0.001, "uv": [180, 133]},
						{"origin": [-0.15, 25.54, 5], "size": [1, 1, 2], "uv": [139, 64]},
						{"origin": [0.9, 25.82, 5], "size": [1, 1, 2], "inflate": -0.001, "pivot": [0.35, 26.79, 5], "rotation": [0, 0, 29], "uv": [157, 107]},
						{"origin": [1.1, 24.1, 5], "size": [1, 2, 2], "pivot": [2.1, 24.1, 5], "rotation": [0, 0, -11], "uv": [4, 117]},
						{"origin": [-0.9, 24.1, 5], "size": [3, 1, 2], "inflate": -0.001, "pivot": [2.1, 24.1, 5], "rotation": [0, 0, -77.5], "uv": [75, 18]},
						{"origin": [-0.9, 24.1, 5], "size": [3, 1, 2], "inflate": -0.002, "pivot": [2.1, 24.1, 5], "rotation": [0, -55, -77.5], "uv": [63, 64]},
						{"origin": [-1.65, 14.05, -1], "size": [3.3, 3.95, 5], "uv": [52, 105]},
						{"origin": [-1.651, 6, -0.7], "size": [3.302, 8, 5], "pivot": [1, 13.5, -1], "rotation": [30, 0, 0], "uv": [3, 206]},
						{"origin": [-1.65, 7.725, 2.56], "size": [3.3, 1, 5], "pivot": [1, 8.125, 4], "rotation": [5, 0, 0], "uv": [90, 49]},
						{
							"origin": [-1.6481, 8.07115, 2.6],
							"size": [3.298, 0.75, 5],
							"pivot": [1, 8.125, 4],
							"rotation": [15, 0, 0],
							"uv": {
								"north": {"uv": [109, 39], "uv_size": [3, 4]},
								"east": {"uv": [104, 39], "uv_size": [5, 4]},
								"south": {"uv": [117, 39], "uv_size": [3, 4]},
								"west": {"uv": [112, 39], "uv_size": [5, 4]},
								"up": {"uv": [109, 34], "uv_size": [3, 5]},
								"down": {"uv": [112, 39], "uv_size": [3, -5]}
							}
						},
						{
							"origin": [-1.625, 7.04041, 7.66761],
							"size": [3.275, 0.325, 0.525],
							"pivot": [0, 7.05036, 7.66581],
							"rotation": [6.5, 0, 0],
							"uv": {
								"north": {"uv": [122, 65], "uv_size": [3, 1]},
								"east": {"uv": [117, 65], "uv_size": [5, 1]},
								"south": {"uv": [130, 65], "uv_size": [3, 1]},
								"west": {"uv": [125, 65], "uv_size": [5, 1]},
								"up": {"uv": [122, 60], "uv_size": [3, 5]},
								"down": {"uv": [125, 65], "uv_size": [3, -5]}
							}
						},
						{
							"origin": [-1.625, 7.15559, 8.07461],
							"size": [3.275, 0.1, 0.075],
							"pivot": [0, 7.57536, 8.39081],
							"rotation": [12.75, 0, 0],
							"uv": {
								"north": {"uv": [122, 65], "uv_size": [3, 1]},
								"east": {"uv": [117, 65], "uv_size": [5, 1]},
								"south": {"uv": [130, 65], "uv_size": [3, 1]},
								"west": {"uv": [125, 65], "uv_size": [5, 1]},
								"up": {"uv": [122, 60], "uv_size": [3, 5]},
								"down": {"uv": [125, 65], "uv_size": [3, -5]}
							}
						},
						{"origin": [-1.65, 6.725, 2.56], "size": [3.3, 1, 5], "pivot": [1, 8.125, 4], "rotation": [5, 0, 0], "uv": [117, 60]},
						{"origin": [-1.65, 3.17, 0.98604], "size": [3.3, 1, 1], "pivot": [0, 6.71072, -1.83896], "rotation": [50, 0, 0], "uv": [114, 72]},
						{"origin": [-1.65, 10.49378, 0.29642], "size": [3.3, 1, 1], "pivot": [0, 10.99378, 0.79642], "rotation": [74.5, 0, 0], "uv": [114, 72]},
						{"origin": [-0.5, 15.05, -5.55], "size": [1, 4, 1], "inflate": -0.1, "pivot": [1.15, 15.05, -4.55], "rotation": [-21, 0, 0], "uv": [14, 31]},
						{"origin": [-1.35, 13.9, -8.6], "size": [3, 1, 1], "inflate": -0.11, "uv": [200, 27]},
						{"origin": [-1.35, 13.9, -2.6], "size": [3, 1, 1], "inflate": -0.11, "uv": [24, 228]},
						{"origin": [-1.35, 13.9, -8.1], "size": [3, 1, 6], "inflate": -0.2, "uv": [2, 223]},
						{"origin": [0.1, 25.55, 1.5], "size": [1, 1, 4], "inflate": -0.003, "uv": [19, 123]},
						{"origin": [0.1, 25.9, 2], "size": [1, 1, 1], "inflate": -0.004, "pivot": [1.1, 26.9, 2], "rotation": [-24, 0, 0], "uv": [109, 101]},
						{"origin": [-0.8, 27.05, 1.45], "size": [2, 1, 4], "inflate": -0.2, "uv": [93, 88]},
						{"origin": [-1.2, 27.05, 1.45], "size": [1, 1, 4], "inflate": -0.201, "uv": [8, 99]},
						{"origin": [-1.1, 25.55, 2], "size": [2, 1, 3], "inflate": -0.001, "uv": [219, 159]},
						{"origin": [-1.1, 25.9, 2], "size": [1.2, 1, 1], "inflate": -0.004, "pivot": [-1.1, 26.9, 2], "rotation": [-24, 0, 0], "uv": [157, 93]},
						{"origin": [-1.1, 25.9, -19], "size": [1, 1, 21], "inflate": -0.002, "uv": [181, 77]},
						{"origin": [0.1, 25.9, -19], "size": [1, 1, 21], "inflate": -0.002, "uv": [84, 228]},
						{"origin": [0.5, 23, -68], "size": [2, 2, 3.7], "pivot": [0, 20, 0], "rotation": [0, 0, -20], "uv": [203, 160]},
						{"origin": [0.5, 23, -64], "size": [2, 2, 8], "pivot": [0, 20, 0], "rotation": [0, 0, -20], "uv": [56, 236]},
						{"origin": [0.5, 23, -52], "size": [2, 2, 30], "pivot": [0, 20, 0], "rotation": [0, 0, -20], "uv": [53, 194]},
						{"origin": [0, 22.5, -47.5], "size": [3, 3, 15.5], "pivot": [0, 20, 0], "rotation": [0, 0, -20], "uv": [159, 24]},
						{"origin": [-0.5, 21.8, -47], "size": [1, 4.5, 6], "pivot": [0, 24, -46], "rotation": [0, 0, 90], "uv": [194, 8]},
						{"origin": [-0.5, 21.8, -47], "size": [1, 2.5, 5], "uv": [208, 84]},
						{"origin": [-0.5, 24.8, -47], "size": [1, 2.5, 6], "uv": [5, 238]},
						{"origin": [-1.75, 25.67, -20], "size": [1, 1, 2], "inflate": -0.001, "pivot": [-0.2, 26.64, -29], "rotation": [0, 0, -29], "uv": [5, 3]},
						{"origin": [-1.95, 23.95, -20], "size": [1, 2, 2], "pivot": [-1.95, 23.95, -29], "rotation": [0, 0, 11], "uv": [16, 14]},
						{"origin": [-1.95, 23.95, -20], "size": [2, 1, 2], "pivot": [-1.95, 23.95, -29], "rotation": [0, 0, 61.5], "uv": [38, 137]},
						{"origin": [-2.5, 21.5, -21.3], "size": [2, 1.5, 2], "uv": [53, 41]},
						{"origin": [-2.85, 23.05, -45.15], "size": [1.5, 2.5, 27], "uv": [168, 23]},
						{"origin": [1.35, 23.05, -45.15], "size": [1.5, 2.5, 27], "uv": [169, 123]},
						{"origin": [4.55, 23, -45.15], "size": [1, 2.5, 27], "pivot": [1.35, 25.55, -43.15], "rotation": [0, 0, 90], "uv": [142, 152]},
						{"origin": [0.5, 21.5, -21.3], "size": [2, 1.5, 2], "uv": [103, 115]},
						{"origin": [0.85, 21.5, -18], "size": [1, 1, 2], "inflate": -0.002, "pivot": [0.9, 22.5, -18], "rotation": [14, 0, 0], "uv": [23, 78]},
						{"origin": [0.85, 21.5, -18], "size": [1, 1, 2], "inflate": -0.001, "uv": [90, 79]},
						{"origin": [0.85, 21.5, -18], "size": [1, 1, 2], "inflate": -0.002, "pivot": [0.9, 21.5, -18], "rotation": [-22, 0, 0], "uv": [54, 88]},
						{"origin": [-1.85, 21.5, -18], "size": [3, 1, 2], "inflate": -0.003, "pivot": [-0.9, 21.5, -18], "rotation": [-22, 0, 0], "uv": [17, 87]},
						{"origin": [-1.85, 21.5, -18], "size": [3, 1, 2], "inflate": -0.002, "uv": [84, 151]},
						{"origin": [-1.85, 21.5, -18], "size": [3, 1, 2], "inflate": -0.003, "pivot": [-0.9, 22.5, -18], "rotation": [14, 0, 0], "uv": [37, 88]},
						{"origin": [-1.35, 13.9, -2.1], "size": [3, 5, 2], "inflate": -0.1, "uv": [35, 210]},
						{"origin": [-1.35, 13.9, -9.1], "size": [3, 5, 1], "inflate": -0.1, "uv": [24, 211]},
						{"origin": [-1.35, 18, -9], "size": [3, 5, 13], "uv": [179, 99]},
						{"origin": [-1.35, 18, 4], "size": [3, 2, 2], "inflate": -0.001, "pivot": [0.65, 18, 4], "rotation": [53, 0, 0], "uv": [41, 33]},
						{"origin": [-1.6511, 14.47259, 2.24909], "size": [3.276, 2, 2], "inflate": -0.001, "pivot": [0.15, 15.34759, 3.12409], "rotation": [19.5, 0, 0], "uv": [41, 33]},
						{"origin": [-1.65, 18, 4], "size": [1, 2, 2], "inflate": -0.002, "pivot": [-0.65, 18, 4], "rotation": [53, 0, 0], "uv": [55, 123]},
						{"origin": [-1.35, 20, 4], "size": [3, 3, 3], "uv": [238, 29]},
						{"origin": [-1.65, 17, 6], "size": [1, 3, 1], "inflate": -0.003, "pivot": [-1.65, 20, 7], "rotation": [-74, 0, 0], "uv": [240, 158]},
						{"origin": [-1.65, 20, 4], "size": [1, 3, 3], "inflate": 0.001, "uv": [29, 38]},
						{"origin": [-0.5, 23, -18], "size": [1, 1, 22], "uv": [175, 152]},
						{"origin": [0.95, 23.95, -19], "size": [1, 2, 26], "pivot": [1.95, 23.95, -18], "rotation": [0, 0, -11], "uv": [29, 177]},
						{"origin": [-0.05, 23.95, -19], "size": [2, 1, 25.9], "pivot": [1.95, 23.95, -18], "rotation": [0, 0, -61.5], "uv": [54, 227]},
						{"origin": [-1.95, 23.95, -7], "size": [1, 2, 14], "pivot": [-1.95, 23.95, -18], "rotation": [0, 0, 11], "uv": [172, 77]},
						{"origin": [-1.95, 23.95, -7], "size": [1, 1, 14], "pivot": [-1.95, 23.95, -18], "rotation": [0, 0, 61.5], "uv": [179, 52]},
						{"origin": [-1.95, 23.95, -18], "size": [1, 2, 2], "pivot": [-1.95, 23.95, -29], "rotation": [0, 0, 11], "uv": [79, 40]},
						{"origin": [-1.95, 23.95, -18], "size": [2, 1, 2], "pivot": [-1.95, 23.95, -29], "rotation": [0, 0, 61.5], "uv": [134, 114]},
						{"origin": [-1.65, 18, -9], "size": [1, 5, 13], "inflate": 0.001, "uv": [228, 126]},
						{"origin": [0.85, 16, -16.75], "size": [1, 7, 8], "uv": [170, 2]},
						{"origin": [0.85, 14.15, -9.75], "size": [1, 2, 1], "inflate": -0.001, "uv": [67, 46]},
						{"origin": [0.85, 15.65, -13.75], "size": [1, 2, 4], "inflate": -0.002, "pivot": [0.9, 15.65, -13.75], "rotation": [-17.5, 0, 0], "uv": [34, 116]},
						{"origin": [-1.85, 15.65, -13.75], "size": [1, 2, 4], "inflate": -0.002, "pivot": [-0.9, 15.65, -13.75], "rotation": [-17.5, 0, 0], "uv": [159, 136]},
						{"origin": [-1.85, 14.15, -9.75], "size": [1, 2, 1], "inflate": -0.001, "uv": [110, 231]},
						{"origin": [-1.85, 16, -16.75], "size": [1, 7, 8], "uv": [103, 173]},
						{"origin": [-1, 16, -16.75], "size": [2, 8, 0], "inflate": 0.002, "uv": [217, 5]},
						{"origin": [1.1, 16, -17], "size": [1, 1, 8], "pivot": [2.15, 16, -18], "rotation": [-13, 0, 0], "uv": [4, 159]},
						{"origin": [-2.1, 16, -17], "size": [1, 1, 8], "pivot": [-2.15, 16, -18], "rotation": [-13, 0, 0], "uv": [82, 119]},
						{"origin": [-1.5, 16, -17], "size": [3, 1, 1], "inflate": 0.001, "pivot": [0.35, 16, -18], "rotation": [-13, 0, 0], "uv": [113, 49]},
						{"origin": [-2.1, 16, -9.4], "size": [3, 1, 1], "inflate": 0.001, "pivot": [0.35, 16, -18], "rotation": [-13, 0, 0], "uv": [63, 151]},
						{"origin": [0.1, 16, -9.4], "size": [2, 1, 1], "inflate": 0.002, "pivot": [-0.35, 16, -18], "rotation": [-13, 0, 0], "uv": [91, 8]},
						{"origin": [-0.7, 27.05, -18.55], "size": [2, 1, 20.4], "inflate": -0.2, "uv": [212, 105]},
						{"origin": [-1.3, 27.05, -18.55], "size": [1, 1, 20.4], "inflate": -0.201, "uv": [57, 173]},
						{"origin": [-1, 23.3, -67.05], "size": [2, 2, 49], "inflate": -0.3, "pivot": [0, 24.3, -67.05], "rotation": [0, 0, -20], "uv": [0, 205]},
						{"origin": [1.35, 25.55, -45.15], "size": [1, 2.2, 27], "inflate": 0.001, "pivot": [2.35, 25.55, -41.15], "rotation": [0, 0, -37], "uv": [200, 48]},
						{"origin": [-2.35, 25.55, -45.15], "size": [1, 2.2, 27], "pivot": [-2.35, 25.55, -41.15], "rotation": [0, 0, 37], "uv": [199, 126]},
						{"origin": [-2.35, 21.05, -45.15], "size": [1, 2, 27], "inflate": -0.002, "pivot": [-2.35, 23.05, -43.15], "rotation": [0, 0, -46], "uv": [200, 178]},
						{"origin": [1.35, 21.05, -45.15], "size": [1, 2, 27], "inflate": -0.002, "pivot": [2.35, 23.05, -43.15], "rotation": [0, 0, 46], "uv": [144, 181]},
						{"origin": [-0.7, 23.65, 6], "size": [2, 2, 6], "inflate": 0.2, "pivot": [-0.7, 25.65, 8], "rotation": [0, 0, 16], "uv": [72, 97]},
						{"origin": [-1, 26.25, -43.15], "size": [2, 1, 25], "inflate": 0.002, "uv": [202, 22]},
						{"origin": [-1, 25.9, -19], "size": [2, 1.4, 21], "inflate": -0.002, "uv": [130, 24]},
						{"origin": [-1.35, 17, 6], "size": [3, 3, 1], "inflate": -0.002, "pivot": [1.65, 20, 7], "rotation": [-74, 0, 0], "uv": [10, 40]},
						{"origin": [0, 24.25, 10.45], "size": [2, 2, 19], "pivot": [0, 26.25, 10.45], "rotation": [0, 0, 22], "uv": [146, 82]},
						{"origin": [-2, 24.25, 10.45], "size": [2, 2, 19], "inflate": -0.001, "pivot": [0, 26.25, 10.45], "rotation": [0, 0, -22], "uv": [32, 151]},
						{"origin": [1.85, 23.5, 10.45], "size": [2, 2, 19], "inflate": 0.001, "pivot": [1.85, 25.5, 10.45], "rotation": [0, 0, 85], "uv": [123, 156]},
						{"origin": [-3.85, 23.5, 10.45], "size": [2, 2, 19], "inflate": 0.001, "pivot": [-1.85, 25.5, 10.45], "rotation": [0, 0, -85], "uv": [136, 213]},
						{"origin": [-1, 23.2, 28.95], "size": [2, 3, 1], "pivot": [1, 23.5, 29.95], "rotation": [-7, 0, 0], "uv": [14, 45]},
						{"origin": [-0.5, 21.5, 12.7], "size": [1, 2, 15], "inflate": -0.001, "pivot": [0.5, 21.5, 12.7], "rotation": [-37, 0, 0], "uv": [110, 202]},
						{"origin": [-1, 21, 10.5], "size": [2, 2, 3], "uv": [24, 111]},
						{"origin": [-3.02, 21.5, 10.45], "size": [1, 2, 19], "pivot": [-2.02, 23.5, 10.45], "rotation": [0, 0, -94], "uv": [113, 91]},
						{"origin": [2.02, 21.5, 10.45], "size": [1, 2, 19], "pivot": [2.02, 23.5, 10.45], "rotation": [0, 0, 94], "uv": [88, 202]},
						{"origin": [-1, 21, 13.5], "size": [2, 2, 5], "inflate": 0.001, "pivot": [1, 23, 13.5], "rotation": [-37, 0, 0], "uv": [117, 120]},
						{"origin": [-0.5, 12.5, 24.7], "size": [1, 2, 3], "uv": [63, 81]},
						{"origin": [-0.5, 12.5, 25.7], "size": [1, 11, 2], "inflate": -0.001, "pivot": [0.5, 12.5, 27.7], "rotation": [-10, 0, 0], "uv": [80, 67]},
						{"origin": [-0.5, 21.75, 13.7], "size": [1, 1, 14], "uv": [109, 156]},
						{"origin": [-0.5, 21.75, 21.7], "size": [1, 2, 7], "inflate": 0.001, "pivot": [0.5, 21.75, 21.7], "rotation": [-20, 0, 0], "uv": [35, 8]},
						{"origin": [-0.5, 21, 12.7], "size": [1, 3, 5], "inflate": -0.002, "pivot": [0.5, 19, 12.7], "rotation": [-12, 0, 0], "uv": [16, 49]},
						{"origin": [0.77, 22.5, 13.45], "size": [2, 1, 16], "inflate": -0.001, "uv": [216, 156]},
						{"origin": [0.77, 22.5, 13.45], "size": [2, 1, 16], "inflate": -0.002, "pivot": [2.77, 23.5, 13.45], "rotation": [0, 0, 53], "uv": [156, 128]},
						{"origin": [-2.5, 22, 28.95], "size": [5, 2, 1], "inflate": 0.001, "pivot": [2.5, 23.5, 29.95], "rotation": [-7, 0, 0], "uv": [24, 10]},
						{"origin": [0.8, 23.9, 28.95], "size": [2, 2, 1], "inflate": 0.001, "pivot": [2.5, 23.5, 29.95], "rotation": [-5.8212, -3.32094, -33.58263], "uv": [75, 85]},
						{"origin": [0.75, 14, 28.95], "size": [2, 8, 1], "inflate": -0.001, "pivot": [2.45, 23.5, 29.95], "rotation": [-6.91466, 1.09239, 8.934], "uv": [60, 93]},
						{"origin": [-1.5, 12.2, 28.95], "size": [3, 11, 1], "pivot": [1, 23.5, 29.95], "rotation": [-7, 0, 0], "uv": [2, 142]},
						{"origin": [-1, 20.5, 25.45], "size": [2, 2, 2], "inflate": 0.001, "pivot": [1, 20.5, 25.45], "rotation": [-36, 0, 0], "uv": [20, 68]},
						{"origin": [0.8, 24.55, 28.95], "size": [2, 2, 1], "pivot": [2.5, 23.5, 29.95], "rotation": [-5.8212, -3.32094, -33.58263], "uv": [31, 83]},
						{"origin": [-2.8, 24.55, 28.95], "size": [2, 2, 1], "pivot": [-2.5, 23.5, 29.95], "rotation": [-5.8212, 3.32094, 33.58263], "uv": [29, 71]},
						{"origin": [-2.8, 23.9, 28.95], "size": [2, 2, 1], "inflate": 0.001, "pivot": [-2.5, 23.5, 29.95], "rotation": [-5.8212, 3.32094, 33.58263], "uv": [4, 66]},
						{"origin": [-2.75, 14, 28.95], "size": [2, 8, 1], "inflate": -0.001, "pivot": [-2.45, 23.5, 29.95], "rotation": [-6.91466, -1.09239, -8.934], "uv": [33, 19]},
						{"origin": [-2.77, 22.5, 13.45], "size": [2, 1, 16], "inflate": -0.001, "uv": [59, 146]},
						{"origin": [-2.77, 22.5, 13.45], "size": [2, 1, 16], "inflate": -0.002, "pivot": [-2.77, 23.5, 13.45], "rotation": [0, 0, -53], "uv": [133, 188]},
						{"origin": [-2.325, 30.75, -20.1], "size": [3.4, 1, 7.9], "inflate": -0.3, "pivot": [-2.125, 30.95, -19.9], "rotation": [0, 0, 32], "uv": [105, 191]},
						{"origin": [-2.325, 33.15, -20.1], "size": [3.4, 1, 7.9], "inflate": -0.3, "pivot": [-2.125, 30.95, -19.9], "rotation": [0, 0, 32], "uv": [32, 185]},
						{"origin": [-2.325, 31.15, -20.1], "size": [1, 2.6, 7.9], "inflate": -0.3, "pivot": [-2.125, 30.95, -19.9], "rotation": [0, 0, 32], "uv": [103, 121]},
						{"origin": [0.075, 31.15, -20.1], "size": [1, 2.6, 7.9], "inflate": -0.3, "pivot": [-2.125, 30.95, -19.9], "rotation": [0, 0, 32], "uv": [83, 169]},
						{"origin": [-2.575, 30.55, -19.6], "size": [1, 3.8, 6.4], "inflate": -0.3, "pivot": [-2.125, 30.95, -19.9], "rotation": [0, 0, 32], "uv": [28, 155]},
						{"origin": [0.325, 30.55, -19.6], "size": [1, 3.8, 6.4], "inflate": -0.3, "pivot": [-2.125, 30.95, -19.9], "rotation": [0, 0, 32], "uv": [77, 85]},
						{"origin": [-2.175, 33.35, -19.6], "size": [3.1, 1, 6.4], "inflate": -0.3, "pivot": [-2.125, 30.95, -19.9], "rotation": [0, 0, 32], "uv": [123, 35]},
						{"origin": [-2.175, 30.55, -19.6], "size": [3.1, 1, 6.4], "inflate": -0.3, "pivot": [-2.125, 30.95, -19.9], "rotation": [0, 0, 32], "uv": [83, 107]},
						{"origin": [-2.85, 31.05, -19.05], "size": [1.6, 3, 3], "inflate": -0.199, "pivot": [-1.9, 31.45, -19.35], "rotation": [-29.25, 0, 0], "uv": [106, 93]},
						{"origin": [-2.1, 33.15, -19.15], "size": [1.3, 1, 3.1], "inflate": -0.3, "pivot": [-1.9, 31.45, -19.35], "rotation": [-29.25, 0, 0], "uv": [138, 121]},
						{"origin": [-1.8, 33.05, -19.15], "size": [1.3, 1.1, 1.5], "inflate": -0.301, "pivot": [-1.9, 31.45, -19.35], "rotation": [-29.25, 0, 0], "uv": [116, 83]},
						{"origin": [-2.1, 32.25, -19.15], "size": [1.3, 1.5, 1.1], "inflate": -0.3, "pivot": [-1.9, 31.45, -19.35], "rotation": [-29.25, 0, 0], "uv": [87, 22]},
						{"origin": [-2.125, 30.95, -18.15], "size": [1.3, 1, 2.2], "inflate": -0.3, "pivot": [-1.925, 31.45, -19.35], "rotation": [-29.25, 0, 0], "uv": [38, 53]},
						{"origin": [-2.125, 31.35, -16.95], "size": [1.3, 1, 1], "inflate": -0.3, "pivot": [-1.925, 31.45, -19.35], "rotation": [-29.25, 0, 0], "uv": [75, 12]},
						{"origin": [0.3, 28.225, -19.05], "size": [1, 2.15, 2], "inflate": -0.1, "uv": [96, 72]},
						{"origin": [0.2, 28.225, -17.3], "size": [1, 1.95, 2], "inflate": -0.1, "uv": [106, 77]},
						{"origin": [0.3, 28.225, -15.55], "size": [1, 2.15, 2], "inflate": -0.1, "uv": [87, 43]},
						{"origin": [-1.4, 29.325, -19.05], "size": [1, 1.25, 2], "inflate": -0.1, "uv": [117, 76]},
						{"origin": [-1.4, 28.225, -15.55], "size": [1, 2.35, 2], "inflate": -0.1, "uv": [74, 23]},
						{"origin": [-2.75, 31, -15.8], "size": [1.6, 2, 2], "inflate": -0.3, "pivot": [-1.8, 31.4, -16.1], "rotation": [-29.25, 0, 0], "uv": [75, 2]},
						{"origin": [-0.575, 32.95, -14.6], "size": [1.1, 1, 1], "uv": [83, 10]},
						{"origin": [-0.575, 32.95, -16.35], "size": [1.1, 1, 1], "inflate": 0.001, "uv": [111, 68]},
						{"origin": [-0.775, 33.15, -17.85], "size": [1.5, 1, 1.7], "inflate": -0.2, "pivot": [0.525, 33.95, -16.35], "rotation": [26, 0, 0], "uv": [127, 68]},
						{"origin": [-0.325, 32.8, -15.1], "size": [1, 1.35, 1], "inflate": -0.1, "pivot": [0.675, 33.15, -15.1], "rotation": [0, -34, 0], "uv": [95, 59]},
						{"origin": [-0.775, 32.75, -17.25], "size": [1.5, 1, 1.1], "inflate": -0.201, "uv": [46, 50]},
						{"origin": [-0.9, 28.225, -19.15], "size": [1, 1.85, 5.7], "inflate": -0.1, "uv": [85, 30]},
						{"origin": [-0.1, 28.225, -19.15], "size": [1, 1.6, 5.7], "inflate": -0.1, "uv": [130, 68]},
						{"origin": [-2.325, 29.775, -20.55], "size": [1, 3, 3], "inflate": -0.3, "pivot": [-2.125, 30.95, -19.9], "rotation": [-23.75, -53.5, 32], "uv": [130, 56]},
						{"origin": [-1.3, 27.125, -19.35], "size": [2.6, 1.25, 6], "inflate": 0.001, "uv": [123, 77]},
						{
							"origin": [-1.75, 22.75, -69.55],
							"size": [4, 4, 21],
							"inflate": -0.4,
							"pivot": [1.25, 23.75, -69.55],
							"rotation": [0, 0, -20],
							"uv": {
								"north": {"uv": [92, 198], "uv_size": [4, 4]},
								"east": {"uv": [57, 217], "uv_size": [21, 4]},
								"south": {"uv": [94, 210], "uv_size": [4, 4]},
								"west": {"uv": [61, 135], "uv_size": [21, 4]},
								"up": {"uv": [4, 172], "uv_size": [4, 21]},
								"down": {"uv": [10, 193], "uv_size": [4, -21]}
							}
						},
						{"origin": [-4.65, 23.85, -41.95], "size": [1.75, 1.75, 7.75], "pivot": [-0.0527, 25.225, -36.67532], "rotation": [0, 0, 90], "uv": [199, 194]},
						{"origin": [-4.65, 23.48162, -35.87852], "size": [1.75, 1, 1], "inflate": -0.001, "pivot": [-0.0527, 25.225, -36.67532], "rotation": [52.75, 0, 90], "uv": [29, 49]},
						{"origin": [-4.65, 25.6, -41.95], "size": [1.75, 1, 7], "pivot": [-0.0527, 25.225, -36.67532], "rotation": [0, 0, 90], "uv": [149, 153]},
						{"origin": [-3.925, 23.125, -41.95], "size": [1.975, 4.2, 7], "inflate": 0.001, "pivot": [-0.0527, 25.225, -36.67532], "rotation": [0, 0, 90], "uv": [1, 14]},
						{"origin": [-4.28566, 26.48506, -42.2], "size": [1, 1, 8], "inflate": -0.001, "pivot": [-0.0527, 25.225, -36.67532], "rotation": [0, 0, 45.25], "uv": [148, 164]},
						{"origin": [-4.28566, 22.96494, -41.95], "size": [1, 1, 7], "inflate": -0.001, "pivot": [-0.0527, 25.225, -36.67532], "rotation": [0, 0, 134.75], "uv": [102, 53]},
						{"origin": [-3.95442, 23.85451, -42.45], "size": [1, 1, 8], "inflate": -0.001, "pivot": [-0.0527, 25.225, -36.67532], "rotation": [0, 0, 125.5], "uv": [6, 127]}
					]
				},
				{
					"name": "bone2",
					"parent": "gun",
					"pivot": [0, 26.2, -19],
					"cubes": [
						{"origin": [0.75, 25.67, -19], "size": [1, 1, 26], "inflate": -0.001, "pivot": [0.2, 26.64, -18], "rotation": [0, 0, 29], "uv": [1, 175]},
						{"origin": [-1.75, 25.67, -7], "size": [1, 1, 14], "inflate": -0.001, "pivot": [-0.2, 26.64, -18], "rotation": [0, 0, -29], "uv": [197, 23]},
						{"origin": [-1.75, 25.67, -18], "size": [1, 1, 2], "inflate": -0.001, "pivot": [-0.2, 26.64, -29], "rotation": [0, 0, -29], "uv": [234, 39]}
					]
				},
				{
					"name": "bone4",
					"parent": "gun",
					"pivot": [-1.1, 27.85, -41.75],
					"cubes": [
						{"origin": [-0.7, 26.45, -45.35], "size": [2, 1.6, 27.2], "inflate": -0.2, "uv": [198, 77]},
						{"origin": [-1.3, 26.45, -45.35], "size": [1, 1.6, 27.2], "inflate": -0.201, "uv": [125, 121]}
					]
				},
				{
					"name": "glowy",
					"parent": "gun",
					"pivot": [-1.45, 29.05, -651.65],
					"cubes": [
						{
							"origin": [-1.5, 29, -1261.4],
							"size": [0.1, 0.1, 1219.5],
							"uv": {
								"north": {"uv": [243, 86], "uv_size": [3.1, 6.1]},
								"east": {"uv": [238, 81], "uv_size": [8, 8.1]},
								"south": {"uv": [239, 83], "uv_size": [8.1, 3.1]},
								"west": {"uv": [239, 83], "uv_size": [8, 5.1]},
								"up": {"uv": [248.1, 95], "uv_size": [-7.1, -14]},
								"down": {"uv": [239.1, 93], "uv_size": [-6.1, -6]}
							}
						}
					]
				},
				{
					"name": "action",
					"parent": "main",
					"pivot": [0, 0, 0],
					"cubes": [
						{"origin": [-1, 26.4, -6.1], "size": [2, 1, 11], "inflate": -0.1, "uv": [195, 52]},
						{"origin": [-2, 26.55, 4.8], "size": [4, 1, 1], "uv": [40, 43]},
						{"origin": [-2, 26.55, 4.8], "size": [2, 1, 1], "inflate": -0.001, "pivot": [-2, 26.55, 4.8], "rotation": [0, 24, 0], "uv": [168, 226]},
						{"origin": [0, 26.55, 4.8], "size": [2, 1, 1], "inflate": -0.001, "pivot": [2, 26.55, 4.8], "rotation": [0, -25, 0], "uv": [80, 62]}
					]
				},
				{
					"name": "bolt",
					"parent": "main",
					"pivot": [0, 0, 0],
					"cubes": [
						{"origin": [-1.47759, 23.67688, -15.5], "size": [1, 2, 9], "pivot": [-0.5, 23.5, -14], "rotation": [0, 0, 15], "uv": [13, 141]}
					]
				},
				{
					"name": "magazine",
					"parent": "main",
					"pivot": [0.5, 6.75, -10.25],
					"cubes": [
						{"origin": [-1.75, 12.75, -16.25], "size": [3.5, 9, 7], "uv": [102, 153]},
						{"origin": [-1.75, 2.75, -16.25], "size": [3.5, 10, 7], "inflate": 0.001, "pivot": [0.75, 12.75, -9.25], "rotation": [-12, 0, 0], "uv": [103, 132]}
					]
				},
				{
					"name": "magazine2",
					"parent": "main",
					"pivot": [0.5, 6.75, -10.25],
					"cubes": [
						{"origin": [-1.75, 12.75, -16.25], "size": [3.5, 9, 7], "uv": [102, 153]},
						{"origin": [-1.75, 2.75, -16.25], "size": [3.5, 10, 7], "inflate": 0.001, "pivot": [0.75, 12.75, -9.25], "rotation": [-12, 0, 0], "uv": [103, 132]}
					]
				},
				{
					"name": "rightarm",
					"parent": "main",
					"pivot": [-4.3, 8.8, 21.8],
					"rotation": [-101.81106, -12.40003, -2.46982],
					"cubes": [
						{"origin": [-8.3, -15.2, 17.8], "size": [8, 24, 8], "uv": [0, 224]}
					]
				},
				{
					"name": "leftarm",
					"parent": "main",
					"pivot": [10.7, 11.3, -8.6],
					"rotation": [-119.61483, 1.67666, -38.31282],
					"cubes": [
						{"origin": [6.7, -12.7, -12.6], "size": [8, 24, 8], "uv": [0, 224]}
					]
				},
				{
					"name": "scope",
					"parent": "main",
					"pivot": [0, 31.525, -4.825],
					"cubes": [
						{"origin": [-0.5, 31.025, -5.325], "size": [1, 1, 1], "inflate": -0.4, "uv": [118, 115]}
					]
				},
				{
					"name": "muzzleflash",
					"parent": "main",
					"pivot": [-0.1, 24.35, -69.75],
					"cubes": [
						{"origin": [-0.6, 23.85, -70.25], "size": [1, 1, 1], "inflate": -0.4, "uv": [118, 115]}
					]
				}
			]
		}
	]
}