{
    "type": "pointblank:default",
    "ingredients":[
        {
            "count":4,
            "item": "pointblank:stellatsweaponries_protonium_crystal"
        },
        {
            "count":24,
            "item": "pointblank:stellatsweaponries_stellatite_plate"
        },
        {
            "count":2,
            "item": "minecraft:diamond"
        },
        {
            "count":2,
            "item": "minecraft:gold_ingot"
        },
        {
            "count":2,
            "item": "minecraft:gold_block"
        },
        {
            "count":2,
            "item": "minecraft:iron_block"
        },
        {
            "count":6,
            "item":"pointblank:gunmetal_ingot"
        },
        {
            "count":12,
            "item":"pointblank:guninternals"
        },
        {
            "count":1,
            "item":"minecraft:end_crystal"
        }
    ],
    "result":{
        "item":"pointblank:stellatsweaponries_amhs_steelmelter"
    }
}