{
    "type": "pointblank:default",
    "ingredients":[
        {
            "count":4,
            "item": "pointblank:stellatsweaponries_protonium_crystal"
        },
        {
            "count":10,
            "item": "pointblank:stellatsweaponries_stellatite_plate"
        },
        {
            "count":16,
            "item": "minecraft:gold_ingot"
        },
        {
            "count":4,
            "item": "minecraft:gold_block"
        },
        {
            "count":32,
            "item": "minecraft:iron_ingot"
        },
        {
            "count":32,
            "item":"pointblank:gunmetal_ingot"
        },
        {
            "count":48,
            "item":"pointblank:guninternals"
        },
        {
            "count":1,
            "item":"minecraft:end_crystal"
        }
    ],
    "result":{
        "item":"pointblank:stellatsweaponries_atomic_devourer"
    }
}