{
    "type": "pointblank:default",
    "ingredients":[
        {
            "count":1,
            "item":"pointblank:stellatsweaponries_protonium_crystal"
        },
        {
            "count":1,
            "item":"pointblank:stellatsweaponries_energy_capsule_t3"
        },
        {
            "count":4,
            "item":"minecraft:blaze_rod"
        }
    ],
    "result":{
        "count":2,
        "item":"pointblank:stellatsweaponries_atomic_devourer_anti-neutron_apdsfs"
    }
}