{
    "type": "pointblank:default",
    "ingredients":[
        {
            "count":1,
            "item": "pointblank:stellatsweaponries_protonium_crystal"
        },
        {
            "count":5,
            "item": "pointblank:stellatsweaponries_stellatite_plate"
        },
        {
            "count":4,
            "item": "minecraft:gold_ingot"
        },
        {
            "count":1,
            "item": "minecraft:gold_block"
        },
        {
            "count":3,
            "item": "minecraft:iron_ingot"
        },
        {
            "count":12,
            "item":"pointblank:gunmetal_ingot"
        },
        {
            "count":12,
            "item":"pointblank:guninternals"
        },
        {
            "count":1,
            "item": "minecraft:diamond"
        },
        {
            "count":1,
            "item":"pointblank:stellatsweaponries_emlr_mk7"
        }
    ],
    "result":{
        "item":"pointblank:stellatsweaponries_emlr_mk17"
    }
}