{
    "type": "pointblank:default",
    "ingredients":[
        {
            "count":1,
            "item": "pointblank:stellatsweaponries_protonium_crystal"
        },
        {
            "count":7,
            "item": "minecraft:gold_ingot"
        },
        {
            "count":1,
            "item": "minecraft:gold_block"
        },
        {
            "count":9,
            "item": "minecraft:iron_ingot"
        },
        {
            "count":16,
            "item":"pointblank:gunmetal_ingot"
        },
        {
            "count":28,
            "item":"pointblank:guninternals"
        }
    ],
    "result":{
        "item":"pointblank:stellatsweaponries_rc2_qmg"
    }
}