{
    "type": "pointblank:default",
    "ingredients":[
        {
            "count":8,
            "item":"pointblank:guninternals"
        },
        {
            "count":2,
            "item": "minecraft:gold_ingot"
        },
        {
            "count":6,
            "item": "minecraft:iron_ingot"
        },
        {
            "count":1,
            "item": "minecraft:iron_nugget"
        }
    ],
    "result":{
        "item":"pointblank:stellatsweaponries_rr-x"
    }
}