{
    "type": "pointblank:default",
    "ingredients":[
        {
            "count":1,
            "item": "pointblank:stellatsweaponries_protonium_crystal"
        },
        {
            "count":6,
            "item": "minecraft:gold_ingot"
        },
        {
            "count":1,
            "item": "minecraft:diamond"
        },
        {
            "count":1,
            "item": "minecraft:gold_block"
        },
        {
            "count":10,
            "item": "minecraft:iron_ingot"
        },
        {
            "count":16,
            "item":"pointblank:gunmetal_ingot"
        },
        {
            "count":28,
            "item":"pointblank:guninternals"
        }
    ],
    "result":{
        "item":"pointblank:stellatsweaponries_sv-4_strela"
    }
}