{
    "type": "pointblank:default",
    "ingredients":[
        {
            "count":8,
            "item":"pointblank:guninternals"
        },
        {
            "count":8,
            "item":"minecraft:end_crystal"
        },
        {
            "count":2,
            "item":"minecraft:gold_ingot"
        },
        {
            "count":6,
            "item":"minecraft:iron_ingot"
        },
        {
            "count":1,
            "item":"minecraft:nether_star"
        },
        {
            "count":16,
            "item":"minercraft:glowstone"
        }
    ],
    "result":{
        "item":"pointblank:stellatsweaponries_upgrade_atomic_devourer_anti-neutron"
    }
}