{
    "type": "pointblank:default",
    "ingredients":[
        {
            "count":8,
            "item":"pointblank:guninternals"
        },
        {
            "count":8,
            "item":"minecraft:end_crystal"
        },
        {
            "count":2,
            "item": "minecraft:gold_ingot"
        },
        {
            "count":6,
            "item": "minecraft:iron_ingot"
        },
        {
            "count":32,
            "item": "minecraft:blaze_rod"
        }
    ],
    "result":{
        "item":"pointblank:stellatsweaponries_upgrade_amhs_steelmelter_overcharge"
    }
}