{
    "type": "pointblank:default",
    "ingredients":[
        {
            "count":8,
            "item":"pointblank:guninternals"
        },
        {
            "count":8,
            "item":"minecraft:end_crystal"
        },
        {
            "count":2,
            "item":"minecraft:gold_ingot"
        },
        {
            "count":6,
            "item":"minecraft:iron_ingot"
        },
        {
            "count":16,
            "item":"minecraft:copper_ingot"
        },
        {
            "count":16,
            "item":"minecraft:redstone"
        }
    ],
    "result":{
        "item":"pointblank:stellatsweaponries_upgrade_vz-x_overdrive"
    }
}