{
    "type": "pointblank:default",
    "ingredients":[
        {
            "count":2,
            "item": "pointblank:stellatsweaponries_protonium_crystal"
        },
        {
            "count":7,
            "item": "pointblank:stellatsweaponries_stellatite_plate"
        },
        {
            "count":6,
            "item": "minecraft:gold_ingot"
        },
        {
            "count":3,
            "item": "minecraft:gold_block"
        },
        {
            "count":5,
            "item": "minecraft:iron_ingot"
        },
        {
            "count":27,
            "item":"pointblank:gunmetal_ingot"
        },
        {
            "count":16,
            "item":"pointblank:guninternals"
        },
        {
            "count":2,
            "item": "minecraft:diamond"
        }
    ],
    "result":{
        "item":"pointblank:stellatsweaponries_vz-x"
    }
}