{
	"format_version": "1.8.0",
	"animations": {
		"animation.model.draw": {
			"loop": "hold_on_last_frame",
			"animation_length": 0.5833,
			"bones": {
				"main": {
					"rotation": {
						"0.0": {
							"post": [0, 0, -57.5],
							"lerp_mode": "catmullrom"
						},
						"0.4167": {
							"post": [0, 0, 0.58],
							"lerp_mode": "catmullrom"
						},
						"0.5": {
							"post": [0, 0, 3.79],
							"lerp_mode": "catmullrom"
						},
						"0.5833": {
							"post": [0, 0, 0],
							"lerp_mode": "catmullrom"
						}
					},
					"position": {
						"0.0": {
							"post": [0.31493, -30.67474, 4],
							"lerp_mode": "catmullrom"
						},
						"0.3333": {
							"post": [0.34, -6.65, 2.33],
							"lerp_mode": "catmullrom"
						},
						"0.4167": {
							"post": [0.23, -1.47, 1.56],
							"lerp_mode": "catmullrom"
						},
						"0.4583": {
							"post": [0.17, -0.33, 1.17],
							"lerp_mode": "catmullrom"
						},
						"0.5": {
							"post": [0.11, 0.48, 0.78],
							"lerp_mode": "catmullrom"
						},
						"0.5833": {
							"post": [0, 0, 0],
							"lerp_mode": "catmullrom"
						}
					}
				},
				"rightarm": {
					"rotation": {
						"0.4167": {
							"pre": [0, 0, 0],
							"post": [0, 0, 0],
							"lerp_mode": "catmullrom"
						},
						"0.5417": {
							"post": [0, 0, 0],
							"lerp_mode": "catmullrom"
						}
					},
					"position": {
						"0.4167": {
							"pre": [-2, 0, 0],
							"post": [-2, 0, 0],
							"lerp_mode": "catmullrom"
						},
						"0.5417": {
							"post": [0, 0, 0],
							"lerp_mode": "catmullrom"
						}
					}
				},
				"gun": {
					"rotation": {
						"0.0": {
							"post": [-720, -10, 0],
							"lerp_mode": "catmullrom"
						},
						"0.2917": {
							"post": [-140, 0, 0],
							"lerp_mode": "catmullrom"
						},
						"0.4167": {
							"post": [0.33, 0, 0],
							"lerp_mode": "catmullrom"
						},
						"0.4583": {
							"post": [9.86, 0, 0],
							"lerp_mode": "catmullrom"
						},
						"0.5833": {
							"post": [0, 0, 0],
							"lerp_mode": "catmullrom"
						}
					},
					"position": {
						"0.0": {
							"post": [1, 0, 6],
							"lerp_mode": "catmullrom"
						},
						"0.375": {
							"post": [0.44, -0.14, 4.22],
							"lerp_mode": "catmullrom"
						},
						"0.4167": {
							"post": [0, 0, 0],
							"lerp_mode": "catmullrom"
						},
						"0.4583": {
							"post": [0, 2, 0],
							"lerp_mode": "catmullrom"
						},
						"0.5417": {
							"post": [0, 0, 0],
							"lerp_mode": "catmullrom"
						}
					}
				}
			}
		},
		"animation.model.fire": {
			"loop": true,
			"animation_length": 0.1167,
			"bones": {
				"main": {
					"rotation": {
						"0.0": {
							"vector": [0, 0, 0]
						},
						"0.0083": {
							"vector": [-1.95, 0, -1.35]
						},
						"0.0583": {
							"vector": [-0.58, 0, -0.94]
						},
						"0.1083": {
							"vector": [0, 0, 0]
						}
					},
					"position": {
						"0.0": {
							"vector": [0, 0, 0]
						},
						"0.0083": {
							"vector": [0.00241, -0.10205, 2.99826]
						},
						"0.1167": {
							"vector": [0, 0, 0]
						}
					}
				},
				"gun": {
					"rotation": {
						"0.0": {
							"vector": [0, 0, 0]
						},
						"0.0083": {
							"vector": [-5, 0, 0]
						},
						"0.1083": {
							"vector": [0, 0, 0]
						}
					}
				},
				"slide": {
					"position": {
						"0.0": {
							"vector": [0, 0, 0]
						},
						"0.0083": {
							"vector": [0, 0, 4]
						},
						"0.05": {
							"vector": [0, 0, 2.5]
						},
						"0.1": {
							"vector": [0, 0, 0]
						}
					}
				},
				"trigger": {
					"rotation": {
						"vector": [17.5, 0, 0]
					}
				}
			}
		},
		"animation.model.inspect": {
			"animation_length": 4.25,
			"bones": {
				"main": {
					"rotation": {
						"0.0": [0, 0, 0],
						"0.1667": [-9.10467, -25.95159, -19.19327],
						"0.2917": [-9.18088, -30.72584, -29.96084],
						"0.4167": [-11.10933, -36.38799, -25.34713],
						"0.5417": [-10.06514, -35.52384, -28.03806],
						"0.75": [-10.53586, -33.26173, -26.50426],
						"1.0": [-9.93252, -32.28767, -33.80345],
						"1.125": [-6.72055, -32.92916, -38.29377],
						"1.3333": [-6.11197, -33.28445, -39.41105],
						"1.4583": [-5.48068, -33.42361, -41.14628],
						"1.5833": [-4.91154, -33.47594, -41.79411],
						"1.7083": [-4.68955, -33.51914, -42.40043],
						"2.0417": [-15.01528, 9.53318, 68.94603],
						"2.1667": [-13.25936, 9.51163, 74.71344],
						"2.2917": [-13.71722, 9.69111, 74.12635],
						"2.4167": [-13.63502, 10.8884, 77.37459],
						"2.5833": [-13.131, 11.49451, 79.97102],
						"2.75": [-13.29499, 11.30318, 79.14045],
						"2.9167": [-13.06372, 11.56958, 80.30366],
						"3.0833": [-13.14455, 11.47839, 79.90168],
						"3.25": [-13.70447, 10.80068, 77.00658],
						"3.4167": [-7.95076, 4.6277, 48.42796],
						"3.5417": [-12, -1.75, 39.25],
						"3.7083": [-19, 0, 35],
						"3.75": [-22.68, 8.1, 34.62],
						"3.9583": [-27.21242, 10.56984, 45.35497],
						"4.125": [-10.89, 4.23, 18.14],
						"4.25": [0, 0, 0]
					},
					"position": {
						"0.0": [0, 0, 0],
						"0.25": [-0.475, -2.65, -8.7],
						"0.4167": [-0.195, -2.75, -7.7],
						"0.5833": [-0.03, -1.5, -7.7],
						"0.7083": [0, -1.625, -7.7],
						"0.9167": [-0.125, -1.6, -8.275],
						"1.2083": [-0.52, -1.525, -8],
						"1.4167": [-0.39, -1.575, -8.175],
						"1.6667": [-0.225, -1.75, -7.975],
						"1.7917": [-0.63, -3.19, -7.65],
						"1.9583": [2.455, -3.725, -6.15],
						"2.125": [2.585, -1.395, -5.545],
						"2.25": [2.475, -0.63, -4.17],
						"2.4167": [2.435, -0.43, -4.25],
						"2.5833": [2.545, -0.425, -4.24],
						"2.75": [2.47, -0.5, -4.27],
						"3.0": [2.51, -0.41, -4.3],
						"3.25": [2.455, -0.325, -4.325],
						"3.375": [1.995, -0.11, -2.41],
						"3.5": [-0.25, -1.31, 0.05],
						"3.625": [0, -2, 0],
						"3.75": [0.32, -3.61, 1.06],
						"3.8333": [0.32, -3.47, 0.57],
						"3.9583": [0.32, -5.61, -1.14],
						"4.125": [0.13, -2.24, -0.46],
						"4.25": [0, 0, 0]
					}
				},
				"gun": {
					"rotation": {
						"0.0": [0, 0, 0],
						"0.1667": [0, 0, 0],
						"0.25": [-40, 0, 0],
						"0.3333": [-240, 0, 0],
						"0.4583": [-336, 0, 0],
						"0.5417": [-360, 0, 0],
						"0.5833": [-362.5, 0, 0],
						"0.625": [-359.96, 0, 0],
						"3.5833": [-359.96, 0, 0],
						"3.625": [-362.5, 0, 0],
						"3.6667": [-360, 0, 0],
						"3.75": [-336, 0, 0],
						"3.8333": [-240, 0, 0],
						"3.9583": [-40, 0, 0],
						"4.0417": [0, 0, 0],
						"4.25": [0, 0, 0]
					},
					"position": [0, 0, 0]
				},
				"slide": {
					"position": {
						"0.0": [0, 0, 0],
						"2.7917": [0, 0, 0],
						"2.9167": [0, 0, 3.33],
						"3.0417": [0, 0, 4],
						"3.375": [0, 0, 4],
						"3.4167": [0, 0, 1.64],
						"3.5": [0, 0, 0],
						"4.25": [0, 0, 0]
					}
				},
				"leftarm": {
					"rotation": {
						"0.0": [0, 0, 0],
						"2.4583": [46.15, 0, 0],
						"2.7917": [24.99222, 2.62301, -28.26065],
						"2.9167": [24.99, 2.62, -28.26],
						"3.0417": [24.99222, 2.62301, -28.26065],
						"3.375": [24.99222, 2.62301, -28.26065],
						"3.8333": [0, 0, 0],
						"4.25": [0, 0, 0]
					},
					"position": {
						"0.0": [0, 0, 0],
						"2.4583": [0, 0, 0],
						"2.6667": [-5.65528, 31.20443, -27.30935],
						"2.7917": [-15.21609, 29.47907, -41.49104],
						"2.9167": [-15.69, 30.2, -38.27],
						"3.0417": [-15.7836, 30.34926, -37.62649],
						"3.375": [-15.7836, 30.34926, -37.62649],
						"3.4583": [-5.65528, 31.20443, -27.30935],
						"3.5833": [20, 24, -7],
						"4.25": [0, 0, 0]
					}
				},
				"rightarm": {
					"rotation": {
						"0.0": [0, 0, 0],
						"0.25": [-1.33627, 1.7593, 3.45399],
						"1.7083": [-1.33627, 1.7593, 3.45399],
						"2.0417": [-4.86179, 33.49794, 3.19974],
						"3.4167": [-4.86179, 33.49794, 3.19974],
						"3.625": [0, 0, 0]
					},
					"position": {
						"0.0": [0, 0, 0],
						"0.0833": [-1.11225, -1.0752, 3.84361],
						"0.25": [-2.75357, 0.56148, 1.68415],
						"1.7083": [-2.75357, 0.56148, 1.68415],
						"2.0417": [11.9736, -1.44311, 0.89292],
						"3.4167": [11.9736, -1.44311, 0.89292],
						"3.625": [0, 0, 0]
					}
				},
				"laserbeam": {
					"scale": {
						"0.0": [1, 1, 1],
						"0.0833": [0, 0, 0],
						"4.1667": [0, 0, 0],
						"4.25": [1, 1, 1]
					}
				}
			}
		}
	},
	"geckolib_format_version": 2
}