{
	"format_version": "1.8.0",
	"animations": {
		"animation.model.draw": {
			"animation_length": 0.7083,
			"bones": {
				"main": {
					"rotation": {
						"0.0": {
							"post": [32.09413, -54.38778, -8.29667],
							"lerp_mode": "catmullrom"
						},
						"0.4167": {
							"post": [0.50518, -5.08075, 6.8716],
							"lerp_mode": "catmullrom"
						},
						"0.5833": {
							"post": [0.32389, -0.60235, -2.1558],
							"lerp_mode": "catmullrom"
						},
						"0.6667": {
							"post": [0, 0, 0],
							"lerp_mode": "catmullrom"
						}
					},
					"position": {
						"0.0": {
							"post": [0, -17.3, 0],
							"lerp_mode": "catmullrom"
						},
						"0.2917": {
							"post": [-0.4, -2.525, -1.625],
							"lerp_mode": "catmullrom"
						},
						"0.5": {
							"post": [-0.05, 0, -2.49],
							"lerp_mode": "catmullrom"
						},
						"0.625": {
							"post": [0, 0, 0],
							"lerp_mode": "catmullrom"
						}
					}
				},
				"leftarm": {
					"rotation": {
						"0.0": [0, 0, 0],
						"0.25": [1, 0, -22],
						"0.5": {
							"pre": [0, 0, 0],
							"post": [0, 0, 0],
							"lerp_mode": "catmullrom"
						}
					},
					"position": {
						"0.0": [0, 0, 0],
						"0.25": [3.53901, 3.6754, 5.59783],
						"0.5": {
							"pre": [0, 0, 0],
							"post": [0, 0, 0],
							"lerp_mode": "catmullrom"
						}
					}
				}
			},
			"sound_effects": {
				"0.0": {
					"effect": "stellatsweaponries_emlr_mk17_draw"
				}
			}
		},
		"animation.model.inspect": {
			"animation_length": 4.5667,
			"bones": {
				"indicator": {
					"position": {
						"0.0": {
							"vector": [0, 0, 0]
						},
						"1.6": {
							"pre": {
								"vector": [0, 0, 0]
							},
							"post": {
								"vector": [0, 0, 0]
							},
							"lerp_mode": "catmullrom"
						},
						"1.8667": {
							"vector": [0, -0.6, 2]
						},
						"3.4667": {
							"vector": [0, -0.6, 2]
						},
						"3.7333": {
							"pre": {
								"vector": [0, 0, 0]
							},
							"post": {
								"vector": [0, 0, 0]
							},
							"lerp_mode": "catmullrom"
						}
					},
					"scale": {
						"0.0": {
							"vector": [1, 1, 1]
						},
						"1.6": {
							"pre": {
								"vector": [1, 1, 1]
							},
							"post": {
								"vector": [1, 1, 1]
							},
							"lerp_mode": "catmullrom"
						},
						"1.8667": {
							"vector": [1, 1, 0]
						},
						"3.4667": {
							"vector": [1, 1, 0]
						},
						"3.7333": {
							"pre": {
								"vector": [1, 1, 1]
							},
							"post": {
								"vector": [1, 1, 1]
							},
							"lerp_mode": "catmullrom"
						}
					}
				},
				"lazermuzzleflash": {
					"scale": {
						"vector": [0, 0, 0]
					}
				},
				"charm": {
					"rotation": {
						"0.0": {
							"vector": [0, 0, 0]
						},
						"0.2667": {
							"vector": [-20, 0, 22.5]
						},
						"0.4333": {
							"vector": [0, 0, 22.5]
						},
						"0.6333": {
							"vector": [12, 0, 22.5]
						},
						"0.8": {
							"vector": [0, 0, 22.5]
						},
						"0.9667": {
							"vector": [-6, 0, 22.5]
						},
						"1.1333": {
							"vector": [0, 0, 22.5]
						},
						"1.3": {
							"vector": [2, 0, 22.5]
						},
						"1.4667": {
							"vector": [0, 0, 22.5]
						},
						"1.8": {
							"vector": [0, 0, 22.5]
						},
						"1.9667": {
							"vector": [0, 0, -37.5]
						},
						"2.1": {
							"vector": [0, 0, -60]
						},
						"3.2667": {
							"vector": [4, 0, -60]
						},
						"3.7333": {
							"vector": [0, 0, 0]
						},
						"3.9333": {
							"vector": [-8, 0, 21]
						},
						"4.0333": {
							"vector": [0, 0, -1]
						},
						"4.1667": {
							"vector": [4, 0, -10.43]
						},
						"4.2667": {
							"vector": [0, 0, 0]
						}
					}
				},
				"main": {
					"rotation": {
						"0.0": {
							"post": {
								"vector": [0, 0, 0]
							},
							"lerp_mode": "catmullrom"
						},
						"0.1667": {
							"post": {
								"vector": [-8.41746, -13.59608, -21.21259]
							},
							"lerp_mode": "catmullrom"
						},
						"0.3": {
							"post": {
								"vector": [-8.39812, -20.10111, -31.77688]
							},
							"lerp_mode": "catmullrom"
						},
						"0.4333": {
							"post": {
								"vector": [-9.55676, -20.88889, -28.55629]
							},
							"lerp_mode": "catmullrom"
						},
						"0.5333": {
							"post": {
								"vector": [-8.77652, -21.21647, -30.72851]
							},
							"lerp_mode": "catmullrom"
						},
						"0.7667": {
							"post": {
								"vector": [-9.4227, -20.94881, -28.93303]
							},
							"lerp_mode": "catmullrom"
						},
						"1.0": {
							"post": {
								"vector": [-3.1216, -20.98207, -46.44405]
							},
							"lerp_mode": "catmullrom"
						},
						"1.1333": {
							"post": {
								"vector": [-4.564, -20.73064, -42.44007]
							},
							"lerp_mode": "catmullrom"
						},
						"1.2333": {
							"post": {
								"vector": [-4.86325, -20.9153, -41.60203]
							},
							"lerp_mode": "catmullrom"
						},
						"1.3333": {
							"post": {
								"vector": [-4.58308, -20.97575, -42.38574]
							},
							"lerp_mode": "catmullrom"
						},
						"1.4667": {
							"post": {
								"vector": [-4.01131, -21.08802, -43.97908]
							},
							"lerp_mode": "catmullrom"
						},
						"1.6": {
							"post": {
								"vector": [-4.38767, -21.01662, -42.9316]
							},
							"lerp_mode": "catmullrom"
						},
						"1.7": {
							"post": {
								"vector": [-4.18847, -21.05622, -43.48691]
							},
							"lerp_mode": "catmullrom"
						},
						"2.0333": {
							"post": {
								"vector": [-16.91438, 5.38499, 54.40399]
							},
							"lerp_mode": "catmullrom"
						},
						"2.1667": {
							"post": {
								"vector": [-15.22513, 5.80082, 60.04554]
							},
							"lerp_mode": "catmullrom"
						},
						"2.3333": {
							"post": {
								"vector": [-15.70981, 5.86025, 59.48558]
							},
							"lerp_mode": "catmullrom"
						},
						"2.5667": {
							"post": {
								"vector": [-15.60896, 7.75082, 65.23442]
							},
							"lerp_mode": "catmullrom"
						},
						"2.8667": {
							"post": {
								"vector": [-15.56389, 7.84019, 65.55973]
							},
							"lerp_mode": "catmullrom"
						},
						"3.1": {
							"post": {
								"vector": [-15.61778, 7.73186, 65.16659]
							},
							"lerp_mode": "catmullrom"
						},
						"3.2667": {
							"post": {
								"vector": [-15.9801, 6.93689, 62.33342]
							},
							"lerp_mode": "catmullrom"
						},
						"3.5333": {
							"post": {
								"vector": [-32.62915, 4.9541, 22.10976]
							},
							"lerp_mode": "catmullrom"
						},
						"3.7333": {
							"post": {
								"vector": [-33.4, 5.13, 20.44]
							},
							"lerp_mode": "catmullrom"
						},
						"3.8667": {
							"post": {
								"vector": [-33.45, 5.24, 21.61]
							},
							"lerp_mode": "catmullrom"
						},
						"4.0": {
							"post": {
								"vector": [-31.31, 4.86, 20.37]
							},
							"lerp_mode": "catmullrom"
						},
						"4.2667": {
							"post": {
								"vector": [-8.86998, 2.42135, 33.56191]
							},
							"lerp_mode": "catmullrom"
						},
						"4.4333": {
							"post": {
								"vector": [0, -1.75, -2.75]
							},
							"lerp_mode": "catmullrom"
						},
						"4.5667": {
							"post": {
								"vector": [0, 0, 0]
							},
							"lerp_mode": "catmullrom"
						}
					},
					"position": {
						"0.0": {
							"vector": [0, 0, 0]
						},
						"0.3333": {
							"vector": [-0.475, 1.475, -22.7]
						},
						"0.4333": {
							"vector": [-0.195, 1, -21.7]
						},
						"0.5667": {
							"vector": [-0.03, 0.725, -21.7]
						},
						"0.7333": {
							"vector": [0, 1.125, -21.7]
						},
						"0.9333": {
							"vector": [0.125, 1.4, -22.275]
						},
						"1.2333": {
							"vector": [-0.02, 1.475, -22]
						},
						"1.4333": {
							"vector": [0.11, 1.425, -22.175]
						},
						"1.7": {
							"vector": [0.275, 1.25, -21.975]
						},
						"1.8333": {
							"pre": {
								"vector": [-2.13, -0.19, -22.65]
							},
							"post": {
								"vector": [-2.13, -0.19, -22.65]
							},
							"lerp_mode": "catmullrom"
						},
						"2.0": {
							"post": {
								"vector": [-9.545, 4.5, -25.15]
							},
							"lerp_mode": "catmullrom"
						},
						"2.2333": {
							"post": {
								"vector": [-9.49, 11.57, -23.63]
							},
							"lerp_mode": "catmullrom"
						},
						"2.4667": {
							"post": {
								"vector": [-9.49, 12.595, -23.85]
							},
							"lerp_mode": "catmullrom"
						},
						"2.7667": {
							"post": {
								"vector": [-9.255, 13.8, -23.24]
							},
							"lerp_mode": "catmullrom"
						},
						"3.0333": {
							"post": {
								"vector": [-9.49, 12.99, -23.3]
							},
							"lerp_mode": "catmullrom"
						},
						"3.2667": {
							"post": {
								"vector": [-9.545, 11.075, -23.325]
							},
							"lerp_mode": "catmullrom"
						},
						"3.5": {
							"post": {
								"vector": [-3.91, 9.82, -23.46]
							},
							"lerp_mode": "catmullrom"
						},
						"3.8": {
							"post": {
								"vector": [-4.37, 9.93, -23.45]
							},
							"lerp_mode": "catmullrom"
						},
						"4.2667": {
							"vector": [-10.005, 5.39, -21.41]
						},
						"4.5": {
							"vector": [0, 0, 0]
						}
					}
				},
				"cover": {
					"rotation": {
						"1.8667": {
							"vector": [0, 0, 0]
						},
						"1.9": {
							"vector": [0.0463, 0, 0]
						},
						"1.9333": {
							"vector": [3.01185, 0, 0]
						},
						"1.9667": {
							"vector": [6.9214, 0, 0]
						},
						"2.0": {
							"vector": [9.89044, 0, 0]
						},
						"2.0333": {
							"vector": [12.5, 0, 0]
						},
						"2.0667": {
							"vector": [13.99136, 0, 0]
						},
						"2.1": {
							"vector": [15.35108, 0, 0]
						},
						"2.1333": {
							"vector": [16.57719, 0, 0]
						},
						"2.1667": {
							"vector": [17.66883, 0, 0]
						},
						"2.2": {
							"vector": [18.626, 0, 0]
						},
						"2.2333": {
							"vector": [19.45009, 0, 0]
						},
						"2.2667": {
							"vector": [20.14287, 0, 0]
						},
						"2.3": {
							"vector": [20.7085, 0, 0]
						},
						"2.3333": {
							"vector": [21.1523, 0, 0]
						},
						"2.3667": {
							"vector": [21.48217, 0, 0]
						},
						"2.6": {
							"vector": [21.77719, 0, 0]
						},
						"2.6667": {
							"vector": [21.86, 0, 0]
						},
						"3.9": {
							"vector": [21.86, 0, 0]
						},
						"3.9333": {
							"vector": [22.02349, 0, 0]
						},
						"3.9667": {
							"vector": [22.29146, 0, 0]
						},
						"4.0": {
							"vector": [22.26217, 0, 0]
						},
						"4.0333": {
							"vector": [19.7176, 0, 0]
						},
						"4.0667": {
							"vector": [17.65379, 0, 0]
						},
						"4.1": {
							"vector": [15.82019, 0, 0]
						},
						"4.1667": {
							"vector": [12.5, 0, 0]
						},
						"4.2": {
							"vector": [9.1246, 0, 0]
						},
						"4.2333": {
							"vector": [4.66136, 0, 0]
						},
						"4.2667": {
							"vector": [0.04464, 0, 0]
						},
						"4.3": {
							"vector": [0, 0, 0]
						}
					}
				},
				"leftarm": {
					"rotation": {
						"0.0": {
							"vector": [0, 0, 0]
						},
						"0.1667": {
							"vector": [0, 0, -2.5]
						},
						"1.7333": {
							"pre": {
								"vector": [0, 0, -2.5]
							},
							"post": {
								"vector": [0, 0, -2.5]
							},
							"lerp_mode": "catmullrom"
						},
						"2.0333": {
							"post": {
								"vector": [-20, 0, -45]
							},
							"lerp_mode": "catmullrom"
						},
						"3.3": {
							"vector": [-20, 0, -45]
						},
						"3.5667": {
							"vector": [0, 0, 0]
						}
					},
					"position": {
						"0.0": {
							"vector": [0, 0, 0]
						},
						"0.1667": {
							"vector": [11.23986, -30.20851, 24.64864]
						},
						"0.2667": {
							"vector": [11.56, -31.12, 29.38]
						},
						"1.7333": {
							"pre": {
								"vector": [11.23986, -30.20851, 34.64864]
							},
							"post": {
								"vector": [11.23986, -30.20851, 34.64864]
							},
							"lerp_mode": "catmullrom"
						},
						"2.0333": {
							"post": {
								"vector": [7.35, 5.25, 2.33]
							},
							"lerp_mode": "catmullrom"
						},
						"3.3": {
							"vector": [7.35, 6.25, 2.33]
						},
						"3.5667": {
							"vector": [0, 0, 0]
						}
					}
				}
			},
			"sound_effects": {
				"0.0": {
					"effect": "stellatsweaponries_movement2"
				},
				"0.8667": {
					"effect": "stellatsweaponries_movement1"
				},
				"1.8667": {
					"effect": "stellatsweaponries_movement3"
				},
				"1.9": {
					"effect": "stellatsweaponries_emlr_mk17_cover_up"
				},
				"3.4667": {
					"effect": "stellatsweaponries_movement1"
				},
				"4.1333": {
					"effect": "stellatsweaponries_emlr_mk17_cover_down"
				}
			}
		},
		"animation.model.fire": {
			"animation_length": 0.0833,
			"bones": {
				"main": {
					"rotation": {
						"0.0": {
							"vector": [-1, 0, 0]
						},
						"0.0417": {
							"vector": [-0.7, 0, 0]
						},
						"0.0833": {
							"vector": [0, 0, 0]
						}
					},
					"position": {
						"0.0": {
							"vector": [0, 0, 1.5]
						},
						"0.0417": {
							"vector": [0, 0, 0.45]
						},
						"0.0833": {
							"vector": [0, 0, 0]
						}
					}
				}
			}
		},
		"animation.model.reload": {
			"animation_length": 2.3333,
			"bones": {
				"main": {
					"rotation": {
						"0.0": {
							"post": [0, 0, 0],
							"lerp_mode": "catmullrom"
						},
						"0.125": {
							"post": [-4.93798, -3.40132, -20.28281],
							"lerp_mode": "catmullrom"
						},
						"0.25": {
							"post": [-4.60677, -3.83841, -25.52506],
							"lerp_mode": "catmullrom"
						},
						"0.375": {
							"post": [-6.33196, 0.85528, 2.65866],
							"lerp_mode": "catmullrom"
						},
						"0.4583": {
							"post": [-6.83914, 1.32194, 11.9053],
							"lerp_mode": "catmullrom"
						},
						"0.5833": {
							"post": [-5.88933, -0.15793, 14.10058],
							"lerp_mode": "catmullrom"
						},
						"1.0": {
							"post": [-6.37, -0.75, 10.02],
							"lerp_mode": "catmullrom"
						},
						"1.25": {
							"post": [-11.9701, -15.74986, -20.49393],
							"lerp_mode": "catmullrom"
						},
						"1.375": {
							"post": [-10.37202, -17.2823, -31.25346],
							"lerp_mode": "catmullrom"
						},
						"1.5": {
							"post": [-9.37, -17.96, -35.04],
							"lerp_mode": "catmullrom"
						},
						"1.625": {
							"post": [-8.22383, -18.0569, -35.51983],
							"lerp_mode": "catmullrom"
						},
						"1.7083": {
							"post": [-9.08017, -18.14753, -36.06384],
							"lerp_mode": "catmullrom"
						},
						"1.75": {
							"post": [-8.09827, -18.77511, -40.36388],
							"lerp_mode": "catmullrom"
						},
						"1.875": {
							"post": [-8.95975, -17.27358, -35.1553],
							"lerp_mode": "catmullrom"
						},
						"1.9167": {
							"post": [-7.96227, -15.03709, -37.17391],
							"lerp_mode": "catmullrom"
						},
						"2.0": {
							"post": [-8.15176, -11.94491, -29.90474],
							"lerp_mode": "catmullrom"
						},
						"2.1667": {
							"post": [0, -0.75, -5.25],
							"lerp_mode": "catmullrom"
						},
						"2.2917": {
							"post": [0, 0, 2.38],
							"lerp_mode": "catmullrom"
						},
						"2.375": {
							"post": [0, 0, 0],
							"lerp_mode": "catmullrom"
						}
					},
					"position": {
						"0.0": {
							"post": [0, 0, 0],
							"lerp_mode": "catmullrom"
						},
						"0.0833": {
							"post": [-0.575, 0, 0],
							"lerp_mode": "catmullrom"
						},
						"0.25": {
							"post": [-0.38, 0.875, 0.35],
							"lerp_mode": "catmullrom"
						},
						"0.375": {
							"post": [-2.705, 0.5, -0.675],
							"lerp_mode": "catmullrom"
						},
						"0.4583": {
							"post": [-3.2, -1.62, -1.475],
							"lerp_mode": "catmullrom"
						},
						"0.625": {
							"post": [-2.35, -1.99, -1.5],
							"lerp_mode": "catmullrom"
						},
						"1.0": {
							"post": [-1.23, -2.08, -1.43],
							"lerp_mode": "catmullrom"
						},
						"1.125": {
							"post": [-0.705, -1.9, -1.575],
							"lerp_mode": "catmullrom"
						},
						"1.2083": {
							"post": [-0.55, 0.73, -3.6],
							"lerp_mode": "catmullrom"
						},
						"1.3333": {
							"post": [-0.7, 1.25, -1.85],
							"lerp_mode": "catmullrom"
						},
						"1.7083": {
							"post": [-1.075, 1.975, -1.3],
							"lerp_mode": "catmullrom"
						},
						"1.75": {
							"post": [-1.625, 2.575, -0.775],
							"lerp_mode": "catmullrom"
						},
						"1.875": {
							"post": [-1.25, 1.975, -0.775],
							"lerp_mode": "catmullrom"
						},
						"1.9583": {
							"post": [-0.89, -1.55, -2.665],
							"lerp_mode": "catmullrom"
						},
						"2.0417": {
							"post": [-0.6, -3.15, -5.4],
							"lerp_mode": "catmullrom"
						},
						"2.0833": {
							"post": [-0.31, -1.78, -4.445],
							"lerp_mode": "catmullrom"
						},
						"2.1667": {
							"post": [-0.02, -0.26, -1.805],
							"lerp_mode": "catmullrom"
						},
						"2.25": {
							"post": [-0.01, -0.08, 1.2],
							"lerp_mode": "catmullrom"
						},
						"2.3333": {
							"post": [0, 0, 0],
							"lerp_mode": "catmullrom"
						}
					}
				},
				"idle": {
					"position": {
						"0.0": [0, 0, 0],
						"0.0417": [0, -0.92388, -0.38268],
						"2.0417": [0, -0.92388, -0.38268],
						"2.0833": [0, 0, 0]
					}
				},
				"empty_overheat": {
					"position": {
						"0.0": [0, 0, 0],
						"0.0417": [0, 0.92388, 0.38268],
						"0.125": [0, 0.92388, 0.38268],
						"0.2083": [0, 0, 0],
						"0.2917": [0, 0.92388, 0.38268],
						"0.375": [0, 0.92388, 0.38268],
						"0.4583": [0, 0, 0],
						"0.5417": [0, 0.92388, 0.38268],
						"0.625": [0, 0, 0],
						"0.7083": [0, 0, 0]
					}
				},
				"empty": {
					"position": {
						"0.6667": [0, 0, 0],
						"0.7083": [0, 0.92388, 0.38268],
						"2.0417": [0, 0.92388, 0.38268],
						"2.0833": [0, 0, 0]
					}
				},
				"cover": {
					"rotation": {
						"0.0": [0, 0, 0],
						"0.0417": [3.01185, 0, 0],
						"0.0833": [6.9214, 0, 0],
						"0.125": [9.89044, 0, 0],
						"0.1667": [12.5, 0, 0],
						"0.2083": [15.35108, 0, 0],
						"0.25": [16.57719, 0, 0],
						"0.2917": [17.66883, 0, 0],
						"0.3333": [18.626, 0, 0],
						"0.375": [20.14287, 0, 0],
						"0.4167": [20.7085, 0, 0],
						"0.4583": [21.1523, 0, 0],
						"0.5": [21.48217, 0, 0],
						"0.7083": [21.77719, 0, 0],
						"0.7917": [21.86, 0, 0],
						"1.7083": [22.02349, 0, 0],
						"1.75": [22.29146, 0, 0],
						"1.7917": [22.26217, 0, 0],
						"1.8333": [19.7176, 0, 0],
						"1.875": [15.82019, 0, 0],
						"1.9583": [12.5, 0, 0],
						"2.0": [9.1246, 0, 0],
						"2.0833": [0, 0, 0]
					}
				},
				"magazine": {
					"rotation": {
						"0.0": {
							"post": [0, 0, 0],
							"lerp_mode": "catmullrom"
						},
						"0.125": {
							"post": [0, 0, 0],
							"lerp_mode": "catmullrom"
						},
						"0.5833": {
							"post": [0, 0, 0],
							"lerp_mode": "catmullrom"
						},
						"0.9583": {
							"post": [-8.54117, -1.81479, 2.48689],
							"lerp_mode": "catmullrom"
						},
						"1.2917": {
							"post": [-8.49004, -0.39281, 0.37768],
							"lerp_mode": "catmullrom"
						},
						"1.4583": {
							"post": [0.10142, 1.24766, 2.00259],
							"lerp_mode": "catmullrom"
						},
						"1.5833": {
							"post": [0.59, 0.73, 0.68],
							"lerp_mode": "catmullrom"
						},
						"1.6667": {
							"post": [0, 0, -0.75],
							"lerp_mode": "catmullrom"
						},
						"1.75": {
							"post": [0, 0, 0],
							"lerp_mode": "catmullrom"
						}
					},
					"position": {
						"0.0": {
							"post": [0, 0, 0],
							"lerp_mode": "catmullrom"
						},
						"0.125": {
							"post": [0, 0, 0],
							"lerp_mode": "catmullrom"
						},
						"0.4167": {
							"post": [0, -23, 10],
							"lerp_mode": "catmullrom"
						},
						"0.5833": {
							"post": [0, -23, 0],
							"lerp_mode": "catmullrom"
						},
						"0.875": {
							"post": [0.47, -18.32, 12.01],
							"lerp_mode": "catmullrom"
						},
						"0.9583": {
							"post": [0.725, -15.375, 4.1],
							"lerp_mode": "catmullrom"
						},
						"1.2917": {
							"post": [0.43, -14.265, 5.01],
							"lerp_mode": "catmullrom"
						},
						"1.4583": {
							"post": [-0.645, -10.1, 7],
							"lerp_mode": "catmullrom"
						},
						"1.5833": {
							"post": [-0.39, -7.69, 5.87],
							"lerp_mode": "catmullrom"
						},
						"1.6667": {
							"post": [0, -5.15, 4],
							"lerp_mode": "catmullrom"
						},
						"1.75": {
							"post": [0, 0, 0],
							"lerp_mode": "catmullrom"
						}
					}
				},
				"leftarm": {
					"rotation": {
						"0.0": {
							"post": [0, 0, 0],
							"lerp_mode": "catmullrom"
						},
						"0.125": {
							"post": [43.07804, 15.85303, 7.64839],
							"lerp_mode": "catmullrom"
						},
						"0.9167": {
							"post": [9.84584, 4.15599, 15.03241],
							"lerp_mode": "catmullrom"
						},
						"1.0": {
							"post": [9.77665, 5.80251, 14.43551],
							"lerp_mode": "catmullrom"
						},
						"1.2917": {
							"post": [5.54437, 27.87269, 2.55476],
							"lerp_mode": "catmullrom"
						},
						"1.625": {
							"post": [0.58821, 21.86136, 3.25174],
							"lerp_mode": "catmullrom"
						},
						"1.7917": {
							"post": [0.91192, 3.09309, 15.72168],
							"lerp_mode": "catmullrom"
						},
						"1.875": {
							"post": [-0.34, 0.16, 13.94],
							"lerp_mode": "catmullrom"
						},
						"1.9583": {
							"post": [-3.00825, -1.87831, 5.87206],
							"lerp_mode": "catmullrom"
						},
						"2.125": {
							"post": [0, 0, 0],
							"lerp_mode": "catmullrom"
						}
					},
					"position": {
						"0.0": {
							"post": [0, 0, 0],
							"lerp_mode": "catmullrom"
						},
						"0.125": {
							"post": [-0.58, -9.97, 28.38],
							"lerp_mode": "catmullrom"
						},
						"0.7083": {
							"post": [-6.055, -20.32, 26.98],
							"lerp_mode": "catmullrom"
						},
						"0.7917": {
							"post": [-3.565, -17.66, 15.48],
							"lerp_mode": "catmullrom"
						},
						"0.9167": {
							"post": [-3.86, -17.395, 14.98],
							"lerp_mode": "catmullrom"
						},
						"1.0": {
							"post": [-3.78, -16.42, 14.23],
							"lerp_mode": "catmullrom"
						},
						"1.2917": {
							"post": [-3.805, -11.595, 15.755],
							"lerp_mode": "catmullrom"
						},
						"1.625": {
							"post": [-1.9, -9.175, 19.76],
							"lerp_mode": "catmullrom"
						},
						"1.7917": {
							"post": [-3.9, -13.175, 14.76],
							"lerp_mode": "catmullrom"
						},
						"1.875": {
							"post": [-1.57, -14.58, 12.75],
							"lerp_mode": "catmullrom"
						},
						"1.9583": {
							"post": [3.98, -15.045, 8.2],
							"lerp_mode": "catmullrom"
						},
						"2.125": {
							"post": [0, 0, 0],
							"lerp_mode": "catmullrom"
						}
					}
				}
			},
			"sound_effects": {
				"0.0": {
					"effect": "stellatsweaponries_emlr_mk17_cover_up"
				},
				"0.0417": {
					"effect": "stellatsweaponries_emlr_mk17_exhaust"
				},
				"0.0833": {
					"effect": "stellatsweaponries_emlr_mk17_exhaust"
				},
				"0.2917": {
					"effect": "stellatsweaponries_emlr_mk17_beep"
				},
				"0.5417": {
					"effect": "stellatsweaponries_emlr_mk17_beep"
				},
				"1.0": {
					"effect": "stellatsweaponries_movement1"
				},
				"1.5": {
					"effect": "stellatsweaponries_emlr_mk17_magin"
				},
				"1.8333": {
					"effect": "stellatsweaponries_emlr_mk17_cover_down"
				},
				"2.0833": {
					"effect": "stellatsweaponries_movement3"
				}
			}
		},
		"animation.model.launcherreload": {
			"animation_length": 2.05,
			"bones": {
				"main": {
					"rotation": {
						"0.0": [0, 0, 0],
						"0.1333": [-4.11045, -0.6779, 7.94871],
						"0.3": [-10.74874, -5.57181, -19.43821],
						"0.4167": [-8.93125, -4.2446, -11.07358],
						"0.55": [-8.96917, -5.36451, -17.17686],
						"0.6667": [-9.73337, -4.33904, -14.10474],
						"0.75": [-10.53632, -3.45869, -10.38822],
						"0.85": [-10.41139, -2.95349, -6.35297],
						"0.95": [-9.67074, -4.21806, -10.60403],
						"1.0333": [-9.3564, -4.235, -7.99261],
						"1.1": [-7.69714, -4.67394, -10.69406],
						"1.1667": [-8.58465, -3.93128, -8.60858],
						"1.2667": [-8.2904, -3.5111, -9.16326],
						"1.3333": [-9.54038, -3.3959, -5.28341],
						"1.4": [-8.15792, -4.279, -10.9779],
						"1.4833": [-6.79869, -3.61417, -6.43277],
						"1.65": [-3.00642, -0.5187, 9.10757],
						"1.8": [0.91247, 0.08536, -1.55885],
						"1.8667": [0, 0, 0]
					},
					"position": {
						"0.0": [0, 0, 0],
						"0.0667": [-0.19, -1.19, -1.375],
						"0.1333": [-0.39, -3.35, -4.585],
						"0.2": [-0.6, -4.495, -3.66],
						"0.2833": [-0.825, -4.725, -1.975],
						"0.3333": [-0.82, -4.24, 0.72],
						"0.4": [-0.825, -4.375, 2.4],
						"0.5167": [-1.195, -4.45, 2.09],
						"0.6": [-1.095, -4.05, 1.775],
						"0.7333": [-0.975, -3.67, 1.78],
						"0.9": [-0.98, -4.09, 1.505],
						"1.0": [-0.98, -3.965, 1.36],
						"1.0833": [-0.97809, -4.26721, 2.47158],
						"1.15": [-1.02086, -4.29587, 3.39842],
						"1.25": [-0.98, -4.16, 2.255],
						"1.35": [-0.90277, -4.2744, 1.76281],
						"1.4167": [-0.915, -4.58917, 2.67053],
						"1.4833": [-0.98933, -4.82379, 4.17538],
						"1.5333": [-0.80389, -5.58299, 1.69059],
						"1.5833": [-0.86749, -5.08216, -1.29282],
						"1.65": [-0.60473, -4.55218, -2.88106],
						"1.7": [-0.14402, -3.82279, -5.05081],
						"1.8667": [0, 0, 0]
					}
				},
				"leftarm": {
					"rotation": {
						"0.0": [0, 0, 0],
						"0.1333": [-11.15157, -5.78865, -0.219],
						"0.3167": [-4.83253, -5.2609, -0.75635],
						"0.4": [2.16747, -5.2609, -0.75635],
						"0.4667": [2.16747, -5.2609, -0.75635],
						"0.6333": [15.99616, 13.86467, -5.70124],
						"0.6667": [15.99616, 13.86467, -5.70124],
						"0.8167": [-0.48616, -7.69554, 5.09416],
						"0.9167": [-11.10259, -8.80343, 6.11621],
						"0.9833": [-6.12052, -14.22419, -0.27918],
						"1.0167": [-5.37052, -14.22419, -0.27918],
						"1.0833": [-2.16518, -13.92334, 1.13899],
						"1.15": [-2.16518, -13.92334, 1.13899],
						"1.2833": [2.16747, -5.2609, -0.75635],
						"1.35": [2.16747, -5.2609, -0.75635],
						"1.4167": [-8.49393, -6.54964, 0.43854],
						"1.5167": [-8.49393, -6.54964, 0.43854],
						"1.75": [0, 0, 0]
					},
					"position": {
						"0.0": [0, 0, 0],
						"0.05": [2.00905, -4.02719, -3.32329],
						"0.1333": [2.02005, -4.72461, -31.92756],
						"0.3167": [4.46359, -9.31884, -26.65212],
						"0.4": [2.16044, -7.85141, -37.02713],
						"0.4667": [2.16044, -7.85141, -37.02713],
						"0.5833": [12.68788, -15.39359, -9.61753],
						"0.6333": [9.70295, -20.49234, 7.6987],
						"0.6667": [9.70295, -20.49234, 7.6987],
						"0.8167": [5.29536, -27.71523, -27.51691],
						"0.9167": [3.12336, -12.7888, -30.33341],
						"0.9833": [1.44324, -11.5467, -32.46223],
						"1.0167": [0.97075, -11.42992, -32.38967],
						"1.0833": [-0.35473, -9.9101, -35.56353],
						"1.15": [-0.35473, -9.9101, -35.56353],
						"1.2167": [1.69508, -9.86295, -33.72177],
						"1.2833": [2.16044, -7.85141, -37.02713],
						"1.35": [2.16044, -7.85141, -37.02713],
						"1.4167": [4.42924, -8.77001, -29.39781],
						"1.5167": [4.42924, -8.77001, -29.39781],
						"1.6167": [4.15185, -2.04583, -27.36427],
						"1.75": [0, 0, 0]
					},
					"scale": {
						"0.1333": [1, 1, 1],
						"0.3167": [1.2, 1.3, 1.2],
						"1.2833": [1.2, 1.3, 1.2],
						"1.35": [1.2, 1.3, 1.2],
						"1.4167": [1.2, 1.3, 1.2],
						"1.5167": [1.2, 1.3, 1.2],
						"1.75": [1, 1, 1]
					}
				},
				"grenade": {
					"rotation": {
						"0.0": [0, 0, 0],
						"0.3167": [0, 0, 0],
						"0.3667": [0, 0, 0],
						"0.4833": [-19.31689, -4.19428, -11.78588],
						"0.55": [-37.25874, -19.602, -41.71927],
						"0.6667": [-37.25874, -19.602, -41.71927],
						"0.8167": [-37.25034, -6.59336, -27.77077],
						"0.9167": [-6.5973, 8.47914, -4.04428],
						"0.9833": [0, 0, 0],
						"1.0167": [0, 0, 0],
						"1.35": [0, 0, 0],
						"1.4167": [0, 0, 0]
					},
					"position": {
						"0.0": [0, 0, 0],
						"0.3167": [0, 0, 0],
						"0.3667": [0, 0, -1.85],
						"0.4": [0.60955, -0.51862, -0.51838],
						"0.4333": [-1.39171, -6.38499, -1.18461],
						"0.4833": [-3.91877, -11.59205, -3.67822],
						"0.55": [-8.57106, -28.7846, 0.35316],
						"0.6667": [8.34936, -30.34027, 14.37011],
						"0.8167": [5.58723, -18.68184, -0.22285],
						"0.9167": [1.24553, -0.67946, 0.01021],
						"0.9833": [0, 0, -2.025],
						"1.0167": [0, 0, -2.825],
						"1.0833": [0, 0, -9.745],
						"1.1833": [0, 0, -9.745],
						"1.35": [0, 0, -8.25],
						"1.4167": [0, 0, 0]
					}
				},
				"launcherchamber": {
					"rotation": {
						"0.0": [0, 0, 0],
						"0.3167": [0, 0, 0],
						"1.4167": [0, 0, 0]
					},
					"position": {
						"0.0": [0, 0, 0],
						"0.3167": [0, 0, 0],
						"0.4": [0, 0, -10],
						"1.35": [0, 0, -10],
						"1.4167": [0, 0, 0]
					}
				}
			},
			"sound_effects": {
				"0.0": {
					"effect": "foley_start"
				},
				"0.1": {
					"effect": "launcher_open"
				},
				"0.3": {
					"effect": "mgl_unload"
				},
				"0.8": {
					"effect": "mgl_load"
				},
				"1.1667": {
					"effect": "launcher_close"
				}
			}
		},
		"animation.model.firegrenade": {
			"animation_length": 0.5833,
			"bones": {
				"main": {
					"rotation": {
						"0.0": [0, 0, 0],
						"0.05": [-3.66206, -1.09217, -5.89975],
						"0.1167": [-4.2811, -0.59455, 0.28146],
						"0.25": [-2.78477, 0.41943, -2.00103],
						"0.35": [0, 0, 0]
					},
					"position": {
						"0.0": [0, 0, 0],
						"0.0333": [0, -0.9, 4.875],
						"0.1167": [0, -1.01, 5.16],
						"0.2": [0, -0.95, 4.4],
						"0.35": [0, 0, 0]
					}
				}
			}
		}
	},
	"geckolib_format_version": 2
}