{
	"format_version": "1.8.0",
	"animations": {
		"animation.model.draw": {
			"animation_length": 0.7083,
			"bones": {
				"main": {
					"rotation": {
						"0.0": [32.09413, -54.38778, -8.29667],
						"0.4167": [1.77698, -9.99529, -4.30852],
						"0.5417": [0.58201, -1.04064, 2.6563],
						"0.7083": [0, 0, 0]
					},
					"position": {
						"0.0": [0, -17.3, 0],
						"0.25": [0, -7.41, -4.07],
						"0.4167": [-0.4, -1.2, -2.75],
						"0.5": [0.4, 0, -2.6],
						"0.5833": [0.16, -0.15, 0.6],
						"0.6667": [0, 0, 0]
					}
				},
				"leftarm": {
					"rotation": {
						"0.0": [0, 0, 0],
						"0.2083": [1, 0, -22],
						"0.4167": [0, 0, 0]
					},
					"position": {
						"0.0": [0, 0, 0],
						"0.2083": [3.53901, 3.6754, 5.59783],
						"0.4167": [0, 0, 0]
					}
				},
				"_camera_": {
					"rotation": {
						"0.0": {
							"post": [0, 0, 0],
							"lerp_mode": "catmullrom"
						},
						"0.0417": {
							"post": [2.5, -0.5, 0],
							"lerp_mode": "catmullrom"
						},
						"0.2083": {
							"post": [0.63, -0.12, 0],
							"lerp_mode": "catmullrom"
						},
						"0.3333": {
							"post": [0, 0, 0],
							"lerp_mode": "catmullrom"
						}
					}
				}
			},
			"sound_effects": {
				"0.0": {
					"effect": "draw"
				}
			}
		},
		"animation.model.prepare": {
			"animation_length": 0.3333,
			"bones": {
				"main": {
					"rotation": {
						"0.0": [0, 0, 0],
						"0.125": [0, 1.88, 15],
						"0.2917": [0, 7.5, 60]
					},
					"position": {
						"0.0": [0, 0, 0],
						"0.125": [-2.5, 2.5, -1.25],
						"0.2917": [-10, 10, -5]
					}
				},
				"rightarm": {
					"rotation": {
						"0.0": [0, 0, 0],
						"0.25": [0, 0, 0]
					},
					"position": {
						"0.0": [0, 0, 0],
						"0.25": [0, -15, 0]
					}
				},
				"_camera_": {
					"rotation": {
						"0.0": [0, 0, 0],
						"0.25": [0, 0, 0]
					}
				}
			},
			"sound_effects": {
				"0.0": {
					"effect": "foley_start"
				},
				"0.0417": {
					"effect": "stellatsweaponries_movement1"
				}
			}
		},
		"animation.model.chamberload": {
			"animation_length": 1,
			"bones": {
				"main": {
					"rotation": {
						"0.0": [0, 7.5, 60],
						"0.0833": [-0.32902, 7.49282, 57.47846],
						"0.1667": [-0.65818, 7.97126, 58.95128],
						"0.25": [0, 7.5, 60],
						"0.4167": [1.25, 7.5, 60],
						"0.5": [0.09874, 7.49935, 60.75647],
						"0.5833": [-0.48119, 7.4999, 60.14409],
						"0.7083": [-0.35891, 4.49998, 60.12701],
						"0.8333": [0.09874, 7.49935, 60.75647],
						"0.9167": [-0.48119, 7.4999, 60.14409],
						"1.0": [0, 7.5, 60]
					},
					"position": {
						"0.0": [-10, 10, -5],
						"0.0833": [-9, 10, -3.75],
						"0.1667": [-9, 10, -4],
						"0.25": [-10, 10, -5],
						"0.4167": [-10, 10, -5],
						"0.5": [-10, 10, -5],
						"0.5833": [-10, 10, -5],
						"0.7083": [-9.8, 8.7, -5],
						"0.8333": [-10, 10, -4.9],
						"0.9167": [-10, 10, -5],
						"1.0": [-10, 10, -5]
					}
				},
				"catridge": {
					"rotation": {
						"0.0": [-27.5, 0, 0],
						"0.25": [-20.11435, -9.91358, 1.31845],
						"0.375": [-20.11264, 0.0864, 1.29859],
						"0.5": [-35.76043, -8.23798, -4.64979],
						"0.5833": [-29.72563, -22.48827, 0.40685],
						"0.7083": [-18.89619, 0.06991, 2.4541],
						"0.75": [0, 0, 0]
					},
					"position": {
						"0.0": [11, -30, 0],
						"0.25": [-4, -24, 15],
						"0.375": [-8, -6, 2],
						"0.5": [-7, 2, 3],
						"0.5833": [-3, 2, 3],
						"0.7083": [0, 2.9, 1],
						"0.75": [0, 0, 0]
					}
				},
				"pump": {
					"rotation": {
						"0.0": [0, 0, 0],
						"0.9167": [0, 0, 0]
					},
					"position": {
						"0.0": [0, 0, 0],
						"0.0833": [0, 0, 3],
						"0.1667": [0, 0, 7],
						"0.8333": [0, 0, 7],
						"0.9167": [0, 0, 0]
					}
				},
				"rightarm": {
					"rotation": {
						"0.0": [0, 0, 0],
						"0.1667": [0, 0, 0],
						"0.25": [10, 0, 0],
						"0.375": [-12.60203, 2.4751, 0.36651],
						"0.5": [-20.10203, 2.4751, 0.36651],
						"0.5833": [-20.62702, -2.23211, 2.13269],
						"0.7083": [-25.63, -2.23, 2.13],
						"0.8333": [0, 0, 0],
						"1.0": [0, 0, 0]
					},
					"position": {
						"0.0": [0, -15, 0],
						"0.1667": [0, -15, 0],
						"0.375": [-5, -7, -14],
						"0.5": [-5, -3, -14],
						"0.7083": [-5, -3, -17],
						"0.8333": [0, -15, 0],
						"1.0": [0, -15, 0]
					}
				},
				"leftarm": {
					"rotation": {
						"0.0": [0, 0, 0],
						"0.1667": [-10, 0, 0],
						"0.8333": [-10, 0, 0],
						"0.9167": [0, 0, 0],
						"1.0": [0, 0, 0]
					},
					"position": {
						"0.0": [0, 0, 0],
						"0.0833": [1.33, 0, 2.33],
						"0.1667": [4, 0, 7],
						"0.8333": [4, 0, 7],
						"0.9167": [0, 0, 0],
						"1.0": [0, 0, 0]
					}
				},
				"_camera_": {
					"rotation": {
						"0.0": [0, 0, 0],
						"0.125": {
							"pre": [3, -2, 0],
							"post": [3, -2, 0],
							"lerp_mode": "catmullrom"
						},
						"0.25": {
							"post": [3.5, -2, 0],
							"lerp_mode": "catmullrom"
						},
						"0.3333": {
							"post": [3.5, -2, 0],
							"lerp_mode": "catmullrom"
						},
						"0.75": {
							"post": [3.67246, -1.87489, -2.00352],
							"lerp_mode": "catmullrom"
						},
						"0.9583": [0, 0, 0]
					},
					"position": {
						"0.0": [0, 0, 0],
						"0.1667": [0.02, 0.02, 0],
						"0.2083": [0.02, 0.02, 0],
						"0.7917": [0.02, 0.02, 0],
						"0.8333": [0.02, 0.02, 0],
						"0.9583": [0, 0, 0]
					}
				}
			},
			"sound_effects": {
				"0.1667": {
					"effect": "pump1"
				},
				"0.2083": {
					"effect": "stellatsweaponries_movement3"
				},
				"0.5833": {
					"effect": "shell_chamber"
				},
				"0.875": {
					"effect": "pump2"
				},
				"1.0": {
					"effect": "foley_start"
				}
			}
		},
		"animation.model.finish": {
			"animation_length": 0.3333,
			"bones": {
				"main": {
					"rotation": {
						"0.0": [0, 7.5, 60],
						"0.1": [0, 0, 40],
						"0.25": [-1.5, 0, 2.5],
						"0.35": [0, 0, 0]
					},
					"position": {
						"0.0": {
							"post": [-10, 10, -5],
							"lerp_mode": "catmullrom"
						},
						"0.1": {
							"post": [-6.67, 6.67, -3.33],
							"lerp_mode": "catmullrom"
						},
						"0.25": {
							"post": [-0.4, 0.4, 8],
							"lerp_mode": "catmullrom"
						},
						"0.35": {
							"post": [0, 0, 0],
							"lerp_mode": "catmullrom"
						}
					}
				},
				"_camera_": {
					"rotation": {
						"0.0": [0, 0, 0],
						"0.25": [0, 0, 0]
					}
				}
			},
			"sound_effects": {
				"0.0": {
					"effect": "foley_end"
				},
				"0.1": {
					"effect": "stellatsweaponries_movement1"
				}
			}
		},
		"animation.model.inspect": {
			"animation_length": 4.2667,
			"bones": {
				"main": {
					"rotation": {
						"0.0": [0, 0, 0],
						"0.1667": [-8.41746, -13.59608, -21.21259],
						"0.3": [-8.39812, -20.10111, -31.77688],
						"0.4333": [-9.55676, -20.88889, -28.55629],
						"0.5333": [-8.77652, -21.21647, -30.72851],
						"0.7667": [-9.4227, -20.94881, -28.93303],
						"1.0": [-5.39184, -20.53623, -40.04478],
						"1.1333": [-4.564, -20.73064, -42.44007],
						"1.3333": [-4.58308, -20.97575, -42.38574],
						"1.4667": [-4.01131, -21.08802, -43.97908],
						"1.6": [-4.38767, -21.01662, -42.9316],
						"1.7": [-4.18847, -21.05622, -43.48691],
						"2.0333": [-12.91438, 5.38499, 54.40399],
						"2.1667": [-11.22513, 5.80082, 60.04554],
						"2.3": [-11.70981, 5.86025, 59.48558],
						"2.4333": [-11.93602, 7.03904, 62.69373],
						"2.5667": [-11.60896, 7.75082, 65.23442],
						"2.7333": [-11.71675, 7.52491, 64.42194],
						"2.9": [-11.56389, 7.84019, 65.55973],
						"3.1": [-11.61778, 7.73186, 65.16659],
						"3.2667": [-11.9801, 6.93689, 62.33342],
						"3.4": [-4.86998, 2.42135, 33.56191],
						"3.5333": [0, -1.75, -2.75],
						"3.7": [0, 0, 0]
					},
					"position": {
						"0.0": [0, 0, 0],
						"0.3": [-0.475, 1.475, -11.7],
						"0.4": [-0.195, 1, -10.7],
						"0.5333": [-0.03, 0.725, -10.7],
						"0.7": [0, 1.125, -10.7],
						"0.9": [0.125, 1.4, -11.275],
						"1.2": [-0.02, 1.475, -11],
						"1.4": [0.11, 1.425, -11.175],
						"1.6667": [0.275, 1.25, -10.975],
						"1.8": [-0.13, 4.41, -11.65],
						"1.9667": [-2.545, 7.675, -10.15],
						"2.1333": [-4.415, 9.605, -19.545],
						"2.2667": [-4.525, 9.545, -18.17],
						"2.4": [-4.49, 9.57, -18.85],
						"2.5667": [-4.455, 9.5, -18.24],
						"2.7667": [-4.53, 9.5, -18.27],
						"3.0": [-4.49, 9.59, -18.3],
						"3.2333": [-4.545, 9.675, -18.325],
						"3.3667": [-5.005, 6.99, -6.41],
						"3.6333": [0, 0, 0]
					}
				},
				"leftarm": {
					"rotation": {
						"0.0": [0, 0, 0],
						"0.1667": [94.34183, 65.03608, 48.49136],
						"1.7333": [94.34183, 65.03608, 48.49136],
						"2.0333": [-20, 0, -45],
						"3.3": [-20, 0, -45],
						"3.5667": [0, 0, 0]
					},
					"position": {
						"0.0": [0, 0, 0],
						"0.1667": [6.23986, -46.20851, 24.64864],
						"1.7333": [6.23986, -46.20851, 24.64864],
						"2.0333": [8.825, 8.55, 14.98],
						"3.3": [8.825, 8.55, 14.98],
						"3.4333": [8.12192, -0.33307, 8.11796],
						"3.5667": [0, 0, 0]
					}
				},
				"rightarm": {
					"rotation": {
						"0.0": [0, 0, 0],
						"0.1667": [0, 0, 0],
						"1.7333": [0, 0, 0],
						"2.0333": [0.09396, 19.47939, 4.39424],
						"3.3": [0.09396, 19.47939, 4.39424],
						"3.5667": [0, 0, 0]
					},
					"position": {
						"0.0": [0, 0, 0],
						"0.1667": [0, 0, 0],
						"1.7333": [0, 0, 0],
						"2.0333": [6.85, 1.45, 2.025],
						"3.3": [6.85, 1.45, 2.025],
						"3.5667": [0, 0, 0]
					}
				},
				"_camera_": {
					"rotation": {
						"0.0": [0, 0, 0],
						"0.1667": [0.1, 0.05, 0.13],
						"0.2667": [0.49127, 2.50217, 0.20438],
						"0.4667": [3.58, 9.14, 0.3],
						"0.8333": [11.09, 24.89, 0.49],
						"0.9667": [13.12217, 29.00071, 0.54014],
						"1.2": [14.09, 30.85, 0.55],
						"1.4": [13.59, 29.94, 0.53],
						"1.5": [13.22, 28.51, 0.52],
						"1.8667": [0.49842, 4.50216, 0.20482],
						"2.0": [-1.41593, -7.96782, 0],
						"2.1667": [-1.44, -11.35, -0.01],
						"2.3333": [-1.09753, -13.15659, 0],
						"2.5333": [-0.61, -13.34, 0],
						"2.7667": [-0.14682, -13.09315, 0],
						"3.0333": [-0.46, -11.55, 0],
						"3.2667": [-0.78488, -8.94001, 0],
						"3.5667": [0, 0, 0]
					}
				}
			},
			"sound_effects": {
				"0.0": {
					"effect": "inspect_up"
				},
				"0.0333": {
					"effect": "stellatsweaponries_movement2"
				},
				"0.8": {
					"effect": "inspect_foley"
				},
				"0.8333": {
					"effect": "stellatsweaponries_movement1"
				},
				"1.3667": {
					"effect": "inspect_turn"
				},
				"1.8": {
					"effect": "stellatsweaponries_movement3"
				},
				"3.2667": {
					"effect": "inspect_down"
				},
				"3.3": {
					"effect": "stellatsweaponries_movement1"
				}
			}
		},
		"animation.model.fire": {
			"animation_length": 0.675,
			"bones": {
				"main": {
					"rotation": {
						"0.0": [0, 0, 0],
						"0.05": [-9.80704, -2.00287, -6.82365],
						"0.175": [-6.33303, -1.97055, -6.0739],
						"0.225": [-4.60652, -1.80399, -2.32556],
						"0.3": [-3.38312, -0.94992, 2.14611],
						"0.375": [-2.60511, -0.81923, 0.79288],
						"0.475": [-1.04175, -0.61979, 1.35169],
						"0.575": [-0.41934, 0.1901, 0.17584],
						"0.675": [0, 0, 0]
					},
					"position": {
						"0.0": [0, 0, 0],
						"0.05": [-0.375, -0.9, 6.575],
						"0.125": [-0.63, -0.4, 3.375],
						"0.225": [-0.39, -0.44, 4.06],
						"0.3": [-0.155, -0.475, 3.95],
						"0.45": [-0.06, -0.19, 1.48],
						"0.625": [0, 0, 0]
					},
					"scale": {
						"0.0": [1, 1, 1],
						"0.05": [1, 1, 0.95],
						"0.2": [1, 1, 1]
					}
				},
				"pump": {
					"rotation": {
						"0.0": [0, 0, 0],
						"0.2": [0, 0, 0],
						"0.525": [0, 0, 0]
					},
					"position": {
						"0.0": [0, 0, 0],
						"0.2": [0, 0, 0],
						"0.275": [0, 0, 8],
						"0.3": [0, 0, 7],
						"0.45": [0, 0, 7],
						"0.525": [0, 0, 0]
					}
				},
				"action": {
					"rotation": {
						"0.0": [0, 0, 0],
						"0.2": [0, 0, 0],
						"0.525": [0, 0, 0]
					},
					"position": {
						"0.0": [0, 0, 0],
						"0.2": [0, 0, 0],
						"0.275": [0, 0, 8.6],
						"0.45": [0, 0, 8.6],
						"0.525": [0, 0, 0]
					}
				},
				"leftarm": {
					"rotation": {
						"0.0": [0, 0, 0],
						"0.2": [0, 0, 0],
						"0.275": [-13.59079, 2.94012, -2.73376],
						"0.45": [-13.59079, 2.94012, -2.73376],
						"0.525": [0, 0, 0]
					},
					"position": {
						"0.0": [0, 0, 0],
						"0.2": [0, 0, 0],
						"0.275": [4.3315, 0.69114, 6.38992],
						"0.45": [5.29358, 0.52862, 8.13577],
						"0.525": [0, 0, 0]
					},
					"scale": {
						"0.0": [1, 1, 1],
						"0.275": [1, 0.9, 1],
						"0.35": [1, 1, 1]
					}
				},
				"catridge": {
					"rotation": {
						"0.0": [0, 0, 0],
						"0.2": [0, 0, 0],
						"0.25": [-23.75, 0, 0],
						"0.3": [-21.45148, 17.49725, 0.31528],
						"0.4": [15.13672, -11.72631, -51.54685],
						"0.5": [105.24991, 15.27008, -134.25105],
						"0.6": [0, 0, 0]
					},
					"position": {
						"0.0": [0, 0, 0],
						"0.2": [0, 0, 0],
						"0.25": [-0.075, 3.45, -0.95],
						"0.3": [-1.87, 3.05, 1],
						"0.4": [-13.37, 4.175, -0.95],
						"0.5": [-24.615, -7.15, -0.95],
						"0.55": [-27.62, -28.175, -0.95],
						"0.6": [3.105, -42.18, 35.15],
						"0.65": [0.125, -0.79, 25.455]
					},
					"scale": {
						"0.0": [1, 1, 1],
						"0.2": [1, 1, 1],
						"0.55": [1, 1, 1],
						"0.6": [0.2625, 0.19, 0.0575],
						"0.65": [0.2625, 0.19, 0.0575]
					}
				},
				"_camera_": {
					"rotation": {
						"0.0": [0, 0, 0],
						"0.05": [-9.9, 0, -2],
						"0.175": [-5.2, 0, 0],
						"0.3": [-2.19909, 0.05234, 1.99932],
						"0.4": [-0.85, 0.03, 1.6],
						"0.5": [0, 0, 0]
					},
					"position": {
						"0.0": [0, 0, 0],
						"0.05": [0, 0, 16],
						"0.25": [0, 0, 14.22],
						"0.325": [0, 0, 14.55],
						"0.5": [0, 0, 0]
					}
				}
			},
			"sound_effects": {
				"0.175": {
					"effect": "pump1"
				},
				"0.45": {
					"effect": "pump2"
				}
			}
		},
		"animation.model.fire_overcharge": {
			"animation_length": 6,
			"bones": {
				"main": {
					"rotation": {
						"0.0": [0, 0, 0],
						"0.05": [-25.30704, -2.00287, -6.82365],
						"0.175": [-12.53303, -1.97055, -6.0739],
						"0.225": [-8.20652, -1.80399, -2.32556],
						"0.3": [-4.58312, -0.94992, 2.14611],
						"0.375": [-2.50511, -0.81923, 0.79288],
						"0.475": [-1.04175, -0.61979, 1.35169],
						"0.575": [-2.91934, 0.1901, 0.17584],
						"0.675": [-1, 0, 0],
						"0.85": {
							"pre": [0, -11.21, -13.48],
							"post": [0, -11.21, -13.48],
							"lerp_mode": "catmullrom"
						},
						"1.025": {
							"post": [0, -17.62128, -21.18288],
							"lerp_mode": "catmullrom"
						},
						"1.5": {
							"post": [0, -18.12128, -21.18288],
							"lerp_mode": "catmullrom"
						},
						"2.325": {
							"post": [-0.50213, -18.37125, -21.17599],
							"lerp_mode": "catmullrom"
						},
						"2.575": {
							"post": [3.8224, -12.51265, -18.18288],
							"lerp_mode": "catmullrom"
						},
						"4.35": {
							"post": [4.81, -13.54, -18.18],
							"lerp_mode": "catmullrom"
						},
						"5.025": {
							"post": [4.29843, -13.57936, -18.70439],
							"lerp_mode": "catmullrom"
						},
						"5.625": {
							"post": [0, -13.62128, -18.18288],
							"lerp_mode": "catmullrom"
						},
						"5.825": [0, -7.21, -11.48],
						"5.9": [-0.62671, -4.54518, 4.29033],
						"5.975": [0, 0, 0]
					},
					"position": {
						"0.0": [0, 0, 0],
						"0.05": [-0.375, -0.9, 6.575],
						"0.125": [-0.63, -0.4, 3.375],
						"0.225": [-0.39, -0.44, 4.06],
						"0.3": [-0.155, -0.475, 3.95],
						"0.45": [-0.06, -0.19, 1.48],
						"0.5": [-0.04, -0.14, 1.06],
						"0.625": [0, 0, 5],
						"0.75": [-0.06, -0.19, 1.48],
						"5.625": [0, -0.01, 0.11],
						"5.75": [0, -0.01, 4.07],
						"5.8": [0, -0.01, 3.26],
						"5.9": [-1, 0, 0]
					},
					"scale": {
						"0.0": [1, 1, 1],
						"0.05": [1, 1, 0.95],
						"0.2": [1, 1, 1]
					}
				},
				"pump": {
					"rotation": {
						"0.0": [0, 0, 0],
						"0.5": [0, 0, 0],
						"0.875": [0, 0, 0]
					},
					"position": {
						"0.0": [0, 0, 0],
						"0.5": [0, 0, 0],
						"0.575": [0, 0, 8],
						"0.6": [0, 0, 7],
						"0.8": [0, 0, 7],
						"0.875": [0, 0, 0]
					}
				},
				"action": {
					"rotation": {
						"0.0": [0, 0, 0],
						"0.2": [0, 0, 0],
						"0.525": [0, 0, 0]
					},
					"position": {
						"0.0": [0, 0, 0],
						"0.2": [0, 0, 0],
						"0.275": [0, 0, 8.6],
						"0.45": [0, 0, 8.6],
						"0.525": [0, 0, 0]
					}
				},
				"leftarm": {
					"rotation": {
						"0.0": [0, 0, 0],
						"0.5": [0, 0, 0],
						"0.575": [-13.59079, 2.94012, -2.73376],
						"0.8": [-13.59079, 2.94012, -2.73376],
						"0.875": [0, 0, 0],
						"1.025": [0, 0, 0],
						"1.15": [-15.47, -7.44, 6.01],
						"1.275": [-13.03, -10.27, 8.3],
						"1.4": [-11.80337, -11.68561, 9.45078],
						"5.675": [-11.80337, -11.68561, 9.45078],
						"5.75": [-13.03, -10.27, 8.3],
						"5.975": [0, 0, 0]
					},
					"position": {
						"0.0": [0, 0, 0],
						"0.5": [0, 0, 0],
						"0.575": [4.3315, 0.69114, 6.38992],
						"0.8": [5.29358, 0.52862, 8.13577],
						"0.875": [0, 0, 0],
						"1.025": [0, 0, 0],
						"1.15": [5.73, 0.64, 8.27],
						"1.275": [3.91, -3.12, 11.42],
						"1.4": [3, -5, 13],
						"5.675": [3, -5, 13],
						"5.75": [3.91, -3.12, 11.42],
						"5.975": [0, 0, 0]
					},
					"scale": {
						"0.0": [1, 1, 1],
						"0.575": [1, 0.9, 1],
						"0.65": [1, 1, 1]
					}
				},
				"catridge": {
					"rotation": {
						"0.0": [0, 0, 0],
						"0.5": [-2, 0, 0],
						"0.55": [-25.75, 0, 0],
						"0.6": [-23.45148, 17.49725, 0.31528],
						"0.7": [13.13672, -11.72631, -51.54685],
						"0.8": [103.24991, 15.27008, -134.25105],
						"0.9": [-2, 0, 0]
					},
					"position": {
						"0.0": [0, 0, 0],
						"0.5": [0, 0, 0],
						"0.55": [-0.075, 3.45, -0.95],
						"0.6": [-1.87, 3.05, 1],
						"0.7": [-13.37, 4.175, -0.95],
						"0.8": [-24.615, -7.15, -0.95],
						"0.85": [-27.62, -28.175, -0.95],
						"0.9": [3.105, -42.18, 35.15],
						"0.95": [0.125, -0.79, 25.455]
					},
					"scale": {
						"0.0": [1, 1, 1],
						"0.5": [1, 1, 1],
						"0.85": [1, 1, 1],
						"0.9": [0.2625, 0.19, 0.0575],
						"0.95": [0.2625, 0.19, 0.0575]
					}
				},
				"_camera_": {
					"rotation": {
						"0.0": [0, 0, 0],
						"0.05": [-13.7, 0, -2],
						"0.175": [-8.1, 0, 0],
						"0.3": [-4.49909, 0.05234, 1.99932],
						"0.4": [-2.45, 0.03, 1.6],
						"0.5": [-1, 0, 0],
						"0.65": [0, 0, 0],
						"0.825": [0, 5.5, 0],
						"1.0": [0, 8, 0],
						"2.0": [0, 8, 0],
						"2.225": [0, 6.4, 0],
						"2.4": [0, 1.2, 0],
						"2.575": [0, 0, 0]
					},
					"position": {
						"0.0": [0, 0, 0],
						"0.05": [0, 0, 16],
						"0.25": [0, 0, 14.22],
						"0.325": [0, 0, 14.55],
						"0.5": [0, 0, 0],
						"0.65": [0, 0, 0],
						"1.0": [0, 0, 0],
						"5.575": [0, 0, 0],
						"5.875": [0, 0, 0]
					}
				}
			},
			"sound_effects": {
				"0.525": {
					"effect": "pump1"
				},
				"0.675": {
					"effect": "stellatsweaponries_amhs_steelmelter_fizz"
				},
				"0.7": {
					"effect": "stellatsweaponries_amhs_steelmelter_overcharge_beep"
				},
				"0.75": {
					"effect": "pump2"
				},
				"1.0": {
					"effect": "stellatsweaponries_amhs_steelmelter_fizz"
				},
				"1.375": {
					"effect": "stellatsweaponries_amhs_steelmelter_fizz"
				},
				"1.4": {
					"effect": "stellatsweaponries_amhs_steelmelter_overcharge_beep"
				},
				"1.7": {
					"effect": "stellatsweaponries_amhs_steelmelter_fizz"
				},
				"2.075": {
					"effect": "stellatsweaponries_amhs_steelmelter_fizz"
				},
				"2.1": {
					"effect": "stellatsweaponries_amhs_steelmelter_overcharge_beep"
				},
				"2.4": {
					"effect": "stellatsweaponries_amhs_steelmelter_fizz"
				},
				"2.775": {
					"effect": "stellatsweaponries_amhs_steelmelter_fizz"
				},
				"2.8": {
					"effect": "stellatsweaponries_amhs_steelmelter_overcharge_beep"
				},
				"3.1": {
					"effect": "stellatsweaponries_amhs_steelmelter_fizz"
				},
				"3.475": {
					"effect": "stellatsweaponries_amhs_steelmelter_fizz"
				},
				"3.5": {
					"effect": "stellatsweaponries_amhs_steelmelter_overcharge_beep"
				},
				"3.8": {
					"effect": "stellatsweaponries_amhs_steelmelter_fizz"
				},
				"4.175": {
					"effect": "stellatsweaponries_amhs_steelmelter_fizz"
				},
				"4.2": {
					"effect": "stellatsweaponries_amhs_steelmelter_overcharge_beep"
				},
				"4.5": {
					"effect": "stellatsweaponries_amhs_steelmelter_fizz"
				},
				"4.875": {
					"effect": "stellatsweaponries_amhs_steelmelter_fizz"
				},
				"4.9": {
					"effect": "stellatsweaponries_amhs_steelmelter_overcharge_beep"
				}
			}
		},
		"animation.model.iterativeload": {
			"animation_length": 0.6667,
			"bones": {
				"main": {
					"rotation": {
						"0.0": [0, 7.5, 60],
						"0.125": [-0.63165, 7.49885, 58.99137],
						"0.1667": [0.51867, 7.49727, 59.13145],
						"0.25": [-0.03387, 7.50074, 59.74439],
						"0.3333": [-3.13165, 7.49885, 58.99137],
						"0.4167": [-2.55742, 7.4805, 59.31208],
						"0.5": [-0.48133, 7.49727, 59.13145],
						"0.6667": [0, 7.5, 60]
					},
					"position": {
						"0.0": [-10, 10, -5],
						"0.125": [-10.125, 10.275, -5],
						"0.1667": [-9.695, 10.245, -5],
						"0.25": [-9.665, 10.245, -5],
						"0.3333": [-9.925, 10.275, -5],
						"0.4167": [-9.77, 10.25, -5],
						"0.5": [-9.495, 10.245, -5],
						"0.6667": [-10, 10, -5]
					}
				},
				"catridge": {
					"rotation": {
						"0.0": [-27.5, 0, 0],
						"0.0833": [-20.11435, -9.91358, 1.31845],
						"0.1667": [-25.11, -6.58, 1.31],
						"0.2083": [-30.11264, 0.0864, 1.29859],
						"0.3333": [-30.02, -5.56, 1.08],
						"0.4167": [-30.02, -5.56, 1.08],
						"0.5": [-18.89619, 0.06991, 2.4541],
						"0.6667": [0, 0, 0]
					},
					"position": {
						"0.0": [11, -30, 0],
						"0.0833": [0, -24, 15],
						"0.1667": [0, -18, 10.66],
						"0.2083": [0, -6, 2],
						"0.3333": [0, -4, 2.25],
						"0.4167": [0, 0, -0.75],
						"0.5": [0, 2.9, 1],
						"0.6667": [0, 0, 0]
					}
				},
				"rightarm": {
					"rotation": {
						"0.0": [0, 0, 0],
						"0.1667": [-5, 0, 0],
						"0.25": [-15, 0, 0],
						"0.375": [-8.57, 0, 0],
						"0.4167": [-8.57, 0, 0],
						"0.5": [-6.86, 0, 0],
						"0.6667": [1.81082, 14.04932, -35.42592]
					},
					"position": {
						"0.0": [0, -15, 0],
						"0.1667": [0, -9, -10],
						"0.25": [0, -9, -10],
						"0.375": [0, -4.2, -13],
						"0.4167": [0, -4.2, -13],
						"0.5": [0, -6.36, -10.4],
						"0.6667": [2, -22, 0]
					}
				},
				"leftarm": {
					"rotation": [0, 0, 0],
					"position": [0, 0, 0]
				},
				"_camera_": {
					"rotation": {
						"0.0": [0, 0, 0],
						"0.25": [1, -0.5, 0],
						"0.3333": [0.5, -0.5, 0],
						"0.5417": [0, 0, 0]
					}
				}
			},
			"sound_effects": {
				"0.25": {
					"effect": "shell"
				}
			}
		}
	}
}