{
	"format_version": "1.8.0",
	"animations": {
		"animation.model.draw": {
			"animation_length": 1.2,
			"bones": {
				"main": {
					"rotation": {
						"0.0": [-50.60123, -38.99394, 92.01937],
						"0.1333": [-3.27585, -3.91843, 52.5061],
						"0.4667": [1.57141, -1.85374, -1.9128],
						"0.55": [0.27288, -0.37236, 1.59554],
						"0.65": [0, 0, 0]
					},
					"position": {
						"0.0": [0, -17.3, 0],
						"0.0833": [-0.03, -9.09, 0.045],
						"0.3333": [0.02894, -1.60775, -6.90297],
						"0.4333": [0.05077, -1.45863, -3.79557],
						"0.55": [-0.01391, -0.26895, -0.26276],
						"0.65": [0, 0, 0]
					}
				},
				"leftarm": {
					"rotation": {
						"0.0": [-22, 0, 0],
						"0.1167": [-7, 0, -22],
						"0.3667": [0, 0, 0]
					},
					"position": {
						"0.0": [3.325, -2.275, 0],
						"0.1167": [6.01401, 5.6254, 6.79783],
						"0.3667": [0, 0, 0]
					}
				},
				"_camera_": {
					"rotation": {
						"0.0": [0, 0, 0],
						"0.1333": [4.80315, -2.89688, -2.62846],
						"0.25": [3.24924, -0.00333, 0.0435],
						"0.3833": [1.44082, -0.01767, 2.01624],
						"0.5": [0, 0, 0]
					}
				}
			},
			"sound_effects": {
				"0.0": {
					"effect": "draw"
				}
			}
		},
		"animation.model.fire": {
			"loop": true,
			"animation_length": 0.04167,
			"bones": {
				"main": {
					"rotation": {
						"0.0": [0, 0, -0.5],
						"0.0417": [0, 0, 0]
					}
				},
				"bolt": {
					"position": {
						"0.0": [0, 0, 9],
						"0.0417": {
							"pre": [0, 0, 0],
							"post": [0, 0, 0],
							"lerp_mode": "catmullrom"
						}
					}
				},
				"catridge": {
					"rotation": {
						"0.0": {
							"post": [0, 0, 22.5],
							"lerp_mode": "catmullrom"
						},
						"0.0417": {
							"post": [0, 0, -45],
							"lerp_mode": "catmullrom"
						}
					},
					"position": {
						"0.0": {
							"post": [-5, 1.7, 0],
							"lerp_mode": "catmullrom"
						},
						"0.0417": {
							"post": [-19.25, -1.75, 0],
							"lerp_mode": "catmullrom"
						}
					}
				}
			}
		},
		"animation.model.reload": {
			"animation_length": 1.7083,
			"bones": {
				"main": {
					"rotation": {
						"0.0": {
							"post": [0, 0, 0],
							"lerp_mode": "catmullrom"
						},
						"0.125": {
							"post": [-8.08, -6.34, -13.76],
							"lerp_mode": "catmullrom"
						},
						"0.2083": {
							"post": [-16.5251, -10.15082, -24.4102],
							"lerp_mode": "catmullrom"
						},
						"0.2917": {
							"post": [-21.5251, -10.15082, -29.4102],
							"lerp_mode": "catmullrom"
						},
						"0.4583": {
							"post": [-16.5251, -12.15082, -27.4102],
							"lerp_mode": "catmullrom"
						},
						"0.5833": {
							"post": [-14.38, -13.74, -29.99],
							"lerp_mode": "catmullrom"
						},
						"0.7083": {
							"post": [-13.31193, -15.53537, -31.77767],
							"lerp_mode": "catmullrom"
						},
						"0.7917": {
							"post": [-12.6365, -17.34835, -32.23638],
							"lerp_mode": "catmullrom"
						},
						"0.9167": {
							"post": [-17.97421, -15.94186, -29.00703],
							"lerp_mode": "catmullrom"
						},
						"1.0": {
							"post": [-13.31193, -15.53537, -24.77767],
							"lerp_mode": "catmullrom"
						},
						"1.125": {
							"post": [-8.08, -6.34, -13.76],
							"lerp_mode": "catmullrom"
						},
						"1.2083": {
							"post": [-1.61689, -1.2458, 6.00789],
							"lerp_mode": "catmullrom"
						},
						"1.2917": {
							"post": [0, 0, 0],
							"lerp_mode": "catmullrom"
						}
					},
					"position": {
						"0.0": [0, 0, 0],
						"0.125": [3.13, 11.25, -5.63],
						"0.2083": [5, 18, -9],
						"0.2917": [5.825, 19, -9],
						"0.5": [6.8, 18, -9],
						"0.5833": {
							"pre": [7, 18, -9],
							"post": [7, 18, -9],
							"lerp_mode": "catmullrom"
						},
						"0.75": {
							"post": [8, 18, -9],
							"lerp_mode": "catmullrom"
						},
						"0.875": {
							"post": [8.04, 19, -11],
							"lerp_mode": "catmullrom"
						},
						"1.0": {
							"post": [8, 18, -9],
							"lerp_mode": "catmullrom"
						},
						"1.125": {
							"post": [3.13, 8.25, -5.63],
							"lerp_mode": "catmullrom"
						},
						"1.2083": [-1, 2, 0],
						"1.2917": [0, 0, 0]
					}
				},
				"magazine": {
					"rotation": {
						"0.0": [0, 0, 0],
						"0.2083": [0, 0, 0],
						"0.3333": [0, 0, 0],
						"0.375": [0, 0, -3.17],
						"0.4583": [0, 0, -12.5],
						"0.5833": [0, 0, -12.5],
						"0.75": [0, 0, 0],
						"0.875": [0, 0, 0]
					},
					"position": {
						"0.0": [0, 0, 0],
						"0.2083": [0, 0, 0],
						"0.2917": [0, -13, -4],
						"0.375": [1, -23, -4],
						"0.5833": [1, -24, -4],
						"0.75": [0, -9, -3],
						"0.875": [0, 0, 0]
					}
				},
				"leftarm": {
					"rotation": {
						"0.0": [0, 0, 0],
						"0.2083": [5.22016, 5.24731, -4.75725],
						"0.5833": [5.22016, 5.24731, -4.75725],
						"0.75": [5.54768, 12.74005, -4.29222],
						"0.875": [-6.95232, 12.74005, -4.29222],
						"1.125": [5.22016, 5.24731, -4.75725],
						"1.25": [0, 0, 0]
					},
					"position": {
						"0.0": [0, 0, 0],
						"0.2083": [0, -30, 28],
						"0.5833": [0, -30, 28],
						"0.75": [3, -9, 29],
						"0.9583": [3, -9, 29],
						"1.0833": [0, -13, 13],
						"1.1667": [0, -8, 6.66],
						"1.25": [0, -3, 5.33],
						"1.2917": [0, 0, 0]
					}
				},
				"_camera_": {
					"rotation": {
						"0.0": [0, 0, 0],
						"0.2083": [-0.38815, 0.33442, 0.90081],
						"0.5417": [0.2, 0.7, 1.5],
						"0.9167": [0.18691, 0.20017, -0.0004],
						"1.2083": [0.1869, 0.70017, -0.7504],
						"1.7083": [0, 0, 0]
					}
				}
			},
			"sound_effects": {
				"0.0": {
					"effect": "stellatsweaponries_movement1"
				},
				"0.2083": {
					"effect": "stellatsweaponries_mz-x_magout"
				},
				"0.375": {
					"effect": "stellatsweaponries_mag_pick"
				},
				"0.5": {
					"effect": "stellatsweaponries_movement3"
				},
				"0.75": {
					"effect": "stellatsweaponries_mz-x_magin"
				}
			}
		},
		"animation.model.reloadempty": {
			"animation_length": 2.8333,
			"bones": {
				"main": {
					"rotation": {
						"0.0": {
							"post": [0, 0, 0],
							"lerp_mode": "catmullrom"
						},
						"0.125": {
							"post": [0, 0, 45.25],
							"lerp_mode": "catmullrom"
						},
						"0.25": {
							"post": [0, 0, 64],
							"lerp_mode": "catmullrom"
						},
						"0.375": {
							"post": [0, 0, 65.5],
							"lerp_mode": "catmullrom"
						},
						"0.5": {
							"post": [0, 0, 62.25],
							"lerp_mode": "catmullrom"
						},
						"0.625": {
							"post": [0, 0, 64],
							"lerp_mode": "catmullrom"
						},
						"0.7083": {
							"post": [0, 0, 50.25],
							"lerp_mode": "catmullrom"
						},
						"0.8333": {
							"post": [1.04, 0.47, 13.02],
							"lerp_mode": "catmullrom"
						},
						"1.0": {
							"post": [-4.08, -6.34, -12.76],
							"lerp_mode": "catmullrom"
						},
						"1.0833": {
							"post": [-12.5251, -10.15082, -23.4102],
							"lerp_mode": "catmullrom"
						},
						"1.1667": {
							"post": [-17.5251, -10.15082, -23.4102],
							"lerp_mode": "catmullrom"
						},
						"1.3333": {
							"post": [-12.5251, -12.15082, -23.4102],
							"lerp_mode": "catmullrom"
						},
						"1.5": {
							"post": [-10.38, -13.74, -28.99],
							"lerp_mode": "catmullrom"
						},
						"1.625": {
							"post": [-9.31193, -15.53537, -34.77767],
							"lerp_mode": "catmullrom"
						},
						"1.7917": {
							"post": [-13.97421, -15.94186, -38.00703],
							"lerp_mode": "catmullrom"
						},
						"1.9167": {
							"post": [-9.31193, -15.53537, -34.77767],
							"lerp_mode": "catmullrom"
						},
						"2.0417": {
							"post": [-4.08, -6.34, -12.76],
							"lerp_mode": "catmullrom"
						},
						"2.3333": [0, 1, 64],
						"2.4167": [0, -4, 70.5],
						"2.5": [0, -1.5, 67.25],
						"2.625": {
							"pre": [0, 1.16, 47.1],
							"post": [0, 1.16, 47.1],
							"lerp_mode": "catmullrom"
						},
						"2.8333": {
							"post": [0, 0, 0],
							"lerp_mode": "catmullrom"
						}
					},
					"position": {
						"0.0": [0, 0, 0],
						"0.125": [-4.075, 0, 0],
						"0.25": [-5.825, 0, 0],
						"0.375": [-5.825, -0.225, 0.325],
						"0.5": [-5.45, 0.215, 0.35],
						"0.625": [-5.825, 0, 0],
						"0.7083": {
							"pre": [-4.075, 0, 0],
							"post": [-4.075, 0, 0],
							"lerp_mode": "catmullrom"
						},
						"0.8333": {
							"post": [-0.55, -0.83, 0.42],
							"lerp_mode": "catmullrom"
						},
						"1.0": {
							"post": [4.305, 6.25, -5.63],
							"lerp_mode": "catmullrom"
						},
						"1.125": {
							"post": [5.325, 13, -9],
							"lerp_mode": "catmullrom"
						},
						"1.2083": {
							"post": [6.025, 14, -9],
							"lerp_mode": "catmullrom"
						},
						"1.3333": {
							"post": [6.85, 13, -9],
							"lerp_mode": "catmullrom"
						},
						"1.5": [7.675, 13, -9],
						"1.5833": [8, 13, -9],
						"1.6667": {
							"pre": [8.075, 13, -9],
							"post": [8.075, 13, -9],
							"lerp_mode": "catmullrom"
						},
						"1.75": {
							"post": [8.04, 14, -11],
							"lerp_mode": "catmullrom"
						},
						"1.9167": [8, 13, -9],
						"2.0417": [3.13, 6.25, -5.63],
						"2.2083": [-1.37, 3.14, -3.13],
						"2.4167": [-5, 8, 0],
						"2.5": [-5, 7.775, 0.325],
						"2.5833": [-4.625, 3.715, 0.35],
						"2.6667": [-5, 2, 0],
						"2.8333": [0, 0, 0]
					}
				},
				"magazine": {
					"rotation": {
						"0.0": [0, 0, 0],
						"0.8333": [0, 0, 0],
						"1.0833": [0, 0, 0],
						"1.2083": [0, 0, 0],
						"1.25": [0, 0, -3.17],
						"1.3333": [0, 0, -12.5],
						"1.5": [0, 0, -12.5],
						"1.6667": [0, 0, 0],
						"1.75": [0, 0, 0],
						"2.0833": [0, 0, 0],
						"2.8333": [0, 0, 0]
					},
					"position": {
						"0.0": [0, 0, 0],
						"0.8333": [0, 0, 0],
						"1.0833": [0, 0, 0],
						"1.1667": [0, -13, -4],
						"1.25": [1, -23, -4],
						"1.4583": [1, -24, 3],
						"1.625": [0.2, -12, -3],
						"1.6667": [0, -9, -3],
						"1.75": [0, 0, 0],
						"2.0833": [0, 0, 0],
						"2.8333": [0, 0, 0]
					}
				},
				"leftarm": {
					"rotation": {
						"0.0": [0, 0, 0],
						"0.8333": [0, 0, 0],
						"1.0833": [5.22016, 5.24731, -4.75725],
						"1.5": [5.22016, 5.24731, -4.75725],
						"1.6667": [5.54768, 12.74005, -4.29222],
						"1.75": [-6.95232, 12.74005, -4.29222],
						"2.0": [5.22016, 5.24731, -4.75725],
						"2.2917": [0, 0, 0],
						"2.8333": [0, 0, 0]
					},
					"position": {
						"0.0": [0, 0, 0],
						"0.8333": [0, 0, 0],
						"1.0833": [0, -30, 28],
						"1.4583": [0, -30, 35],
						"1.625": [3, -9, 32],
						"1.8333": [3, -9, 29],
						"1.9583": [0, -13, 13],
						"2.0417": [0, -8, 6.66],
						"2.1667": [0, 0, 0],
						"2.8333": [0, 0, 0]
					}
				},
				"bolt": {
					"rotation": {
						"0.0": [0, 0, 0],
						"0.625": [0, 0, 0],
						"0.6667": [0, 0, 12.5],
						"2.2917": [0, 0, 12.5],
						"2.375": [0, 0, 0]
					},
					"position": {
						"0.0": [0, 0, 0],
						"0.375": [0, 0, 0],
						"0.5": [0, 0, 6.75],
						"0.625": [0, 0, 9],
						"2.375": [0, 0, 9],
						"2.4583": [0, 0, 1.5],
						"2.625": [0, 0, 0]
					}
				},
				"rightarm": {
					"rotation": {
						"0.0": [0, 0, 0],
						"0.125": [0, 0, 0],
						"0.375": [-16.94459, 7.55445, 13.05574],
						"0.5": [-16.94, 7.55, 13.06],
						"0.625": [-16.94459, 7.55445, 13.05574],
						"0.8333": [0, 0, 0],
						"2.0833": [0, 0, 0],
						"2.2083": [-10, 0, 0],
						"2.2917": [-66.78191, 13.06252, -3.65099],
						"2.375": [-26.73546, 16.13479, 10.42595],
						"2.7917": [0, 0, 0]
					},
					"position": {
						"0.0": [0, 0, 0],
						"0.125": [0, 0, 0],
						"0.2083": [-1.52, 0.3, -9.12],
						"0.375": [-3.79, -0.25, -10.29],
						"0.5": [-3.79, -0.25, -2.79],
						"0.625": [-3.79, -0.25, -0.29],
						"0.8333": [0, 0, 0],
						"2.0833": [0, 0, 0],
						"2.1667": [-4, -8, 0],
						"2.2917": [0.51954, -12.19647, -8.88741],
						"2.375": [-1.83517, -8.5605, -0.34323],
						"2.5417": [-1.42, -0.72, -0.48],
						"2.7917": [0, 0, 0]
					}
				},
				"_camera_": {
					"rotation": {
						"0.0": [0, 0, 0],
						"0.1667": [3.61185, 1.23442, 0.90081],
						"0.5": [6.2, 2, 1.5],
						"1.0": [1.5869, 2.25017, 0.7496],
						"1.4583": [1.82256, 2.35096, -1.16076],
						"1.6667": [1.32556, 2.14282, -0.90329],
						"2.0833": [0.15719, 0.46945, -0.80828],
						"2.4583": [-0.13981, 0.25369, 0.42684],
						"2.625": [-0.2762, 0.10432, -1.67961],
						"2.8333": [0, 0, 0]
					}
				}
			},
			"sound_effects": {
				"0.0": {
					"effect": "stellatsweaponries_movement2"
				},
				"0.1667": {
					"effect": "stellatsweaponries_mz-x_boltback"
				},
				"0.8333": {
					"effect": "stellatsweaponries_movement1"
				},
				"1.0833": {
					"effect": "stellatsweaponries_mz-x_magout"
				},
				"1.25": {
					"effect": "stellatsweaponries_mag_pick"
				},
				"1.375": {
					"effect": "stellatsweaponries_movement3"
				},
				"1.6667": {
					"effect": "stellatsweaponries_mz-x_magin"
				},
				"2.125": {
					"effect": "stellatsweaponries_movement2"
				},
				"2.1667": {
					"effect": "stellatsweaponries_mz-x_boltslap"
				}
			}
		},
		"animation.model.inspect": {
			"animation_length": 5.1333,
			"bones": {
				"holo": {
					"position": {
						"0.0": [0, 0, 0],
						"2.1333": [0, 0, 0],
						"2.4": [0, 0, 0],
						"2.5667": [0, 0, 0],
						"3.2": [0, 0, 0]
					},
					"scale": {
						"0.0": [1, 1, 1],
						"2.1333": [1, 1, 1],
						"2.2333": [1, 0.3249, 1],
						"2.4": [1, 0, 1],
						"2.5667": [1, 0, 1],
						"2.8667": [1, 0.4421, 1],
						"3.2": [1, 1, 1]
					}
				},
				"indicator": {
					"position": [0, 0, 0],
					"scale": 1
				},
				"main": {
					"rotation": {
						"0.0": [0, 0, 0],
						"0.2": [-8.41746, -13.59608, -21.21259],
						"0.3667": [-8.39812, -20.10111, -31.77688],
						"0.5333": [-9.55676, -20.88889, -28.55629],
						"0.6667": [-8.77652, -21.21647, -30.72851],
						"0.9": [-9.4227, -20.94881, -28.93303],
						"1.1333": [-3.1216, -20.98207, -46.44405],
						"1.2667": [-4.564, -20.73064, -42.44007],
						"1.3667": [-4.86325, -20.9153, -41.60203],
						"1.4667": [-4.58308, -20.97575, -42.38574],
						"1.6": [-4.01131, -21.08802, -43.97908],
						"1.7333": [-4.38767, -21.01662, -42.9316],
						"1.8333": [-4.18847, -21.05622, -43.48691],
						"2.1667": [-16.91438, 5.38499, 54.40399],
						"2.3333": [-15.22513, 5.80082, 60.04554],
						"2.5333": [-15.70981, 5.86025, 59.48558],
						"2.6667": [-12.85337, 11.80518, 81.34581],
						"2.8": [-9.20386, 14.8124, 97.09944],
						"2.9667": [-8.63174, 15.14765, 99.31216],
						"3.1333": [-8.31595, 15.31944, 100.51249],
						"3.3333": [-7.04161, 15.93452, 105.24178],
						"3.6": [-7.85845, 15.55635, 102.2332],
						"3.8333": [-7.04161, 15.93452, 105.24178],
						"4.1": [-7.85845, 15.55635, 102.2332],
						"4.3667": [-7.95077, 4.6277, 48.42796],
						"4.5333": [0, -1.75, -2.75],
						"4.7": [0, 0, 0]
					},
					"position": {
						"0.0": [0, 0, 0],
						"0.3667": [7.525, 6.475, -8.7],
						"0.5": [7.805, 6, -7.7],
						"0.6667": [7.97, 7.725, -7.7],
						"0.8333": [8, 7.125, -7.7],
						"1.0333": [8.125, 6.4, -8.275],
						"1.3333": [7.98, 6.475, -8],
						"1.5333": [8.11, 7.425, -8.175],
						"1.8": [3.275, 7.25, -7.975],
						"1.9333": [-1.13, 6.81, -8.65],
						"2.3": [-7.415, 9.605, -10.545],
						"2.4333": [-8.415, 8.805, -10.545],
						"2.5": [-9.415, 9.605, -10.545],
						"2.6333": [-9.415, 17.605, -10.295],
						"2.8": [-9.24, 21.805, -10.295],
						"3.0": [-9.415, 21.605, -13.645],
						"3.2333": [-9.415, 21.605, -15.87],
						"3.5": [-9.415, 22.605, -15.545],
						"3.6333": [-10.415, 21.605, -15.545],
						"3.7333": [-9.415, 21.605, -15.87],
						"4.0": [-9.415, 22.605, -15.545],
						"4.1333": [-11.415, 17.605, -15.545],
						"4.2667": [-9.415, 13.605, -12.545],
						"4.6333": [0, 0, 0]
					}
				},
				"leftarm": {
					"rotation": {
						"0.0": [0, 0, 0],
						"0.2": [0, 0, -2.5],
						"1.8667": [0, 0, -2.5],
						"2.1667": [0, 0, 0]
					},
					"position": {
						"0.0": [0, 0, 0],
						"0.2": [11.23986, -30.20851, 24.64864],
						"1.8667": [11.23986, -30.20851, 24.64864],
						"2.1667": [0, 0, 0]
					}
				},
				"rightarm": {
					"rotation": {
						"0.0": [0, 0, 0],
						"2.2": [0, 0, 0],
						"2.5333": [0, 0, 0],
						"2.9333": [-43.27878, 12.93751, -3.9971],
						"3.0667": [-34.09, 5.71, -1.23],
						"3.3667": [-30, 2.5, 0],
						"3.5": [-12.5, 0, 0],
						"4.2": [-12.5, 0, 0],
						"4.6667": [0, 0, 0]
					},
					"position": {
						"0.0": [0, 0, 0],
						"2.2": [0, 0, 0],
						"2.5333": [-0.93, 1.04, -1.56],
						"2.9333": [1.47, -11.71, -14.39],
						"3.0667": [-2.68, -7.56, -7.47],
						"3.3667": [-4.53, -5.71, -4.39],
						"3.5": [2, -5, 0],
						"4.2": [2, -5, 0],
						"4.6667": [0, 0, 0]
					},
					"scale": 1
				},
				"bolt": {
					"position": {
						"0.0": [0, 0, 0],
						"2.9333": [0, 0, 0],
						"3.0333": [0, 0, 5.33],
						"3.1333": [0, 0, 8],
						"3.3667": [0, 0, 8],
						"3.4333": [0, 0, 2],
						"3.5": [0, 0, 0]
					}
				},
				"_camera_": {
					"rotation": {
						"0.0": [0, 0, 0],
						"0.1333": [0.35, 0.9, 0],
						"0.2667": [0.5, 1.2, 0],
						"0.5": [0.55, 1.25, 0],
						"0.7667": [0.5, 1.2, 0],
						"0.8": [0.5, 1.33, 0],
						"0.9333": [0.5, 1.905, 0],
						"0.9667": [0.5, 2, 0],
						"1.6333": [0.5, 2, 0],
						"1.7667": [0.3, 1.08, 0],
						"1.8333": [0, 0, 0],
						"2.0": [0, -0.7, 0]
					}
				}
			},
			"sound_effects": {
				"0.0": {
					"effect": "stellatsweaponries_movement3"
				},
				"1.0": {
					"effect": "stellatsweaponries_movement1"
				},
				"2.0": {
					"effect": "stellatsweaponries_movement2"
				},
				"2.6333": {
					"effect": "stellatsweaponries_movement1"
				},
				"2.7": {
					"effect": "stellatsweaponries_mz-x_boltback"
				},
				"3.2": {
					"effect": "stellatsweaponries_mz-x_boltforward"
				},
				"3.3667": {
					"effect": "stellatsweaponries_movement1"
				},
				"4.2667": {
					"effect": "stellatsweaponries_movement2"
				}
			}
		}
	}
}