{
	"format_version": "1.8.0",
	"animations": {
		"animation.model.inspect": {
			"animation_length": 5.6,
			"bones": {
				"leftarm": {
					"rotation": {
						"0.0": {
							"post": [0, 0, 0],
							"lerp_mode": "catmullrom"
						},
						"0.3333": {
							"post": [0, -5, 0],
							"lerp_mode": "catmullrom"
						},
						"0.6667": {
							"post": [0, -5, 0],
							"lerp_mode": "catmullrom"
						},
						"1.0": {
							"post": [0, -5, 0],
							"lerp_mode": "catmullrom"
						},
						"1.3333": {
							"post": [0, -5, 0],
							"lerp_mode": "catmullrom"
						},
						"1.4667": {
							"post": [0, -5, 0],
							"lerp_mode": "catmullrom"
						},
						"1.6667": {
							"post": [5.5, -1.06, 11.18],
							"lerp_mode": "catmullrom"
						},
						"1.7333": {
							"post": [7.5, 0, 15],
							"lerp_mode": "catmullrom"
						},
						"2.0": {
							"post": [7.47, 1.04, 14.68],
							"lerp_mode": "catmullrom"
						},
						"2.3333": {
							"post": [7.41, 2.34, 14.28],
							"lerp_mode": "catmullrom"
						},
						"2.6667": {
							"post": [7.35, 3.63, 13.87],
							"lerp_mode": "catmullrom"
						},
						"3.0": {
							"post": [7.28, 4.93, 13.47],
							"lerp_mode": "catmullrom"
						},
						"3.3333": {
							"post": [7.2, 6.23, 13.05],
							"lerp_mode": "catmullrom"
						},
						"3.5667": {
							"post": [7.14, 7.14, 12.76],
							"lerp_mode": "catmullrom"
						},
						"3.6667": {
							"post": [6.71, 6.8, 12.05],
							"lerp_mode": "catmullrom"
						},
						"4.0": {
							"post": [5.33, 5.62, 9.7],
							"lerp_mode": "catmullrom"
						},
						"4.3333": {
							"post": [4, 4.4, 7.38],
							"lerp_mode": "catmullrom"
						},
						"4.6667": {
							"post": [2.72, 3.12, 5.1],
							"lerp_mode": "catmullrom"
						},
						"5.0": {
							"post": [1.5, 1.79, 2.86],
							"lerp_mode": "catmullrom"
						},
						"5.3333": {
							"post": [0.34, 0.42, 0.66],
							"lerp_mode": "catmullrom"
						},
						"5.4333": {
							"post": [0, 0, 0],
							"lerp_mode": "catmullrom"
						}
					}
				},
				"holo": {
					"position": {
						"0.0": {
							"post": [0, 0, 0],
							"lerp_mode": "catmullrom"
						},
						"2.1333": {
							"post": [0, 0, 0],
							"lerp_mode": "catmullrom"
						},
						"2.4": {
							"post": [0, 0, 0],
							"lerp_mode": "catmullrom"
						},
						"2.5667": {
							"post": [0, 0, 0],
							"lerp_mode": "catmullrom"
						},
						"3.2": {
							"post": [0, 0, 0],
							"lerp_mode": "catmullrom"
						}
					},
					"scale": {
						"0.0": {
							"post": [1, 1, 1],
							"lerp_mode": "catmullrom"
						},
						"2.1333": {
							"post": [1, 1, 1],
							"lerp_mode": "catmullrom"
						},
						"2.4": {
							"post": [0, 0, 0],
							"lerp_mode": "catmullrom"
						},
						"2.5667": {
							"post": [0, 0, 0],
							"lerp_mode": "catmullrom"
						},
						"3.2": {
							"post": [1, 1, 1],
							"lerp_mode": "catmullrom"
						}
					}
				},
				"indicator": {
					"position": {
						"0.0": {
							"post": [0, 0, 0],
							"lerp_mode": "catmullrom"
						}
					},
					"scale": {
						"0.0": {
							"post": [1, 1, 1],
							"lerp_mode": "catmullrom"
						}
					}
				},
				"main": {
					"rotation": {
						"0.0": {
							"post": [0, 0, 0],
							"lerp_mode": "catmullrom"
						},
						"0.3333": {
							"post": [-8.42, -13.6, -21.21],
							"lerp_mode": "catmullrom"
						},
						"0.5333": {
							"post": [-8.4, -20.1, -31.78],
							"lerp_mode": "catmullrom"
						},
						"0.6667": {
							"post": [-8.78, -20.37, -30.71],
							"lerp_mode": "catmullrom"
						},
						"0.9333": {
							"post": [-9.56, -20.89, -28.56],
							"lerp_mode": "catmullrom"
						},
						"1.0": {
							"post": [-9.36, -20.97, -29.1],
							"lerp_mode": "catmullrom"
						},
						"1.2": {
							"post": [-8.78, -21.22, -30.73],
							"lerp_mode": "catmullrom"
						},
						"1.3333": {
							"post": [-9.1, -21.09, -29.83],
							"lerp_mode": "catmullrom"
						},
						"1.4667": {
							"post": [-9.42, -20.95, -28.93],
							"lerp_mode": "catmullrom"
						},
						"1.6667": {
							"post": [-4.02, -21.09, -43.94],
							"lerp_mode": "catmullrom"
						},
						"1.7": {
							"post": [-3.12, -20.98, -46.44],
							"lerp_mode": "catmullrom"
						},
						"1.9": {
							"post": [-4.56, -20.73, -42.44],
							"lerp_mode": "catmullrom"
						},
						"2.0": {
							"post": [-4.86, -20.92, -41.6],
							"lerp_mode": "catmullrom"
						},
						"2.1": {
							"post": [-4.58, -20.98, -42.39],
							"lerp_mode": "catmullrom"
						},
						"2.2333": {
							"post": [-4.01, -21.09, -43.98],
							"lerp_mode": "catmullrom"
						},
						"2.3333": {
							"post": [-4.29, -21.04, -43.19],
							"lerp_mode": "catmullrom"
						},
						"2.3667": {
							"post": [-4.39, -21.02, -42.93],
							"lerp_mode": "catmullrom"
						},
						"2.6667": {
							"post": [-4.21, -21.05, -43.43],
							"lerp_mode": "catmullrom"
						},
						"2.7": {
							"post": [-4.19, -21.06, -43.49],
							"lerp_mode": "catmullrom"
						},
						"3.0": {
							"post": [-17.17, -9.71, 10.01],
							"lerp_mode": "catmullrom"
						},
						"3.2667": {
							"post": [-16.91, 5.38, 54.4],
							"lerp_mode": "catmullrom"
						},
						"3.3333": {
							"post": [-16.58, 5.48, 55.53],
							"lerp_mode": "catmullrom"
						},
						"3.6": {
							"post": [-15.23, 5.8, 60.05],
							"lerp_mode": "catmullrom"
						},
						"3.6667": {
							"post": [-15.36, 5.82, 59.89],
							"lerp_mode": "catmullrom"
						},
						"3.8333": {
							"post": [-15.71, 5.86, 59.49],
							"lerp_mode": "catmullrom"
						},
						"3.9667": {
							"post": [-15.94, 7.04, 62.69],
							"lerp_mode": "catmullrom"
						},
						"4.0": {
							"post": [-15.88, 7.16, 63.12],
							"lerp_mode": "catmullrom"
						},
						"4.1667": {
							"post": [-15.61, 7.75, 65.23],
							"lerp_mode": "catmullrom"
						},
						"4.3333": {
							"post": [-15.72, 7.52, 64.42],
							"lerp_mode": "catmullrom"
						},
						"4.5": {
							"post": [-15.56, 7.84, 65.56],
							"lerp_mode": "catmullrom"
						},
						"4.6667": {
							"post": [-15.6, 7.76, 65.28],
							"lerp_mode": "catmullrom"
						},
						"4.7333": {
							"post": [-15.62, 7.73, 65.17],
							"lerp_mode": "catmullrom"
						},
						"4.9": {
							"post": [-15.98, 6.94, 62.33],
							"lerp_mode": "catmullrom"
						},
						"5.0": {
							"post": [-13.21, 4.57, 50.05],
							"lerp_mode": "catmullrom"
						},
						"5.1333": {
							"post": [-8.87, 2.42, 33.56],
							"lerp_mode": "catmullrom"
						},
						"5.3333": {
							"post": [0, -1.75, -2.75],
							"lerp_mode": "catmullrom"
						},
						"5.5667": {
							"post": [0, 0, 0],
							"lerp_mode": "catmullrom"
						}
					},
					"position": {
						"0.0": {
							"post": [0, 0, 0],
							"lerp_mode": "catmullrom"
						},
						"0.3333": {
							"post": [-0.3, 0.92, -5.44],
							"lerp_mode": "catmullrom"
						},
						"0.5333": {
							"post": [-0.47, 1.48, -8.7],
							"lerp_mode": "catmullrom"
						},
						"0.6667": {
							"post": [-0.37, 1.3, -8.34],
							"lerp_mode": "catmullrom"
						},
						"0.9": {
							"post": [-0.19, 1, -7.7],
							"lerp_mode": "catmullrom"
						},
						"1.0": {
							"post": [-0.14, 0.91, -7.7],
							"lerp_mode": "catmullrom"
						},
						"1.2": {
							"post": [-0.03, 0.73, -7.7],
							"lerp_mode": "catmullrom"
						},
						"1.3333": {
							"post": [-0.01, 0.99, -7.7],
							"lerp_mode": "catmullrom"
						},
						"1.4": {
							"post": [0, 1.13, -7.7],
							"lerp_mode": "catmullrom"
						},
						"1.6": {
							"post": [0.13, 1.4, -8.27],
							"lerp_mode": "catmullrom"
						},
						"1.6667": {
							"post": [0.1, 1.41, -8.23],
							"lerp_mode": "catmullrom"
						},
						"1.9667": {
							"post": [-0.02, 1.48, -8],
							"lerp_mode": "catmullrom"
						},
						"2.0": {
							"post": [0, 1.47, -8.03],
							"lerp_mode": "catmullrom"
						},
						"2.1667": {
							"post": [0.11, 1.43, -8.18],
							"lerp_mode": "catmullrom"
						},
						"2.3333": {
							"post": [0.17, 1.36, -8.1],
							"lerp_mode": "catmullrom"
						},
						"2.6333": {
							"post": [0.28, 1.25, -7.97],
							"lerp_mode": "catmullrom"
						},
						"2.6667": {
							"post": [0.21, 1.01, -8.09],
							"lerp_mode": "catmullrom"
						},
						"2.8333": {
							"post": [-0.13, -0.19, -8.65],
							"lerp_mode": "catmullrom"
						},
						"3.0": {
							"post": [-0.34, 0.24, -9.9],
							"lerp_mode": "catmullrom"
						},
						"3.1667": {
							"post": [-0.55, 0.68, -11.15],
							"lerp_mode": "catmullrom"
						},
						"3.3333": {
							"post": [-0.45, 5.62, -10.72],
							"lerp_mode": "catmullrom"
						},
						"3.4": {
							"post": [-0.41, 7.61, -10.54],
							"lerp_mode": "catmullrom"
						},
						"3.6667": {
							"post": [-0.49, 8.57, -9.63],
							"lerp_mode": "catmullrom"
						},
						"3.8": {
							"post": [-0.52, 7.55, -9.17],
							"lerp_mode": "catmullrom"
						},
						"3.9333": {
							"post": [-0.49, 7.57, -9.85],
							"lerp_mode": "catmullrom"
						},
						"4.0": {
							"post": [-0.48, 7.55, -9.68],
							"lerp_mode": "catmullrom"
						},
						"4.1667": {
							"post": [-0.45, 7.5, -9.24],
							"lerp_mode": "catmullrom"
						},
						"4.3333": {
							"post": [-0.52, 7.5, -9.26],
							"lerp_mode": "catmullrom"
						},
						"4.3667": {
							"post": [-0.53, 7.5, -9.27],
							"lerp_mode": "catmullrom"
						},
						"4.6333": {
							"post": [-0.49, 7.59, -9.3],
							"lerp_mode": "catmullrom"
						},
						"4.6667": {
							"post": [-0.5, 7.6, -9.3],
							"lerp_mode": "catmullrom"
						},
						"4.8667": {
							"post": [-0.55, 7.68, -9.32],
							"lerp_mode": "catmullrom"
						},
						"5.0": {
							"post": [-0.81, 4.66, -8.23],
							"lerp_mode": "catmullrom"
						},
						"5.1": {
							"post": [-1, 2.39, -7.41],
							"lerp_mode": "catmullrom"
						},
						"5.3333": {
							"post": [-0.37, 0.87, -2.69],
							"lerp_mode": "catmullrom"
						},
						"5.4667": {
							"post": [0, 0, 0],
							"lerp_mode": "catmullrom"
						}
					}
				},
				"belt2": {
					"rotation": {
						"0.2667": {
							"pre": [0, 0, 0],
							"post": [0, 0, 0],
							"lerp_mode": "catmullrom"
						},
						"0.5333": {
							"post": [0, 0, -17.5],
							"lerp_mode": "catmullrom"
						},
						"2.6667": {
							"post": [0, 0, -17.5],
							"lerp_mode": "catmullrom"
						},
						"3.0667": {
							"post": [0, 0, 0],
							"lerp_mode": "catmullrom"
						}
					},
					"position": {
						"0.2667": {
							"pre": [0, 0, 0],
							"post": [0, 0, 0],
							"lerp_mode": "catmullrom"
						},
						"0.5333": {
							"post": [0, -0.5, 0],
							"lerp_mode": "catmullrom"
						},
						"2.6667": {
							"post": [0, -0.5, 0],
							"lerp_mode": "catmullrom"
						},
						"3.0667": {
							"post": [0, 0, 0],
							"lerp_mode": "catmullrom"
						}
					}
				},
				"belt3": {
					"rotation": {
						"0.2667": {
							"pre": [0, 0, 0],
							"post": [0, 0, 0],
							"lerp_mode": "catmullrom"
						},
						"0.5333": {
							"post": [0, 0, 27.5],
							"lerp_mode": "catmullrom"
						},
						"2.6667": {
							"post": [0, 0, 27.5],
							"lerp_mode": "catmullrom"
						},
						"3.0667": {
							"post": [0, 0, 0],
							"lerp_mode": "catmullrom"
						}
					},
					"position": {
						"0.2667": {
							"pre": [0, 0, 0],
							"post": [0, 0, 0],
							"lerp_mode": "catmullrom"
						},
						"0.5333": {
							"post": [0.25, 0.25, 0],
							"lerp_mode": "catmullrom"
						},
						"2.6667": {
							"post": [0.25, 0.25, 0],
							"lerp_mode": "catmullrom"
						},
						"3.0667": {
							"post": [0, 0, 0],
							"lerp_mode": "catmullrom"
						}
					}
				},
				"belt4": {
					"rotation": {
						"0.0": {
							"post": [0, 0, 0],
							"lerp_mode": "catmullrom"
						},
						"0.5333": {
							"post": [0, 0, -10],
							"lerp_mode": "catmullrom"
						},
						"2.6667": {
							"post": [0, 0, -10],
							"lerp_mode": "catmullrom"
						},
						"3.0667": {
							"post": [0, 0, 0],
							"lerp_mode": "catmullrom"
						}
					}
				},
				"magazine2": {
					"scale": {
						"0.0": {
							"post": [0, 0, 0],
							"lerp_mode": "catmullrom"
						}
					}
				},
				"_camera_": {
					"rotation": {
						"0.0": [0, 0, 0],
						"0.5333": [2, 0, 0],
						"5.0333": [2, 0, 0],
						"5.5667": [0, 0, 0]
					}
				}
			}
		},
		"animation.model.draw": {
			"animation_length": 1.25,
			"bones": {
				"leftarm": {
					"rotation": {
						"0.0": {
							"post": [0, 0, 0],
							"lerp_mode": "catmullrom"
						},
						"0.3": {
							"post": [0.29, 0, -6.5],
							"lerp_mode": "catmullrom"
						},
						"0.35": {
							"post": [0.32, 0, -7.15],
							"lerp_mode": "catmullrom"
						},
						"0.7": {
							"post": [0.13, 0, -2.86],
							"lerp_mode": "catmullrom"
						},
						"1.0": {
							"post": [0, 0, 0],
							"lerp_mode": "catmullrom"
						}
					},
					"position": {
						"0.0": {
							"post": [0, 0, 0],
							"lerp_mode": "catmullrom"
						},
						"0.3": {
							"post": [1.05, 1.08, 1.65],
							"lerp_mode": "catmullrom"
						},
						"0.35": {
							"post": [1.15, 1.19, 1.82],
							"lerp_mode": "catmullrom"
						},
						"0.7": {
							"post": [0.46, 0.48, 0.73],
							"lerp_mode": "catmullrom"
						},
						"1.0": {
							"post": [0, 0, 0],
							"lerp_mode": "catmullrom"
						}
					}
				},
				"holo": {
					"position": {
						"0.0": {
							"post": [0, 0, 0],
							"lerp_mode": "catmullrom"
						},
						"0.4": {
							"post": [0, -2, 0],
							"lerp_mode": "catmullrom"
						},
						"0.7": {
							"post": [0, 0, 0],
							"lerp_mode": "catmullrom"
						}
					},
					"scale": {
						"0.4": {
							"pre": [1, 0, 1],
							"post": [1, 0, 1],
							"lerp_mode": "catmullrom"
						},
						"0.45": {
							"post": [1.0251, 0.14064, 0.97742],
							"lerp_mode": "catmullrom"
						},
						"0.5": {
							"post": [1.04265, 0.5766, 0.93358],
							"lerp_mode": "catmullrom"
						},
						"0.55": {
							"post": [1, 0.78563, 0.93546],
							"lerp_mode": "catmullrom"
						},
						"0.6": {
							"post": [0.95735, 0.89701, 0.95168],
							"lerp_mode": "catmullrom"
						},
						"0.65": {
							"post": [0.9749, 0.96232, 0.97408],
							"lerp_mode": "catmullrom"
						},
						"0.7": {
							"post": [1, 1, 1],
							"lerp_mode": "catmullrom"
						}
					}
				},
				"indicator": {
					"position": {
						"0.0": {
							"post": [0, -1.25, 2],
							"lerp_mode": "catmullrom"
						},
						"0.3": {
							"post": [0, 0, 0],
							"lerp_mode": "catmullrom"
						}
					},
					"scale": {
						"0.05": {
							"pre": [1, 1, 0],
							"post": [1, 1, 0],
							"lerp_mode": "catmullrom"
						},
						"0.1": {
							"post": [0.99441, 0.99441, 0.15582],
							"lerp_mode": "catmullrom"
						},
						"0.15": {
							"post": [0.98448, 0.98448, 0.54464],
							"lerp_mode": "catmullrom"
						},
						"0.2": {
							"post": [0.98289, 0.98289, 0.7423],
							"lerp_mode": "catmullrom"
						},
						"0.25": {
							"post": [0.98434, 0.98434, 0.85411],
							"lerp_mode": "catmullrom"
						},
						"0.3": {
							"post": [0.98722, 0.98722, 0.92295],
							"lerp_mode": "catmullrom"
						},
						"0.35": {
							"post": [0.99096, 0.99096, 0.96532],
							"lerp_mode": "catmullrom"
						},
						"0.4": {
							"post": [0.99527, 0.99527, 0.98943],
							"lerp_mode": "catmullrom"
						},
						"0.45": {
							"post": [1, 1, 1],
							"lerp_mode": "catmullrom"
						}
					}
				},
				"main": {
					"rotation": {
						"0.0": {
							"post": [18.22, -8.32, 15.99],
							"lerp_mode": "catmullrom"
						},
						"0.3": {
							"post": [-27.42, -5.03, 7.78],
							"lerp_mode": "catmullrom"
						},
						"0.35": {
							"post": [-31.99, -5.08, 6.87],
							"lerp_mode": "catmullrom"
						},
						"0.55": {
							"post": [-11.43, -2.12, -0.12],
							"lerp_mode": "catmullrom"
						},
						"0.75": {
							"post": [2.5, 0, 0],
							"lerp_mode": "catmullrom"
						},
						"1.1": {
							"post": [0, 0, 0],
							"lerp_mode": "catmullrom"
						}
					},
					"position": {
						"0.0": {
							"post": [-3, -17.3, 0],
							"lerp_mode": "catmullrom"
						},
						"0.2": {
							"post": [-0.4, -2.52, -1.62],
							"lerp_mode": "catmullrom"
						},
						"0.3": {
							"post": [-0.33, -2.05, -1.79],
							"lerp_mode": "catmullrom"
						},
						"0.45": {
							"post": [-0.05, 0, -2.49],
							"lerp_mode": "catmullrom"
						},
						"0.55": {
							"post": [-0.01, 0, -0.55],
							"lerp_mode": "catmullrom"
						},
						"0.65": {
							"post": [0, 0, 0],
							"lerp_mode": "catmullrom"
						},
						"0.75": {
							"post": [0, 0, 3],
							"lerp_mode": "catmullrom"
						},
						"1.1": {
							"post": [0, 0, 0],
							"lerp_mode": "catmullrom"
						}
					}
				},
				"shockwavechamber": {
					"rotation": {
						"0.0": {
							"post": [0, 0, 0],
							"lerp_mode": "catmullrom"
						},
						"0.2": {
							"post": [0, 0, -360],
							"lerp_mode": "catmullrom"
						},
						"0.5": {
							"post": [0, 0, -450],
							"lerp_mode": "catmullrom"
						},
						"0.7": {
							"post": [0, 0, -679],
							"lerp_mode": "catmullrom"
						},
						"0.85": {
							"post": [0, 0, -692],
							"lerp_mode": "catmullrom"
						},
						"0.95": {
							"post": [0, 0, -708.5],
							"lerp_mode": "catmullrom"
						},
						"1.1": {
							"post": [0, 0, -720],
							"lerp_mode": "catmullrom"
						}
					}
				},
				"_camera_": {
					"rotation": {
						"0.0": [0, 0, 0],
						"0.1": [5, 0, 0],
						"0.2": [3.6, 0, 0],
						"0.4": [0, 0, 0]
					}
				}
			},
			"sound_effects": {
				"0.0": {
					"effect": "stellatsweaponries_amhs_gasoline_pulverizer_draw"
				}
			}
		},
		"animation.model.fire": {
			"animation_length": 0.25,
			"bones": {
				"main": {
					"rotation": {
						"0.0": {
							"post": [0, 0, 0],
							"lerp_mode": "catmullrom"
						},
						"0.0625": {
							"post": [-10, 0, 0],
							"lerp_mode": "catmullrom"
						},
						"0.25": {
							"post": [0, 0, 0],
							"lerp_mode": "catmullrom"
						}
					}
				},
				"leftarm": {
					"rotation": {
						"0.0": {
							"post": [0, 0, 0],
							"lerp_mode": "catmullrom"
						},
						"0.0625": {
							"post": [0, 0, -7.5],
							"lerp_mode": "catmullrom"
						},
						"0.25": {
							"post": [0, 0, 0],
							"lerp_mode": "catmullrom"
						}
					},
					"position": {
						"0.0": {
							"post": [0, 0, 0],
							"lerp_mode": "catmullrom"
						},
						"0.0625": {
							"post": [0, 1, 0],
							"lerp_mode": "catmullrom"
						},
						"0.25": {
							"post": [0, 0, 0],
							"lerp_mode": "catmullrom"
						}
					}
				},
				"magazine": {
					"scale": {
						"0.0": {
							"post": [0, 0, 0],
							"lerp_mode": "catmullrom"
						},
						"0.25": {
							"post": [0, 0, 0],
							"lerp_mode": "catmullrom"
						}
					}
				},
				"belt": {
					"rotation": {
						"0.0": {
							"post": [0, 0, 0],
							"lerp_mode": "catmullrom"
						},
						"0.0625": {
							"post": [0, 0, -7.5],
							"lerp_mode": "catmullrom"
						}
					}
				},
				"shockwavechamber": {
					"rotation": {
						"0.0": {
							"post": [0, 0, 0],
							"lerp_mode": "catmullrom"
						},
						"0.0625": {
							"post": [0, 0, -180],
							"lerp_mode": "catmullrom"
						},
						"0.125": {
							"post": [0, 0, -300],
							"lerp_mode": "catmullrom"
						},
						"0.25": {
							"post": [0, 0, -360],
							"lerp_mode": "catmullrom"
						}
					}
				},
				"belt5": {
					"rotation": {
						"0.0": {
							"post": [0, 0, 0],
							"lerp_mode": "catmullrom"
						},
						"0.125": {
							"post": [0, 0, -7.5],
							"lerp_mode": "catmullrom"
						}
					},
					"position": {
						"0.0": {
							"post": [0, 0, 0],
							"lerp_mode": "catmullrom"
						},
						"0.125": {
							"post": [0.13, -0.37, 0],
							"lerp_mode": "catmullrom"
						}
					}
				},
				"belt6": {
					"rotation": {
						"0.0": {
							"post": [0, 0, 0],
							"lerp_mode": "catmullrom"
						},
						"0.125": {
							"post": [0, 0, -20],
							"lerp_mode": "catmullrom"
						}
					},
					"position": {
						"0.0": {
							"post": [0, 0, 0],
							"lerp_mode": "catmullrom"
						},
						"0.125": {
							"post": [0.13, -0.12, 0],
							"lerp_mode": "catmullrom"
						}
					}
				},
				"belt7": {
					"rotation": {
						"0.0": {
							"post": [0, 0, 0],
							"lerp_mode": "catmullrom"
						},
						"0.125": {
							"post": [0, 0, -7.5],
							"lerp_mode": "catmullrom"
						}
					},
					"position": {
						"0.0": {
							"post": [0, 0, 0],
							"lerp_mode": "catmullrom"
						},
						"0.125": {
							"post": [0.13, 0.38, 0],
							"lerp_mode": "catmullrom"
						}
					}
				},
				"belt9": {
					"rotation": {
						"0.0": {
							"post": [0, 0, 0],
							"lerp_mode": "catmullrom"
						}
					},
					"position": {
						"0.0": {
							"post": [0, 0, 0],
							"lerp_mode": "catmullrom"
						},
						"0.125": {
							"post": [0, 2.75, 0],
							"lerp_mode": "catmullrom"
						}
					}
				},
				"trigger": {
					"rotation": {
						"0.0": {
							"post": [2.5, 0, 0],
							"lerp_mode": "catmullrom"
						},
						"0.25": {
							"post": [2.5, 0, 0],
							"lerp_mode": "catmullrom"
						}
					}
				},
				"_camera_": {
					"rotation": {
						"0.0": [0, 0, 0],
						"0.0625": [-4, 0, 0],
						"0.25": [0, 0, 0]
					},
					"position": {
						"0.0": [0, 0, 0],
						"0.0625": [0, 0, -1],
						"0.1875": [0, 0, 0]
					}
				}
			}
		},
		"animation.model.reload": {
			"animation_length": 5.7333,
			"bones": {
				"leftarm": {
					"rotation": {
						"0.0": {
							"post": [0, 0, 0],
							"lerp_mode": "catmullrom"
						},
						"0.2": {
							"post": [0, 0, 0],
							"lerp_mode": "catmullrom"
						},
						"0.4": {
							"post": [7.91, 11.53, -1.92],
							"lerp_mode": "catmullrom"
						},
						"0.5": {
							"post": [11.93, 17.36, -2.29],
							"lerp_mode": "catmullrom"
						},
						"0.5333": {
							"post": [14.75014, 17.80281, 0.38625],
							"lerp_mode": "catmullrom"
						},
						"0.5667": {
							"post": [12.44, 15.98, -10.26],
							"lerp_mode": "catmullrom"
						},
						"0.6667": {
							"post": [13.78, 17.36, -2.29],
							"lerp_mode": "catmullrom"
						},
						"0.7333": {
							"post": [25.39, 17.36, -2.29],
							"lerp_mode": "catmullrom"
						},
						"0.9": {
							"post": [54.43, 17.36, -2.29],
							"lerp_mode": "catmullrom"
						},
						"1.1333": {
							"post": [51.93, 17.36, -2.29],
							"lerp_mode": "catmullrom"
						},
						"1.2": {
							"post": [48.73, 19.09, -0.26],
							"lerp_mode": "catmullrom"
						},
						"1.3667": {
							"post": [32.95, 29.1, 8.58],
							"lerp_mode": "catmullrom"
						},
						"1.4333": {
							"post": [26.61, 33.63, 11.41],
							"lerp_mode": "catmullrom"
						},
						"1.7": {
							"post": [26.61, 33.63, 11.41],
							"lerp_mode": "catmullrom"
						},
						"1.8333": {
							"post": [33.13472, 33.05433, 17.80195],
							"lerp_mode": "catmullrom"
						},
						"1.9333": {
							"post": [34.52, 33.12, 17.13],
							"lerp_mode": "catmullrom"
						},
						"2.1667": {
							"post": [47.02, 33.68, 11.07],
							"lerp_mode": "catmullrom"
						},
						"2.2667": {
							"post": [58.68, 33.71, 10.87],
							"lerp_mode": "catmullrom"
						},
						"2.5667": {
							"post": [30.82, 64.17, 10.81],
							"lerp_mode": "catmullrom"
						},
						"2.8": {
							"post": [28.08, 46.73, 7.71],
							"lerp_mode": "catmullrom"
						},
						"3.1667": {
							"post": [27.73, 41.74, 7.25],
							"lerp_mode": "catmullrom"
						},
						"3.2333": {
							"post": [28.96, 38.4, 7.24],
							"lerp_mode": "catmullrom"
						},
						"3.4333": {
							"post": [34.47, 21.76, 6.01],
							"lerp_mode": "catmullrom"
						},
						"3.6333": {
							"post": [32.08, 17.64, 5.31],
							"lerp_mode": "catmullrom"
						},
						"3.6667": {
							"post": [31.62, 16.82, 5.2],
							"lerp_mode": "catmullrom"
						},
						"4.0667": {
							"post": [4.7, 11.12, -15.18],
							"lerp_mode": "catmullrom"
						},
						"4.1333": {
							"post": [8.75, 14.96, -2.62],
							"lerp_mode": "catmullrom"
						},
						"4.2333": {
							"post": [7.01, 13.52, -7.71],
							"lerp_mode": "catmullrom"
						},
						"4.3": {
							"post": [4.7, 11.12, -15.18],
							"lerp_mode": "catmullrom"
						},
						"4.4333": {
							"post": [5.66, 6.25, -6.08],
							"lerp_mode": "catmullrom"
						},
						"4.4667": {
							"post": [0.56, 6.12, -5.99],
							"lerp_mode": "catmullrom"
						},
						"4.6": {
							"post": [-14.74, 5.8, -5.65],
							"lerp_mode": "catmullrom"
						},
						"4.7667": {
							"post": [-25.29, 5.04, -4.9],
							"lerp_mode": "catmullrom"
						},
						"4.9": {
							"post": [-14.36, 3.14, -2.52],
							"lerp_mode": "catmullrom"
						},
						"4.9667": {
							"post": [0, 0, 0],
							"lerp_mode": "catmullrom"
						},
						"5.2333": {
							"post": [0, 0, 0],
							"lerp_mode": "catmullrom"
						},
						"5.3667": {
							"post": [0, 0, 0],
							"lerp_mode": "catmullrom"
						},
						"5.5": {
							"post": [0, 0, 0],
							"lerp_mode": "catmullrom"
						},
						"5.7333": {
							"post": [0, 0, 0],
							"lerp_mode": "catmullrom"
						}
					},
					"position": {
						"0.0": {
							"post": [0, 0, 0],
							"lerp_mode": "catmullrom"
						},
						"0.2": {
							"post": [0, 0, 0],
							"lerp_mode": "catmullrom"
						},
						"0.4": {
							"post": [0, 0, 4],
							"lerp_mode": "catmullrom"
						},
						"0.5": {
							"post": [0, 0, 6],
							"lerp_mode": "catmullrom"
						},
						"0.7333": {
							"post": [0, -0.17, 6],
							"lerp_mode": "catmullrom"
						},
						"0.9": {
							"post": [0, -1.89, 6],
							"lerp_mode": "catmullrom"
						},
						"1.2": {
							"post": [0, -5.11, 6],
							"lerp_mode": "catmullrom"
						},
						"1.3667": {
							"post": [0, -5.98, 6],
							"lerp_mode": "catmullrom"
						},
						"1.4333": {
							"post": [0, -6, 6],
							"lerp_mode": "catmullrom"
						},
						"1.7": {
							"post": [0, -6, 6],
							"lerp_mode": "catmullrom"
						},
						"1.8333": {
							"post": [0, -6, 6],
							"lerp_mode": "catmullrom"
						},
						"1.9333": {
							"post": [-0.12, -6.13, 6.83],
							"lerp_mode": "catmullrom"
						},
						"2.1667": {
							"post": [-1.2, -7.27, 14.31],
							"lerp_mode": "catmullrom"
						},
						"2.2667": {
							"post": [-1.89, -8, 19.06],
							"lerp_mode": "catmullrom"
						},
						"2.8": {
							"post": [2.6, -7.53, 8.85],
							"lerp_mode": "catmullrom"
						},
						"3.1": {
							"post": [0, -8, 1],
							"lerp_mode": "catmullrom"
						},
						"3.1667": {
							"post": [0, -8, 1],
							"lerp_mode": "catmullrom"
						},
						"3.2333": {
							"post": [0, -7.33, 2],
							"lerp_mode": "catmullrom"
						},
						"3.4333": {
							"post": [0, -4, 7],
							"lerp_mode": "catmullrom"
						},
						"3.6333": {
							"post": [1.67, -4, 7],
							"lerp_mode": "catmullrom"
						},
						"3.6667": {
							"post": [2, -4, 7],
							"lerp_mode": "catmullrom"
						},
						"4.0667": {
							"post": [2, -4, 7],
							"lerp_mode": "catmullrom"
						},
						"4.4333": {
							"post": [2, -4, 7],
							"lerp_mode": "catmullrom"
						},
						"4.4667": {
							"post": [2.46, -3.93, 7.62],
							"lerp_mode": "catmullrom"
						},
						"4.6": {
							"post": [3.86, -3.72, 9.5],
							"lerp_mode": "catmullrom"
						},
						"4.7667": {
							"post": [1.35, -3.23, 8.24],
							"lerp_mode": "catmullrom"
						},
						"4.9": {
							"post": [1.1, -2.64, 6.73],
							"lerp_mode": "catmullrom"
						},
						"4.9667": {
							"post": [0, 0, 0],
							"lerp_mode": "catmullrom"
						},
						"5.2333": {
							"post": [0, 0, 0],
							"lerp_mode": "catmullrom"
						},
						"5.3667": {
							"post": [0, 0, 0],
							"lerp_mode": "catmullrom"
						},
						"5.5": {
							"post": [0, 0, 0],
							"lerp_mode": "catmullrom"
						},
						"5.7333": {
							"post": [0, 0, 0],
							"lerp_mode": "catmullrom"
						}
					}
				},
				"main": {
					"rotation": {
						"0.0": {
							"post": [0, 0, 0],
							"lerp_mode": "catmullrom"
						},
						"0.2": {
							"post": [-19.57, 7.33, 13.02],
							"lerp_mode": "catmullrom"
						},
						"0.3333": {
							"post": [-43.45, 19.74, 23.06],
							"lerp_mode": "catmullrom"
						},
						"0.4667": {
							"post": [-33.37, 19.45, 23.58],
							"lerp_mode": "catmullrom"
						},
						"0.6667": {
							"post": [-39.43, 19.74, 24.06],
							"lerp_mode": "catmullrom"
						},
						"0.7667": {
							"post": [-33.72, 12.71, 12.71],
							"lerp_mode": "catmullrom"
						},
						"0.9": {
							"post": [-38.42, 4.13, 1.19],
							"lerp_mode": "catmullrom"
						},
						"1.2667": {
							"post": [-40.73, -1.14, -5.47],
							"lerp_mode": "catmullrom"
						},
						"1.4": {
							"post": [-38.17, 2.18, -1.6],
							"lerp_mode": "catmullrom"
						},
						"1.7": {
							"post": [-39.71, 1.26, -2.79],
							"lerp_mode": "catmullrom"
						},
						"1.8333": {
							"post": [-40.72, 0.63, -3.57],
							"lerp_mode": "catmullrom"
						},
						"1.9333": {
							"post": [-40.96, 0.39, -3.87],
							"lerp_mode": "catmullrom"
						},
						"2.1667": {
							"post": [-50.58, -1.76, -6.53],
							"lerp_mode": "catmullrom"
						},
						"2.2667": {
							"post": [-48, -3.12, -8.22],
							"lerp_mode": "catmullrom"
						},
						"2.4333": {
							"post": [-44.97, -6.83, -12.91],
							"lerp_mode": "catmullrom"
						},
						"2.8": {
							"post": [-39.6, -6.37, -7.97],
							"lerp_mode": "catmullrom"
						},
						"2.9333": {
							"post": [-37.14, -6.1, -7.62],
							"lerp_mode": "catmullrom"
						},
						"3.1667": {
							"post": [-44.31, -15.99, -17.07],
							"lerp_mode": "catmullrom"
						},
						"3.2333": {
							"post": [-44.17, -15.43, -16.52],
							"lerp_mode": "catmullrom"
						},
						"3.6333": {
							"post": [-34.9, -9.88, -10.94],
							"lerp_mode": "catmullrom"
						},
						"3.8333": {
							"post": [-39.80942, -7.41058, -8.31364],
							"lerp_mode": "catmullrom"
						},
						"4.0667": {
							"post": [-40.12, -4.53, -5.25],
							"lerp_mode": "catmullrom"
						},
						"4.1": {
							"post": [-39.86, -4.01, -4.68],
							"lerp_mode": "catmullrom"
						},
						"4.3333": {
							"post": [-38.98, -4.07, -5.19],
							"lerp_mode": "catmullrom"
						},
						"4.4667": {
							"post": [-38.9, -0.54, -1.45],
							"lerp_mode": "catmullrom"
						},
						"4.9": {
							"post": [-36.95, 11.04, 11.23],
							"lerp_mode": "catmullrom"
						},
						"4.9667": {
							"post": [-35.42, 15.5, 16.57],
							"lerp_mode": "catmullrom"
						},
						"5.2333": {
							"post": [-28.57, 11.64, 14.02],
							"lerp_mode": "catmullrom"
						},
						"5.3667": {
							"post": [-16.94, 5.95, 8.87],
							"lerp_mode": "catmullrom"
						},
						"5.5": {
							"post": [10.07, 1.43, 2.7],
							"lerp_mode": "catmullrom"
						},
						"5.7333": {
							"post": [0, 0, 0],
							"lerp_mode": "catmullrom"
						}
					},
					"position": {
						"0.0": {
							"post": [0, 0, 0],
							"lerp_mode": "catmullrom"
						},
						"0.2": {
							"post": [0, 0, 0],
							"lerp_mode": "catmullrom"
						},
						"0.4": {
							"post": [0, 0, 0],
							"lerp_mode": "catmullrom"
						},
						"0.5": {
							"post": [0, 0, 0],
							"lerp_mode": "catmullrom"
						},
						"0.7333": {
							"post": [0, 0, 0],
							"lerp_mode": "catmullrom"
						},
						"0.9": {
							"post": [0, 0, 0],
							"lerp_mode": "catmullrom"
						},
						"1.2": {
							"post": [0, 0, 0],
							"lerp_mode": "catmullrom"
						},
						"1.3667": {
							"post": [0, 0, 0],
							"lerp_mode": "catmullrom"
						},
						"1.7": {
							"post": [0, 0, 0],
							"lerp_mode": "catmullrom"
						},
						"2.1667": {
							"post": [0, 0, 0],
							"lerp_mode": "catmullrom"
						},
						"2.2667": {
							"post": [0, 0, 0],
							"lerp_mode": "catmullrom"
						},
						"2.8": {
							"post": [0, 0, 0],
							"lerp_mode": "catmullrom"
						},
						"3.2333": {
							"post": [0, 0, 0],
							"lerp_mode": "catmullrom"
						},
						"3.6333": {
							"post": [0, 0, 0],
							"lerp_mode": "catmullrom"
						},
						"4.0667": {
							"post": [0, 0, 0],
							"lerp_mode": "catmullrom"
						},
						"4.4667": {
							"post": [0, 0, 0],
							"lerp_mode": "catmullrom"
						},
						"4.9": {
							"post": [0, 0, 0],
							"lerp_mode": "catmullrom"
						},
						"5.2333": {
							"post": [0, 0, 0],
							"lerp_mode": "catmullrom"
						},
						"5.3667": {
							"post": [0, 0, 0],
							"lerp_mode": "catmullrom"
						},
						"5.5": {
							"post": [0, -2, 0],
							"lerp_mode": "catmullrom"
						},
						"5.7333": {
							"post": [0, 0, 0],
							"lerp_mode": "catmullrom"
						}
					}
				},
				"magazine": {
					"rotation": {
						"0.0": {
							"post": [0, 0, 0],
							"lerp_mode": "catmullrom"
						},
						"0.4": {
							"post": [0, 0, 0],
							"lerp_mode": "catmullrom"
						},
						"0.7333": {
							"post": [0, 0, 0],
							"lerp_mode": "catmullrom"
						},
						"0.9": {
							"post": [0, 0, 0],
							"lerp_mode": "catmullrom"
						},
						"1.2": {
							"post": [0, 0, 0],
							"lerp_mode": "catmullrom"
						},
						"1.3667": {
							"post": [0, 0, 0],
							"lerp_mode": "catmullrom"
						},
						"1.7": {
							"post": [0, 0, 0],
							"lerp_mode": "catmullrom"
						},
						"1.8333": {
							"post": [0, 0, 17.5],
							"lerp_mode": "catmullrom"
						},
						"1.9333": {
							"post": [-0.12, -1.33, 16.26],
							"lerp_mode": "catmullrom"
						},
						"2.1667": {
							"post": [-1.1858, -13.30822, 5.13834],
							"lerp_mode": "catmullrom"
						},
						"2.2667": {
							"post": [-1.91617, -20.91633, 5.35373],
							"lerp_mode": "catmullrom"
						},
						"2.4333": {
							"post": [0, -70, 0],
							"lerp_mode": "catmullrom"
						},
						"2.5667": {
							"post": [0, 0, 0],
							"lerp_mode": "catmullrom"
						},
						"2.8": {
							"post": [0, -7.5, 0],
							"lerp_mode": "catmullrom"
						},
						"3.0667": {
							"post": [0, 0, 0],
							"lerp_mode": "catmullrom"
						},
						"3.2333": {
							"post": [0, 0, 0],
							"lerp_mode": "catmullrom"
						},
						"3.6333": {
							"post": [0, 0, 0],
							"lerp_mode": "catmullrom"
						},
						"4.0667": {
							"post": [0, 0, 0],
							"lerp_mode": "catmullrom"
						},
						"4.4667": {
							"post": [0, 0, 0],
							"lerp_mode": "catmullrom"
						},
						"4.9": {
							"post": [0, 0, 0],
							"lerp_mode": "catmullrom"
						},
						"5.2333": {
							"post": [0, 0, 0],
							"lerp_mode": "catmullrom"
						},
						"5.3667": {
							"post": [0, 0, 0],
							"lerp_mode": "catmullrom"
						},
						"5.5": {
							"post": [0, 0, 0],
							"lerp_mode": "catmullrom"
						},
						"5.7333": {
							"post": [0, 0, 0],
							"lerp_mode": "catmullrom"
						}
					},
					"position": {
						"0.0": {
							"post": [0, 0, 0],
							"lerp_mode": "catmullrom"
						},
						"0.4": {
							"post": [0, 0, 0],
							"lerp_mode": "catmullrom"
						},
						"0.7333": {
							"post": [0, 0, 0],
							"lerp_mode": "catmullrom"
						},
						"0.9": {
							"post": [0, 0, 0],
							"lerp_mode": "catmullrom"
						},
						"1.2": {
							"post": [0, 0, 0],
							"lerp_mode": "catmullrom"
						},
						"1.3667": {
							"post": [0, 0, 0],
							"lerp_mode": "catmullrom"
						},
						"1.7": {
							"post": [0, 0, 0],
							"lerp_mode": "catmullrom"
						},
						"1.8333": {
							"post": [1, -1, 0],
							"lerp_mode": "catmullrom"
						},
						"1.9333": {
							"post": [1.89, -0.9, 1.11],
							"lerp_mode": "catmullrom"
						},
						"2.1667": {
							"post": [9.9, 0, 11.1],
							"lerp_mode": "catmullrom"
						},
						"2.2667": {
							"post": [15.56, 0, 17.44],
							"lerp_mode": "catmullrom"
						},
						"2.4333": {
							"post": [51.87, 0, 58.14],
							"lerp_mode": "catmullrom"
						},
						"2.5667": {
							"post": [14, 0, 16],
							"lerp_mode": "catmullrom"
						},
						"2.8": {
							"post": [11, 0, 7],
							"lerp_mode": "catmullrom"
						},
						"3.0667": {
							"post": [0, -2, 0],
							"lerp_mode": "catmullrom"
						},
						"3.1667": {
							"post": [0, 0, 0],
							"lerp_mode": "catmullrom"
						},
						"3.2333": {
							"post": [0, 0, 0],
							"lerp_mode": "catmullrom"
						},
						"3.6333": {
							"post": [0, 0, 0],
							"lerp_mode": "catmullrom"
						},
						"4.0667": {
							"post": [0, 0, 0],
							"lerp_mode": "catmullrom"
						},
						"4.4667": {
							"post": [0, 0, 0],
							"lerp_mode": "catmullrom"
						},
						"4.9": {
							"post": [0, 0, 0],
							"lerp_mode": "catmullrom"
						},
						"5.2333": {
							"post": [0, 0, 0],
							"lerp_mode": "catmullrom"
						},
						"5.3667": {
							"post": [0, 0, 0],
							"lerp_mode": "catmullrom"
						},
						"5.5": {
							"post": [0, 0, 0],
							"lerp_mode": "catmullrom"
						},
						"5.7333": {
							"post": [0, 0, 0],
							"lerp_mode": "catmullrom"
						}
					},
					"scale": {
						"0.0": {
							"post": [1, 1, 1],
							"lerp_mode": "catmullrom"
						},
						"0.4": {
							"post": [1, 1, 1],
							"lerp_mode": "catmullrom"
						},
						"0.7333": {
							"post": [1, 1, 1],
							"lerp_mode": "catmullrom"
						},
						"0.9": {
							"post": [1, 1, 1],
							"lerp_mode": "catmullrom"
						},
						"1.2": {
							"post": [1, 1, 1],
							"lerp_mode": "catmullrom"
						},
						"1.3667": {
							"post": [1, 1, 1],
							"lerp_mode": "catmullrom"
						},
						"1.7": {
							"post": [1, 1, 1],
							"lerp_mode": "catmullrom"
						},
						"2.2667": {
							"post": [1, 1, 1],
							"lerp_mode": "catmullrom"
						},
						"2.5667": {
							"post": [1, 1, 1],
							"lerp_mode": "catmullrom"
						},
						"2.8": {
							"post": [1, 1, 1],
							"lerp_mode": "catmullrom"
						},
						"3.2333": {
							"post": [1, 1, 1],
							"lerp_mode": "catmullrom"
						},
						"3.6333": {
							"post": [1, 1, 1],
							"lerp_mode": "catmullrom"
						},
						"4.0667": {
							"post": [1, 1, 1],
							"lerp_mode": "catmullrom"
						},
						"4.4667": {
							"post": [1, 1, 1],
							"lerp_mode": "catmullrom"
						},
						"4.9": {
							"post": [1, 1, 1],
							"lerp_mode": "catmullrom"
						},
						"5.2333": {
							"post": [1, 1, 1],
							"lerp_mode": "catmullrom"
						},
						"5.3667": {
							"post": [1, 1, 1],
							"lerp_mode": "catmullrom"
						},
						"5.5": {
							"post": [1, 1, 1],
							"lerp_mode": "catmullrom"
						},
						"5.7333": {
							"post": [1, 1, 1],
							"lerp_mode": "catmullrom"
						}
					}
				},
				"belt": {
					"rotation": {
						"0.0": {
							"post": [0, 0, 0],
							"lerp_mode": "catmullrom"
						},
						"0.4": {
							"post": [0, 0, 0],
							"lerp_mode": "catmullrom"
						},
						"0.5667": {
							"post": [0, 0, 0],
							"lerp_mode": "catmullrom"
						},
						"0.7333": {
							"post": [0, 0, 15.94],
							"lerp_mode": "catmullrom"
						},
						"0.9": {
							"post": [0, 0, 42.5],
							"lerp_mode": "catmullrom"
						},
						"1.2": {
							"post": [0, 0, 42.5],
							"lerp_mode": "catmullrom"
						},
						"1.3667": {
							"post": [0, 0, 42.5],
							"lerp_mode": "catmullrom"
						},
						"1.7": {
							"post": [0, 0, 42.5],
							"lerp_mode": "catmullrom"
						},
						"2.1": {
							"post": [0, 0, 42.5],
							"lerp_mode": "catmullrom"
						},
						"2.8": {
							"post": [0, 0, 42.5],
							"lerp_mode": "catmullrom"
						},
						"3.2333": {
							"post": [0, 0, 42.5],
							"lerp_mode": "catmullrom"
						},
						"3.4333": {
							"post": [0, 0, 42.5],
							"lerp_mode": "catmullrom"
						},
						"3.6333": {
							"post": [0, 0, 28.33],
							"lerp_mode": "catmullrom"
						},
						"4.0667": {
							"post": [0, 0, 0],
							"lerp_mode": "catmullrom"
						},
						"4.4667": {
							"post": [0, 0, 0],
							"lerp_mode": "catmullrom"
						},
						"4.9": {
							"post": [0, 0, 0],
							"lerp_mode": "catmullrom"
						},
						"5.2333": {
							"post": [0, 0, 0],
							"lerp_mode": "catmullrom"
						},
						"5.3667": {
							"post": [0, 0, 0],
							"lerp_mode": "catmullrom"
						},
						"5.5": {
							"post": [0, 0, 0],
							"lerp_mode": "catmullrom"
						},
						"5.7333": {
							"post": [0, 0, 0],
							"lerp_mode": "catmullrom"
						}
					},
					"position": {
						"0.0": {
							"post": [0, 0, 0],
							"lerp_mode": "catmullrom"
						},
						"0.4": {
							"post": [0, 0, 0],
							"lerp_mode": "catmullrom"
						},
						"0.5667": {
							"post": [0, 0, 0],
							"lerp_mode": "catmullrom"
						},
						"0.7333": {
							"post": [-0.07, 0, 0],
							"lerp_mode": "catmullrom"
						},
						"0.8": {
							"post": [-0.11, 0, 0],
							"lerp_mode": "catmullrom"
						},
						"0.9": {
							"post": [1, 0, 0],
							"lerp_mode": "catmullrom"
						},
						"1.2": {
							"post": [1, 0, 0],
							"lerp_mode": "catmullrom"
						},
						"1.3667": {
							"post": [1, 0, 0],
							"lerp_mode": "catmullrom"
						},
						"1.7": {
							"post": [1, 0, 0],
							"lerp_mode": "catmullrom"
						},
						"2.1": {
							"post": [1, 0, 0],
							"lerp_mode": "catmullrom"
						},
						"2.8": {
							"post": [1, 0, 0],
							"lerp_mode": "catmullrom"
						},
						"3.2333": {
							"post": [1, 0, 0],
							"lerp_mode": "catmullrom"
						},
						"3.4333": {
							"post": [1, 0, 0],
							"lerp_mode": "catmullrom"
						},
						"3.6333": {
							"post": [0.07, 0, 0],
							"lerp_mode": "catmullrom"
						},
						"3.6667": {
							"post": [-0.11, 0, 0],
							"lerp_mode": "catmullrom"
						},
						"4.0667": {
							"post": [0, 0, 0],
							"lerp_mode": "catmullrom"
						},
						"4.4667": {
							"post": [0, 0, 0],
							"lerp_mode": "catmullrom"
						},
						"4.9": {
							"post": [0, 0, 0],
							"lerp_mode": "catmullrom"
						},
						"5.2333": {
							"post": [0, 0, 0],
							"lerp_mode": "catmullrom"
						},
						"5.3667": {
							"post": [0, 0, 0],
							"lerp_mode": "catmullrom"
						},
						"5.5": {
							"post": [0, 0, 0],
							"lerp_mode": "catmullrom"
						},
						"5.7333": {
							"post": [0, 0, 0],
							"lerp_mode": "catmullrom"
						}
					}
				},
				"belt2": {
					"rotation": {
						"0.0": {
							"post": [0, 0, 0],
							"lerp_mode": "catmullrom"
						},
						"0.4": {
							"post": [0, 0, 0],
							"lerp_mode": "catmullrom"
						},
						"0.5667": {
							"post": [0, 0, 0],
							"lerp_mode": "catmullrom"
						},
						"0.7333": {
							"post": [0, 0, 21],
							"lerp_mode": "catmullrom"
						},
						"0.8": {
							"post": [0, 0, 35],
							"lerp_mode": "catmullrom"
						},
						"0.9": {
							"post": [0, 0, 52.5],
							"lerp_mode": "catmullrom"
						},
						"1.2": {
							"post": [0, 0, 52.5],
							"lerp_mode": "catmullrom"
						},
						"1.3667": {
							"post": [0, 0, 52.5],
							"lerp_mode": "catmullrom"
						},
						"1.7": {
							"post": [0, 0, 52.5],
							"lerp_mode": "catmullrom"
						},
						"2.1": {
							"post": [0, 0, 52.5],
							"lerp_mode": "catmullrom"
						},
						"2.8": {
							"post": [0, 0, 52.5],
							"lerp_mode": "catmullrom"
						},
						"3.2333": {
							"post": [0, 0, 52.5],
							"lerp_mode": "catmullrom"
						},
						"3.4333": {
							"post": [0, 0, 52.5],
							"lerp_mode": "catmullrom"
						},
						"3.6333": {
							"post": [0, 0, 37.92],
							"lerp_mode": "catmullrom"
						},
						"3.6667": {
							"post": [0, 0, 35],
							"lerp_mode": "catmullrom"
						},
						"4.0667": {
							"post": [0, 0, 0],
							"lerp_mode": "catmullrom"
						},
						"4.4667": {
							"post": [0, 0, 0],
							"lerp_mode": "catmullrom"
						},
						"4.9": {
							"post": [0, 0, 0],
							"lerp_mode": "catmullrom"
						},
						"5.2333": {
							"post": [0, 0, 0],
							"lerp_mode": "catmullrom"
						},
						"5.3667": {
							"post": [0, 0, 0],
							"lerp_mode": "catmullrom"
						},
						"5.5": {
							"post": [0, 0, 0],
							"lerp_mode": "catmullrom"
						},
						"5.7333": {
							"post": [0, 0, 0],
							"lerp_mode": "catmullrom"
						}
					},
					"position": {
						"0.0": {
							"post": [0, 0, 0],
							"lerp_mode": "catmullrom"
						},
						"0.4": {
							"post": [0, 0, 0],
							"lerp_mode": "catmullrom"
						},
						"0.5667": {
							"post": [0, 0, 0],
							"lerp_mode": "catmullrom"
						},
						"0.7333": {
							"post": [0.01, 0.01, 0],
							"lerp_mode": "catmullrom"
						},
						"0.9": {
							"post": [0.75, 0.75, 0],
							"lerp_mode": "catmullrom"
						},
						"1.2": {
							"post": [0.75, 0.75, 0],
							"lerp_mode": "catmullrom"
						},
						"1.3667": {
							"post": [0.75, 0.75, 0],
							"lerp_mode": "catmullrom"
						},
						"1.7": {
							"post": [0.75, 0.75, 0],
							"lerp_mode": "catmullrom"
						},
						"2.1": {
							"post": [0.75, 0.75, 0],
							"lerp_mode": "catmullrom"
						},
						"2.8": {
							"post": [0.75, 0.75, 0],
							"lerp_mode": "catmullrom"
						},
						"3.2333": {
							"post": [0.75, 0.75, 0],
							"lerp_mode": "catmullrom"
						},
						"3.4333": {
							"post": [0.75, 0.75, 0],
							"lerp_mode": "catmullrom"
						},
						"3.6333": {
							"post": [0.5, 0.5, 0],
							"lerp_mode": "catmullrom"
						},
						"4.0667": {
							"post": [0, 0, 0],
							"lerp_mode": "catmullrom"
						},
						"4.4667": {
							"post": [0, 0, 0],
							"lerp_mode": "catmullrom"
						},
						"4.9": {
							"post": [0, 0, 0],
							"lerp_mode": "catmullrom"
						},
						"5.2333": {
							"post": [0, 0, 0],
							"lerp_mode": "catmullrom"
						},
						"5.3667": {
							"post": [0, 0, 0],
							"lerp_mode": "catmullrom"
						},
						"5.5": {
							"post": [0, 0, 0],
							"lerp_mode": "catmullrom"
						},
						"5.7333": {
							"post": [0, 0, 0],
							"lerp_mode": "catmullrom"
						}
					}
				},
				"belt3": {
					"rotation": {
						"0.0": {
							"post": [0, 0, 0],
							"lerp_mode": "catmullrom"
						},
						"0.4": {
							"post": [0, 0, 0],
							"lerp_mode": "catmullrom"
						},
						"0.5667": {
							"post": [0, 0, 0],
							"lerp_mode": "catmullrom"
						},
						"0.7333": {
							"post": [0, 0, 21],
							"lerp_mode": "catmullrom"
						},
						"0.8": {
							"post": [0, 0, 35],
							"lerp_mode": "catmullrom"
						},
						"0.9": {
							"post": [0, 0, 60],
							"lerp_mode": "catmullrom"
						},
						"1.2": {
							"post": [0, 0, 60],
							"lerp_mode": "catmullrom"
						},
						"1.3667": {
							"post": [0, 0, 60],
							"lerp_mode": "catmullrom"
						},
						"1.7": {
							"post": [0, 0, 60],
							"lerp_mode": "catmullrom"
						},
						"2.1": {
							"post": [0, 0, 60],
							"lerp_mode": "catmullrom"
						},
						"2.8": {
							"post": [0, 0, 60],
							"lerp_mode": "catmullrom"
						},
						"3.2333": {
							"post": [0, 0, 60],
							"lerp_mode": "catmullrom"
						},
						"3.4333": {
							"post": [0, 0, 60],
							"lerp_mode": "catmullrom"
						},
						"3.6333": {
							"post": [0, 0, 39.17],
							"lerp_mode": "catmullrom"
						},
						"3.6667": {
							"post": [0, 0, 35],
							"lerp_mode": "catmullrom"
						},
						"4.0667": {
							"post": [0, 0, 0],
							"lerp_mode": "catmullrom"
						},
						"4.4667": {
							"post": [0, 0, 0],
							"lerp_mode": "catmullrom"
						},
						"4.9": {
							"post": [0, 0, 0],
							"lerp_mode": "catmullrom"
						},
						"5.2333": {
							"post": [0, 0, 0],
							"lerp_mode": "catmullrom"
						},
						"5.3667": {
							"post": [0, 0, 0],
							"lerp_mode": "catmullrom"
						},
						"5.5": {
							"post": [0, 0, 0],
							"lerp_mode": "catmullrom"
						},
						"5.7333": {
							"post": [0, 0, 0],
							"lerp_mode": "catmullrom"
						}
					},
					"position": {
						"0.0": {
							"post": [0, 0, 0],
							"lerp_mode": "catmullrom"
						},
						"0.4": {
							"post": [0, 0, 0],
							"lerp_mode": "catmullrom"
						},
						"0.5667": {
							"post": [0, 0, 0],
							"lerp_mode": "catmullrom"
						},
						"0.7333": {
							"post": [0.02, 0.02, 0],
							"lerp_mode": "catmullrom"
						},
						"0.9": {
							"post": [1, 1, 0],
							"lerp_mode": "catmullrom"
						},
						"1.2": {
							"post": [1, 1, 0],
							"lerp_mode": "catmullrom"
						},
						"1.3667": {
							"post": [1, 1, 0],
							"lerp_mode": "catmullrom"
						},
						"1.7": {
							"post": [1, 1, 0],
							"lerp_mode": "catmullrom"
						},
						"2.1": {
							"post": [1, 1, 0],
							"lerp_mode": "catmullrom"
						},
						"2.8": {
							"post": [1, 1, 0],
							"lerp_mode": "catmullrom"
						},
						"3.2333": {
							"post": [1, 1, 0],
							"lerp_mode": "catmullrom"
						},
						"3.4333": {
							"post": [1, 1, 0],
							"lerp_mode": "catmullrom"
						},
						"3.6333": {
							"post": [0.67, 0.67, 0],
							"lerp_mode": "catmullrom"
						},
						"4.0667": {
							"post": [0, 0, 0],
							"lerp_mode": "catmullrom"
						},
						"4.4667": {
							"post": [0, 0, 0],
							"lerp_mode": "catmullrom"
						},
						"4.9": {
							"post": [0, 0, 0],
							"lerp_mode": "catmullrom"
						},
						"5.2333": {
							"post": [0, 0, 0],
							"lerp_mode": "catmullrom"
						},
						"5.3667": {
							"post": [0, 0, 0],
							"lerp_mode": "catmullrom"
						},
						"5.5": {
							"post": [0, 0, 0],
							"lerp_mode": "catmullrom"
						},
						"5.7333": {
							"post": [0, 0, 0],
							"lerp_mode": "catmullrom"
						}
					}
				},
				"belt4": {
					"rotation": {
						"0.0": {
							"post": [0, 0, 0],
							"lerp_mode": "catmullrom"
						},
						"0.4": {
							"post": [0, 0, 0],
							"lerp_mode": "catmullrom"
						},
						"0.5667": {
							"post": [0, 0, 0],
							"lerp_mode": "catmullrom"
						},
						"0.7333": {
							"post": [0, 0, 9],
							"lerp_mode": "catmullrom"
						},
						"0.8": {
							"post": [0, 0, 15],
							"lerp_mode": "catmullrom"
						},
						"0.9": {
							"post": [0, 0, 67.5],
							"lerp_mode": "catmullrom"
						},
						"1.2": {
							"post": [0, 0, 67.5],
							"lerp_mode": "catmullrom"
						},
						"1.3667": {
							"post": [0, 0, 67.5],
							"lerp_mode": "catmullrom"
						},
						"1.7": {
							"post": [0, 0, 67.5],
							"lerp_mode": "catmullrom"
						},
						"2.1": {
							"post": [0, 0, 67.5],
							"lerp_mode": "catmullrom"
						},
						"2.8": {
							"post": [0, 0, 67.5],
							"lerp_mode": "catmullrom"
						},
						"3.2333": {
							"post": [0, 0, 67.5],
							"lerp_mode": "catmullrom"
						},
						"3.4333": {
							"post": [0, 0, 67.5],
							"lerp_mode": "catmullrom"
						},
						"3.6333": {
							"post": [0, 0, 23.75],
							"lerp_mode": "catmullrom"
						},
						"3.6667": {
							"post": [0, 0, 15],
							"lerp_mode": "catmullrom"
						},
						"4.0667": {
							"post": [0, 0, 0],
							"lerp_mode": "catmullrom"
						},
						"4.4667": {
							"post": [0, 0, 0],
							"lerp_mode": "catmullrom"
						},
						"4.9": {
							"post": [0, 0, 0],
							"lerp_mode": "catmullrom"
						},
						"5.2333": {
							"post": [0, 0, 0],
							"lerp_mode": "catmullrom"
						},
						"5.3667": {
							"post": [0, 0, 0],
							"lerp_mode": "catmullrom"
						},
						"5.5": {
							"post": [0, 0, 0],
							"lerp_mode": "catmullrom"
						},
						"5.7333": {
							"post": [0, 0, 0],
							"lerp_mode": "catmullrom"
						}
					},
					"position": {
						"0.0": {
							"post": [0, 0, 0],
							"lerp_mode": "catmullrom"
						},
						"0.4": {
							"post": [0, 0, 0],
							"lerp_mode": "catmullrom"
						},
						"0.5667": {
							"post": [0, 0, 0],
							"lerp_mode": "catmullrom"
						},
						"0.7333": {
							"post": [0.02, 0.01, 0],
							"lerp_mode": "catmullrom"
						},
						"0.9": {
							"post": [1.25, 0.75, 0],
							"lerp_mode": "catmullrom"
						},
						"1.2": {
							"post": [1.25, 0.75, 0],
							"lerp_mode": "catmullrom"
						},
						"1.3667": {
							"post": [1.25, 0.75, 0],
							"lerp_mode": "catmullrom"
						},
						"1.7": {
							"post": [1.25, 0.75, 0],
							"lerp_mode": "catmullrom"
						},
						"2.1": {
							"post": [1.25, 0.75, 0],
							"lerp_mode": "catmullrom"
						},
						"2.8": {
							"post": [1.25, 0.75, 0],
							"lerp_mode": "catmullrom"
						},
						"3.2333": {
							"post": [1.25, 0.75, 0],
							"lerp_mode": "catmullrom"
						},
						"3.4333": {
							"post": [1.25, 0.75, 0],
							"lerp_mode": "catmullrom"
						},
						"3.6333": {
							"post": [0.83, 0.5, 0],
							"lerp_mode": "catmullrom"
						},
						"4.0667": {
							"post": [0, 0, 0],
							"lerp_mode": "catmullrom"
						},
						"4.4667": {
							"post": [0, 0, 0],
							"lerp_mode": "catmullrom"
						},
						"4.9": {
							"post": [0, 0, 0],
							"lerp_mode": "catmullrom"
						},
						"5.2333": {
							"post": [0, 0, 0],
							"lerp_mode": "catmullrom"
						},
						"5.3667": {
							"post": [0, 0, 0],
							"lerp_mode": "catmullrom"
						},
						"5.5": {
							"post": [0, 0, 0],
							"lerp_mode": "catmullrom"
						},
						"5.7333": {
							"post": [0, 0, 0],
							"lerp_mode": "catmullrom"
						}
					}
				},
				"shockwavechamber": {
					"rotation": {
						"0.0": {
							"post": [0, 0, 0],
							"lerp_mode": "catmullrom"
						},
						"0.4": {
							"post": [0, 0, 0],
							"lerp_mode": "catmullrom"
						},
						"0.7333": {
							"post": [0, 0, 0],
							"lerp_mode": "catmullrom"
						},
						"0.9": {
							"post": [0, 0, 0],
							"lerp_mode": "catmullrom"
						},
						"1.2": {
							"post": [0, 0, 0],
							"lerp_mode": "catmullrom"
						},
						"1.3667": {
							"post": [0, 0, 0],
							"lerp_mode": "catmullrom"
						},
						"1.7": {
							"post": [0, 0, 0],
							"lerp_mode": "catmullrom"
						},
						"2.1": {
							"post": [0, 0, 0],
							"lerp_mode": "catmullrom"
						},
						"2.8": {
							"post": [0, 0, 0],
							"lerp_mode": "catmullrom"
						},
						"3.2333": {
							"post": [0, 0, 0],
							"lerp_mode": "catmullrom"
						},
						"3.6333": {
							"post": [0, 0, 0],
							"lerp_mode": "catmullrom"
						},
						"4.0667": {
							"post": [0, 0, 0],
							"lerp_mode": "catmullrom"
						},
						"4.4667": {
							"post": [0, 0, 0],
							"lerp_mode": "catmullrom"
						},
						"4.6": {
							"post": [0, 0, 0],
							"lerp_mode": "catmullrom"
						},
						"4.9": {
							"post": [0, 0, 0],
							"lerp_mode": "catmullrom"
						},
						"5.2333": {
							"post": [0, 0, -360],
							"lerp_mode": "catmullrom"
						}
					}
				},
				"magazine2": {
					"scale": {
						"0.0": {
							"post": [0, 0, 0],
							"lerp_mode": "catmullrom"
						}
					}
				},
				"_camera_": {
					"rotation": {
						"0.0": {
							"post": [0, 0, 0],
							"lerp_mode": "catmullrom"
						},
						"0.2667": {
							"post": [5, 0, 0],
							"lerp_mode": "catmullrom"
						},
						"0.5333": {
							"post": [5, 0, 0],
							"lerp_mode": "catmullrom"
						},
						"0.8": {
							"post": [5, -3, 0],
							"lerp_mode": "catmullrom"
						},
						"1.2667": {
							"post": [5, 0, 0],
							"lerp_mode": "catmullrom"
						},
						"1.6": {
							"post": [6, 1, 0],
							"lerp_mode": "catmullrom"
						},
						"2.1333": {
							"post": [5, 0, 0],
							"lerp_mode": "catmullrom"
						},
						"2.5333": {
							"post": [5, 0, 0],
							"lerp_mode": "catmullrom"
						},
						"2.7": {
							"post": [5, -3, 0],
							"lerp_mode": "catmullrom"
						},
						"3.0667": {
							"post": [5, -1, 0],
							"lerp_mode": "catmullrom"
						},
						"3.2": {
							"post": [5, 0, 0],
							"lerp_mode": "catmullrom"
						},
						"4.1": {
							"post": [5, 2.5, 0],
							"lerp_mode": "catmullrom"
						},
						"4.6333": {
							"post": [5, 0.67, 0],
							"lerp_mode": "catmullrom"
						},
						"4.9333": {
							"post": [5, 0.75, 0],
							"lerp_mode": "catmullrom"
						},
						"5.1": {
							"post": [5, 0, 0],
							"lerp_mode": "catmullrom"
						},
						"5.4667": {
							"post": [0, 0, 0],
							"lerp_mode": "catmullrom"
						}
					}
				}
			},
			"sound_effects": {
				"0.0": {
					"effect": "stellatsweaponries_movement1"
				},
				"0.4667": {
					"effect": "stellatsweaponries_movement1"
				},
				"0.5667": {
					"effect": "lmg_bulletchain"
				},
				"1.4333": {
					"effect": "lmg_magout"
				},
				"1.7667": {
					"effect": "stellatsweaponries_movement2"
				},
				"2.6667": {
					"effect": "lmg_magin"
				},
				"2.7333": {
					"effect": "stellatsweaponries_movement1"
				},
				"3.3": {
					"effect": "lmg_bulletchain"
				},
				"3.8333": {
					"effect": "stellatsweaponries_movement3"
				}
			}
		},
		"animation.model.reloadempty": {
			"animation_length": 5.7333,
			"bones": {
				"leftarm": {
					"rotation": {
						"0.0": {
							"post": [0, 0, 0],
							"lerp_mode": "catmullrom"
						},
						"0.2": {
							"post": [0, 0, 0],
							"lerp_mode": "catmullrom"
						},
						"0.4": {
							"post": [7.91, 11.53, -1.92],
							"lerp_mode": "catmullrom"
						},
						"0.5": {
							"post": [11.93, 17.36, -2.29],
							"lerp_mode": "catmullrom"
						},
						"0.5333": {
							"post": [14.75014, 17.80281, 0.38625],
							"lerp_mode": "catmullrom"
						},
						"0.5667": {
							"post": [12.44, 15.98, -10.26],
							"lerp_mode": "catmullrom"
						},
						"0.6667": {
							"post": [13.78, 17.36, -2.29],
							"lerp_mode": "catmullrom"
						},
						"0.7333": {
							"post": [25.39, 17.36, -2.29],
							"lerp_mode": "catmullrom"
						},
						"0.9": {
							"post": [54.43, 17.36, -2.29],
							"lerp_mode": "catmullrom"
						},
						"1.1333": {
							"post": [51.93, 17.36, -2.29],
							"lerp_mode": "catmullrom"
						},
						"1.2": {
							"post": [48.73, 19.09, -0.26],
							"lerp_mode": "catmullrom"
						},
						"1.3667": {
							"post": [32.95, 29.1, 8.58],
							"lerp_mode": "catmullrom"
						},
						"1.4333": {
							"post": [26.61, 33.63, 11.41],
							"lerp_mode": "catmullrom"
						},
						"1.7": {
							"post": [26.61, 33.63, 11.41],
							"lerp_mode": "catmullrom"
						},
						"1.8333": {
							"post": [33.13472, 33.05433, 17.80195],
							"lerp_mode": "catmullrom"
						},
						"1.9333": {
							"post": [34.52, 33.12, 17.13],
							"lerp_mode": "catmullrom"
						},
						"2.1667": {
							"post": [47.02, 33.68, 11.07],
							"lerp_mode": "catmullrom"
						},
						"2.2667": {
							"post": [58.68, 33.71, 10.87],
							"lerp_mode": "catmullrom"
						},
						"2.5667": {
							"post": [30.82, 64.17, 10.81],
							"lerp_mode": "catmullrom"
						},
						"2.8": {
							"post": [28.08, 46.73, 7.71],
							"lerp_mode": "catmullrom"
						},
						"3.1667": {
							"post": [27.73, 41.74, 7.25],
							"lerp_mode": "catmullrom"
						},
						"3.2333": {
							"post": [28.96, 38.4, 7.24],
							"lerp_mode": "catmullrom"
						},
						"3.4333": {
							"post": [34.47, 21.76, 6.01],
							"lerp_mode": "catmullrom"
						},
						"3.6333": {
							"post": [32.08, 17.64, 5.31],
							"lerp_mode": "catmullrom"
						},
						"3.6667": {
							"post": [31.62, 16.82, 5.2],
							"lerp_mode": "catmullrom"
						},
						"4.0667": {
							"post": [4.7, 11.12, -15.18],
							"lerp_mode": "catmullrom"
						},
						"4.1333": {
							"post": [8.75, 14.96, -2.62],
							"lerp_mode": "catmullrom"
						},
						"4.2333": {
							"post": [7.01, 13.52, -7.71],
							"lerp_mode": "catmullrom"
						},
						"4.3": {
							"post": [4.7, 11.12, -15.18],
							"lerp_mode": "catmullrom"
						},
						"4.4333": {
							"post": [5.66, 6.25, -6.08],
							"lerp_mode": "catmullrom"
						},
						"4.4667": {
							"post": [0.56, 6.12, -5.99],
							"lerp_mode": "catmullrom"
						},
						"4.6": {
							"post": [-14.74, 5.8, -5.65],
							"lerp_mode": "catmullrom"
						},
						"4.7667": {
							"post": [-25.29, 5.04, -4.9],
							"lerp_mode": "catmullrom"
						},
						"4.9": {
							"post": [-14.36, 3.14, -2.52],
							"lerp_mode": "catmullrom"
						},
						"4.9667": {
							"post": [0, 0, 0],
							"lerp_mode": "catmullrom"
						},
						"5.2333": {
							"post": [0, 0, 0],
							"lerp_mode": "catmullrom"
						},
						"5.3667": {
							"post": [0, 0, 0],
							"lerp_mode": "catmullrom"
						},
						"5.5": {
							"post": [0, 0, 0],
							"lerp_mode": "catmullrom"
						},
						"5.7333": {
							"post": [0, 0, 0],
							"lerp_mode": "catmullrom"
						}
					},
					"position": {
						"0.0": {
							"post": [0, 0, 0],
							"lerp_mode": "catmullrom"
						},
						"0.2": {
							"post": [0, 0, 0],
							"lerp_mode": "catmullrom"
						},
						"0.4": {
							"post": [0, 0, 4],
							"lerp_mode": "catmullrom"
						},
						"0.5": {
							"post": [0, 0, 6],
							"lerp_mode": "catmullrom"
						},
						"0.7333": {
							"post": [0, -0.17, 6],
							"lerp_mode": "catmullrom"
						},
						"0.9": {
							"post": [0, -1.89, 6],
							"lerp_mode": "catmullrom"
						},
						"1.2": {
							"post": [0, -5.11, 6],
							"lerp_mode": "catmullrom"
						},
						"1.3667": {
							"post": [0, -5.98, 6],
							"lerp_mode": "catmullrom"
						},
						"1.4333": {
							"post": [0, -6, 6],
							"lerp_mode": "catmullrom"
						},
						"1.7": {
							"post": [0, -6, 6],
							"lerp_mode": "catmullrom"
						},
						"1.8333": {
							"post": [0, -6, 6],
							"lerp_mode": "catmullrom"
						},
						"1.9333": {
							"post": [-0.12, -6.13, 6.83],
							"lerp_mode": "catmullrom"
						},
						"2.1667": {
							"post": [-1.2, -7.27, 14.31],
							"lerp_mode": "catmullrom"
						},
						"2.2667": {
							"post": [-1.89, -8, 19.06],
							"lerp_mode": "catmullrom"
						},
						"2.8": {
							"post": [2.6, -7.53, 8.85],
							"lerp_mode": "catmullrom"
						},
						"3.1": {
							"post": [0, -8, 1],
							"lerp_mode": "catmullrom"
						},
						"3.1667": {
							"post": [0, -8, 1],
							"lerp_mode": "catmullrom"
						},
						"3.2333": {
							"post": [0, -7.33, 2],
							"lerp_mode": "catmullrom"
						},
						"3.4333": {
							"post": [0, -4, 7],
							"lerp_mode": "catmullrom"
						},
						"3.6333": {
							"post": [1.67, -4, 7],
							"lerp_mode": "catmullrom"
						},
						"3.6667": {
							"post": [2, -4, 7],
							"lerp_mode": "catmullrom"
						},
						"4.0667": {
							"post": [2, -4, 7],
							"lerp_mode": "catmullrom"
						},
						"4.4333": {
							"post": [2, -4, 7],
							"lerp_mode": "catmullrom"
						},
						"4.4667": {
							"post": [2.46, -3.93, 7.62],
							"lerp_mode": "catmullrom"
						},
						"4.6": {
							"post": [3.86, -3.72, 9.5],
							"lerp_mode": "catmullrom"
						},
						"4.7667": {
							"post": [1.35, -3.23, 8.24],
							"lerp_mode": "catmullrom"
						},
						"4.9": {
							"post": [1.1, -2.64, 6.73],
							"lerp_mode": "catmullrom"
						},
						"4.9667": {
							"post": [0, 0, 0],
							"lerp_mode": "catmullrom"
						},
						"5.2333": {
							"post": [0, 0, 0],
							"lerp_mode": "catmullrom"
						},
						"5.3667": {
							"post": [0, 0, 0],
							"lerp_mode": "catmullrom"
						},
						"5.5": {
							"post": [0, 0, 0],
							"lerp_mode": "catmullrom"
						},
						"5.7333": {
							"post": [0, 0, 0],
							"lerp_mode": "catmullrom"
						}
					}
				},
				"main": {
					"rotation": {
						"0.0": {
							"post": [0, 0, 0],
							"lerp_mode": "catmullrom"
						},
						"0.2": {
							"post": [-19.57, 7.33, 13.02],
							"lerp_mode": "catmullrom"
						},
						"0.3333": {
							"post": [-43.45, 19.74, 23.06],
							"lerp_mode": "catmullrom"
						},
						"0.4667": {
							"post": [-33.37, 19.45, 23.58],
							"lerp_mode": "catmullrom"
						},
						"0.6667": {
							"post": [-39.43, 19.74, 24.06],
							"lerp_mode": "catmullrom"
						},
						"0.7667": {
							"post": [-33.72, 12.71, 12.71],
							"lerp_mode": "catmullrom"
						},
						"0.9": {
							"post": [-38.42, 4.13, 1.19],
							"lerp_mode": "catmullrom"
						},
						"1.2667": {
							"post": [-40.73, -1.14, -5.47],
							"lerp_mode": "catmullrom"
						},
						"1.4": {
							"post": [-38.17, 2.18, -1.6],
							"lerp_mode": "catmullrom"
						},
						"1.7": {
							"post": [-39.71, 1.26, -2.79],
							"lerp_mode": "catmullrom"
						},
						"1.8333": {
							"post": [-40.72, 0.63, -3.57],
							"lerp_mode": "catmullrom"
						},
						"1.9333": {
							"post": [-40.96, 0.39, -3.87],
							"lerp_mode": "catmullrom"
						},
						"2.1667": {
							"post": [-50.58, -1.76, -6.53],
							"lerp_mode": "catmullrom"
						},
						"2.2667": {
							"post": [-48, -3.12, -8.22],
							"lerp_mode": "catmullrom"
						},
						"2.4333": {
							"post": [-44.97, -6.83, -12.91],
							"lerp_mode": "catmullrom"
						},
						"2.8": {
							"post": [-39.6, -6.37, -7.97],
							"lerp_mode": "catmullrom"
						},
						"2.9333": {
							"post": [-37.14, -6.1, -7.62],
							"lerp_mode": "catmullrom"
						},
						"3.1667": {
							"post": [-44.31, -15.99, -17.07],
							"lerp_mode": "catmullrom"
						},
						"3.2333": {
							"post": [-44.17, -15.43, -16.52],
							"lerp_mode": "catmullrom"
						},
						"3.6333": {
							"post": [-34.9, -9.88, -10.94],
							"lerp_mode": "catmullrom"
						},
						"3.8333": {
							"post": [-39.80942, -7.41058, -8.31364],
							"lerp_mode": "catmullrom"
						},
						"4.0667": {
							"post": [-40.12, -4.53, -5.25],
							"lerp_mode": "catmullrom"
						},
						"4.1": {
							"post": [-39.86, -4.01, -4.68],
							"lerp_mode": "catmullrom"
						},
						"4.3333": {
							"post": [-38.98, -4.07, -5.19],
							"lerp_mode": "catmullrom"
						},
						"4.4667": {
							"post": [-38.9, -0.54, -1.45],
							"lerp_mode": "catmullrom"
						},
						"4.9": {
							"post": [-36.95, 11.04, 11.23],
							"lerp_mode": "catmullrom"
						},
						"4.9667": {
							"post": [-35.42, 15.5, 16.57],
							"lerp_mode": "catmullrom"
						},
						"5.2333": {
							"post": [-28.57, 11.64, 14.02],
							"lerp_mode": "catmullrom"
						},
						"5.3667": {
							"post": [-16.94, 5.95, 8.87],
							"lerp_mode": "catmullrom"
						},
						"5.5": {
							"post": [10.07, 1.43, 2.7],
							"lerp_mode": "catmullrom"
						},
						"5.7333": {
							"post": [0, 0, 0],
							"lerp_mode": "catmullrom"
						}
					},
					"position": {
						"0.0": {
							"post": [0, 0, 0],
							"lerp_mode": "catmullrom"
						},
						"0.2": {
							"post": [0, 0, 0],
							"lerp_mode": "catmullrom"
						},
						"0.4": {
							"post": [0, 0, 0],
							"lerp_mode": "catmullrom"
						},
						"0.5": {
							"post": [0, 0, 0],
							"lerp_mode": "catmullrom"
						},
						"0.7333": {
							"post": [0, 0, 0],
							"lerp_mode": "catmullrom"
						},
						"0.9": {
							"post": [0, 0, 0],
							"lerp_mode": "catmullrom"
						},
						"1.2": {
							"post": [0, 0, 0],
							"lerp_mode": "catmullrom"
						},
						"1.3667": {
							"post": [0, 0, 0],
							"lerp_mode": "catmullrom"
						},
						"1.7": {
							"post": [0, 0, 0],
							"lerp_mode": "catmullrom"
						},
						"2.1667": {
							"post": [0, 0, 0],
							"lerp_mode": "catmullrom"
						},
						"2.2667": {
							"post": [0, 0, 0],
							"lerp_mode": "catmullrom"
						},
						"2.8": {
							"post": [0, 0, 0],
							"lerp_mode": "catmullrom"
						},
						"3.2333": {
							"post": [0, 0, 0],
							"lerp_mode": "catmullrom"
						},
						"3.6333": {
							"post": [0, 0, 0],
							"lerp_mode": "catmullrom"
						},
						"4.0667": {
							"post": [0, 0, 0],
							"lerp_mode": "catmullrom"
						},
						"4.4667": {
							"post": [0, 0, 0],
							"lerp_mode": "catmullrom"
						},
						"4.9": {
							"post": [0, 0, 0],
							"lerp_mode": "catmullrom"
						},
						"5.2333": {
							"post": [0, 0, 0],
							"lerp_mode": "catmullrom"
						},
						"5.3667": {
							"post": [0, 0, 0],
							"lerp_mode": "catmullrom"
						},
						"5.5": {
							"post": [0, -2, 0],
							"lerp_mode": "catmullrom"
						},
						"5.7333": {
							"post": [0, 0, 0],
							"lerp_mode": "catmullrom"
						}
					}
				},
				"magazine": {
					"rotation": {
						"0.0": {
							"post": [0, 0, 0],
							"lerp_mode": "catmullrom"
						},
						"0.4": {
							"post": [0, 0, 0],
							"lerp_mode": "catmullrom"
						},
						"0.7333": {
							"post": [0, 0, 0],
							"lerp_mode": "catmullrom"
						},
						"0.9": {
							"post": [0, 0, 0],
							"lerp_mode": "catmullrom"
						},
						"1.2": {
							"post": [0, 0, 0],
							"lerp_mode": "catmullrom"
						},
						"1.3667": {
							"post": [0, 0, 0],
							"lerp_mode": "catmullrom"
						},
						"1.7": {
							"post": [0, 0, 0],
							"lerp_mode": "catmullrom"
						},
						"1.8333": {
							"post": [0, 0, 17.5],
							"lerp_mode": "catmullrom"
						},
						"1.9333": {
							"post": [-0.12, -1.33, 16.26],
							"lerp_mode": "catmullrom"
						},
						"2.1667": {
							"post": [-1.1858, -13.30822, 5.13834],
							"lerp_mode": "catmullrom"
						},
						"2.2667": {
							"post": [-1.91617, -20.91633, 5.35373],
							"lerp_mode": "catmullrom"
						},
						"2.4333": {
							"post": [0, -70, 0],
							"lerp_mode": "catmullrom"
						},
						"2.5667": {
							"post": [0, 0, 0],
							"lerp_mode": "catmullrom"
						},
						"2.8": {
							"post": [0, -7.5, 0],
							"lerp_mode": "catmullrom"
						},
						"3.0667": {
							"post": [0, 0, 0],
							"lerp_mode": "catmullrom"
						},
						"3.2333": {
							"post": [0, 0, 0],
							"lerp_mode": "catmullrom"
						},
						"3.6333": {
							"post": [0, 0, 0],
							"lerp_mode": "catmullrom"
						},
						"4.0667": {
							"post": [0, 0, 0],
							"lerp_mode": "catmullrom"
						},
						"4.4667": {
							"post": [0, 0, 0],
							"lerp_mode": "catmullrom"
						},
						"4.9": {
							"post": [0, 0, 0],
							"lerp_mode": "catmullrom"
						},
						"5.2333": {
							"post": [0, 0, 0],
							"lerp_mode": "catmullrom"
						},
						"5.3667": {
							"post": [0, 0, 0],
							"lerp_mode": "catmullrom"
						},
						"5.5": {
							"post": [0, 0, 0],
							"lerp_mode": "catmullrom"
						},
						"5.7333": {
							"post": [0, 0, 0],
							"lerp_mode": "catmullrom"
						}
					},
					"position": {
						"0.0": {
							"post": [0, 0, 0],
							"lerp_mode": "catmullrom"
						},
						"0.4": {
							"post": [0, 0, 0],
							"lerp_mode": "catmullrom"
						},
						"0.7333": {
							"post": [0, 0, 0],
							"lerp_mode": "catmullrom"
						},
						"0.9": {
							"post": [0, 0, 0],
							"lerp_mode": "catmullrom"
						},
						"1.2": {
							"post": [0, 0, 0],
							"lerp_mode": "catmullrom"
						},
						"1.3667": {
							"post": [0, 0, 0],
							"lerp_mode": "catmullrom"
						},
						"1.7": {
							"post": [0, 0, 0],
							"lerp_mode": "catmullrom"
						},
						"1.8333": {
							"post": [1, -1, 0],
							"lerp_mode": "catmullrom"
						},
						"1.9333": {
							"post": [1.89, -0.9, 1.11],
							"lerp_mode": "catmullrom"
						},
						"2.1667": {
							"post": [9.9, 0, 11.1],
							"lerp_mode": "catmullrom"
						},
						"2.2667": {
							"post": [15.56, 0, 17.44],
							"lerp_mode": "catmullrom"
						},
						"2.4333": {
							"post": [51.87, 0, 58.14],
							"lerp_mode": "catmullrom"
						},
						"2.5667": {
							"post": [14, 0, 16],
							"lerp_mode": "catmullrom"
						},
						"2.8": {
							"post": [11, 0, 7],
							"lerp_mode": "catmullrom"
						},
						"3.0667": {
							"post": [0, -2, 0],
							"lerp_mode": "catmullrom"
						},
						"3.1667": {
							"post": [0, 0, 0],
							"lerp_mode": "catmullrom"
						},
						"3.2333": {
							"post": [0, 0, 0],
							"lerp_mode": "catmullrom"
						},
						"3.6333": {
							"post": [0, 0, 0],
							"lerp_mode": "catmullrom"
						},
						"4.0667": {
							"post": [0, 0, 0],
							"lerp_mode": "catmullrom"
						},
						"4.4667": {
							"post": [0, 0, 0],
							"lerp_mode": "catmullrom"
						},
						"4.9": {
							"post": [0, 0, 0],
							"lerp_mode": "catmullrom"
						},
						"5.2333": {
							"post": [0, 0, 0],
							"lerp_mode": "catmullrom"
						},
						"5.3667": {
							"post": [0, 0, 0],
							"lerp_mode": "catmullrom"
						},
						"5.5": {
							"post": [0, 0, 0],
							"lerp_mode": "catmullrom"
						},
						"5.7333": {
							"post": [0, 0, 0],
							"lerp_mode": "catmullrom"
						}
					},
					"scale": {
						"0.0": {
							"post": [1, 1, 1],
							"lerp_mode": "catmullrom"
						},
						"0.4": {
							"post": [1, 1, 1],
							"lerp_mode": "catmullrom"
						},
						"0.7333": {
							"post": [1, 1, 1],
							"lerp_mode": "catmullrom"
						},
						"0.9": {
							"post": [1, 1, 1],
							"lerp_mode": "catmullrom"
						},
						"1.2": {
							"post": [1, 1, 1],
							"lerp_mode": "catmullrom"
						},
						"1.3667": {
							"post": [1, 1, 1],
							"lerp_mode": "catmullrom"
						},
						"1.7": {
							"post": [1, 1, 1],
							"lerp_mode": "catmullrom"
						},
						"2.2667": {
							"post": [1, 1, 1],
							"lerp_mode": "catmullrom"
						},
						"2.5667": {
							"post": [1, 1, 1],
							"lerp_mode": "catmullrom"
						},
						"2.8": {
							"post": [1, 1, 1],
							"lerp_mode": "catmullrom"
						},
						"3.2333": {
							"post": [1, 1, 1],
							"lerp_mode": "catmullrom"
						},
						"3.6333": {
							"post": [1, 1, 1],
							"lerp_mode": "catmullrom"
						},
						"4.0667": {
							"post": [1, 1, 1],
							"lerp_mode": "catmullrom"
						},
						"4.4667": {
							"post": [1, 1, 1],
							"lerp_mode": "catmullrom"
						},
						"4.9": {
							"post": [1, 1, 1],
							"lerp_mode": "catmullrom"
						},
						"5.2333": {
							"post": [1, 1, 1],
							"lerp_mode": "catmullrom"
						},
						"5.3667": {
							"post": [1, 1, 1],
							"lerp_mode": "catmullrom"
						},
						"5.5": {
							"post": [1, 1, 1],
							"lerp_mode": "catmullrom"
						},
						"5.7333": {
							"post": [1, 1, 1],
							"lerp_mode": "catmullrom"
						}
					}
				},
				"belt": {
					"rotation": {
						"0.0": {
							"post": [0, 0, 0],
							"lerp_mode": "catmullrom"
						},
						"0.4": {
							"post": [0, 0, 0],
							"lerp_mode": "catmullrom"
						},
						"0.5667": {
							"post": [0, 0, 0],
							"lerp_mode": "catmullrom"
						},
						"0.7333": {
							"post": [0, 0, 15.94],
							"lerp_mode": "catmullrom"
						},
						"0.9": {
							"post": [0, 0, 42.5],
							"lerp_mode": "catmullrom"
						},
						"1.2": {
							"post": [0, 0, 42.5],
							"lerp_mode": "catmullrom"
						},
						"1.3667": {
							"post": [0, 0, 42.5],
							"lerp_mode": "catmullrom"
						},
						"1.7": {
							"post": [0, 0, 42.5],
							"lerp_mode": "catmullrom"
						},
						"2.1": {
							"post": [0, 0, 42.5],
							"lerp_mode": "catmullrom"
						},
						"2.8": {
							"post": [0, 0, 42.5],
							"lerp_mode": "catmullrom"
						},
						"3.2333": {
							"post": [0, 0, 42.5],
							"lerp_mode": "catmullrom"
						},
						"3.4333": {
							"post": [0, 0, 42.5],
							"lerp_mode": "catmullrom"
						},
						"3.6333": {
							"post": [0, 0, 28.33],
							"lerp_mode": "catmullrom"
						},
						"4.0667": {
							"post": [0, 0, 0],
							"lerp_mode": "catmullrom"
						},
						"4.4667": {
							"post": [0, 0, 0],
							"lerp_mode": "catmullrom"
						},
						"4.9": {
							"post": [0, 0, 0],
							"lerp_mode": "catmullrom"
						},
						"5.2333": {
							"post": [0, 0, 0],
							"lerp_mode": "catmullrom"
						},
						"5.3667": {
							"post": [0, 0, 0],
							"lerp_mode": "catmullrom"
						},
						"5.5": {
							"post": [0, 0, 0],
							"lerp_mode": "catmullrom"
						},
						"5.7333": {
							"post": [0, 0, 0],
							"lerp_mode": "catmullrom"
						}
					},
					"position": {
						"0.0": {
							"post": [0, 0, 0],
							"lerp_mode": "catmullrom"
						},
						"0.4": {
							"post": [0, 0, 0],
							"lerp_mode": "catmullrom"
						},
						"0.5667": {
							"post": [0, 0, 0],
							"lerp_mode": "catmullrom"
						},
						"0.7333": {
							"post": [-0.07, 0, 0],
							"lerp_mode": "catmullrom"
						},
						"0.8": {
							"post": [-0.11, 0, 0],
							"lerp_mode": "catmullrom"
						},
						"0.9": {
							"post": [1, 0, 0],
							"lerp_mode": "catmullrom"
						},
						"1.2": {
							"post": [1, 0, 0],
							"lerp_mode": "catmullrom"
						},
						"1.3667": {
							"post": [1, 0, 0],
							"lerp_mode": "catmullrom"
						},
						"1.7": {
							"post": [1, 0, 0],
							"lerp_mode": "catmullrom"
						},
						"2.1": {
							"post": [1, 0, 0],
							"lerp_mode": "catmullrom"
						},
						"2.8": {
							"post": [1, 0, 0],
							"lerp_mode": "catmullrom"
						},
						"3.2333": {
							"post": [1, 0, 0],
							"lerp_mode": "catmullrom"
						},
						"3.4333": {
							"post": [1, 0, 0],
							"lerp_mode": "catmullrom"
						},
						"3.6333": {
							"post": [0.07, 0, 0],
							"lerp_mode": "catmullrom"
						},
						"3.6667": {
							"post": [-0.11, 0, 0],
							"lerp_mode": "catmullrom"
						},
						"4.0667": {
							"post": [0, 0, 0],
							"lerp_mode": "catmullrom"
						},
						"4.4667": {
							"post": [0, 0, 0],
							"lerp_mode": "catmullrom"
						},
						"4.9": {
							"post": [0, 0, 0],
							"lerp_mode": "catmullrom"
						},
						"5.2333": {
							"post": [0, 0, 0],
							"lerp_mode": "catmullrom"
						},
						"5.3667": {
							"post": [0, 0, 0],
							"lerp_mode": "catmullrom"
						},
						"5.5": {
							"post": [0, 0, 0],
							"lerp_mode": "catmullrom"
						},
						"5.7333": {
							"post": [0, 0, 0],
							"lerp_mode": "catmullrom"
						}
					}
				},
				"belt2": {
					"rotation": {
						"0.0": {
							"post": [0, 0, 0],
							"lerp_mode": "catmullrom"
						},
						"0.4": {
							"post": [0, 0, 0],
							"lerp_mode": "catmullrom"
						},
						"0.5667": {
							"post": [0, 0, 0],
							"lerp_mode": "catmullrom"
						},
						"0.7333": {
							"post": [0, 0, 21],
							"lerp_mode": "catmullrom"
						},
						"0.8": {
							"post": [0, 0, 35],
							"lerp_mode": "catmullrom"
						},
						"0.9": {
							"post": [0, 0, 52.5],
							"lerp_mode": "catmullrom"
						},
						"1.2": {
							"post": [0, 0, 52.5],
							"lerp_mode": "catmullrom"
						},
						"1.3667": {
							"post": [0, 0, 52.5],
							"lerp_mode": "catmullrom"
						},
						"1.7": {
							"post": [0, 0, 52.5],
							"lerp_mode": "catmullrom"
						},
						"2.1": {
							"post": [0, 0, 52.5],
							"lerp_mode": "catmullrom"
						},
						"2.8": {
							"post": [0, 0, 52.5],
							"lerp_mode": "catmullrom"
						},
						"3.2333": {
							"post": [0, 0, 52.5],
							"lerp_mode": "catmullrom"
						},
						"3.4333": {
							"post": [0, 0, 52.5],
							"lerp_mode": "catmullrom"
						},
						"3.6333": {
							"post": [0, 0, 37.92],
							"lerp_mode": "catmullrom"
						},
						"3.6667": {
							"post": [0, 0, 35],
							"lerp_mode": "catmullrom"
						},
						"4.0667": {
							"post": [0, 0, 0],
							"lerp_mode": "catmullrom"
						},
						"4.4667": {
							"post": [0, 0, 0],
							"lerp_mode": "catmullrom"
						},
						"4.9": {
							"post": [0, 0, 0],
							"lerp_mode": "catmullrom"
						},
						"5.2333": {
							"post": [0, 0, 0],
							"lerp_mode": "catmullrom"
						},
						"5.3667": {
							"post": [0, 0, 0],
							"lerp_mode": "catmullrom"
						},
						"5.5": {
							"post": [0, 0, 0],
							"lerp_mode": "catmullrom"
						},
						"5.7333": {
							"post": [0, 0, 0],
							"lerp_mode": "catmullrom"
						}
					},
					"position": {
						"0.0": {
							"post": [0, 0, 0],
							"lerp_mode": "catmullrom"
						},
						"0.4": {
							"post": [0, 0, 0],
							"lerp_mode": "catmullrom"
						},
						"0.5667": {
							"post": [0, 0, 0],
							"lerp_mode": "catmullrom"
						},
						"0.7333": {
							"post": [0.01, 0.01, 0],
							"lerp_mode": "catmullrom"
						},
						"0.9": {
							"post": [0.75, 0.75, 0],
							"lerp_mode": "catmullrom"
						},
						"1.2": {
							"post": [0.75, 0.75, 0],
							"lerp_mode": "catmullrom"
						},
						"1.3667": {
							"post": [0.75, 0.75, 0],
							"lerp_mode": "catmullrom"
						},
						"1.7": {
							"post": [0.75, 0.75, 0],
							"lerp_mode": "catmullrom"
						},
						"2.1": {
							"post": [0.75, 0.75, 0],
							"lerp_mode": "catmullrom"
						},
						"2.8": {
							"post": [0.75, 0.75, 0],
							"lerp_mode": "catmullrom"
						},
						"3.2333": {
							"post": [0.75, 0.75, 0],
							"lerp_mode": "catmullrom"
						},
						"3.4333": {
							"post": [0.75, 0.75, 0],
							"lerp_mode": "catmullrom"
						},
						"3.6333": {
							"post": [0.5, 0.5, 0],
							"lerp_mode": "catmullrom"
						},
						"4.0667": {
							"post": [0, 0, 0],
							"lerp_mode": "catmullrom"
						},
						"4.4667": {
							"post": [0, 0, 0],
							"lerp_mode": "catmullrom"
						},
						"4.9": {
							"post": [0, 0, 0],
							"lerp_mode": "catmullrom"
						},
						"5.2333": {
							"post": [0, 0, 0],
							"lerp_mode": "catmullrom"
						},
						"5.3667": {
							"post": [0, 0, 0],
							"lerp_mode": "catmullrom"
						},
						"5.5": {
							"post": [0, 0, 0],
							"lerp_mode": "catmullrom"
						},
						"5.7333": {
							"post": [0, 0, 0],
							"lerp_mode": "catmullrom"
						}
					}
				},
				"belt3": {
					"rotation": {
						"0.0": {
							"post": [0, 0, 0],
							"lerp_mode": "catmullrom"
						},
						"0.4": {
							"post": [0, 0, 0],
							"lerp_mode": "catmullrom"
						},
						"0.5667": {
							"post": [0, 0, 0],
							"lerp_mode": "catmullrom"
						},
						"0.7333": {
							"post": [0, 0, 21],
							"lerp_mode": "catmullrom"
						},
						"0.8": {
							"post": [0, 0, 35],
							"lerp_mode": "catmullrom"
						},
						"0.9": {
							"post": [0, 0, 60],
							"lerp_mode": "catmullrom"
						},
						"1.2": {
							"post": [0, 0, 60],
							"lerp_mode": "catmullrom"
						},
						"1.3667": {
							"post": [0, 0, 60],
							"lerp_mode": "catmullrom"
						},
						"1.7": {
							"post": [0, 0, 60],
							"lerp_mode": "catmullrom"
						},
						"2.1": {
							"post": [0, 0, 60],
							"lerp_mode": "catmullrom"
						},
						"2.8": {
							"post": [0, 0, 60],
							"lerp_mode": "catmullrom"
						},
						"3.2333": {
							"post": [0, 0, 60],
							"lerp_mode": "catmullrom"
						},
						"3.4333": {
							"post": [0, 0, 60],
							"lerp_mode": "catmullrom"
						},
						"3.6333": {
							"post": [0, 0, 39.17],
							"lerp_mode": "catmullrom"
						},
						"3.6667": {
							"post": [0, 0, 35],
							"lerp_mode": "catmullrom"
						},
						"4.0667": {
							"post": [0, 0, 0],
							"lerp_mode": "catmullrom"
						},
						"4.4667": {
							"post": [0, 0, 0],
							"lerp_mode": "catmullrom"
						},
						"4.9": {
							"post": [0, 0, 0],
							"lerp_mode": "catmullrom"
						},
						"5.2333": {
							"post": [0, 0, 0],
							"lerp_mode": "catmullrom"
						},
						"5.3667": {
							"post": [0, 0, 0],
							"lerp_mode": "catmullrom"
						},
						"5.5": {
							"post": [0, 0, 0],
							"lerp_mode": "catmullrom"
						},
						"5.7333": {
							"post": [0, 0, 0],
							"lerp_mode": "catmullrom"
						}
					},
					"position": {
						"0.0": {
							"post": [0, 0, 0],
							"lerp_mode": "catmullrom"
						},
						"0.4": {
							"post": [0, 0, 0],
							"lerp_mode": "catmullrom"
						},
						"0.5667": {
							"post": [0, 0, 0],
							"lerp_mode": "catmullrom"
						},
						"0.7333": {
							"post": [0.02, 0.02, 0],
							"lerp_mode": "catmullrom"
						},
						"0.9": {
							"post": [1, 1, 0],
							"lerp_mode": "catmullrom"
						},
						"1.2": {
							"post": [1, 1, 0],
							"lerp_mode": "catmullrom"
						},
						"1.3667": {
							"post": [1, 1, 0],
							"lerp_mode": "catmullrom"
						},
						"1.7": {
							"post": [1, 1, 0],
							"lerp_mode": "catmullrom"
						},
						"2.1": {
							"post": [1, 1, 0],
							"lerp_mode": "catmullrom"
						},
						"2.8": {
							"post": [1, 1, 0],
							"lerp_mode": "catmullrom"
						},
						"3.2333": {
							"post": [1, 1, 0],
							"lerp_mode": "catmullrom"
						},
						"3.4333": {
							"post": [1, 1, 0],
							"lerp_mode": "catmullrom"
						},
						"3.6333": {
							"post": [0.67, 0.67, 0],
							"lerp_mode": "catmullrom"
						},
						"4.0667": {
							"post": [0, 0, 0],
							"lerp_mode": "catmullrom"
						},
						"4.4667": {
							"post": [0, 0, 0],
							"lerp_mode": "catmullrom"
						},
						"4.9": {
							"post": [0, 0, 0],
							"lerp_mode": "catmullrom"
						},
						"5.2333": {
							"post": [0, 0, 0],
							"lerp_mode": "catmullrom"
						},
						"5.3667": {
							"post": [0, 0, 0],
							"lerp_mode": "catmullrom"
						},
						"5.5": {
							"post": [0, 0, 0],
							"lerp_mode": "catmullrom"
						},
						"5.7333": {
							"post": [0, 0, 0],
							"lerp_mode": "catmullrom"
						}
					}
				},
				"belt4": {
					"rotation": {
						"0.0": {
							"post": [0, 0, 0],
							"lerp_mode": "catmullrom"
						},
						"0.4": {
							"post": [0, 0, 0],
							"lerp_mode": "catmullrom"
						},
						"0.5667": {
							"post": [0, 0, 0],
							"lerp_mode": "catmullrom"
						},
						"0.7333": {
							"post": [0, 0, 9],
							"lerp_mode": "catmullrom"
						},
						"0.8": {
							"post": [0, 0, 15],
							"lerp_mode": "catmullrom"
						},
						"0.9": {
							"post": [0, 0, 67.5],
							"lerp_mode": "catmullrom"
						},
						"1.2": {
							"post": [0, 0, 67.5],
							"lerp_mode": "catmullrom"
						},
						"1.3667": {
							"post": [0, 0, 67.5],
							"lerp_mode": "catmullrom"
						},
						"1.7": {
							"post": [0, 0, 67.5],
							"lerp_mode": "catmullrom"
						},
						"2.1": {
							"post": [0, 0, 67.5],
							"lerp_mode": "catmullrom"
						},
						"2.8": {
							"post": [0, 0, 67.5],
							"lerp_mode": "catmullrom"
						},
						"3.2333": {
							"post": [0, 0, 67.5],
							"lerp_mode": "catmullrom"
						},
						"3.4333": {
							"post": [0, 0, 67.5],
							"lerp_mode": "catmullrom"
						},
						"3.6333": {
							"post": [0, 0, 23.75],
							"lerp_mode": "catmullrom"
						},
						"3.6667": {
							"post": [0, 0, 15],
							"lerp_mode": "catmullrom"
						},
						"4.0667": {
							"post": [0, 0, 0],
							"lerp_mode": "catmullrom"
						},
						"4.4667": {
							"post": [0, 0, 0],
							"lerp_mode": "catmullrom"
						},
						"4.9": {
							"post": [0, 0, 0],
							"lerp_mode": "catmullrom"
						},
						"5.2333": {
							"post": [0, 0, 0],
							"lerp_mode": "catmullrom"
						},
						"5.3667": {
							"post": [0, 0, 0],
							"lerp_mode": "catmullrom"
						},
						"5.5": {
							"post": [0, 0, 0],
							"lerp_mode": "catmullrom"
						},
						"5.7333": {
							"post": [0, 0, 0],
							"lerp_mode": "catmullrom"
						}
					},
					"position": {
						"0.0": {
							"post": [0, 0, 0],
							"lerp_mode": "catmullrom"
						},
						"0.4": {
							"post": [0, 0, 0],
							"lerp_mode": "catmullrom"
						},
						"0.5667": {
							"post": [0, 0, 0],
							"lerp_mode": "catmullrom"
						},
						"0.7333": {
							"post": [0.02, 0.01, 0],
							"lerp_mode": "catmullrom"
						},
						"0.9": {
							"post": [1.25, 0.75, 0],
							"lerp_mode": "catmullrom"
						},
						"1.2": {
							"post": [1.25, 0.75, 0],
							"lerp_mode": "catmullrom"
						},
						"1.3667": {
							"post": [1.25, 0.75, 0],
							"lerp_mode": "catmullrom"
						},
						"1.7": {
							"post": [1.25, 0.75, 0],
							"lerp_mode": "catmullrom"
						},
						"2.1": {
							"post": [1.25, 0.75, 0],
							"lerp_mode": "catmullrom"
						},
						"2.8": {
							"post": [1.25, 0.75, 0],
							"lerp_mode": "catmullrom"
						},
						"3.2333": {
							"post": [1.25, 0.75, 0],
							"lerp_mode": "catmullrom"
						},
						"3.4333": {
							"post": [1.25, 0.75, 0],
							"lerp_mode": "catmullrom"
						},
						"3.6333": {
							"post": [0.83, 0.5, 0],
							"lerp_mode": "catmullrom"
						},
						"4.0667": {
							"post": [0, 0, 0],
							"lerp_mode": "catmullrom"
						},
						"4.4667": {
							"post": [0, 0, 0],
							"lerp_mode": "catmullrom"
						},
						"4.9": {
							"post": [0, 0, 0],
							"lerp_mode": "catmullrom"
						},
						"5.2333": {
							"post": [0, 0, 0],
							"lerp_mode": "catmullrom"
						},
						"5.3667": {
							"post": [0, 0, 0],
							"lerp_mode": "catmullrom"
						},
						"5.5": {
							"post": [0, 0, 0],
							"lerp_mode": "catmullrom"
						},
						"5.7333": {
							"post": [0, 0, 0],
							"lerp_mode": "catmullrom"
						}
					}
				},
				"shockwavechamber": {
					"rotation": {
						"0.0": {
							"post": [0, 0, 0],
							"lerp_mode": "catmullrom"
						},
						"0.4": {
							"post": [0, 0, 0],
							"lerp_mode": "catmullrom"
						},
						"0.7333": {
							"post": [0, 0, 0],
							"lerp_mode": "catmullrom"
						},
						"0.9": {
							"post": [0, 0, 0],
							"lerp_mode": "catmullrom"
						},
						"1.2": {
							"post": [0, 0, 0],
							"lerp_mode": "catmullrom"
						},
						"1.3667": {
							"post": [0, 0, 0],
							"lerp_mode": "catmullrom"
						},
						"1.7": {
							"post": [0, 0, 0],
							"lerp_mode": "catmullrom"
						},
						"2.1": {
							"post": [0, 0, 0],
							"lerp_mode": "catmullrom"
						},
						"2.8": {
							"post": [0, 0, 0],
							"lerp_mode": "catmullrom"
						},
						"3.2333": {
							"post": [0, 0, 0],
							"lerp_mode": "catmullrom"
						},
						"3.6333": {
							"post": [0, 0, 0],
							"lerp_mode": "catmullrom"
						},
						"4.0667": {
							"post": [0, 0, 0],
							"lerp_mode": "catmullrom"
						},
						"4.4667": {
							"post": [0, 0, 0],
							"lerp_mode": "catmullrom"
						},
						"4.6": {
							"post": [0, 0, 0],
							"lerp_mode": "catmullrom"
						},
						"4.9": {
							"post": [0, 0, 0],
							"lerp_mode": "catmullrom"
						},
						"5.2333": {
							"post": [0, 0, -360],
							"lerp_mode": "catmullrom"
						}
					}
				},
				"magazine2": {
					"scale": {
						"0.0": {
							"post": [0, 0, 0],
							"lerp_mode": "catmullrom"
						}
					}
				},
				"_camera_": {
					"rotation": {
						"0.0": {
							"post": [0, 0, 0],
							"lerp_mode": "catmullrom"
						},
						"0.2667": {
							"post": [5, 0, 0],
							"lerp_mode": "catmullrom"
						},
						"0.5333": {
							"post": [5, 0, 0],
							"lerp_mode": "catmullrom"
						},
						"0.8": {
							"post": [5, -3, 0],
							"lerp_mode": "catmullrom"
						},
						"1.2667": {
							"post": [5, 0, 0],
							"lerp_mode": "catmullrom"
						},
						"1.6": {
							"post": [6, 1, 0],
							"lerp_mode": "catmullrom"
						},
						"2.1333": {
							"post": [5, 0, 0],
							"lerp_mode": "catmullrom"
						},
						"2.5333": {
							"post": [5, 0, 0],
							"lerp_mode": "catmullrom"
						},
						"2.7": {
							"post": [5, -3, 0],
							"lerp_mode": "catmullrom"
						},
						"3.0667": {
							"post": [5, -1, 0],
							"lerp_mode": "catmullrom"
						},
						"3.2": {
							"post": [5, 0, 0],
							"lerp_mode": "catmullrom"
						},
						"4.1": {
							"post": [5, 2.5, 0],
							"lerp_mode": "catmullrom"
						},
						"4.6333": {
							"post": [5, 0.67, 0],
							"lerp_mode": "catmullrom"
						},
						"4.9333": {
							"post": [5, 0.75, 0],
							"lerp_mode": "catmullrom"
						},
						"5.1": {
							"post": [5, 0, 0],
							"lerp_mode": "catmullrom"
						},
						"5.4667": {
							"post": [0, 0, 0],
							"lerp_mode": "catmullrom"
						}
					}
				}
			},
			"sound_effects": {
				"0.0": {
					"effect": "stellatsweaponries_movement1"
				},
				"0.4667": {
					"effect": "stellatsweaponries_movement1"
				},
				"0.5667": {
					"effect": "lmg_bulletchain"
				},
				"1.4333": {
					"effect": "lmg_magout"
				},
				"1.7667": {
					"effect": "stellatsweaponries_movement2"
				},
				"2.6667": {
					"effect": "lmg_magin"
				},
				"2.7333": {
					"effect": "stellatsweaponries_movement1"
				},
				"3.3": {
					"effect": "lmg_bulletchain"
				},
				"3.8333": {
					"effect": "stellatsweaponries_movement3"
				}
			}
		}
	},
	"geckolib_format_version": 2
}