{
	"format_version": "1.8.0",
	"animations": {
		"animation.model.draw": {
			"loop": true,
			"animation_length": 1.2,
			"bones": {
				"leftarm": {
					"rotation": {
						"0.0": [0, 0, 0],
						"0.22": [1, 0, -22],
						"0.47": [0, 0, 0]
					},
					"position": {
						"0.0": [0, 0, 0],
						"0.22": [3.53901, 3.6754, 5.59783],
						"0.47": [0, 0, 0]
					}
				},
				"main": {
					"rotation": {
						"0.0": [32.09413, -54.38778, -8.29667],
						"0.4": {
							"pre": [0.50518, -5.08075, 6.8716],
							"post": [0.50518, -5.08075, 6.8716],
							"lerp_mode": "catmullrom"
						},
						"0.6": {
							"post": [0.29731, -0.6159, 0.3443],
							"lerp_mode": "catmullrom"
						},
						"0.74": {
							"post": [0, 0, 0],
							"lerp_mode": "catmullrom"
						}
					},
					"position": {
						"0.0": [0, -17.3, 0],
						"0.27": [-0.4, -2.525, -1.625],
						"0.48": [-0.05, 0, -2.49],
						"0.67": {
							"pre": [0, 0, 0],
							"post": [0, 0, 0],
							"lerp_mode": "catmullrom"
						}
					}
				},
				"holo": {
					"position": {
						"0.0": [0, 0, 0],
						"0.6": {
							"pre": [0, -2, 0],
							"post": [0, -2, 0],
							"lerp_mode": "catmullrom"
						},
						"0.9": {
							"post": [0, 0, 0],
							"lerp_mode": "catmullrom"
						}
					},
					"scale": {
						"0.6": {
							"pre": [1, 0, 1],
							"post": [1, 0, 1],
							"lerp_mode": "catmullrom"
						},
						"0.65": {
							"post": [1.0251, 0.14064, 0.97742],
							"lerp_mode": "catmullrom"
						},
						"0.7": {
							"post": [1.04265, 0.5766, 0.93358],
							"lerp_mode": "catmullrom"
						},
						"0.75": {
							"post": [1, 0.78563, 0.93546],
							"lerp_mode": "catmullrom"
						},
						"0.8": {
							"post": [0.95735, 0.89701, 0.95168],
							"lerp_mode": "catmullrom"
						},
						"0.85": {
							"post": [0.9749, 0.96232, 0.97408],
							"lerp_mode": "catmullrom"
						},
						"0.9": {
							"post": [1, 1, 1],
							"lerp_mode": "catmullrom"
						}
					}
				},
				"indicator": {
					"position": [0, 0, 0],
					"scale": {
						"0.25": [1, 1, 0],
						"0.65": {
							"pre": [1, 1, 1],
							"post": [1, 1, 1],
							"lerp_mode": "catmullrom"
						}
					}
				},
				"leftradiator": {
					"rotation": {
						"0.64": {
							"pre": [0, 0, -45],
							"post": [0, 0, -45],
							"lerp_mode": "catmullrom"
						},
						"1.0": {
							"post": [0, 0, -4.5],
							"lerp_mode": "catmullrom"
						},
						"1.2": {
							"post": [0, 0, 0],
							"lerp_mode": "catmullrom"
						}
					}
				},
				"rightradiator": {
					"rotation": {
						"0.0": [0, 0, 17.5],
						"0.64": {
							"pre": [0, 0, 45],
							"post": [0, 0, 45],
							"lerp_mode": "catmullrom"
						},
						"1.0": {
							"post": [0, 0, 4.5],
							"lerp_mode": "catmullrom"
						},
						"1.2": {
							"post": [0, 0, 0],
							"lerp_mode": "catmullrom"
						}
					}
				}
			},
			"sound_effects": {
				"0.12": {
					"effect": "stellatsweaponries_rc2_jqmg_draw"
				}
			}
		},
		"animation.model.inspect": {
			"loop": true,
			"animation_length": 4.23333,
			"bones": {
				"main": {
					"rotation": {
						"0.0": [0, 0, 0],
						"0.1333": [-8.41746, -13.59608, -21.21259],
						"0.3": [-8.39812, -20.10111, -31.77688],
						"0.4667": [-9.55676, -20.88889, -28.55629],
						"0.6667": [-8.77652, -21.21647, -30.72851],
						"0.9": [-9.4227, -20.94881, -28.93303],
						"1.1333": [-3.1216, -20.98207, -46.44405],
						"1.2667": [-4.564, -20.73064, -42.44007],
						"1.3667": [-4.86325, -20.9153, -41.60203],
						"1.4667": [-4.58308, -20.97575, -42.38574],
						"1.6": [-4.01131, -21.08802, -43.97908],
						"1.7333": [-4.38767, -21.01662, -42.9316],
						"1.8333": [-4.18847, -21.05622, -43.48691],
						"2.1667": [-16.91438, 5.38499, 54.40399],
						"2.3333": [-15.22513, 5.80082, 60.04554],
						"2.5333": [-15.70981, 5.86025, 59.48558],
						"2.6667": [-16.21796, 6.34661, 60.27503],
						"2.8": [-15.60896, 7.75082, 65.23442],
						"2.9667": [-8.63174, 15.14765, 99.31216],
						"3.1333": [-8.31595, 15.31944, 100.51249],
						"3.3333": [-7.04161, 15.93452, 105.24178],
						"3.6": {
							"pre": [-7.85845, 15.55635, 102.2332],
							"post": [-7.85845, 15.55635, 102.2332],
							"lerp_mode": "catmullrom"
						},
						"3.8667": {
							"post": [-7.95077, 4.6277, 48.42796],
							"lerp_mode": "catmullrom"
						},
						"4.0333": {
							"post": [0, -1.75, -2.75],
							"lerp_mode": "catmullrom"
						},
						"4.2": {
							"post": [0, 0, 0],
							"lerp_mode": "catmullrom"
						}
					},
					"position": {
						"0.0": [0, 0, 0],
						"0.3": [-0.475, 1.475, -8.7],
						"0.4333": [-0.195, 1, -7.7],
						"0.6667": [-0.03, 0.725, -7.7],
						"0.8333": [0, 1.125, -7.7],
						"1.0333": [0.125, 1.4, -8.275],
						"1.3333": [-0.02, 1.475, -8],
						"1.5333": [0.11, 1.425, -8.175],
						"1.8": [0.275, 1.25, -7.975],
						"1.9333": [-2.13, -0.19, -8.65],
						"2.3": [2.585, -6.395, -10.545],
						"2.4333": [1.585, -7.195, -10.545],
						"2.5": [0.585, -6.395, -10.545],
						"2.6333": [0.585, -6.395, -10.295],
						"2.8": [0.76, -6.195, -10.295],
						"3.0": [0.585, -6.395, -13.645],
						"3.2333": [0.585, -6.395, -17.87],
						"3.5": [0.585, -6.395, -16.545],
						"3.7667": {
							"pre": [0.585, -6.395, -12.545],
							"post": [0.585, -6.395, -12.545],
							"lerp_mode": "catmullrom"
						},
						"4.1333": {
							"post": [0, 0, 0],
							"lerp_mode": "catmullrom"
						}
					}
				},
				"leftarm": {
					"rotation": {
						"0.0": [0, 0, 0],
						"0.2": [0, 0, -2.5],
						"1.8667": [0, 0, -2.5],
						"2.1667": [0, 0, 0]
					},
					"position": {
						"0.0": [0, 0, 0],
						"0.2": [11.23986, -30.20851, 24.64864],
						"1.8667": [11.23986, -30.20851, 24.64864],
						"2.1667": [0, 0, 0]
					}
				},
				"holo": {
					"position": {
						"0.0": [0, 0, 0],
						"2.1333": [0, 0, 0],
						"2.4": [0, 0, 0],
						"2.5667": [0, 0, 0],
						"3.2": [0, 0, 0]
					},
					"scale": {
						"0.0": [1, 1, 1],
						"2.1333": [1, 1, 1],
						"2.2333": [1, 0.3249, 1],
						"2.4": [1, 0, 1],
						"2.5667": [1, 0, 1],
						"2.8667": [1, 0.4421, 1],
						"3.2": [1, 1, 1]
					}
				},
				"indicator": {
					"position": [0, 0, 0],
					"scale": 1
				},
				"rightarm": {
					"rotation": {
						"0.0": [0, 0, 0],
						"4.1667": {
							"pre": [0, 0, 5],
							"post": [0, 0, 5],
							"lerp_mode": "catmullrom"
						}
					},
					"position": {
						"0.0": [0, 0, 0],
						"4.1667": {
							"pre": [0.25, 0, 0],
							"post": [0.25, 0, 0],
							"lerp_mode": "catmullrom"
						}
					}
				}
			}
		},
		"animation.model.fire": {
			"loop": true,
			"animation_length": 0.1,
			"bones": {
				"trigger": {
					"rotation": {
						"vector": [25, 0, 0]
					},
					"position": {
						"vector": [0, 0.1, 0]
					}
				},
				"main": {
					"rotation": {
						"0.0": {
							"vector": [-0.5, 0, 0]
						},
						"0.1": {
							"vector": [0, 0, 0]
						}
					}
				},
				"qmgmuzzleflash": {
					"position": {
						"0.0": {
							"vector": [0, 2.55, 3]
						},
						"0.1": {
							"vector": [0, 2.85, -3]
						}
					},
					"scale": {
						"vector": [1.5, 1.8, 1.5]
					}
				},
				"qmgmuzzleflash2": {
					"position": {
						"0.0": {
							"vector": [0, 0, 0]
						},
						"0.1": {
							"vector": [0, 0, -4]
						}
					}
				},
				"qmgmuzzleflash4": {
					"position": {
						"0.0": {
							"vector": [0, 0, 0]
						},
						"0.1": {
							"vector": [0, 0, -4]
						}
					}
				},
				"qmgmuzzleflash3": {
					"position": {
						"0.0": {
							"vector": [0, 0, 0]
						},
						"0.1": {
							"vector": [0, 0, -4]
						}
					}
				}
			}
		},
		"animation.model.reload": {
			"animation_length": 1.6833,
			"bones": {
				"main": {
					"rotation": {
						"0.0": [0, 0, 0],
						"0.1333": [-4.93798, -3.40132, -20.28281],
						"0.2": [-4.60677, -3.83841, -25.52506],
						"0.3": [-6.16721, 1.67288, 10.11584],
						"0.4": [-6.69891, 1.91165, 16.8724],
						"0.5333": [-5.88933, -0.15793, 14.10058],
						"0.6": [-7.0755, -2.26217, 7.038],
						"0.8": [-8.9701, -7.74986, -29.49393],
						"0.9": [-6.70546, -9.77267, -44.27885],
						"0.9667": [-7.69719, -8.9879, -38.12393],
						"1.0333": [-7.37202, -9.2823, -40.25346],
						"1.1": [-6.08017, -10.14753, -45.06384],
						"1.1333": [-5.09827, -10.77511, -49.36388],
						"1.2": [-5.95975, -9.27358, -44.1553],
						"1.2667": [-4.96227, -7.03709, -46.17391],
						"1.3167": [-5.15176, -3.94491, -38.90474],
						"1.4833": [0, -0.75, -5.25],
						"1.5833": [0, 0, 2.38],
						"1.6833": [0, 0, 0]
					},
					"position": {
						"0.0": [0, 0, 0],
						"0.0667": [-0.575, 0, 0],
						"0.2": [-0.38, 0.875, 0.35],
						"0.3": [-2.705, -3.5, -0.675],
						"0.4333": [-3.2, -2.62, -1.475],
						"0.6": [-0.705, -1.9, -1.575],
						"0.7333": [-0.55, -1.27, -3.6],
						"0.8667": [-0.7, -0.75, -1.85],
						"1.0": [-1.025, -0.275, -1.3],
						"1.0667": [-1.075, -0.025, -1.3],
						"1.1333": [-1.625, 0.575, -0.775],
						"1.2": [-1.25, -0.025, -0.775],
						"1.2833": [-0.89, -1.55, -2.665],
						"1.3667": [-0.6, -3.15, -5.4],
						"1.4167": [-0.31, -1.78, -4.445],
						"1.5": [-0.02, -0.26, -1.805],
						"1.55": [-0.01, -0.08, -0.8],
						"1.6333": [0, 0, 0]
					}
				},
				"magazine": {
					"rotation": {
						"0.0": [0, 0, 0],
						"0.2333": [0, 0, 0],
						"0.6667": [0, 0, 0],
						"0.8": [-8.54117, -1.81479, 2.48689],
						"0.85": [-8.49004, -0.39281, 0.37768],
						"0.9": [-8.44764, 1.25068, -0.24794],
						"0.9667": [0.10142, 1.24766, 2.00259],
						"1.0333": [0, 0, -0.75],
						"1.1": [0, 0, 0]
					},
					"position": {
						"0.0": [0, 0, 0],
						"0.2333": [0, 0, 0],
						"0.3333": [0, -23, 0],
						"0.6667": [0, -23, 0],
						"0.8": [0.725, -7.375, -1.9],
						"0.85": [0.43, -7.265, -1.99],
						"0.9": [0.125, -7.205, -2.075],
						"0.9667": [-0.645, -7.1, 0],
						"1.0333": [0, -5.15, 0],
						"1.1": [0, 0, 0]
					}
				},
				"bolt": {
					"position": [0, 0, 7.6]
				},
				"action": {
					"rotation": [0, 0, 0],
					"position": [0, 0, 0]
				},
				"leftarm": {
					"rotation": {
						"0.0": [0, 0, 0],
						"0.1333": [43.07804, 15.85303, 7.64839],
						"0.85": [9.84584, 4.15599, 15.03241],
						"0.9": [9.77665, 5.80251, 14.43551],
						"0.9667": [6.77665, 5.80251, 14.43551],
						"1.0333": [6.85598, 4.18921, 15.11822],
						"1.1": [0.91192, 3.09309, 15.72168],
						"1.2333": [0.91192, 3.09309, 15.72168],
						"1.3667": [-3.00825, -1.87831, 5.87206],
						"1.5333": [0, 0, 0]
					},
					"position": {
						"0.0": [0, 0, 0],
						"0.1333": [-0.58, -9.97, 13.38],
						"0.7": [-3.055, -11.32, 16.98],
						"0.8": [-0.565, -8.66, 15.48],
						"0.85": [-0.86, -8.395, 14.98],
						"0.9": [-0.78, -7.42, 14.23],
						"0.9667": [-0.805, -8.595, 14.755],
						"1.0333": [-0.9, -7.075, 14.76],
						"1.1": [-0.9, -4.175, 14.76],
						"1.2333": [-0.9, -4.175, 14.76],
						"1.3667": [6.98, -6.045, 8.2],
						"1.5333": [0, 0, 0]
					}
				},
				"magazine2": {
					"scale": 0
				}
			},
			"sound_effects": {
				"0.0": {
					"effect": "stellatsweaponries_movement1"
				},
				"0.25": {
					"effect": "stellatsweaponries_rc2_jqmg_magout"
				},
				"0.2667": {
					"effect": "m4_magout_throw"
				},
				"0.3667": {
					"effect": "foley_start"
				},
				"0.7167": {
					"effect": "stellatsweaponries_movement3"
				},
				"1.0333": {
					"effect": "stellatsweaponries_rc2_jqmg_magin"
				},
				"1.1667": {
					"effect": "foley_end"
				}
			}
		},
		"animation.model.reloadempty": {
			"animation_length": 1.8833,
			"bones": {
				"main": {
					"rotation": {
						"0.0": [0, 0, 0],
						"0.1333": [-4.93798, -3.40132, -20.28281],
						"0.2": [-4.60677, -3.83841, -25.52506],
						"0.3": [-6.16721, 1.67288, 10.11584],
						"0.4": [-6.69891, 1.91165, 16.8724],
						"0.5333": [-5.88933, -0.15793, 14.10058],
						"0.6": [-7.0755, -2.26217, 7.038],
						"0.8": [-8.9701, -7.74986, -29.49393],
						"0.9": [-6.70546, -9.77267, -44.27885],
						"0.9667": [-7.69719, -8.9879, -38.12393],
						"1.0333": [-7.37202, -9.2823, -40.25346],
						"1.1": [-6.08017, -10.14753, -45.06384],
						"1.1333": [-5.09827, -10.77511, -49.36388],
						"1.2": [-5.95975, -9.27358, -44.1553],
						"1.2667": [-4.96227, -7.03709, -46.17391],
						"1.3167": [-5.15176, -3.94491, -38.90474],
						"1.4": [-5.95975, -9.27358, -44.1553],
						"1.4667": [-4.96227, -7.03709, -46.17391],
						"1.5167": [-5.15176, -3.94491, -38.90474],
						"1.6167": [8.39583, -1.4859, -36.2341],
						"1.7833": [0, 0, 2.38],
						"1.8833": [0, 0, 0]
					},
					"position": {
						"0.0": [0, 0, 0],
						"0.0667": [-0.575, 0, 0],
						"0.2": [-0.38, 0.875, 0.35],
						"0.3": [-2.705, -3.5, -0.675],
						"0.4333": [-3.2, -2.62, -1.475],
						"0.6": [-0.705, -1.9, -1.575],
						"0.7333": [-0.55, -1.27, -3.6],
						"0.8667": [-0.7, -0.75, -1.85],
						"1.0": [-1.025, -0.275, -1.3],
						"1.0667": [-1.075, -0.025, -1.3],
						"1.1333": [-1.625, 0.575, -0.775],
						"1.2": [-1.25, -0.025, -0.775],
						"1.2833": [-0.89, -1.55, -2.665],
						"1.3333": [-1.625, 0.575, -0.775],
						"1.4": [-1.25, -0.025, -0.775],
						"1.4833": [-0.89, -1.55, -2.665],
						"1.5667": [-0.6, -3.15, -5.4],
						"1.6167": [-0.31, -7.78, -4.445],
						"1.75": [-0.01, -0.08, -0.8],
						"1.8333": [0, 0, 0]
					}
				},
				"magazine": {
					"rotation": {
						"0.0": [0, 0, 0],
						"0.2333": [0, 0, 0],
						"0.6667": [0, 0, 0],
						"0.8": [-8.54117, -1.81479, 2.48689],
						"0.85": [-8.49004, -0.39281, 0.37768],
						"0.9": [-8.44764, 1.25068, -0.24794],
						"0.9667": [0.10142, 1.24766, 2.00259],
						"1.0333": [0, 0, -0.75],
						"1.1": [0, 0, 0]
					},
					"position": {
						"0.0": [0, 0, 0],
						"0.2333": [0, 0, 0],
						"0.3333": [0, -23, 0],
						"0.6667": [0, -23, 0],
						"0.8": [0.725, -7.375, -1.9],
						"0.85": [0.43, -7.265, -1.99],
						"0.9": [0.125, -7.205, -2.075],
						"0.9667": [-0.645, -7.1, 0],
						"1.0333": [0, -5.15, 0],
						"1.1": [0, 0, 0]
					}
				},
				"bolt": {
					"position": [0, 0, 7.6]
				},
				"action": {
					"rotation": [0, 0, 0],
					"position": [0, 0, 0]
				},
				"leftarm": {
					"rotation": {
						"0.0": [0, 0, 0],
						"0.1333": [43.07804, 15.85303, 7.64839],
						"0.85": [9.84584, 4.15599, 15.03241],
						"0.9": [9.77665, 5.80251, 14.43551],
						"0.9667": [6.77665, 5.80251, 14.43551],
						"1.0333": [6.85598, 4.18921, 15.11822],
						"1.1": [0.91192, 3.09309, 15.72168],
						"1.2333": [0.91192, 3.09309, 15.72168],
						"1.3667": [-3.00825, -1.87831, 5.87206],
						"1.4667": [-17.51231, -10.18215, 42.90531],
						"1.55": [-36.66, -7.93, 10.95],
						"1.6": [-32.7218, 3.96993, 6.582],
						"1.65": [-28.63, 3.47, 5.76],
						"1.8333": [0, 0, 0]
					},
					"position": {
						"0.0": [0, 0, 0],
						"0.1333": [-0.58, -9.97, 13.38],
						"0.7": [-3.055, -11.32, 16.98],
						"0.8": [-0.565, -8.66, 15.48],
						"0.85": [-0.86, -8.395, 14.98],
						"0.9": [-0.78, -7.42, 14.23],
						"0.9667": [-0.805, -8.595, 14.755],
						"1.0333": [-0.9, -7.075, 14.76],
						"1.1": [-0.9, -4.175, 14.76],
						"1.2333": [-0.9, -4.175, 14.76],
						"1.3667": [1.98, -6.045, 8.2],
						"1.4333": [0.71, -3.95, 6.71],
						"1.4667": [0.71, -3.95, 6.71],
						"1.6": [0.71, -3.95, 6.71],
						"1.65": [0.62, -3.46, 5.87],
						"1.8333": [0, 0, 0]
					}
				},
				"magazine2": {
					"scale": 0
				}
			},
			"sound_effects": {
				"0.0": {
					"effect": "stellatsweaponries_movement1"
				},
				"0.25": {
					"effect": "stellatsweaponries_rc2_jqmg_magout"
				},
				"0.2667": {
					"effect": "stellatsweaponries_m4_magout_throw"
				},
				"0.3667": {
					"effect": "foley_start"
				},
				"0.7167": {
					"effect": "stellatsweaponries_movement3"
				},
				"1.0333": {
					"effect": "stellatsweaponries_rc2_jqmg_magin"
				},
				"1.0833": {
					"effect": "stellatsweaponries_m4_magin"
				},
				"1.1667": {
					"effect": "foley_end"
				},
				"1.5667": {
					"effect": "stellatsweaponries_rc2_qmg_maghit"
				}
			}
		}
	},
	"geckolib_format_version": 2
}