{
	"format_version": "1.8.0",
	"animations": {
		"animation.model.draw": {
			"animation_length": 0.9,
			"bones": {
				"leftarm": {
					"rotation": {
						"0.0": [0, 0, 0],
						"0.2": [1, 0, -22],
						"0.4": {
							"pre": [0, 0, 0],
							"post": [0, 0, 0],
							"lerp_mode": "catmullrom"
						}
					},
					"position": {
						"0.0": [0, 0, 0],
						"0.2": [3.53901, 3.6754, 5.59783],
						"0.4": {
							"pre": [0, 0, 0],
							"post": [0, 0, 0],
							"lerp_mode": "catmullrom"
						}
					}
				},
				"main": {
					"rotation": {
						"0.0": {
							"post": [32.09413, -54.38778, -8.29667],
							"lerp_mode": "catmullrom"
						},
						"0.35": {
							"post": [0.50518, -5.08075, 6.8716],
							"lerp_mode": "catmullrom"
						},
						"0.5": {
							"post": [0.32389, -0.60235, -2.1558],
							"lerp_mode": "catmullrom"
						},
						"0.6": {
							"post": [0, 0, 0],
							"lerp_mode": "catmullrom"
						}
					},
					"position": {
						"0.0": {
							"post": [0, -17.3, 0],
							"lerp_mode": "catmullrom"
						},
						"0.25": {
							"post": [-0.4, -2.525, -1.625],
							"lerp_mode": "catmullrom"
						},
						"0.4": {
							"post": [-0.05, 0, -2.49],
							"lerp_mode": "catmullrom"
						},
						"0.55": {
							"post": [0, 0, 0],
							"lerp_mode": "catmullrom"
						}
					}
				},
				"indicator": {
					"position": {
						"0.25": [0, -0.6, 2],
						"0.65": {
							"pre": [0, 0, 0],
							"post": [0, 0, 0],
							"lerp_mode": "catmullrom"
						}
					},
					"scale": {
						"0.25": [1, 1, 0],
						"0.65": {
							"pre": [1, 1, 1],
							"post": [1, 1, 1],
							"lerp_mode": "catmullrom"
						}
					}
				},
				"leftradiator": {
					"rotation": {
						"0.33": [0, 0, -45],
						"0.69": {
							"pre": [0, 0, -4.5],
							"post": [0, 0, -4.5],
							"lerp_mode": "catmullrom"
						},
						"0.89": {
							"post": [0, 0, 0],
							"lerp_mode": "catmullrom"
						}
					}
				},
				"rightradiator": {
					"rotation": {
						"0.33": [0, 0, 45],
						"0.69": {
							"pre": [0, 0, 4.5],
							"post": [0, 0, 4.5],
							"lerp_mode": "catmullrom"
						},
						"0.89": {
							"post": [0, 0, 0],
							"lerp_mode": "catmullrom"
						}
					}
				},
				"lazermuzzleflash": {
					"scale": 0
				},
				"charm": {
					"rotation": {
						"0.0": {
							"post": [52, 0, 0],
							"lerp_mode": "catmullrom"
						},
						"0.41": {
							"post": [-11.4, 0, 0],
							"lerp_mode": "catmullrom"
						},
						"0.56": {
							"post": [-20.22, 0, 0],
							"lerp_mode": "catmullrom"
						},
						"0.68": {
							"post": [4, 0, 0],
							"lerp_mode": "catmullrom"
						},
						"0.8": {
							"post": [-2, 0, 0],
							"lerp_mode": "catmullrom"
						},
						"0.87": {
							"post": [0, 0, 0],
							"lerp_mode": "catmullrom"
						}
					}
				}
			},
			"sound_effects": {
				"0.0": {
					"effect": "stellatsweaponries_movement1"
				},
				"0.01": {
					"effect": "stellatsweaponries_emlr_mk7_draw"
				},
				"0.65": {
					"effect": "stellatsweaponries_emlr_mk7_draw_beep"
				}
			}
		},
		"animation.model.inspect": {
			"animation_length": 4.2667,
			"bones": {
				"main": {
					"rotation": {
						"0.0": {
							"post": [0, 0, 0],
							"lerp_mode": "catmullrom"
						},
						"0.1667": {
							"post": [-8.41746, -13.59608, -21.21259],
							"lerp_mode": "catmullrom"
						},
						"0.3": {
							"post": [-8.39812, -20.10111, -31.77688],
							"lerp_mode": "catmullrom"
						},
						"0.4333": {
							"post": [-9.55676, -20.88889, -28.55629],
							"lerp_mode": "catmullrom"
						},
						"0.5333": {
							"post": [-8.77652, -21.21647, -30.72851],
							"lerp_mode": "catmullrom"
						},
						"0.7667": {
							"post": [-9.4227, -20.94881, -28.93303],
							"lerp_mode": "catmullrom"
						},
						"1.0": {
							"post": [-3.1216, -20.98207, -46.44405],
							"lerp_mode": "catmullrom"
						},
						"1.1333": {
							"post": [-4.564, -20.73064, -42.44007],
							"lerp_mode": "catmullrom"
						},
						"1.2333": {
							"post": [-4.86325, -20.9153, -41.60203],
							"lerp_mode": "catmullrom"
						},
						"1.3333": {
							"post": [-4.58308, -20.97575, -42.38574],
							"lerp_mode": "catmullrom"
						},
						"1.4667": {
							"post": [-4.01131, -21.08802, -43.97908],
							"lerp_mode": "catmullrom"
						},
						"1.6": {
							"post": [-4.38767, -21.01662, -42.9316],
							"lerp_mode": "catmullrom"
						},
						"1.7": {
							"post": [-4.18847, -21.05622, -43.48691],
							"lerp_mode": "catmullrom"
						},
						"2.0333": {
							"post": [-16.91438, 5.38499, 54.40399],
							"lerp_mode": "catmullrom"
						},
						"2.1667": {
							"post": [-15.22513, 5.80082, 60.04554],
							"lerp_mode": "catmullrom"
						},
						"2.3333": {
							"post": [-15.70981, 5.86025, 59.48558],
							"lerp_mode": "catmullrom"
						},
						"2.5667": {
							"post": [-15.60896, 7.75082, 65.23442],
							"lerp_mode": "catmullrom"
						},
						"2.8667": {
							"post": [-15.56389, 7.84019, 65.55973],
							"lerp_mode": "catmullrom"
						},
						"3.1": {
							"post": [-15.61778, 7.73186, 65.16659],
							"lerp_mode": "catmullrom"
						},
						"3.2667": {
							"post": [-15.9801, 6.93689, 62.33342],
							"lerp_mode": "catmullrom"
						},
						"3.4": {
							"post": [-8.86998, 2.42135, 33.56191],
							"lerp_mode": "catmullrom"
						},
						"3.5333": {
							"post": [0, -1.75, -2.75],
							"lerp_mode": "catmullrom"
						},
						"3.7": {
							"post": [0, 0, 0],
							"lerp_mode": "catmullrom"
						}
					},
					"position": {
						"0.0": [0, 0, 0],
						"0.3333": [-0.475, 1.475, -22.7],
						"0.4333": [-0.195, 1, -21.7],
						"0.5667": [-0.03, 0.725, -21.7],
						"0.7333": [0, 1.125, -21.7],
						"0.9333": [0.125, 1.4, -22.275],
						"1.2333": [-0.02, 1.475, -22],
						"1.4333": [0.11, 1.425, -22.175],
						"1.7": [0.275, 1.25, -21.975],
						"1.8333": {
							"pre": [-2.13, -0.19, -22.65],
							"post": [-2.13, -0.19, -22.65],
							"lerp_mode": "catmullrom"
						},
						"2.0": {
							"post": [-4.545, 4.5, -25.15],
							"lerp_mode": "catmullrom"
						},
						"2.2333": {
							"post": [-4.49, 11.57, -23.63],
							"lerp_mode": "catmullrom"
						},
						"2.4667": {
							"post": [-4.49, 12.595, -23.85],
							"lerp_mode": "catmullrom"
						},
						"2.7667": {
							"post": [-4.255, 13.8, -23.24],
							"lerp_mode": "catmullrom"
						},
						"3.0333": {
							"post": [-4.49, 12.99, -23.3],
							"lerp_mode": "catmullrom"
						},
						"3.2667": {
							"post": [-4.545, 11.075, -23.325],
							"lerp_mode": "catmullrom"
						},
						"3.4": [-5.005, 5.39, -21.41],
						"3.6333": [0, 0, 0]
					}
				},
				"leftarm": {
					"rotation": {
						"0.0": [0, 0, 0],
						"0.1667": [0, 0, -2.5],
						"1.7333": {
							"pre": [0, 0, -2.5],
							"post": [0, 0, -2.5],
							"lerp_mode": "catmullrom"
						},
						"2.0333": {
							"post": [-20, 0, -45],
							"lerp_mode": "catmullrom"
						},
						"3.3": [-20, 0, -45],
						"3.5667": [0, 0, 0]
					},
					"position": {
						"0.0": [0, 0, 0],
						"0.1667": [11.23986, -30.20851, 24.64864],
						"0.2667": [11.56, -31.12, 29.38],
						"1.7333": {
							"pre": [11.23986, -30.20851, 34.64864],
							"post": [11.23986, -30.20851, 34.64864],
							"lerp_mode": "catmullrom"
						},
						"2.0333": {
							"post": [7.35, 5.25, 2.33],
							"lerp_mode": "catmullrom"
						},
						"3.3": [7.35, 6.25, 2.33],
						"3.5667": [0, 0, 0]
					}
				},
				"indicator": {
					"position": {
						"0.0": [0, 0, 0],
						"1.6": {
							"pre": [0, 0, 0],
							"post": [0, 0, 0],
							"lerp_mode": "catmullrom"
						},
						"1.8667": [0, -0.6, 2],
						"3.4667": [0, -0.6, 2],
						"3.7333": {
							"pre": [0, 0, 0],
							"post": [0, 0, 0],
							"lerp_mode": "catmullrom"
						}
					},
					"scale": {
						"0.0": [1, 1, 1],
						"1.6": {
							"pre": [1, 1, 1],
							"post": [1, 1, 1],
							"lerp_mode": "catmullrom"
						},
						"1.8667": [1, 1, 0],
						"3.4667": [1, 1, 0],
						"3.7333": {
							"pre": [1, 1, 1],
							"post": [1, 1, 1],
							"lerp_mode": "catmullrom"
						}
					}
				},
				"lazermuzzleflash": {
					"scale": 0
				},
				"charm": {
					"rotation": {
						"0.0": [0, 0, 0],
						"0.2667": [-20, 0, 22.5],
						"0.4333": [0, 0, 22.5],
						"0.6333": [12, 0, 22.5],
						"0.8": [0, 0, 22.5],
						"0.9667": [-6, 0, 22.5],
						"1.1333": [0, 0, 22.5],
						"1.3": [2, 0, 22.5],
						"1.4667": [0, 0, 22.5],
						"1.8": [0, 0, 22.5],
						"1.9667": [0, 0, -37.5],
						"2.1": [0, 0, -60],
						"3.2667": [4, 0, -60],
						"3.7333": [0, 0, 0],
						"3.9333": [-8, 0, 21],
						"4.0333": [0, 0, -1],
						"4.1667": [4, 0, -10.43],
						"4.2667": [0, 0, 0]
					}
				},
				"cover": {
					"rotation": {
						"1.8667": [0, 0, 0],
						"1.9": [0.0463, 0, 0],
						"1.9333": [3.01185, 0, 0],
						"1.9667": [6.9214, 0, 0],
						"2.0": [9.89044, 0, 0],
						"2.0333": [12.5, 0, 0],
						"2.0667": [13.99136, 0, 0],
						"2.1": [15.35108, 0, 0],
						"2.1333": [16.57719, 0, 0],
						"2.1667": [17.66883, 0, 0],
						"2.2": [18.626, 0, 0],
						"2.2333": [19.45009, 0, 0],
						"2.2667": [20.14287, 0, 0],
						"2.3": [20.7085, 0, 0],
						"2.3333": [21.1523, 0, 0],
						"2.3667": [21.48217, 0, 0],
						"2.6": [21.77719, 0, 0],
						"2.6667": [21.86, 0, 0],
						"2.9333": [21.86, 0, 0],
						"2.9667": [22.02349, 0, 0],
						"3.0": [22.29146, 0, 0],
						"3.0333": [22.26217, 0, 0],
						"3.0667": [19.7176, 0, 0],
						"3.1": [17.65379, 0, 0],
						"3.1333": [15.82019, 0, 0],
						"3.2": [12.5, 0, 0],
						"3.2333": [9.1246, 0, 0],
						"3.2667": [4.66136, 0, 0],
						"3.3": [0.04464, 0, 0],
						"3.3333": [0, 0, 0]
					}
				}
			},
			"sound_effects": {
				"0.0": {
					"effect": "stellatsweaponries_movement2"
				},
				"0.8667": {
					"effect": "stellatsweaponries_movement1"
				},
				"1.8667": {
					"effect": "stellatsweaponries_movement3"
				},
				"1.9": {
					"effect": "stellatsweaponries_emlr_mk7_cover_up"
				},
				"3.0667": {
					"effect": "stellatsweaponries_emlr_mk7_cover_down"
				},
				"3.3333": {
					"effect": "stellatsweaponries_movement1"
				}
			}
		},
		"animation.model.fire": {
			"loop": true,
			"animation_length": 0.0417,
			"bones": {
				"main": {
					"rotation": {
						"0.0": [0, 0.169, 0],
						"0.0417": [0, 0, 0]
					}
				},
				"lazermuzzleflash": {
					"rotation": {
						"0.0": [0, 0, 0],
						"0.0417": [0, 0, 360]
					},
					"position": [0, 0, -2],
					"scale": {
						"0.0": [6.25, 6.25, 6.25],
						"0.0417": [0, 0, 0]
					}
				},
				"rightradiator": {
					"rotation": {
						"0.0": [0, 0, 12],
						"0.0417": [0, 0, 5]
					}
				},
				"leftradiator": {
					"rotation": {
						"0.0": [0, 0, -12],
						"0.0417": [0, 0, -5]
					}
				},
				"charm": {
					"rotation": {
						"0.0": [-1, 0, 0],
						"0.0417": [0, 0, 0]
					}
				},
				"indicator": {
					"position": {
						"0.0": [0, -0.6, 2],
						"0.0417": {
							"pre": [0, 0, 0],
							"post": [0, 0, 0],
							"lerp_mode": "catmullrom"
						}
					},
					"scale": {
						"0.0": [1, 1, 0],
						"0.0417": {
							"pre": [1, 1, 1],
							"post": [1, 1, 1],
							"lerp_mode": "catmullrom"
						}
					}
				}
			}
		},
		"animation.model.reload": {
			"animation_length": 2.1667,
			"bones": {
				"head": {
					"rotation": {
						"1.0": {
							"pre": [0, 0, 0],
							"post": [0, 0, 0],
							"lerp_mode": "catmullrom"
						},
						"1.1667": {
							"post": [0, -42.5, 0],
							"lerp_mode": "catmullrom"
						},
						"1.375": {
							"post": [-111.13216, 6.89521, 107.17679],
							"lerp_mode": "catmullrom"
						},
						"1.5833": {
							"post": [-126.39941, -8.60852, 124.46799],
							"lerp_mode": "catmullrom"
						},
						"1.7083": {
							"post": [0, 0, 0],
							"lerp_mode": "catmullrom"
						}
					}
				},
				"main": {
					"rotation": {
						"0.0": {
							"post": [0, 0, 0],
							"lerp_mode": "catmullrom"
						},
						"0.125": {
							"post": [-4.93798, -3.40132, -20.28281],
							"lerp_mode": "catmullrom"
						},
						"0.2083": {
							"post": [-4.60677, -3.83841, -25.52506],
							"lerp_mode": "catmullrom"
						},
						"0.3333": {
							"post": [-6.16721, 1.67288, 10.11584],
							"lerp_mode": "catmullrom"
						},
						"0.4583": {
							"post": [-6.69891, 1.91165, 16.8724],
							"lerp_mode": "catmullrom"
						},
						"0.5833": {
							"post": [-5.88933, -0.15793, 14.10058],
							"lerp_mode": "catmullrom"
						},
						"0.625": {
							"post": [-7.0755, -2.26217, 7.038],
							"lerp_mode": "catmullrom"
						},
						"0.9167": {
							"post": [-8.9701, -7.74986, -29.49393],
							"lerp_mode": "catmullrom"
						},
						"1.0417": {
							"post": [-6.70546, -9.77267, -44.27885],
							"lerp_mode": "catmullrom"
						},
						"1.0833": {
							"post": [-7.69719, -8.9879, -38.12393],
							"lerp_mode": "catmullrom"
						},
						"1.25": {
							"post": [-7.37202, -9.2823, -40.25346],
							"lerp_mode": "catmullrom"
						},
						"1.3333": {
							"post": [-6.08017, -10.14753, -45.06384],
							"lerp_mode": "catmullrom"
						},
						"1.375": {
							"post": [-5.09827, -10.77511, -49.36388],
							"lerp_mode": "catmullrom"
						},
						"1.4583": {
							"post": [-5.95975, -9.27358, -44.1553],
							"lerp_mode": "catmullrom"
						},
						"1.5": {
							"post": [-4.96227, -7.03709, -46.17391],
							"lerp_mode": "catmullrom"
						},
						"1.5833": {
							"post": [-5.15176, -3.94491, -38.90474],
							"lerp_mode": "catmullrom"
						},
						"1.75": {
							"post": [0, -0.75, -5.25],
							"lerp_mode": "catmullrom"
						},
						"1.8333": {
							"post": [0, 0, 2.38],
							"lerp_mode": "catmullrom"
						},
						"1.9167": {
							"post": [0, 0, 0],
							"lerp_mode": "catmullrom"
						}
					},
					"position": {
						"0.0": {
							"post": [0, 0, 0],
							"lerp_mode": "catmullrom"
						},
						"0.0833": {
							"post": [-0.575, 0, 0],
							"lerp_mode": "catmullrom"
						},
						"0.2083": {
							"post": [-0.38, 0.875, 0.35],
							"lerp_mode": "catmullrom"
						},
						"0.3333": {
							"post": [-2.705, 0.5, -0.675],
							"lerp_mode": "catmullrom"
						},
						"0.4583": {
							"post": [-3.2, -1.62, -1.475],
							"lerp_mode": "catmullrom"
						},
						"0.625": {
							"post": [-0.705, -1.9, -1.575],
							"lerp_mode": "catmullrom"
						},
						"0.875": {
							"post": [-0.55, -1.27, -3.6],
							"lerp_mode": "catmullrom"
						},
						"1.0": {
							"post": [-0.7, -0.75, -1.85],
							"lerp_mode": "catmullrom"
						},
						"1.125": {
							"post": [-1.025, -0.275, -1.3],
							"lerp_mode": "catmullrom"
						},
						"1.3333": {
							"post": [-1.075, -0.025, -1.3],
							"lerp_mode": "catmullrom"
						},
						"1.375": {
							"post": [-1.625, 0.575, -0.775],
							"lerp_mode": "catmullrom"
						},
						"1.4583": {
							"post": [-1.25, -0.025, -0.775],
							"lerp_mode": "catmullrom"
						},
						"1.5417": {
							"post": [-0.89, -1.55, -2.665],
							"lerp_mode": "catmullrom"
						},
						"1.625": {
							"post": [-0.6, -3.15, -5.4],
							"lerp_mode": "catmullrom"
						},
						"1.6667": {
							"post": [-0.31, -1.78, -4.445],
							"lerp_mode": "catmullrom"
						},
						"1.75": {
							"post": [-0.02, -0.26, -1.805],
							"lerp_mode": "catmullrom"
						},
						"1.7917": {
							"post": [-0.01, -0.08, -0.8],
							"lerp_mode": "catmullrom"
						},
						"1.875": {
							"post": [0, 0, 0],
							"lerp_mode": "catmullrom"
						}
					}
				},
				"charm": {
					"rotation": {
						"0.0": {
							"post": [0, 0, 0],
							"lerp_mode": "catmullrom"
						},
						"0.1667": {
							"post": [-10, 0, 27.5],
							"lerp_mode": "catmullrom"
						},
						"0.2083": {
							"post": [-2.5, 0, 22.5],
							"lerp_mode": "catmullrom"
						},
						"0.3333": {
							"post": [5, 0, 30],
							"lerp_mode": "catmullrom"
						},
						"0.4167": {
							"post": [-5, 0, -22.5],
							"lerp_mode": "catmullrom"
						},
						"0.5": {
							"post": [10, -7.5, -40],
							"lerp_mode": "catmullrom"
						},
						"0.5833": {
							"post": [5.4084, -11.26073, -12.37649],
							"lerp_mode": "catmullrom"
						},
						"0.75": {
							"post": [1.72715, -12.35882, 5.47008],
							"lerp_mode": "catmullrom"
						},
						"1.0": {
							"post": [-2.6703, -12.19239, 25.94234],
							"lerp_mode": "catmullrom"
						},
						"1.25": {
							"post": [-2.81419, -12.15988, 26.62729],
							"lerp_mode": "catmullrom"
						},
						"1.2917": {
							"post": [-1.58152, -12.378, 20.82861],
							"lerp_mode": "catmullrom"
						},
						"1.375": {
							"post": [-2.81419, -12.15988, 26.62729],
							"lerp_mode": "catmullrom"
						},
						"1.75": {
							"post": [-1.72791, -12.35815, 21.51457],
							"lerp_mode": "catmullrom"
						},
						"1.875": {
							"post": [6.71784, -10.53774, -19.29274],
							"lerp_mode": "catmullrom"
						},
						"2.0": {
							"post": [0, 0, 0],
							"lerp_mode": "catmullrom"
						},
						"2.0833": {
							"post": [0, 0, 5],
							"lerp_mode": "catmullrom"
						},
						"2.1667": {
							"post": [0, 0, -2.5],
							"lerp_mode": "catmullrom"
						},
						"2.25": {
							"post": [0, 0, 0],
							"lerp_mode": "catmullrom"
						}
					}
				},
				"rightradiator": {
					"rotation": {
						"0.0": {
							"post": [0, 0, 0],
							"lerp_mode": "catmullrom"
						},
						"0.125": {
							"post": [0, 0, 0],
							"lerp_mode": "catmullrom"
						},
						"0.2083": {
							"post": [0, 0, 26.75],
							"lerp_mode": "catmullrom"
						},
						"0.3333": {
							"post": [0, 0, 37.5],
							"lerp_mode": "catmullrom"
						},
						"1.375": {
							"post": [0, 0, 39.9],
							"lerp_mode": "catmullrom"
						},
						"1.75": {
							"post": [0, 0, 37.5],
							"lerp_mode": "catmullrom"
						},
						"1.9167": {
							"post": [0, 0, 9.07],
							"lerp_mode": "catmullrom"
						},
						"2.0417": {
							"post": [0, 0, 0],
							"lerp_mode": "catmullrom"
						}
					}
				},
				"leftradiator": {
					"rotation": {
						"0.0": {
							"post": [0, 0, 0],
							"lerp_mode": "catmullrom"
						},
						"0.125": {
							"post": [0, 0, 0],
							"lerp_mode": "catmullrom"
						},
						"0.2083": {
							"post": [0, 0, -26.75],
							"lerp_mode": "catmullrom"
						},
						"0.3333": {
							"post": [0, 0, -37.5],
							"lerp_mode": "catmullrom"
						},
						"1.75": {
							"post": [0, 0, -37.5],
							"lerp_mode": "catmullrom"
						},
						"1.9167": {
							"post": [0, 0, -9.07],
							"lerp_mode": "catmullrom"
						},
						"2.0417": {
							"post": [0, 0, 0],
							"lerp_mode": "catmullrom"
						}
					}
				},
				"magazine": {
					"rotation": {
						"0.0": {
							"post": [0, 0, 0],
							"lerp_mode": "catmullrom"
						},
						"0.25": {
							"post": [0, 0, 0],
							"lerp_mode": "catmullrom"
						},
						"0.7083": {
							"post": [0, 0, 0],
							"lerp_mode": "catmullrom"
						},
						"0.9167": {
							"post": [-8.54117, -1.81479, 2.48689],
							"lerp_mode": "catmullrom"
						},
						"0.9583": {
							"post": [-8.49004, -0.39281, 0.37768],
							"lerp_mode": "catmullrom"
						},
						"1.0417": {
							"post": [-8.44764, 1.25068, -0.24794],
							"lerp_mode": "catmullrom"
						},
						"1.0833": {
							"post": [0.10142, 1.24766, 2.00259],
							"lerp_mode": "catmullrom"
						},
						"1.25": {
							"post": [0, 0, -0.75],
							"lerp_mode": "catmullrom"
						},
						"1.2917": {
							"post": [0, 0, 0],
							"lerp_mode": "catmullrom"
						}
					},
					"position": {
						"0.0": {
							"post": [0, 0, 0],
							"lerp_mode": "catmullrom"
						},
						"0.25": {
							"post": [0, 0, 0],
							"lerp_mode": "catmullrom"
						},
						"0.375": {
							"post": [0, -23, 0],
							"lerp_mode": "catmullrom"
						},
						"0.7083": {
							"post": [0, -23, 0],
							"lerp_mode": "catmullrom"
						},
						"0.9167": {
							"post": [0.725, -11.375, -1.9],
							"lerp_mode": "catmullrom"
						},
						"0.9583": {
							"post": [0.43, -11.265, -1.99],
							"lerp_mode": "catmullrom"
						},
						"1.0417": {
							"post": [-0.875, -10.205, -0.075],
							"lerp_mode": "catmullrom"
						},
						"1.0833": {
							"post": [-0.645, -7.1, 1],
							"lerp_mode": "catmullrom"
						},
						"1.25": {
							"post": [0, -5.15, 1],
							"lerp_mode": "catmullrom"
						},
						"1.2917": {
							"post": [0, 0, 0],
							"lerp_mode": "catmullrom"
						}
					}
				},
				"leftarm": {
					"rotation": {
						"0.0": {
							"post": [0, 0, 0],
							"lerp_mode": "catmullrom"
						},
						"0.125": {
							"post": [43.07804, 15.85303, 7.64839],
							"lerp_mode": "catmullrom"
						},
						"0.9583": {
							"post": [9.84584, 4.15599, 15.03241],
							"lerp_mode": "catmullrom"
						},
						"1.0417": {
							"post": [9.77665, 5.80251, 14.43551],
							"lerp_mode": "catmullrom"
						},
						"1.0833": {
							"post": [6.77665, 5.80251, 14.43551],
							"lerp_mode": "catmullrom"
						},
						"1.25": {
							"post": [6.85598, 4.18921, 15.11822],
							"lerp_mode": "catmullrom"
						},
						"1.3333": {
							"post": [0.91192, 3.09309, 15.72168],
							"lerp_mode": "catmullrom"
						},
						"1.5": {
							"post": [0.91192, 3.09309, 15.72168],
							"lerp_mode": "catmullrom"
						},
						"1.625": {
							"post": [-3.00825, -1.87831, 5.87206],
							"lerp_mode": "catmullrom"
						},
						"1.7917": {
							"post": [0, 0, 0],
							"lerp_mode": "catmullrom"
						}
					},
					"position": {
						"0.0": {
							"post": [0, 0, 0],
							"lerp_mode": "catmullrom"
						},
						"0.125": {
							"post": [-0.58, -9.97, 13.38],
							"lerp_mode": "catmullrom"
						},
						"0.8333": {
							"post": [-6.055, -20.32, 16.98],
							"lerp_mode": "catmullrom"
						},
						"0.9167": {
							"post": [-3.565, -17.66, 15.48],
							"lerp_mode": "catmullrom"
						},
						"0.9583": {
							"post": [-3.86, -17.395, 14.98],
							"lerp_mode": "catmullrom"
						},
						"1.0417": {
							"post": [-3.78, -16.42, 17.23],
							"lerp_mode": "catmullrom"
						},
						"1.0833": {
							"post": [-3.805, -17.595, 17.755],
							"lerp_mode": "catmullrom"
						},
						"1.25": {
							"post": [-3.9, -16.075, 17.76],
							"lerp_mode": "catmullrom"
						},
						"1.3333": {
							"post": [-3.9, -13.175, 17.76],
							"lerp_mode": "catmullrom"
						},
						"1.5": {
							"post": [-3.9, -13.175, 14.76],
							"lerp_mode": "catmullrom"
						},
						"1.625": {
							"post": [3.98, -15.045, 8.2],
							"lerp_mode": "catmullrom"
						},
						"1.7917": {
							"post": [0, 0, 0],
							"lerp_mode": "catmullrom"
						}
					}
				},
				"indicator": {
					"position": {
						"0.0": {
							"post": [0, 0, 0],
							"lerp_mode": "catmullrom"
						},
						"0.25": [0, -0.6, 2],
						"1.7083": [0, -0.6, 2],
						"1.9583": {
							"pre": [0, 0, 0],
							"post": [0, 0, 0],
							"lerp_mode": "catmullrom"
						}
					},
					"scale": {
						"0.0": {
							"post": [1, 1, 1],
							"lerp_mode": "catmullrom"
						},
						"0.25": [1, 1, 0],
						"1.7083": [1, 1, 0],
						"1.9583": {
							"pre": [1, 1, 1],
							"post": [1, 1, 1],
							"lerp_mode": "catmullrom"
						}
					}
				},
				"magazine2": {
					"rotation": {
						"0.0": {
							"post": [0, 0, 0],
							"lerp_mode": "catmullrom"
						},
						"0.25": {
							"post": [0, 0, 0],
							"lerp_mode": "catmullrom"
						},
						"0.7083": {
							"post": [0, 0, 0],
							"lerp_mode": "catmullrom"
						},
						"0.9167": {
							"post": [-8.54117, -1.81479, 2.48689],
							"lerp_mode": "catmullrom"
						},
						"0.9583": {
							"post": [-8.49004, -0.39281, 0.37768],
							"lerp_mode": "catmullrom"
						},
						"1.0417": {
							"post": [-8.44764, 1.25068, -0.24794],
							"lerp_mode": "catmullrom"
						},
						"1.0833": {
							"post": [0.10142, 1.24766, 2.00259],
							"lerp_mode": "catmullrom"
						},
						"1.25": {
							"post": [0, 0, -0.75],
							"lerp_mode": "catmullrom"
						},
						"1.2917": {
							"post": [0, 0, 0],
							"lerp_mode": "catmullrom"
						}
					},
					"position": {
						"0.0": {
							"post": [0, 0, 0],
							"lerp_mode": "catmullrom"
						},
						"0.25": {
							"post": [0, 0, 0],
							"lerp_mode": "catmullrom"
						},
						"0.375": {
							"post": [0, -23, 0],
							"lerp_mode": "catmullrom"
						},
						"0.7083": {
							"post": [0, -23, 0],
							"lerp_mode": "catmullrom"
						},
						"0.9167": {
							"post": [0.725, -11.375, -1.9],
							"lerp_mode": "catmullrom"
						},
						"0.9583": {
							"post": [0.43, -11.265, -1.99],
							"lerp_mode": "catmullrom"
						},
						"1.0417": {
							"post": [-0.875, -10.205, -0.075],
							"lerp_mode": "catmullrom"
						},
						"1.0833": {
							"post": [-0.645, -7.1, 1],
							"lerp_mode": "catmullrom"
						},
						"1.25": {
							"post": [0, -5.15, 1],
							"lerp_mode": "catmullrom"
						},
						"1.2917": {
							"post": [0, 0, 0],
							"lerp_mode": "catmullrom"
						}
					}
				}
			},
			"sound_effects": {
				"0.0": {
					"effect": "stellatsweaponries_movement1"
				},
				"0.0417": {
					"effect": "stellatsweaponries_emlr_mk7_magout"
				},
				"0.0833": {
					"effect": "stellatsweaponries_emlr_mk7_radiator_open"
				},
				"0.2917": {
					"effect": "stellatsweaponries_emlr_mk7_reload_beep"
				},
				"0.7083": {
					"effect": "stellatsweaponries_mag_pick"
				},
				"1.0417": {
					"effect": "stellatsweaponries_emlr_mk7_magin"
				},
				"1.375": {
					"effect": "stellatsweaponries_movement2"
				},
				"1.7083": {
					"effect": "stellatsweaponries_emlr_mk7_radiator_close"
				},
				"2.125": {
					"effect": "stellatsweaponries_emlr_mk7_draw_beep"
				}
			}
		}
	}
}