{
	"format_version": "1.8.0",
	"animations": {
		"animation.model.fire": {
			"animation_length": 2.5,
			"bones": {
				"main": {
					"rotation": {
						"0.0": {
							"post": [-7.5, 0, 0],
							"lerp_mode": "catmullrom"
						},
						"0.2083": {
							"post": [-0.83, 0, 0],
							"lerp_mode": "catmullrom"
						},
						"0.375": {
							"post": [6.17, 0, 0],
							"lerp_mode": "catmullrom"
						},
						"0.4583": {
							"post": [2.5, 0, 0],
							"lerp_mode": "catmullrom"
						},
						"0.7917": {
							"post": [0, 0, 0],
							"lerp_mode": "catmullrom"
						},
						"1.0417": [0, 0, 45],
						"1.25": [0, 0, 41.5],
						"1.75": {
							"pre": [0, 0, 46],
							"post": [0, 0, 46],
							"lerp_mode": "catmullrom"
						},
						"2.0833": {
							"post": [0, 0, 0],
							"lerp_mode": "catmullrom"
						},
						"2.2083": {
							"post": [0, 0, -2.5],
							"lerp_mode": "catmullrom"
						},
						"2.2917": {
							"post": [0, 0, 0],
							"lerp_mode": "catmullrom"
						}
					},
					"position": {
						"0.0": {
							"post": [0, 0, 10],
							"lerp_mode": "catmullrom"
						},
						"0.25": {
							"post": [0, 0, 3.87],
							"lerp_mode": "catmullrom"
						},
						"0.2917": {
							"post": [0, -2.5, 3.43],
							"lerp_mode": "catmullrom"
						},
						"0.375": {
							"post": [0, -1, 3],
							"lerp_mode": "catmullrom"
						},
						"0.5417": {
							"post": [0, 0, 0],
							"lerp_mode": "catmullrom"
						},
						"1.0417": [0, 0, -13],
						"1.75": {
							"pre": [0, 0.25, -13],
							"post": [0, 0.25, -13],
							"lerp_mode": "catmullrom"
						},
						"2.0833": {
							"post": [0, 0, 0],
							"lerp_mode": "catmullrom"
						},
						"2.5": {
							"post": [0, 0, 0],
							"lerp_mode": "catmullrom"
						}
					}
				},
				"leftarm": {
					"rotation": {
						"0.0": [0, 0, 0],
						"0.25": [0, 0, 0],
						"0.375": [-15, 0, 0],
						"0.5417": [0, 0, 0]
					},
					"position": {
						"0.0": [0, 0, 0],
						"0.25": [0, 0, 0],
						"0.375": [-1, -9, -3],
						"0.5417": [0, 0, 0]
					}
				},
				"chamberbullet": {
					"position": {
						"0.0": [0, 0, 0],
						"0.0417": [0, 0, -17140]
					},
					"scale": {
						"0.0417": [1, 1, 1],
						"0.0833": [0, 0, 0]
					}
				},
				"chamberbullet2": {
					"position": {
						"0.0": [0, -2, 0],
						"0.2917": [0, -2, 0],
						"0.375": [0, 0, 0]
					}
				},
				"Rcapsule1": {
					"position": {
						"0.0": [1, 0, -1],
						"2.0": [1, 0, -1],
						"2.125": [0, 0, 0]
					}
				},
				"Rcapsule2": {
					"position": {
						"0.0": [1, 0, -1],
						"1.9167": [1, 0, -1],
						"2.0417": [0, 0, 0]
					}
				},
				"Lcapsule1": {
					"position": {
						"0.0": [-1, 0, -1],
						"2.0833": [-1, 0, -1],
						"2.2083": [0, 0, 0]
					}
				},
				"Lcapsule2": {
					"position": {
						"0.0": [-1, 0, -1],
						"2.125": [-1, 0, -1],
						"2.25": [0, 0, 0]
					}
				},
				"lever": {
					"rotation": {
						"0.0": [0, 0, 0],
						"0.25": [0, 0, 0],
						"0.375": [-27.5, 0, 0],
						"0.5417": [0, 0, 0]
					}
				},
				"ready": {
					"scale": {
						"0.0": [0, 0, 0],
						"2.4583": [0, 0, 0],
						"2.5": [1, 1, 1]
					}
				},
				"unready": {
					"position": [0, 0, -5],
					"scale": {
						"0.0": [1, 1, 1],
						"2.4583": [1, 1, 1],
						"2.5": [0, 0, 0]
					}
				},
				"radiator": {
					"rotation": {
						"0.0": [0, 0, 0],
						"0.125": [-54.17, 0, 0],
						"0.25": [-65, 0, 0],
						"1.75": [-65, 0, 0],
						"2.2917": [-5.42, 0, 0],
						"2.5": [0, 0, 0]
					}
				},
				"_camera_": {
					"rotation": {
						"0.0": {
							"post": [0, 0, 0],
							"lerp_mode": "catmullrom"
						},
						"0.0417": {
							"post": [-3, 0, 0],
							"lerp_mode": "catmullrom"
						},
						"0.25": {
							"post": [0, 0, 0],
							"lerp_mode": "catmullrom"
						},
						"0.2917": {
							"post": [1, 0, 1],
							"lerp_mode": "catmullrom"
						},
						"0.75": {
							"post": [0, 0, 0],
							"lerp_mode": "catmullrom"
						},
						"1.0833": {
							"post": [4.98107, 0.43523, -4.98107],
							"lerp_mode": "catmullrom"
						},
						"1.75": {
							"post": [4.98107, 0.43523, -4.98107],
							"lerp_mode": "catmullrom"
						},
						"2.0833": {
							"post": [0, 0, 0],
							"lerp_mode": "catmullrom"
						},
						"2.2083": {
							"post": [0, 0, -2.5],
							"lerp_mode": "catmullrom"
						},
						"2.4167": {
							"post": [0, 0, 0],
							"lerp_mode": "catmullrom"
						}
					}
				}
			},
			"sound_effects": {
				"0.0": {
					"effect": "stellatsweaponries_atomic_devourer_fizz"
				},
				"0.25": {
					"effect": "stellatsweaponries_atomic_devourer_radiator_alert"
				},
				"0.2917": {
					"effect": "stellatsweaponries_atomic_devourer_lever_flick_down"
				},
				"0.4583": {
					"effect": "stellatsweaponries_atomic_devourer_lever_flick_up"
				},
				"0.7917": {
					"effect": "stellatsweaponries_atomic_devourer_radiator_alert"
				},
				"0.8333": {
					"effect": "stellatsweaponries_movement1"
				},
				"1.25": {
					"effect": "stellatsweaponries_atomic_devourer_radiator_alert"
				},
				"1.75": {
					"effect": "stellatsweaponries_atomic_devourer_radiator_alert"
				},
				"1.7917": {
					"effect": "stellatsweaponries_movement2"
				},
				"2.25": {
					"effect": "stellatsweaponries_atomic_devourer_radiator_close"
				},
				"2.2917": {
					"effect": "stellatsweaponries_atomic_devourer_radiator_alert2"
				}
			}
		},
		"animation.model.fire_anti-neutron": {
			"animation_length": 2.5,
			"bones": {
				"main": {
					"rotation": {
						"0.0": {
							"post": [-12.5, 0, 0],
							"lerp_mode": "catmullrom"
						},
						"0.2": {
							"post": [-0.83, 0, 0],
							"lerp_mode": "catmullrom"
						},
						"0.4": {
							"post": [6.17, 0, 0],
							"lerp_mode": "catmullrom"
						},
						"0.45": {
							"post": [2.5, 0, 0],
							"lerp_mode": "catmullrom"
						},
						"0.8": {
							"post": [0, 0, 0],
							"lerp_mode": "catmullrom"
						},
						"1.05": [0, 0, 45],
						"1.25": [0, 0, 41.5],
						"1.75": {
							"pre": [0, 0, 46],
							"post": [0, 0, 46],
							"lerp_mode": "catmullrom"
						},
						"2.1": {
							"post": [0, 0, 0],
							"lerp_mode": "catmullrom"
						},
						"2.2": {
							"post": [0, 0, -2.5],
							"lerp_mode": "catmullrom"
						},
						"2.3": {
							"post": [0, 0, 0],
							"lerp_mode": "catmullrom"
						}
					},
					"position": {
						"0.0": {
							"post": [0, 0, 12.5],
							"lerp_mode": "catmullrom"
						},
						"0.25": {
							"post": [0, 0, 3.87],
							"lerp_mode": "catmullrom"
						},
						"0.3": {
							"post": [0, -2.5, 3.43],
							"lerp_mode": "catmullrom"
						},
						"0.4": {
							"post": [0, -1, 3],
							"lerp_mode": "catmullrom"
						},
						"0.55": {
							"post": [0, 0, 0],
							"lerp_mode": "catmullrom"
						},
						"1.05": [0, 0, -13],
						"1.75": {
							"pre": [0, 0.25, -13],
							"post": [0, 0.25, -13],
							"lerp_mode": "catmullrom"
						},
						"2.1": {
							"post": [0, 0, 0],
							"lerp_mode": "catmullrom"
						},
						"2.5": {
							"post": [0, 0, 0],
							"lerp_mode": "catmullrom"
						}
					}
				},
				"leftarm": {
					"rotation": {
						"0.0": [0, 0, 0],
						"0.25": [0, 0, 0],
						"0.4": [-15, 0, 0],
						"0.55": [0, 0, 0]
					},
					"position": {
						"0.0": [0, 0, 0],
						"0.25": [0, 0, 0],
						"0.4": [-1, -9, -3],
						"0.55": [0, 0, 0]
					}
				},
				"chamberbullet": {
					"position": {
						"0.0": [0, 0, 0],
						"0.05": [0, 0, -17140]
					},
					"scale": {
						"0.05": [1, 1, 1],
						"0.1": [0, 0, 0]
					}
				},
				"chamberbullet2": {
					"position": {
						"0.0": [0, -2, 0],
						"0.3": [0, -2, 0],
						"0.4": [0, 0, 0]
					}
				},
				"Rcapsule1": {
					"position": {
						"0.0": [1, 0, -1],
						"2.0": [1, 0, -1],
						"2.15": [0, 0, 0]
					}
				},
				"Rcapsule2": {
					"position": {
						"0.0": [1, 0, -1],
						"1.9": [1, 0, -1],
						"2.05": [0, 0, 0]
					}
				},
				"Lcapsule1": {
					"position": {
						"0.0": [-1, 0, -1],
						"2.1": [-1, 0, -1],
						"2.2": [0, 0, 0]
					}
				},
				"Lcapsule2": {
					"position": {
						"0.0": [-1, 0, -1],
						"2.15": [-1, 0, -1],
						"2.25": [0, 0, 0]
					}
				},
				"lever": {
					"rotation": {
						"0.0": [0, 0, 0],
						"0.25": [0, 0, 0],
						"0.4": [-27.5, 0, 0],
						"0.55": [0, 0, 0]
					}
				},
				"ready": {
					"scale": {
						"0.0": [0, 0, 0],
						"2.45": [0, 0, 0],
						"2.5": [1, 1, 1]
					}
				},
				"unready": {
					"position": [0, 0, -5],
					"scale": {
						"0.0": [1, 1, 1],
						"2.45": [1, 1, 1],
						"2.5": [0, 0, 0]
					}
				},
				"radiator": {
					"rotation": {
						"0.0": [0, 0, 0],
						"0.15": [-54.17, 0, 0],
						"0.25": [-65, 0, 0],
						"1.75": [-65, 0, 0],
						"2.3": [-5.42, 0, 0],
						"2.5": [0, 0, 0]
					}
				},
				"_camera_": {
					"rotation": {
						"0.0": {
							"post": [0, 0, 0],
							"lerp_mode": "catmullrom"
						},
						"0.05": {
							"post": [-6, 0, 0],
							"lerp_mode": "catmullrom"
						},
						"0.25": {
							"post": [0, 0, 0],
							"lerp_mode": "catmullrom"
						},
						"0.3": {
							"post": [1, 0, 1],
							"lerp_mode": "catmullrom"
						},
						"0.75": {
							"post": [0, 0, 0],
							"lerp_mode": "catmullrom"
						},
						"1.1": {
							"post": [4.98107, 0.43523, -4.98107],
							"lerp_mode": "catmullrom"
						},
						"1.75": {
							"post": [4.98107, 0.43523, -4.98107],
							"lerp_mode": "catmullrom"
						},
						"2.1": {
							"post": [0, 0, 0],
							"lerp_mode": "catmullrom"
						},
						"2.2": {
							"post": [0, 0, -2.5],
							"lerp_mode": "catmullrom"
						},
						"2.4": {
							"post": [0, 0, 0],
							"lerp_mode": "catmullrom"
						}
					}
				}
			},
			"sound_effects": {
				"0.0": {
					"effect": "stellatsweaponries_atomic_devourer_fizz"
				},
				"0.25": {
					"effect": "stellatsweaponries_atomic_devourer_radiator_alert"
				},
				"0.3": {
					"effect": "stellatsweaponries_atomic_devourer_lever_flick_down"
				},
				"0.45": {
					"effect": "stellatsweaponries_atomic_devourer_lever_flick_up"
				},
				"0.8": {
					"effect": "stellatsweaponries_atomic_devourer_radiator_alert"
				},
				"0.85": {
					"effect": "stellatsweaponries_movement1"
				},
				"1.25": {
					"effect": "stellatsweaponries_atomic_devourer_radiator_alert"
				},
				"1.75": {
					"effect": "stellatsweaponries_atomic_devourer_radiator_alert"
				},
				"1.8": {
					"effect": "stellatsweaponries_movement2"
				},
				"2.25": {
					"effect": "stellatsweaponries_atomic_devourer_radiator_close"
				},
				"2.3": {
					"effect": "stellatsweaponries_atomic_devourer_radiator_alert2"
				}
			}
		},
		"animation.model.draw": {
			"animation_length": 1.26,
			"bones": {
				"holo": {
					"position": {
						"0.0": [0, 0, 0],
						"0.6": [0, -2, 0],
						"0.9": [0, 0, 0]
					},
					"scale": {
						"0.6": [1, 0, 1],
						"0.65": [1.0251, 0.14064, 0.97742],
						"0.7": [1.04265, 0.5766, 0.93358],
						"0.75": [1, 0.78563, 0.93546],
						"0.8": [0.95735, 0.89701, 0.95168],
						"0.85": [0.9749, 0.96232, 0.97408],
						"0.9": [1, 1, 1]
					}
				},
				"indicator": {
					"position": [0, 0, 0],
					"scale": {
						"0.25": [1, 1, 0],
						"0.65": [1, 1, 1]
					}
				},
				"leftradiator": {
					"rotation": {
						"0.64": [0, 0, -45],
						"1.0": [0, 0, -4.5],
						"1.2": [0, 0, 0]
					}
				},
				"rightradiator": {
					"rotation": {
						"0.0": [0, 0, 17.5],
						"0.64": [0, 0, 45],
						"1.0": [0, 0, 4.5],
						"1.2": [0, 0, 0]
					}
				},
				"lazermuzzleflash": {
					"scale": 0
				},
				"main": {
					"rotation": {
						"0.0": {
							"post": [26.26367, -45.64022, -0.71381],
							"lerp_mode": "catmullrom"
						},
						"0.67": {
							"post": [0.14, -0.24, -1.86],
							"lerp_mode": "catmullrom"
						},
						"0.87": [0.26, -0.45, -3.56],
						"0.96": [5.32, -0.55, -4.32],
						"1.04": [0.34986, -0.58765, -4.65589],
						"1.25": [0, 0, 0]
					},
					"position": {
						"0.0": {
							"post": [0, -24, 0],
							"lerp_mode": "catmullrom"
						},
						"0.51": {
							"post": [-0.4, -2.525, -1.625],
							"lerp_mode": "catmullrom"
						},
						"0.76": {
							"post": [-0.05, 0, -2.49],
							"lerp_mode": "catmullrom"
						},
						"0.87": [-0.03, 0, -1.73],
						"0.96": [-0.02, -2, -1.11],
						"1.05": [-0.01, 0, -0.48],
						"1.12": [0, 0, 0]
					}
				},
				"leftarm": {
					"rotation": {
						"0.0": [0, 0, 0],
						"0.2": [1, 0, -22],
						"0.86": [0, 0, 0],
						"0.97": [-17.5, 0, 0],
						"1.22": [0, 0, 0]
					},
					"position": {
						"0.0": [0, 0, 0],
						"0.2": [3.53901, 3.6754, 5.59783],
						"0.86": [0, 0, 0],
						"0.97": [-3, -10, -5.75],
						"1.22": [0, 0, 0]
					}
				},
				"Rcapsule1": {
					"position": {
						"0.0": [1, 0, -1],
						"0.5": [1, 0, -1],
						"0.54": [0, 0, 0]
					}
				},
				"Rcapsule2": {
					"position": {
						"0.0": [1, 0, -1],
						"0.54": [1, 0, -1],
						"0.58": [0, 0, 0]
					}
				},
				"Lcapsule1": {
					"position": {
						"0.0": [-1, 0, -1],
						"0.54": [-1, 0, -1],
						"0.58": [0, 0, 0]
					}
				},
				"Lcapsule2": {
					"position": {
						"0.0": [-1, 0, -1],
						"0.5": [-1, 0, -1],
						"0.54": [0, 0, 0]
					}
				},
				"lever": {
					"rotation": {
						"0.0": [0, 0, 0],
						"0.87": [0, 0, 0],
						"0.97": [-25, 0, 0],
						"1.15": [0, 0, 0]
					}
				},
				"ready": {
					"scale": {
						"0.0": [0, 0, 0],
						"0.96": [0, 0, 0],
						"1.0": [1, 1, 1]
					}
				},
				"unready": {
					"scale": {
						"0.0": [1, 1, 1],
						"0.96": [1, 1, 1],
						"1.0": [0, 0, 0]
					}
				},
				"_camera_": {
					"rotation": {
						"0.0": [0, 0, 0],
						"0.04": [2.5, -0.5, 0],
						"0.21": [0.63, -0.12, 0],
						"0.33": [0, 0, 0],
						"0.82": [0, 0, 0],
						"0.95": {
							"pre": [2, 0, 0],
							"post": [2, 0, 0],
							"lerp_mode": "catmullrom"
						},
						"1.17": [0, 0, 0]
					}
				}
			},
			"sound_effects": {
				"0.0": {
					"effect": "stellatsweaponries_atomic_devourer_draw"
				},
				"0.88": {
					"effect": "stellatsweaponries_atomic_devourer_lever_flick_down"
				},
				"1.05": {
					"effect": "stellatsweaponries_atomic_devourer_lever_flick_up"
				}
			}
		},
		"animation.model.inspect": {
			"animation_length": 5,
			"bones": {
				"holo": {
					"position": {
						"0.0": [0, 0, 0],
						"2.1333": [0, 0, 0],
						"2.4": [0, 0, 0],
						"2.5667": [0, 0, 0],
						"3.2": [0, 0, 0]
					},
					"scale": {
						"0.0": [1, 1, 1],
						"2.1333": [1, 1, 1],
						"2.2333": [1, 0.3249, 1],
						"2.4": [1, 0, 1],
						"2.5667": [1, 0, 1],
						"2.8667": [1, 0.4421, 1],
						"3.2": [1, 1, 1]
					}
				},
				"indicator": {
					"position": [0, 0, 0],
					"scale": 1
				},
				"lazermuzzleflash": {
					"scale": 0
				},
				"main": {
					"rotation": {
						"0.0": [0, 0, 0],
						"0.3": [-5.04, -18.39, -25.04],
						"0.5333": [-9.55676, -20.88889, -28.55629],
						"0.8333": [-8.77652, -21.21647, -30.72851],
						"1.0667": [-9.4227, -20.94881, -28.93303],
						"1.4": [-3.1216, -20.98207, -46.44405],
						"1.5333": [-4.564, -20.73064, -42.44007],
						"1.6": [-4.86325, -20.9153, -41.60203],
						"1.7333": [-4.58308, -20.97575, -42.38574],
						"1.8333": [-4.01131, -21.08802, -43.97908],
						"1.9667": [-4.38767, -21.01662, -42.9316],
						"2.1": [-4.18847, -21.05622, -43.48691],
						"2.6667": {
							"pre": [-14.70981, 5.86025, 59.48558],
							"post": [-14.70981, 5.86025, 59.48558],
							"lerp_mode": "catmullrom"
						},
						"3.1333": [-15.93602, 7.03904, 62.69373],
						"3.3667": [-15.60896, 7.75082, 65.23442],
						"3.6333": [-15.71675, 7.52491, 64.42194],
						"3.8": [-15.56389, 7.84019, 65.55973],
						"4.1": [-15.61778, 7.73186, 65.16659],
						"4.3667": [-15.9801, 6.93689, 62.33342],
						"4.6": [-10.86998, 2.42135, 33.56191],
						"4.8667": [0, 0.65, 4.25],
						"5.0": [0, 0, 0]
					},
					"position": {
						"0.0": [0, 0, 0],
						"0.2": [-0.4, 1.23, -7.25],
						"0.4": [-0.475, 1.475, -8.7],
						"0.6": [-0.195, 1, -7.7],
						"0.8333": [-0.03, 0.725, -7.7],
						"1.0": [0, 1.125, -7.7],
						"1.3": [0.125, 1.4, -8.275],
						"1.6": [-0.02, 1.475, -8],
						"1.8": [0.11, 1.425, -8.175],
						"2.0333": [0.275, 1.25, -7.975],
						"2.1667": {
							"pre": [-2.13, -0.19, -8.65],
							"post": [-2.13, -0.19, -8.65],
							"lerp_mode": "catmullrom"
						},
						"2.3667": {
							"post": [-4.545, 0.675, -11.15],
							"lerp_mode": "catmullrom"
						},
						"2.6333": {
							"post": [-4.415, 7.605, -10.545],
							"lerp_mode": "catmullrom"
						},
						"2.8333": {
							"post": [-4.49, 8.57, -9.63],
							"lerp_mode": "catmullrom"
						},
						"2.8667": {
							"post": [-4.525, 7.545, -9.17],
							"lerp_mode": "catmullrom"
						},
						"3.1": [-4.49, 7.57, -9.85],
						"3.3667": [-4.455, 7.5, -9.24],
						"3.6667": [-4.53, 7.5, -9.27],
						"3.9": [-4.49, 7.59, -9.3],
						"4.2333": [-4.545, 7.675, -9.325],
						"4.4667": [-5.005, 2.39, -7.41],
						"4.9667": [0, 0, 0]
					}
				},
				"leftarm": {
					"rotation": {
						"0.0": [0, 0, 0],
						"0.4": [0, 0, -2.5],
						"2.1": [0, 0, -2.5],
						"2.5667": [0, 0, 0],
						"4.3": [-20, 0, -45],
						"4.9": [0, 0, 0]
					},
					"position": {
						"0.0": [0, 0, 0],
						"0.4": [-16.76014, -11.20851, -8.35136],
						"2.1": [-16.76014, -11.20851, -8.35136],
						"2.5667": [0, 0, 0],
						"4.3": [7.35, 6.25, 2.33],
						"4.9": [0, 0, 0]
					}
				},
				"_camera_": {
					"rotation": {
						"0.0": [0, 0, 0],
						"0.2667": [0.49127, 2.50217, 0.20438],
						"0.4333": [-4.5, 0.42, 0.4],
						"0.7": [-6.73, 1.49, 0.46],
						"0.9333": [-6.48, 3.3, 0.51],
						"1.2667": [1.77, 9.05, 0.53],
						"1.6333": [10.69, 23.94, 0.54],
						"1.8": [13.6, 28.61, 0.54],
						"1.9333": [14.9, 30.26, 0.55],
						"2.0": [14.48, 30.62, 0.54],
						"2.2": [13.22, 28.51, 0.52],
						"2.4": [4.49842, 8.50216, 0.20482],
						"2.5667": [2.58407, 3.03218, 0],
						"2.8": [5.43, 4.64, -0.01],
						"2.9": [5.90247, 5.04341, 0],
						"3.0333": [5.14, 2.47, 0],
						"3.6": [-0.14682, -3.09315, 0],
						"4.2667": [-4.17, -6.53, 0],
						"4.5333": [-4.78488, -5.94001, 0],
						"4.6667": [-2.43, -2.5, 0],
						"4.8": [0, 0, 0]
					}
				}
			},
			"sound_effects": {
				"0.0": {
					"effect": "stellatsweaponries_movement2"
				},
				"0.0333": {
					"effect": "stellatsweaponries_atomic_devourer_inspect_1"
				},
				"1.0": {
					"effect": "stellatsweaponries_atomic_devourer_inspect_2"
				},
				"2.5": {
					"effect": "stellatsweaponries_movement1"
				},
				"2.8667": {
					"effect": "stellatsweaponries_atomic_devourer_inspect_2"
				},
				"4.1333": {
					"effect": "stellatsweaponries_movement3"
				},
				"4.2333": {
					"effect": "stellatsweaponries_atomic_devourer_inspect_end"
				}
			}
		},
		"animation.model.reloadempty": {
			"animation_length": 3.9167,
			"bones": {
				"main": {
					"rotation": {
						"0.0": {
							"post": [0, 0, 0],
							"lerp_mode": "catmullrom"
						},
						"0.125": {
							"post": [0, 0, -3.33],
							"lerp_mode": "catmullrom"
						},
						"0.3333": {
							"post": [0, 0, -20],
							"lerp_mode": "catmullrom"
						},
						"0.375": {
							"post": [0, 0, -22.5],
							"lerp_mode": "catmullrom"
						},
						"0.625": {
							"post": [0, 0, -20],
							"lerp_mode": "catmullrom"
						},
						"0.75": {
							"post": [0, 0, -22.5],
							"lerp_mode": "catmullrom"
						},
						"0.875": {
							"post": [0, 0, -35],
							"lerp_mode": "catmullrom"
						},
						"1.125": {
							"post": [0, 0, -27.5],
							"lerp_mode": "catmullrom"
						},
						"1.3333": {
							"post": [0, 0, -25],
							"lerp_mode": "catmullrom"
						},
						"1.875": {
							"post": [0, 0, -43.64],
							"lerp_mode": "catmullrom"
						},
						"2.125": {
							"post": [0, 0, -45],
							"lerp_mode": "catmullrom"
						},
						"2.2917": {
							"post": [0, 0, -22.5],
							"lerp_mode": "catmullrom"
						},
						"2.7083": {
							"post": [2.72321, 0, -14.832],
							"lerp_mode": "catmullrom"
						},
						"2.875": {
							"post": [0.3125, 0, -11.7648],
							"lerp_mode": "catmullrom"
						},
						"2.9583": {
							"post": [-2.5, 0, -10.2312],
							"lerp_mode": "catmullrom"
						},
						"3.2083": {
							"post": [2.5, 0, -3.33],
							"lerp_mode": "catmullrom"
						},
						"3.3333": {
							"post": [5, 0, 0],
							"lerp_mode": "catmullrom"
						},
						"3.6667": {
							"post": [0, 0, 0],
							"lerp_mode": "catmullrom"
						}
					},
					"position": {
						"0.0": {
							"post": [0, 0, 0],
							"lerp_mode": "catmullrom"
						},
						"0.0833": {
							"post": [0, 0, 0],
							"lerp_mode": "catmullrom"
						},
						"0.1667": {
							"post": [0, -2, 0],
							"lerp_mode": "catmullrom"
						},
						"0.3333": {
							"post": [0, 0, 6],
							"lerp_mode": "catmullrom"
						},
						"2.1667": {
							"post": [0, 0, 6],
							"lerp_mode": "catmullrom"
						},
						"2.2083": {
							"post": [0, 1, 6],
							"lerp_mode": "catmullrom"
						},
						"2.875": {
							"post": [0, 1, 6],
							"lerp_mode": "catmullrom"
						},
						"2.9583": {
							"post": [0, -2, 6],
							"lerp_mode": "catmullrom"
						},
						"3.0833": {
							"post": [0, 1, 6],
							"lerp_mode": "catmullrom"
						},
						"3.6667": {
							"post": [0, 0, 0],
							"lerp_mode": "catmullrom"
						}
					}
				},
				"leftarm": {
					"rotation": {
						"0.0": [0, 0, 0],
						"0.2083": [-4.58, 0, 0],
						"0.3333": [-1.9, -2.02, 0.76],
						"0.5": [14.18873, -14.14006, 5.29498],
						"0.6667": [13.32, -6.28, 2.4],
						"0.75": [12.8917, -2.34532, 0.95027],
						"1.6667": [22.2667, -2.34532, 0.95027],
						"2.0": [25.3917, -2.34532, 0.95027],
						"2.1667": [40.34455, 1.33113, 4.69641],
						"2.4583": [10.4, 0.44, 1.57],
						"2.6667": [-4.58, 0, 0],
						"2.7083": [-9.33, 0, 0],
						"2.875": [-12.5, 0, 0],
						"2.9167": [-15.25, 0, 0],
						"3.0": [-24.58, 0, 0],
						"3.0833": [0, 0, 0]
					},
					"position": {
						"0.0": [0, 0, 0],
						"0.2083": [-2.17, -8.17, -1.83],
						"0.3333": [-4, -8.57, -4.28],
						"0.5": [-15, -11, -19],
						"0.5833": [-16.33, -11, -20.33],
						"0.75": [-17, -11, -21],
						"0.9167": [-22, -21, -30],
						"1.0": [-22, -24, -26],
						"1.1667": [0, -38, 7],
						"1.6667": [0, -38, 7],
						"1.8333": [-22, -24, -26],
						"2.0": [-22, -21, -30],
						"2.1667": [-17, -11, -28],
						"2.375": [-7.11, -9.11, -10.56],
						"2.6667": [-2.17, -8.17, -1.83],
						"2.7083": [-1.47, -6.27, -3.13],
						"2.875": [-1, -5, -4],
						"2.9167": [-1.7, -8.9, -3.7],
						"3.0": [-3.17, -12.17, -6.83],
						"3.0833": [0, 0, 0]
					}
				},
				"chamberbullet2": {
					"position": [0, -2, 0]
				},
				"chamberbullet": {
					"position": {
						"0.0": [0, -2, 0],
						"2.875": [0, -2.02, 0],
						"2.9167": [0, 0, 0]
					}
				},
				"lever": {
					"rotation": {
						"0.0": [0, 0, 0],
						"0.2083": [-27.5, 0, 0],
						"2.6667": [-27.5, 0, 0],
						"2.7083": [-18.5, 0, 0],
						"2.875": [-12.5, 0, 0],
						"2.9167": [-24, 0, 0],
						"3.0": [-30, 0, 0],
						"3.0833": [0, 0, 0]
					}
				},
				"loadedmagazine": {
					"position": {
						"0.0": [19, -26, 35],
						"1.5833": [19, -26, 35],
						"1.6667": [19, -26, 35],
						"1.8333": [0, -12, -2],
						"2.0": [0, -9, -3],
						"2.1667": [0, 0, 0]
					},
					"scale": {
						"0.0": [0, 0, 0],
						"1.5417": [0, 0, 0],
						"1.5833": [1, 1, 1]
					}
				},
				"unloadedmagazine": {
					"position": {
						"0.0": [0, 0, 0],
						"0.7083": [0, 0, 0],
						"0.75": [0, -3, -1],
						"0.9167": [0, -9, -3],
						"1.0": [0, -12, -2],
						"1.1667": [19, -26, 35]
					},
					"scale": {
						"0.0": [1, 1, 1],
						"1.5417": [1, 1, 1],
						"1.5833": [0, 0, 0]
					}
				},
				"ready": {
					"scale": {
						"0.0": [0, 0, 0],
						"3.125": [0, 0, 0],
						"3.1667": [1, 1, 1]
					}
				},
				"unready": {
					"position": [0, 0, -5],
					"scale": {
						"0.0": [1, 1, 1],
						"3.125": [1, 1, 1],
						"3.1667": [0, 0, 0]
					}
				},
				"_camera_": {
					"rotation": {
						"0.0": [0, 0, 0],
						"0.125": [1.8, 0, 0],
						"0.2083": [3, 1, 0],
						"0.3333": [2.87, 4.23, 0],
						"0.5": [2.7, 6.2, 0],
						"0.875": [2.7, 6.2, 0],
						"1.0": [0.7, 6.2, 0],
						"1.25": [2.7, 6.2, 0],
						"1.4167": [2.7, 6.2, 0],
						"1.6667": [4.7, 6.2, 0],
						"2.125": [3.7, 6.2, 0],
						"2.2083": [2.7, 6.2, 0],
						"2.6667": [2.7, 6.2, 0],
						"2.7917": [0.7, 5.6, 0],
						"2.875": [0.7, 4.8, 0],
						"2.9167": [2.7, 4.4, 0],
						"3.0417": [2.7, 2.2, 0],
						"3.0833": [0, 0.1, 0]
					}
				}
			},
			"sound_effects": {
				"0.0": {
					"effect": "stellatsweaponries_movement1"
				},
				"0.2917": {
					"effect": "stellatsweaponries_atomic_devourer_lever_flick_down"
				},
				"0.7083": {
					"effect": "stellatsweaponries_movement2"
				},
				"0.7917": {
					"effect": "stellatsweaponries_atomic_devourer_magout"
				},
				"1.6667": {
					"effect": "stellatsweaponries_movement3"
				},
				"1.7917": {
					"effect": "stellatsweaponries_atomic_devourer_magin"
				},
				"2.875": {
					"effect": "stellatsweaponries_atomic_devourer_lever_flick_down"
				},
				"3.0": {
					"effect": "stellatsweaponries_atomic_devourer_lever_flick_up"
				}
			}
		},
		"animation.model.reload": {
			"animation_length": 2.6667,
			"bones": {
				"main": {
					"rotation": {
						"0.0": {
							"post": [0, 0, 0],
							"lerp_mode": "catmullrom"
						},
						"0.15": {
							"post": [0, 0, -3.33],
							"lerp_mode": "catmullrom"
						},
						"0.35": {
							"post": [0, 0, -20],
							"lerp_mode": "catmullrom"
						},
						"0.4": {
							"post": [0, 0, -22.5],
							"lerp_mode": "catmullrom"
						},
						"0.65": {
							"post": [0, 0, -20],
							"lerp_mode": "catmullrom"
						},
						"0.75": {
							"post": [0, 0, -22.5],
							"lerp_mode": "catmullrom"
						},
						"0.9": {
							"post": [0, 0, -35],
							"lerp_mode": "catmullrom"
						},
						"1.1": {
							"post": [0, 0, -27.5],
							"lerp_mode": "catmullrom"
						},
						"1.3": {
							"post": [0, 0, -25],
							"lerp_mode": "catmullrom"
						},
						"1.9": {
							"post": [0, 0, -43.64],
							"lerp_mode": "catmullrom"
						},
						"2.0": {
							"post": [0, 0, -43.81],
							"lerp_mode": "catmullrom"
						},
						"2.15": {
							"post": [-4.5, 0, -45],
							"lerp_mode": "catmullrom"
						},
						"2.3": {
							"post": [0, 0, -22.5],
							"lerp_mode": "catmullrom"
						},
						"2.45": {
							"post": [0, 0, 2.5],
							"lerp_mode": "catmullrom"
						},
						"2.65": {
							"post": [0, 0, 0],
							"lerp_mode": "catmullrom"
						}
					},
					"position": {
						"0.0": {
							"post": [0, 0, 0],
							"lerp_mode": "catmullrom"
						},
						"0.1": {
							"post": [0, 0, 0],
							"lerp_mode": "catmullrom"
						},
						"0.15": {
							"post": [0, -2, 0],
							"lerp_mode": "catmullrom"
						},
						"0.35": {
							"post": [0, 0, 6],
							"lerp_mode": "catmullrom"
						},
						"2.15": {
							"post": [0, 1, 6],
							"lerp_mode": "catmullrom"
						},
						"2.65": {
							"post": [0, 0, 0],
							"lerp_mode": "catmullrom"
						}
					}
				},
				"leftarm": {
					"rotation": {
						"0.0": [0, 0, 0],
						"0.5": [14.18873, -14.14006, 5.29498],
						"0.65": [13.32, -6.28, 2.4],
						"0.75": [12.8917, -2.34532, 0.95027],
						"1.5": [10.4, 0.44, 1.57],
						"1.65": [22.2667, -2.34532, 0.95027],
						"2.0": [25.3917, -2.34532, 0.95027],
						"2.15": [40.34455, 1.33113, 4.69641],
						"2.45": [10.09, 0.33, 1.17],
						"2.65": [0, 0, 0]
					},
					"position": {
						"0.0": [0, 0, 0],
						"0.5": [-15, -11, -19],
						"0.6": [-16.33, -11, -20.33],
						"0.75": [-17, -11, -21],
						"0.9": [-22, -21, -30],
						"1.0": [-22, -24, -26],
						"1.15": [0, -38, 7],
						"1.4": [0, -38, 7],
						"1.65": [0, -38, 7],
						"1.85": [-22, -24, -26],
						"2.0": [-22, -21, -30],
						"2.15": [-17, -11, -28],
						"2.35": [-5.67, -3.67, -9.34],
						"2.65": [0, 0, 0]
					}
				},
				"chamberbullet2": {
					"position": [0, -2, 0]
				},
				"loadedmagazine": {
					"position": {
						"0.0": [0, 0, 0],
						"0.7": [0, 0, 0],
						"0.75": [0, -3, -1],
						"0.9": [0, -9, -3],
						"1.0": [0, -12, -2],
						"1.15": [19, -26, 35],
						"1.5": [19, -26, 35],
						"1.65": [19, -26, 35],
						"1.85": [0, -12, -2],
						"2.0": [0, -9, -3],
						"2.15": [0, 0, 0]
					},
					"scale": 1
				},
				"unloadedmagazine": {
					"scale": 0
				},
				"_camera_": {
					"rotation": {
						"0.0": [0, 0, 0],
						"0.15": [1.8, 0, 0],
						"0.2": [3, 1, 0],
						"0.35": [2.87, 4.23, 0],
						"0.5": [2.7, 6.2, 0],
						"0.9": [2.7, 6.2, 0],
						"1.0": [0.7, 6.2, 0],
						"1.25": [2.7, 6.2, 0],
						"1.4": [2.7, 6.2, 0],
						"1.65": [4.7, 6.2, 0],
						"2.15": [3.7, 6.2, 0],
						"2.2": [2.7, 6.2, 0],
						"2.4": [1.7, 2.2, 0],
						"2.65": [0, 0.1, 0]
					}
				}
			},
			"sound_effects": {
				"0.7": {
					"effect": "stellatsweaponries_movement2"
				},
				"0.8": {
					"effect": "stellatsweaponries_atomic_devourer_magout"
				},
				"1.65": {
					"effect": "stellatsweaponries_movement3"
				},
				"1.8": {
					"effect": "stellatsweaponries_atomic_devourer_magin"
				}
			}
		}
	}
}