{
	"format_version": "1.8.0",
	"animations": {
		"animation.model.draw": {
			"animation_length": 0.9,
			"bones": {
				"main": {
					"rotation": {
						"0.0": {
							"post": [32.09413, -54.38778, -8.29667],
							"lerp_mode": "catmullrom"
						},
						"0.28": {
							"post": [4.46, -11.27, 5.42],
							"lerp_mode": "catmullrom"
						},
						"0.48": {
							"post": [0.50518, -5.08075, 6.8716],
							"lerp_mode": "catmullrom"
						},
						"0.68": {
							"post": [-2.20269, -0.6159, 0.3443],
							"lerp_mode": "catmullrom"
						},
						"0.82": {
							"post": [0, 0, 0],
							"lerp_mode": "catmullrom"
						}
					},
					"position": {
						"0.0": {
							"post": [0, -13.3, 0],
							"lerp_mode": "catmullrom"
						},
						"0.13": {
							"post": [-0.21, -6.33, -0.77],
							"lerp_mode": "catmullrom"
						},
						"0.22": {
							"post": [-0.38, -4.17, -1.41],
							"lerp_mode": "catmullrom"
						},
						"0.41": {
							"post": [-0.4, -2.525, -1.625],
							"lerp_mode": "catmullrom"
						},
						"0.62": {
							"post": [-0.05, 0, -2.49],
							"lerp_mode": "catmullrom"
						},
						"0.88": {
							"post": [0, 0, 0],
							"lerp_mode": "catmullrom"
						}
					}
				},
				"leftarm": {
					"rotation": {
						"0.0": [0, 0, 0],
						"0.22": [1, 0, -22],
						"0.47": [0, 0, 0]
					},
					"position": {
						"0.0": [0, 0, 0],
						"0.22": [3.53901, 3.6754, 5.59783],
						"0.47": [0, 0, 0]
					}
				},
				"_camera_": {
					"rotation": {
						"0.0": [0, 0, 0],
						"0.04": [5, 1, 0],
						"0.21": [1.63, -0.12, 0],
						"0.33": [0, 0, 0]
					}
				}
			},
			"sound_effects": {
				"0.0": {
					"effect": "stellatsweaponries_movement1"
				},
				"0.21": {
					"effect": "stellatsweaponries_m3k-4_draw"
				}
			}
		},
		"animation.model.inspect": {
			"animation_length": 4.2333,
			"bones": {
				"holo": {
					"position": {
						"0.0": [0, 0, 0],
						"2.1333": [0, 0, 0],
						"2.4": [0, 0, 0],
						"2.5667": [0, 0, 0],
						"3.2": [0, 0, 0]
					},
					"scale": {
						"0.0": [1, 1, 1],
						"2.1333": [1, 1, 1],
						"2.2333": [1, 0.3249, 1],
						"2.4": [1, 0, 1],
						"2.5667": [1, 0, 1],
						"2.8667": [1, 0.4421, 1],
						"3.2": [1, 1, 1]
					}
				},
				"indicator": {
					"position": [0, 0, 0],
					"scale": 1
				},
				"main": {
					"rotation": {
						"0.0": [0, 0, 0],
						"0.2": [-8.41746, -13.59608, -21.21259],
						"0.3667": [-8.39812, -20.10111, -31.77688],
						"0.5333": [-9.55676, -20.88889, -28.55629],
						"0.6667": [-8.77652, -21.21647, -30.72851],
						"0.9": [-9.4227, -20.94881, -28.93303],
						"1.1333": [-3.1216, -20.98207, -46.44405],
						"1.2667": [-4.564, -20.73064, -42.44007],
						"1.3667": [-4.86325, -20.9153, -41.60203],
						"1.4667": [-4.58308, -20.97575, -42.38574],
						"1.6": [-4.01131, -21.08802, -43.97908],
						"1.7333": [-4.38767, -21.01662, -42.9316],
						"1.8333": [-4.18847, -21.05622, -43.48691],
						"2.1667": [-16.91438, 5.38499, 54.40399],
						"2.3333": [-15.22513, 5.80082, 60.04554],
						"2.5333": [-15.70981, 5.86025, 59.48558],
						"2.6667": [-15.93602, 7.03904, 62.69373],
						"2.8": [-15.60896, 7.75082, 65.23442],
						"2.9667": [-15.71675, 7.52491, 64.42194],
						"3.1333": [-15.56389, 7.84019, 65.55973],
						"3.3333": [-15.61778, 7.73186, 65.16659],
						"3.6": [-15.9801, 6.93689, 62.33342],
						"3.8667": [-8.86998, 2.42135, 33.56191],
						"4.0333": [0, -1.75, -2.75],
						"4.2": [0, 0, 0]
					},
					"position": {
						"0.0": [0, 0, 0],
						"0.3667": [-0.475, 1.475, -8.7],
						"0.5": [-0.195, 1, -7.7],
						"0.6667": [-0.03, 0.725, -7.7],
						"0.8333": [0, 1.125, -7.7],
						"1.0333": [0.125, 1.4, -8.275],
						"1.3333": [-0.02, 1.475, -8],
						"1.5333": [0.11, 1.425, -8.175],
						"1.8": [0.275, 1.25, -7.975],
						"1.9333": [-2.13, -0.19, -8.65],
						"2.1": [-4.545, 0.675, -11.15],
						"2.3": [-4.415, 7.605, -10.545],
						"2.4333": [-4.49, 8.57, -9.63],
						"2.5": [-4.525, 7.545, -9.17],
						"2.6333": [-4.49, 7.57, -9.85],
						"2.8": [-4.455, 7.5, -9.24],
						"3.0": [-4.53, 7.5, -9.27],
						"3.2333": [-4.49, 7.59, -9.3],
						"3.5": [-4.545, 7.675, -9.325],
						"3.7667": [-5.005, 2.39, -7.41],
						"4.1333": [0, 0, 0]
					}
				},
				"rightarm": {
					"rotation": {
						"0.0": [0, 0, 0],
						"4.1667": [0, 0, 5]
					},
					"position": {
						"0.0": [0, 0, 0],
						"4.1667": [0.25, 0, 0]
					}
				},
				"leftarm": {
					"rotation": {
						"0.0": [0, 0, 0],
						"0.6333": [0, 0, 0],
						"1.0": [-10.18545, -2.97136, 48.38055],
						"1.8667": [-10.18545, -2.97136, 48.38055],
						"2.1667": [0, 0, 0]
					},
					"position": {
						"0.0": [0, 0, 0],
						"0.6333": [0, 0, 0],
						"1.0": [11.23986, -30.20851, 24.64864],
						"1.8667": [11.23986, -30.20851, 24.64864],
						"2.1667": [0, 0, 0]
					}
				},
				"_camera_": {
					"rotation": {
						"0.0": [0, 0, 0],
						"0.2667": [0.49127, 2.50217, 0.20438],
						"0.6667": [0.49127, 5.50217, 0.20438],
						"0.7667": [1.37, 7.67, 0.2],
						"1.0": [4.49842, 16.30216, 0.20482],
						"1.3": [12.96, 34, 0.2],
						"1.4333": [14.49842, 36.50216, 0.20482],
						"1.6333": [15.26, 37.22, 0.17],
						"1.8": [14.08, 33.51, 0.13],
						"2.0333": [-1.41593, 4.03218, 0],
						"2.1333": [-2.14, 0.89, -0.01],
						"2.2333": [-1.81, -0.17, -0.01],
						"2.3667": [-1.09753, -1.15659, 0],
						"2.8": [-0.14682, -1.09315, 0],
						"3.3": [-0.78488, -0.94001, 0],
						"3.5667": [0, 0, 0]
					}
				}
			},
			"sound_effects": {
				"0.0": {
					"effect": "stellatsweaponries_movement1"
				},
				"1.0": {
					"effect": "stellatsweaponries_movement2"
				},
				"2.0": {
					"effect": "stellatsweaponries_movement3"
				},
				"3.6333": {
					"effect": "stellatsweaponries_movement2"
				}
			}
		},
		"animation.model.preparefire": {
			"animation_length": 0.5,
			"bones": {
				"main": {
					"rotation": {
						"0.0": [0, 0, 0],
						"0.0417": [-3.33, 0.04, 0.5],
						"0.125": [-4.99957, 0.06536, 0.74715],
						"0.25": [-4.39957, 0.06536, 0.74715],
						"0.4167": [-2.37, 0.02, 0.25],
						"0.5": [0, 0, 0]
					},
					"position": {
						"0.0": [0, 0, 0],
						"0.0833": [0, -0.1, 0.88],
						"0.1667": [0, -0.15, 1.475],
						"0.2917": [0, -0.15, 1.475],
						"0.375": [0, -0.05, 0.99],
						"0.5": [0, 0, 0]
					}
				}
			},
			"sound_effects": {
				"0.0": {
					"effect": "stellatsweaponries_m3k-4_prep"
				}
			}
		},
		"animation.model.completefire": {
			"animation_length": 0.75,
			"bones": {
				"main": {
					"rotation": {
						"0.0": [-6, 0, 0],
						"0.0417": [-21.03, 0.04, 0.5],
						"0.125": [-19.69957, 0.06536, 0.74715],
						"0.25": [-15.39957, 0.06536, 0.74715],
						"0.375": [-11.37, 0.02, 0.25],
						"0.7083": [0, 0, 0]
					},
					"position": {
						"0.0": [0, 0, 0],
						"0.0833": [0, -0.1, 4.38],
						"0.2083": [0, -0.15, 8.675],
						"0.3333": [0, -0.15, 8.675],
						"0.5": [0, -0.05, 3.39],
						"0.75": [0, 0, 0]
					}
				}
			},
			"sound_effects": {
				"0.0": {
					"effect": "stellatsweaponries_m3k-4_afterfire"
				}
			}
		},
		"animation.model.fire": {
			"loop": true,
			"animation_length": 0.06,
			"bones": {
				"leftarm": {
					"rotation": {
						"0.0": [0, 0, 0],
						"0.0417": [-0.1, 0, 0]
					},
					"position": {
						"0.0": [0, 0, 0],
						"0.0417": [0, 0.1, 0]
					}
				},
				"muzzleflash": {
					"rotation": {
						"0.0": [0, 0, 360],
						"0.0417": [0, 0, 0]
					},
					"position": [0, 0, -1],
					"scale": {
						"0.0": [10.25, 10.25, 10.25],
						"0.0417": [0, 0, 0]
					}
				},
				"main": {
					"rotation": {
						"0.0": [0, 0, 0],
						"0.0417": [0, -0.025, 0.025]
					},
					"position": {
						"0.0": [0, 0, 0],
						"0.0417": [-0.025, 0, 0.05]
					}
				},
				"_camera_": {
					"rotation": {
						"0.0": {
							"post": [-0.2, 0, 0.025],
							"lerp_mode": "catmullrom"
						},
						"0.0417": {
							"post": [0, 0, 0],
							"lerp_mode": "catmullrom"
						}
					}
				}
			}
		},
		"animation.model.reload": {
			"animation_length": 2.625,
			"bones": {
				"main": {
					"rotation": {
						"0.0": [0, 0, 0],
						"0.25": [-9.5, 0, -17.5],
						"0.3333": [-9.5, 0, -16.5],
						"0.5": [-9.5, 0, -17.58],
						"0.5833": [-9.5, 0, -18.58],
						"0.6667": [-9.5, 0, -17.53],
						"0.875": [-9.5, 0, -16.53],
						"1.0": [-9.5, 0, -17.61],
						"1.125": [-9.5, 0, -17.175],
						"1.25": [-9.5, 0, -18.56],
						"1.375": [-9.5, 0, -18.44],
						"1.5": [-9.5, 0, -17.42],
						"1.625": [-9.5, 0, -15.955],
						"1.7083": [-9.5, 0, -15.33],
						"1.8333": [-9.5, 0, -16.415],
						"1.9583": [-9.5, 0, -23.645],
						"2.1667": [-9.5, 0, -25.19],
						"2.375": [-9.5, 0, -17.5],
						"2.625": [0, 0, 0]
					},
					"position": {
						"0.0": [0, 0, 0],
						"0.0833": [-0.3, 0.75, -1.63],
						"0.1667": [0, 1, -2.5],
						"0.25": [0.1, 1, -2.8],
						"0.4583": [0.3, 1, -3],
						"0.5417": [0.2, 1, -2.9],
						"0.7083": [0, 1, -2.6],
						"0.8333": [-0.3, 0, -2.4],
						"0.9583": [-1, -2, -2.2],
						"1.0833": [-0.8, -2.75, -1.63],
						"1.1667": [-0.4, -2, -1],
						"1.2917": [0, -1, -1],
						"1.4167": [0.1, 0, -1],
						"1.5": [0, 0.65, -1.63],
						"1.5833": [-0.15, 1, -2.7],
						"1.6667": [-0.3, 1, -3.4],
						"1.8333": [-0.2, 0.2, -4],
						"1.9583": [-0.2, 0.4, -3.6],
						"2.125": [0, -0.5, -3.5],
						"2.25": [0.2, -0.4, -4],
						"2.375": [0, -0.8, -3],
						"2.5417": [-0.2, -0.5, 0],
						"2.625": [0, 0, 0]
					}
				},
				"magazine": {
					"rotation": {
						"0.0": [0, 0, 0],
						"0.3333": [0, 0, 5],
						"2.125": [0, 0, 5],
						"2.1667": [0, 0, 2.5],
						"2.25": [0, 0, 0]
					},
					"position": {
						"0.0": [0, 0, 0],
						"0.25": [0, 0, 0],
						"0.3333": [0, -2.8, 3],
						"0.4583": [0, -14, 15],
						"0.6667": [0, -20, 30],
						"1.5833": [0, -25, 30],
						"1.8333": [0, -14, 15],
						"2.0": [0, -4.67, 3],
						"2.25": [0, 0, 0],
						"2.5": [0, 0, 0]
					}
				},
				"rightarm": {
					"position": {
						"0.0": [0, 0, 0],
						"0.25": [0, 3, -1],
						"0.5417": [0, 3, -1],
						"0.75": [0, 0.82, -0.27],
						"1.0": [0, 0, 0]
					}
				},
				"leftarm": {
					"rotation": {
						"0.0": [0, 0, 0],
						"0.25": [10.32215, 19.94003, 107.32785],
						"0.3333": [10.32, 19.94, 99.83],
						"2.0": [10.32, 29.94, 106.35],
						"2.125": [10.32, 21.61, 107.16],
						"2.25": [10.32215, 19.94003, 107.32785],
						"2.3333": [10.32, 19.94, 127.33],
						"2.625": [0, 0, 0]
					},
					"position": {
						"0.0": [0, 0, 0],
						"0.25": [-3, -15, 0],
						"0.3333": [-3, -17.8, 3],
						"0.4583": [-3, -29, 15],
						"0.6667": [-3, -35, 30],
						"1.5833": [-3, -40, 30],
						"1.8333": [-3, -29, 15],
						"2.0": [-3, -19.67, 3],
						"2.125": [-3, -15.78, 0.5],
						"2.25": [-3, -15, 0],
						"2.3333": [-5.8, -14.7, 0],
						"2.625": [0, 0, 0]
					}
				},
				"_camera_": {
					"rotation": {
						"0.0": {
							"post": [0, 0, 0],
							"lerp_mode": "catmullrom"
						},
						"0.25": {
							"post": [0, 10, 0],
							"lerp_mode": "catmullrom"
						},
						"0.625": {
							"post": [2.81, 10.98, 0],
							"lerp_mode": "catmullrom"
						},
						"1.625": {
							"post": [2, 11.16, 0],
							"lerp_mode": "catmullrom"
						},
						"1.8333": {
							"post": [7, 11.25, 0],
							"lerp_mode": "catmullrom"
						},
						"2.4167": {
							"post": [0, 10, 0],
							"lerp_mode": "catmullrom"
						},
						"2.625": {
							"post": [0, 0, 0],
							"lerp_mode": "catmullrom"
						}
					}
				}
			},
			"sound_effects": {
				"0.0": {
					"effect": "stellatsweaponries_movement1"
				},
				"0.2083": {
					"effect": "stellatsweaponries_m3k-4_magout"
				},
				"0.9167": {
					"effect": "stellatsweaponries_mag_pick"
				},
				"1.5833": {
					"effect": "stellatsweaponries_movement3"
				},
				"2.125": {
					"effect": "stellatsweaponries_m3k-4_magin"
				}
			}
		},
		"animation.model.reloadempty": {
			"animation_length": 3.625,
			"bones": {
				"main": {
					"rotation": {
						"0.0": [0, 0, 0],
						"0.25": [-9.5, 0, -17.5],
						"0.3333": [-9.5, 0, -16.5],
						"0.5": [-9.5, 0, -17.58],
						"0.5833": [-9.5, 0, -18.58],
						"0.6667": [-9.5, 0, -17.53],
						"0.875": [-9.5, 0, -16.53],
						"1.0": [-9.5, 0, -17.61],
						"1.125": [-9.5, 0, -17.175],
						"1.25": [-9.5, 0, -18.56],
						"1.375": [-9.5, 0, -18.44],
						"1.5": [-9.5, 0, -17.42],
						"1.625": [-9.5, 0, -15.955],
						"1.7083": [-9.5, 0, -15.33],
						"1.8333": [-9.5, 0, -16.415],
						"1.9583": [-9.5, 0, -23.645],
						"2.1667": [-9.5, 0, -25.19],
						"2.375": [-9.5, 0, -17.42],
						"2.5": [-9.5, 0, -15.955],
						"2.5833": [-9.5, 0, -15.33],
						"2.7083": [-25.5, 0, -15.415],
						"2.875": [-20.5, 0, -17.645],
						"3.0417": [-9.5, 0, -16.19],
						"3.25": [-9.5, 0, -32.5],
						"3.5833": [0.84, 0, 0.69],
						"3.625": [0, 0, 0]
					},
					"position": {
						"0.0": [0, 0, 0],
						"0.0833": [-0.3, 0.75, -1.63],
						"0.1667": [0, 1, -2.5],
						"0.25": [0.1, 1, -2.8],
						"0.4583": [0.3, 1, -3],
						"0.5417": [0.2, 1, -2.9],
						"0.7083": [0, 1, -2.6],
						"0.8333": [-0.3, 0, -2.4],
						"0.9583": [-1, -2, -2.2],
						"1.0833": [-0.8, -2.75, -1.63],
						"1.1667": [-0.4, -2, -1],
						"1.2917": [0, -1, -1],
						"1.4167": [0.1, 0, -1],
						"1.5": [0, 0.65, -1.63],
						"1.5833": [-0.15, 1, -2.7],
						"1.6667": [-0.3, 1, -3.4],
						"1.8333": [-0.2, 0.2, -4],
						"1.9583": [-0.2, 0.4, -3.6],
						"2.125": [0, -0.5, -3.5],
						"2.25": [0.2, -0.4, -4],
						"2.375": [0, 0.65, -1.63],
						"2.4583": [-0.15, 1, -2.7],
						"2.5417": [-0.3, 1, -3.4],
						"2.7083": [-0.2, 0.2, -4],
						"2.8333": [-0.2, 0.4, -3.6],
						"3.0417": [1, -0.5, -3.5],
						"3.125": [2.2, -0.4, -4],
						"3.25": [3, -0.8, -3],
						"3.4167": [4.8, -0.5, 0],
						"3.5833": [-0.14, -0.1, 0],
						"3.625": [0, 0, 0]
					}
				},
				"magazine": {
					"rotation": {
						"0.0": [0, 0, 0],
						"0.3333": [0, 0, 5],
						"2.125": [0, 0, 5],
						"2.1667": [0, 0, 2.5],
						"2.25": [0, 0, 0]
					},
					"position": {
						"0.0": [0, 0, 0],
						"0.25": [0, 0, 0],
						"0.3333": [0, -2.8, 3],
						"0.4583": [0, -14, 15],
						"0.6667": [0, -20, 30],
						"1.5833": [0, -25, 30],
						"1.8333": [0, -14, 15],
						"2.0": [0, -4.67, 3],
						"2.25": [0, 0, 0],
						"2.5": [0, 0, 0]
					}
				},
				"rightarm": {
					"position": {
						"0.0": [0, 0, 0],
						"0.25": [0, 3, -1],
						"0.5417": [0, 3, -1],
						"0.75": [0, 0.82, -0.27],
						"1.0": [0, 0, 0]
					}
				},
				"leftarm": {
					"rotation": {
						"0.0": [0, 0, 0],
						"0.25": [10.32215, 19.94003, 107.32785],
						"0.3333": [10.32, 19.94, 99.83],
						"2.0": [10.32, 29.94, 106.35],
						"2.125": [10.32, 21.61, 107.16],
						"2.25": [10.32215, 19.94003, 107.32785],
						"2.3333": [10.32, 19.94, 127.33],
						"2.5": [5.32, -7.56, 132.33],
						"2.625": [4.68, 17.11, 114.03],
						"2.7083": [4.51429, 23.28326, 109.45523],
						"3.0417": [6.27, -7.89, 92.31],
						"3.125": [-10.1, 12.12, 64.62],
						"3.2083": [-15.56, 18.79, 55.39],
						"3.5": [0, 0, 0]
					},
					"position": {
						"0.0": [0, 0, 0],
						"0.25": [-3, -15, 0],
						"0.3333": [-3, -17.8, 3],
						"0.4583": [-3, -29, 15],
						"0.6667": [-3, -35, 30],
						"1.5833": [-3, -40, 30],
						"1.8333": [-3, -29, 15],
						"2.0": [-3, -19.67, 3],
						"2.125": [-3, -15.78, 0.5],
						"2.25": [-3, -15, 0],
						"2.3333": [-5.8, -14.7, 0],
						"2.5": [-9.8, -19.7, 0],
						"2.7083": [-5.56, -16.51, 6.85],
						"3.0417": [-3.97, -3.6, 10],
						"3.2083": [-3.97, -3.6, 10],
						"3.5": [0, 0, 0]
					}
				},
				"_camera_": {
					"rotation": {
						"0.0": {
							"post": [0, 0, 0],
							"lerp_mode": "catmullrom"
						},
						"0.25": {
							"post": [0, 10, 0],
							"lerp_mode": "catmullrom"
						},
						"0.625": {
							"post": [2.81, 10.98, 0],
							"lerp_mode": "catmullrom"
						},
						"1.625": {
							"post": [2, 11.16, 0],
							"lerp_mode": "catmullrom"
						},
						"1.8333": {
							"post": [7, 11.25, 0],
							"lerp_mode": "catmullrom"
						},
						"2.7083": {
							"post": [0, 10, 0],
							"lerp_mode": "catmullrom"
						},
						"3.25": {
							"post": [0, 0, 0],
							"lerp_mode": "catmullrom"
						}
					}
				}
			},
			"sound_effects": {
				"0.0": {
					"effect": "stellatsweaponries_movement1"
				},
				"0.2083": {
					"effect": "stellatsweaponries_m3k-4_magout"
				},
				"0.9167": {
					"effect": "stellatsweaponries_mag_pick"
				},
				"1.5833": {
					"effect": "stellatsweaponries_movement3"
				},
				"2.125": {
					"effect": "stellatsweaponries_m3k-4_magin"
				},
				"2.6667": {
					"effect": "stellatsweaponries_m3k-4_maghit"
				},
				"3.125": {
					"effect": "stellatsweaponries_m3k-4_gunhit"
				}
			}
		}
	},
	"geckolib_format_version": 2
}