{
	"format_version": "1.8.0",
	"animations": {
		"animation.model.draw": {
			"animation_length": 0.7083,
			"bones": {
				"main": {
					"rotation": {
						"0.0": [32.09413, -54.38778, -8.29667],
						"0.4167": [1.77698, -9.99529, -4.30852],
						"0.5417": [0.58201, -1.04064, 2.6563],
						"0.7083": [0, 0, 0]
					},
					"position": {
						"0.0": [0, -17.3, 0],
						"0.25": [0, -7.41, -4.07],
						"0.4167": [-0.4, -1.2, -2.75],
						"0.5": [0.4, 0, -2.6],
						"0.5833": [0.16, -0.15, 0.6],
						"0.6667": [0, 0, 0]
					}
				},
				"leftarm": {
					"position": {
						"0.3333": [0, 0, 10],
						"0.5": [0, 0, 0]
					}
				},
				"_camera_": {
					"rotation": {
						"0.0": {
							"post": [0, 0, 0],
							"lerp_mode": "catmullrom"
						},
						"0.0417": {
							"post": [12.5, -7.5, 0],
							"lerp_mode": "catmullrom"
						},
						"0.375": {
							"post": [0.63, -0.12, 0],
							"lerp_mode": "catmullrom"
						},
						"0.5": {
							"post": [0, 0, 0],
							"lerp_mode": "catmullrom"
						}
					}
				}
			},
			"sound_effects": {
				"0.0": {
					"effect": "draw"
				}
			}
		},
		"animation.model.fire": {
			"animation_length": 0.7083,
			"bones": {
				"main": {
					"rotation": {
						"0.0": [0, 0, 0],
						"0.0417": [-3, 0, 0],
						"0.1667": [-1.98, 0, 0],
						"0.25": [0, 0, 0],
						"0.4167": [-1, 0, -6.5],
						"0.5833": [0, 0, 0],
						"0.6667": [0.1, 0, 0.2],
						"0.7083": [0, 0, 0]
					},
					"position": {
						"0.0": [0, 0, 0],
						"0.0417": [0, 0, 1.5],
						"0.125": [0, 0, 0.8],
						"0.1667": [0, 0, 0],
						"0.25": [0, 0, 0],
						"0.5833": [0, 0, 0],
						"0.6667": [0, 0, 0],
						"0.7083": [0, 0, 0]
					}
				},
				"rightarm": {
					"rotation": {
						"0.0": [0, 0, 0],
						"0.25": [0, 0, 0],
						"0.2917": [1.4, 0, 0],
						"0.3333": [6.4, 0, 0],
						"0.375": [15, 0, 0],
						"0.5": [15, 0, 0],
						"0.5417": [7.6, 0, 0],
						"0.5833": [2.85, 0, 0],
						"0.625": [0, 0, 0]
					},
					"position": {
						"0.0": [0, 0, 0],
						"0.25": [0, 0, 0],
						"0.375": [0, -1, 1],
						"0.5": [0, -1, 1],
						"0.5833": [0, 0, 0]
					}
				},
				"lever": {
					"rotation": {
						"0.25": [0, 0, 0],
						"0.2917": [-3.2, 0, 0],
						"0.3333": [-12.35, 0, 0],
						"0.375": [-22.5, 0, 0],
						"0.4167": [-23, 0, 0],
						"0.5": [-22.5, 0, 0],
						"0.5417": [-10.25, 0, 0],
						"0.5833": [-3.62, 0, 0],
						"0.625": [0, 0, 0]
					}
				},
				"_camera_": {
					"rotation": {
						"0.0": [0, 0, 0],
						"0.0417": [-7.5, 0, -2],
						"0.1667": [-5.2, 0, 0],
						"0.2917": [-2.19909, 0.05234, 1.99932],
						"0.4167": [-0.85, 0.03, 1.6],
						"0.5": [0, 0, 0]
					},
					"position": {
						"0.0": [0, 0, 0],
						"0.0417": [0, 0, 2],
						"0.25": [0, 0, 0.22],
						"0.3333": [0, 0, 0.55],
						"0.5": [0, 0, 0]
					}
				},
				"casing": {
					"rotation": {
						"0.0": [0, 0, 0],
						"0.3333": [0, 0, 0],
						"0.4583": [0, 0, -45],
						"0.5": [0, 0, -90],
						"0.625": [0, 0, -180]
					},
					"position": {
						"0.0": [0, 0, 0],
						"0.3333": [0, 0, 0],
						"0.375": [-5.33, 0, 0],
						"0.4583": [-14, -6, 0],
						"0.5": [-19, -10.1, 0],
						"0.5417": [-22.4, -16.1, 0],
						"0.625": [-23, -24.1, 0]
					}
				}
			},
			"sound_effects": {
				"0.25": {
					"effect": "stellatsweaponries_sv-4_strela_lever_down"
				},
				"0.5": {
					"effect": "stellatsweaponries_sv-4_strela_lever_up"
				}
			}
		},
		"animation.model.inspect": {
			"animation_length": 4.2667,
			"bones": {
				"main": {
					"rotation": {
						"0.0": [0, 0, 0],
						"0.1667": [-8.41746, -13.59608, -21.21259],
						"0.3": [-8.39812, -20.10111, -31.77688],
						"0.4667": [-9.55676, -20.88889, -28.55629],
						"0.6": [-8.77652, -21.21647, -30.72851],
						"0.8333": [-9.4227, -20.94881, -28.93303],
						"1.0667": [-5.39184, -20.53623, -40.04478],
						"1.2": [-4.564, -20.73064, -42.44007],
						"1.4": [-4.58308, -20.97575, -42.38574],
						"1.5333": [-4.01131, -21.08802, -43.97908],
						"1.6667": [-4.38767, -21.01662, -42.9316],
						"1.7667": [-4.18847, -21.05622, -43.48691],
						"2.1": [-11.21444, 7.2522, 40.71102],
						"2.2333": [-11.22513, 6.70082, 44.44554],
						"2.3667": [-11.70981, 6.76025, 43.88558],
						"2.5": [-11.93602, 7.93904, 47.09373],
						"2.6333": [-11.60896, 8.65082, 49.63442],
						"2.8": [-11.71675, 8.42491, 48.82194],
						"2.9667": [-11.56389, 8.74019, 49.95973],
						"3.1667": [-11.61778, 8.63186, 49.56659],
						"3.4333": [-11.9801, 7.83689, 46.73342],
						"3.6667": [-4.86998, 2.42135, 15.56191],
						"3.8": [0, -1.75, -2.75],
						"3.9667": [0, 0, 0]
					},
					"position": {
						"0.0": [0, 0, 0],
						"0.3": [-17.475, -6.525, -11.7],
						"0.4333": [-17.195, -7, -10.7],
						"0.6": [-17.03, -7.275, -10.7],
						"0.7667": [-17, -6.875, -10.7],
						"0.9667": [-16.875, -6.6, -11.275],
						"1.2667": [-17.02, -6.525, -11],
						"1.4667": [-16.89, -6.575, -11.175],
						"1.7333": [-16.725, -6.75, -10.975],
						"1.8667": [-16.13, -7.41, -11.65],
						"2.1": [-4.455, -8.675, -11.15],
						"2.2667": [-3.585, -8.605, -8.545],
						"2.4": [-3.475, -8.545, -7.17],
						"2.5333": [-3.51, -8.57, -7.85],
						"2.7": [-3.545, -8.5, -7.24],
						"2.9": [-3.47, -8.5, -7.27],
						"3.1333": [-3.51, -8.59, -7.3],
						"3.3667": [-3.455, -8.675, -7.325],
						"3.7": [-2.995, -6.99, -4.41],
						"3.9": [0, 0, 0]
					}
				},
				"rightarm": {
					"rotation": {
						"0.0": [0, 0, 0],
						"0.1667": [0, 0, 0]
					},
					"position": {
						"0.0": [0, 0, 0],
						"0.1667": [0, 0, 0]
					}
				},
				"leftarm": {
					"rotation": {
						"0.0": [0, 0, 0],
						"0.1667": [94.34183, 65.03608, 48.49136],
						"3.3333": [94.34183, 65.03608, 48.49136],
						"3.8333": [0, 0, 0]
					},
					"position": {
						"0.0": [0, 0, 0],
						"0.1667": [6.23986, -46.20851, 24.64864],
						"3.3333": [6.23986, -46.20851, 24.64864],
						"3.8333": [0, 0, 0]
					},
					"scale": {
						"0.1667": [1, 1, 1],
						"0.3667": [0, 0, 0],
						"2.0333": [0, 0, 0],
						"2.2333": [1, 1, 1]
					}
				},
				"_camera_": {
					"rotation": {
						"0.0": [0, 0, 0],
						"0.1667": [0.1, 0.05, 0.13],
						"0.2667": [0.49127, 2.50217, 0.20438],
						"0.5": [3.58, 9.14, 0.3],
						"0.9": [11.09, 24.89, 0.49],
						"1.0333": [13.12217, 29.00071, 0.54014],
						"1.2667": [14.09, 30.85, 0.55],
						"1.4667": [13.59, 29.94, 0.53],
						"1.5667": [13.22, 28.51, 0.52],
						"1.8667": [11.47, 25.74, 0.45],
						"2.1333": [4.92, 10.38, 0.39],
						"2.6667": [1.25, 1.49, 0.21],
						"2.9333": [0.43, 0.94, 0.09],
						"3.8333": [0, 0, 0]
					}
				}
			},
			"sound_effects": {
				"0.0": {
					"effect": "inspect_up"
				},
				"0.0333": {
					"effect": "stellatsweaponries_movement2"
				},
				"0.8667": {
					"effect": "inspect_foley"
				},
				"0.9": {
					"effect": "stellatsweaponries_movement1"
				},
				"1.4333": {
					"effect": "inspect_turn"
				},
				"1.8667": {
					"effect": "stellatsweaponries_movement3"
				},
				"3.4333": {
					"effect": "inspect_down"
				},
				"3.4667": {
					"effect": "stellatsweaponries_movement1"
				}
			}
		},
		"animation.model.prepare": {
			"animation_length": 1,
			"bones": {
				"main": {
					"rotation": {
						"0.0": [0, 0, 0],
						"0.5833": [0, 0, 0],
						"0.8333": [0, -10, -20]
					},
					"position": {
						"0.0": [0, 0, 0],
						"0.0833": [0, 0, 0],
						"0.1667": [0, 0, -2],
						"0.25": [0, 0, -6],
						"0.4167": [0.4, 0, -7.83],
						"0.5417": [1, 0, -6.67],
						"0.6667": [1.9, 0, -6],
						"0.75": [2, -1, -6],
						"0.8333": [2, -2, -6]
					}
				},
				"rightarm": {
					"rotation": {
						"0.0": [0, 0, 0],
						"0.0833": [12.89574, 0.25464, -2.04485],
						"0.2083": [-8.70824, 0.3134, 6.1662],
						"0.3333": [-52.51, 0.29, 3.43],
						"0.625": [-8.70824, 0.3134, 6.1662],
						"0.7083": [-8.71, 0.31, 6.17],
						"0.75": [-9.71, 0.31, 5.17],
						"0.8333": [-8.71, 0.31, 6.17]
					},
					"position": {
						"0.0": [0, 0, 0],
						"0.0833": [-3.42958, 2.00772, 3.07509],
						"0.125": [-3.38345, 1.05742, -0.32751],
						"0.2083": [-3.42958, -0.8752, -2.72522],
						"0.3333": [-2.65083, -4.45763, -2.18853],
						"0.625": [-3.42958, -0.8752, -2.72522],
						"0.7083": [0, 0, 7],
						"0.75": [0, 0, 8],
						"0.8333": [0, 0, 7]
					},
					"scale": {
						"0.0": [1, 1, 1],
						"0.0833": [1, 1.3, 1],
						"0.625": [1, 1.3, 1],
						"0.7083": [1, 1, 1]
					}
				},
				"leftarm": {
					"rotation": {
						"0.0": [0, 0, 0],
						"0.0833": [1.29969, -14.94726, -0.31747],
						"0.2917": [10.06, -14.87, -2.88],
						"0.8333": [10.06, -14.87, -2.88]
					},
					"position": {
						"0.0": [0, 0, 0],
						"0.0833": [0, 1, 0],
						"0.2917": [8.5, -15.13, 34.55],
						"0.8333": [9.94371, -16.72401, 39.06385]
					}
				},
				"gun": {
					"rotation": {
						"0.0": [0, 0, 0],
						"0.0833": [-7.5, 0, 0],
						"0.2083": [-29.17, 0, 0],
						"0.3333": [-121.5, 0, 0],
						"0.4583": [-221.5, 0, 0],
						"0.5833": [-328.6, 0, 0],
						"0.6667": [-360, 0, 0],
						"0.7083": [-380, 0, 0],
						"0.75": [-20, 0, 0]
					},
					"position": {
						"0.0": [0, 0, 0],
						"0.0833": [0, 2, -4],
						"0.125": [0, 3.2, -8.33],
						"0.1667": [0, 4, -10],
						"0.2083": [0, 1.59, -11],
						"0.25": [0, -0.83, -14],
						"0.2917": [0, -0.91, -18.5],
						"0.3333": [0, 0, -24],
						"0.4167": [0, 7.07, -40],
						"0.4583": [0, 18.33, -44],
						"0.5": [0, 26.75, -41.5],
						"0.5417": [0, 32.17, -29],
						"0.625": [0, 14, -15],
						"0.6667": [0, 6, -13],
						"0.7083": [0, -5, 5],
						"0.75": [0, -5, 5],
						"0.8333": [0, -5, 5]
					}
				},
				"lever": {
					"rotation": {
						"0.0": [0, 0, 0],
						"0.0833": [-22.5, 0, 0],
						"0.5417": [-22.5, 0, 0],
						"0.625": [0, 0, 0]
					}
				}
			},
			"sound_effects": {
				"0.0": {
					"effect": "stellatsweaponries_sv-4_strela_lever_down"
				},
				"0.4167": {
					"effect": "stellatsweaponries_sv-4_strela_lever_up"
				},
				"0.75": {
					"effect": "inspect_foley"
				}
			}
		},
		"animation.model.iterativeload": {
			"animation_length": 0.5833,
			"bones": {
				"main": {
					"rotation": {
						"0.0": [0, -10, -20],
						"0.2083": [0, -10, -20],
						"0.2917": [-1, -10, -20],
						"0.4167": [0, -10, -20]
					},
					"position": {
						"0.0": [2, -2, -6],
						"0.2083": [2, -2, -4],
						"0.2917": [2, -2, -7],
						"0.5417": [2, -2, -6]
					}
				},
				"rightarm": {
					"rotation": [-8.71, 0.31, 6.17],
					"position": [0, 0, 7]
				},
				"leftarm": {
					"rotation": {
						"0.0": [10.06, -14.87, -2.88],
						"0.1667": [6.96353, -39.409, -2.37485],
						"0.2083": [8.65811, -39.69163, -2.89251],
						"0.2917": [9.50804, -38.07688, -3.46851],
						"0.375": [11.1084, -37.85656, -4.06828],
						"0.4167": [9.50804, -38.07688, -3.46851],
						"0.5417": [10.06, -14.87, -2.88]
					},
					"position": {
						"0.0": [9.94371, -16.72401, 39.06385],
						"0.1667": [5.04012, -10.45649, 24.13377],
						"0.25": [2.81706, -8.64698, 21.24072],
						"0.3333": [1.85176, -7.75159, 19.8443],
						"0.4167": [1.95176, -8.62659, 22.01925],
						"0.4583": [1.85176, -10.15159, 23.4443],
						"0.5417": [8.5, -15.13, 34.55]
					},
					"scale": {
						"0.0": [1, 1.2, 1],
						"0.4583": [1, 1.2, 1],
						"0.5417": [1, 1, 1]
					}
				},
				"gun": {
					"rotation": [-20, 0, 0],
					"position": [0, -5, 5]
				},
				"ammo": {
					"rotation": {
						"0.0": [0, 10, 0],
						"0.1667": [0.07244, 14.69776, 1.72657],
						"0.2083": [0.07, 14.7, 1.73],
						"0.2917": [0.07, 14.7, 1.73]
					},
					"position": {
						"0.0": [9.20073, -11.22338, 27.15575],
						"0.1667": [3, 0.4, 14],
						"0.2083": [1.77949, 0.43564, 13.28649],
						"0.2917": [-0.75679, 0.5044, 3.61733]
					}
				}
			},
			"sound_effects": {
				"0.25": {
					"effect": "bulletinsert"
				}
			}
		},
		"animation.model.finish": {
			"loop": "hold_on_last_frame",
			"animation_length": 1,
			"bones": {
				"main": {
					"rotation": {
						"0.0": [0, -10, -20],
						"0.7917": [0, 0, 0],
						"1.0": [0, 0, 0]
					},
					"position": {
						"0.0": [2, -2, -6],
						"0.1667": [0, 0, -6],
						"0.25": [0, 0, -6],
						"0.3333": [0, 0, -6.2],
						"0.4167": [0, 0, -6.6],
						"0.5833": [0.4, 0, -7.83],
						"0.7083": [1, 0, -5.67],
						"0.8333": [2.9, 0, 0],
						"1.0": [0, 0, 0]
					}
				},
				"rightarm": {
					"rotation": {
						"0.0": [-8.71, 0.31, 6.17],
						"0.1667": [0, 0, 0],
						"0.25": [12.89574, 0.25464, -2.04485],
						"0.375": [-8.70824, 0.3134, 6.1662],
						"0.5": [-52.51, 0.29, 3.43],
						"0.7917": [-8.70824, 0.3134, 6.1662],
						"0.875": [-8.71, 0.31, 6.17],
						"1.0": [0, 0, 0]
					},
					"position": {
						"0.0": [0, 0, 7],
						"0.1667": [0, 0, 0],
						"0.25": [-3.42958, 2.00772, 3.07509],
						"0.2917": [-3.38345, 1.05742, -0.32751],
						"0.375": [-3.42958, -0.8752, -2.72522],
						"0.5": [-2.65083, -4.45763, -2.18853],
						"0.7917": [-3.42958, -0.8752, -2.72522],
						"0.875": [0, 0, 7],
						"1.0": [0, 0, 0]
					},
					"scale": {
						"0.1667": [1, 1, 1],
						"0.25": [1, 1.3, 1],
						"0.7917": [1, 1.3, 1],
						"0.875": [1, 1, 1],
						"1.0": [1, 1, 1]
					}
				},
				"leftarm": {
					"rotation": {
						"0.0": [10.06, -14.87, -2.88],
						"0.8333": [10.06, -14.87, -2.88],
						"1.0": [0, 0, 0]
					},
					"position": {
						"0.0": [9.94371, -16.72401, 39.06385],
						"0.8333": [8.5, -15.13, 34.55],
						"1.0": [0, 0, 0]
					},
					"scale": [1, 1.2, 1]
				},
				"gun": {
					"rotation": {
						"0.0": [-20, 0, 0],
						"0.1667": [0, 0, 0],
						"0.25": [-7.5, 0, 0],
						"0.375": [-29.17, 0, 0],
						"0.5": [-121.5, 0, 0],
						"0.625": [-221.5, 0, 0],
						"0.75": [-328.6, 0, 0],
						"0.8333": [-20, 0, 0],
						"1.0": [0, 0, 0]
					},
					"position": {
						"0.0": [0, -5, 5],
						"0.1667": [0, 0, 0],
						"0.25": [0, 2, -4],
						"0.2917": [0, 3.2, -8.33],
						"0.3333": [0, 4, -10],
						"0.375": [0, 1.59, -11],
						"0.4167": [0, -0.83, -14],
						"0.4583": [0, -0.91, -18.5],
						"0.5": [0, 0, -24],
						"0.5833": [0, 7.07, -40],
						"0.625": [0, 18.33, -44],
						"0.6667": [0, 26.75, -41.5],
						"0.7083": [0, 32.17, -29],
						"0.7917": [0, 14, -15],
						"0.8333": [0, 6, -13],
						"0.875": [0, -5, 5],
						"1.0": [0, 0, 0]
					}
				},
				"lever": {
					"rotation": {
						"0.1667": [0, 0, 0],
						"0.25": [-22.5, 0, 0],
						"0.7083": [-22.5, 0, 0],
						"0.7917": [0, 0, 0],
						"1.0": [0, 0, 0]
					}
				}
			},
			"sound_effects": {
				"0.0417": {
					"effect": "inspect_foley"
				},
				"0.25": {
					"effect": "stellatsweaponries_sv-4_strela_lever_down"
				},
				"0.6667": {
					"effect": "stellatsweaponries_sv-4_strela_lever_up"
				},
				"0.875": {
					"effect": "inspect_foley"
				}
			}
		}
	},
	"geckolib_format_version": 2
}