{
	"format_version": "1.8.0",
	"animations": {
		"animation.model.draw": {
			"animation_length": 0.8333,
			"bones": {
				"main": {
					"rotation": {
						"0.0": {
							"post": [39.59413, -54.38778, -8.29667],
							"lerp_mode": "catmullrom"
						},
						"0.25": {
							"post": [40.91, -36.06, -2.16],
							"lerp_mode": "catmullrom"
						},
						"0.4167": {
							"post": [10.21, -3.73, -1.44],
							"lerp_mode": "catmullrom"
						},
						"0.5833": {
							"post": [0.32389, -0.60235, -2.1558],
							"lerp_mode": "catmullrom"
						},
						"0.6667": {
							"post": [0.205, -0.26, -1.77],
							"lerp_mode": "catmullrom"
						},
						"0.7917": {
							"post": [0, 0, 0],
							"lerp_mode": "catmullrom"
						}
					},
					"position": {
						"0.0": {
							"post": [0, -17.3, 0],
							"lerp_mode": "catmullrom"
						},
						"0.1667": {
							"post": [-0.22, -10.07, -1.07],
							"lerp_mode": "catmullrom"
						},
						"0.3333": {
							"post": [-0.4, -2.525, -1.625],
							"lerp_mode": "catmullrom"
						},
						"0.5": {
							"post": [-0.05, 0, -1.49],
							"lerp_mode": "catmullrom"
						},
						"0.625": {
							"post": [0, -0.02, -0.4],
							"lerp_mode": "catmullrom"
						},
						"0.75": {
							"post": [0, 0.3, -0.7],
							"lerp_mode": "catmullrom"
						},
						"0.8333": {
							"post": [0, 0, 0],
							"lerp_mode": "catmullrom"
						}
					}
				},
				"holostick": {
					"rotation": {
						"0.6667": [17.5, 0, 0],
						"0.7917": [4.37, 0, 0],
						"0.8333": [0, 0, 0]
					}
				},
				"stock": {
					"position": {
						"0.125": [0, 0, -10],
						"0.25": [0, 0, -2.5],
						"0.3333": [0, 0, 0]
					}
				},
				"leftarm": {
					"rotation": {
						"0.0": [0, 0, 0],
						"0.1667": [1, 0, -22],
						"0.4167": {
							"pre": [0, 0, 0],
							"post": [0, 0, 0],
							"lerp_mode": "catmullrom"
						}
					},
					"position": {
						"0.0": [0, 0, 0],
						"0.1667": [3.53901, 3.6754, 5.59783],
						"0.4167": {
							"pre": [0, 0, 0],
							"post": [0, 0, 0],
							"lerp_mode": "catmullrom"
						}
					}
				},
				"rightarm": {
					"rotation": {
						"0.125": [-20, 0, 0],
						"0.375": {
							"pre": [-20, 0, 0],
							"post": [-20, 0, 0],
							"lerp_mode": "catmullrom"
						},
						"0.4583": {
							"post": [-0.48, 0, 0],
							"lerp_mode": "catmullrom"
						},
						"0.5417": [-3, 0, 0],
						"0.625": {
							"pre": [0, 0, 0],
							"post": [0, 0, 0],
							"lerp_mode": "catmullrom"
						}
					},
					"position": {
						"0.125": [-3, -1, 9],
						"0.375": {
							"pre": [-3, -1, 19],
							"post": [-3, -1, 19],
							"lerp_mode": "catmullrom"
						},
						"0.4583": {
							"post": [-1.99, -3.34, 13.62],
							"lerp_mode": "catmullrom"
						},
						"0.5417": [-1.2, -3.4, 7.6],
						"0.625": {
							"pre": [0, 0, 0],
							"post": [0, 0, 0],
							"lerp_mode": "catmullrom"
						}
					}
				},
				"_camera_": {
					"rotation": {
						"0.0": [0, 0, 0],
						"0.125": [4.80315, -2.89688, -2.62846],
						"0.25": [3.24924, -0.00333, 0.0435],
						"0.375": [1.44082, -0.01767, 2.01624],
						"0.5": [0, 0, 0]
					}
				}
			},
			"sound_effects": {
				"0.0": {
					"effect": "stellatsweaponries_vz-x_draw"
				},
				"0.125": {
					"effect": "stellatsweaponries_vz-x_stock_pull"
				}
			}
		},
		"animation.model.fire": {
			"loop": true,
			"animation_length": 0.0417,
			"bones": {
				"main": {
					"position": {
						"0.0": {
							"post": [0, 0, 0.08],
							"lerp_mode": "catmullrom"
						},
						"0.0417": {
							"post": [0, 0, 0],
							"lerp_mode": "catmullrom"
						}
					}
				},
				"bolt": {
					"position": {
						"0.0": {
							"post": [0, 0, 5],
							"lerp_mode": "catmullrom"
						},
						"0.0417": {
							"post": [0, 0, 0],
							"lerp_mode": "catmullrom"
						}
					}
				},
				"_camera_": {
					"rotation": {
						"0.0": [-0.005, 0, 0],
						"0.0417": [0, 0, 0]
					},
					"position": {
						"0.0": [0, 0, -0.0125],
						"0.0417": [0, 0, 0]
					}
				}
			}
		},
		"animation.model.reload": {
			"animation_length": 1.875,
			"bones": {
				"main": {
					"rotation": {
						"0.0": {
							"post": [0, 0, 0],
							"lerp_mode": "catmullrom"
						},
						"0.125": {
							"post": [-4.93798, -3.40132, -20.28281],
							"lerp_mode": "catmullrom"
						},
						"0.2083": {
							"post": [-4.60677, -3.83841, -25.52506],
							"lerp_mode": "catmullrom"
						},
						"0.3333": {
							"post": [-6.16721, 1.67288, 10.11584],
							"lerp_mode": "catmullrom"
						},
						"0.4583": {
							"post": [-6.69891, 1.91165, 16.8724],
							"lerp_mode": "catmullrom"
						},
						"0.5833": {
							"post": [-5.88933, -0.15793, 14.10058],
							"lerp_mode": "catmullrom"
						},
						"0.625": {
							"post": [-7.0755, -2.26217, 7.038],
							"lerp_mode": "catmullrom"
						},
						"0.9167": {
							"post": [-11.9701, -15.74986, -20.49393],
							"lerp_mode": "catmullrom"
						},
						"1.0417": {
							"post": [-9.70546, -17.77267, -35.27885],
							"lerp_mode": "catmullrom"
						},
						"1.0833": {
							"post": [-10.69719, -16.9879, -29.12393],
							"lerp_mode": "catmullrom"
						},
						"1.2083": {
							"post": [-10.37202, -17.2823, -31.25346],
							"lerp_mode": "catmullrom"
						},
						"1.2917": {
							"post": [-9.08017, -18.14753, -36.06384],
							"lerp_mode": "catmullrom"
						},
						"1.3333": {
							"post": [-8.09827, -18.77511, -40.36388],
							"lerp_mode": "catmullrom"
						},
						"1.4167": {
							"post": [-8.95975, -17.27358, -35.1553],
							"lerp_mode": "catmullrom"
						},
						"1.4583": {
							"post": [-7.96227, -15.03709, -37.17391],
							"lerp_mode": "catmullrom"
						},
						"1.5417": {
							"post": [-8.15176, -11.94491, -29.90474],
							"lerp_mode": "catmullrom"
						},
						"1.7083": {
							"post": [0, -0.75, -5.25],
							"lerp_mode": "catmullrom"
						},
						"1.7917": {
							"post": [0, 0, 2.38],
							"lerp_mode": "catmullrom"
						},
						"1.875": {
							"post": [0, 0, 0],
							"lerp_mode": "catmullrom"
						}
					},
					"position": {
						"0.0": {
							"post": [0, 0, 0],
							"lerp_mode": "catmullrom"
						},
						"0.0833": {
							"post": [-0.575, 0, 0],
							"lerp_mode": "catmullrom"
						},
						"0.2083": {
							"post": [-0.38, 0.875, 0.35],
							"lerp_mode": "catmullrom"
						},
						"0.3333": {
							"post": [-2.705, 0.5, -0.675],
							"lerp_mode": "catmullrom"
						},
						"0.4583": {
							"post": [-3.2, -1.62, -1.475],
							"lerp_mode": "catmullrom"
						},
						"0.625": {
							"post": [-0.705, -1.9, -1.575],
							"lerp_mode": "catmullrom"
						},
						"0.875": {
							"post": [-0.55, 0.73, -3.6],
							"lerp_mode": "catmullrom"
						},
						"1.0": {
							"post": [-0.7, 1.25, -1.85],
							"lerp_mode": "catmullrom"
						},
						"1.125": {
							"post": [-1.025, 1.725, -1.3],
							"lerp_mode": "catmullrom"
						},
						"1.2917": {
							"post": [-1.075, 1.975, -1.3],
							"lerp_mode": "catmullrom"
						},
						"1.3333": {
							"post": [-1.625, 2.575, -0.775],
							"lerp_mode": "catmullrom"
						},
						"1.4167": {
							"post": [-1.25, 1.975, -0.775],
							"lerp_mode": "catmullrom"
						},
						"1.5": {
							"post": [-0.89, -1.55, -2.665],
							"lerp_mode": "catmullrom"
						},
						"1.5833": {
							"post": [-0.6, -3.15, -5.4],
							"lerp_mode": "catmullrom"
						},
						"1.625": {
							"post": [-0.31, -1.78, -4.445],
							"lerp_mode": "catmullrom"
						},
						"1.7083": {
							"post": [-0.02, -0.26, -1.805],
							"lerp_mode": "catmullrom"
						},
						"1.75": {
							"post": [-0.01, -0.08, 1.2],
							"lerp_mode": "catmullrom"
						},
						"1.8333": {
							"post": [0, 0, 0],
							"lerp_mode": "catmullrom"
						}
					}
				},
				"magazine": {
					"rotation": {
						"0.0": {
							"post": [0, 0, 0],
							"lerp_mode": "catmullrom"
						},
						"0.125": {
							"post": [0, 0, 0],
							"lerp_mode": "catmullrom"
						},
						"0.5833": {
							"post": [0, 0, 0],
							"lerp_mode": "catmullrom"
						},
						"0.7917": {
							"post": [-8.54117, -1.81479, 2.48689],
							"lerp_mode": "catmullrom"
						},
						"0.8333": {
							"post": [-8.49004, -0.39281, 0.37768],
							"lerp_mode": "catmullrom"
						},
						"0.9583": {
							"post": [0.10142, 1.24766, 2.00259],
							"lerp_mode": "catmullrom"
						},
						"1.125": {
							"post": [0, 0, -0.75],
							"lerp_mode": "catmullrom"
						},
						"1.1667": {
							"post": [0, 0, 0],
							"lerp_mode": "catmullrom"
						}
					},
					"position": {
						"0.0": {
							"post": [0, 0, 0],
							"lerp_mode": "catmullrom"
						},
						"0.125": {
							"post": [0, 0, 0],
							"lerp_mode": "catmullrom"
						},
						"0.25": {
							"post": [0, -23, 10],
							"lerp_mode": "catmullrom"
						},
						"0.5833": {
							"post": [0, -23, 0],
							"lerp_mode": "catmullrom"
						},
						"0.7917": {
							"post": [0.725, -15.375, 4.1],
							"lerp_mode": "catmullrom"
						},
						"0.8333": {
							"post": [0.43, -14.265, 5.01],
							"lerp_mode": "catmullrom"
						},
						"0.9583": {
							"post": [-0.645, -7.1, 3],
							"lerp_mode": "catmullrom"
						},
						"1.125": {
							"post": [0, -5.15, 2],
							"lerp_mode": "catmullrom"
						},
						"1.1667": {
							"post": [0, 0, 0],
							"lerp_mode": "catmullrom"
						}
					}
				},
				"leftarm": {
					"rotation": {
						"0.0": {
							"post": [0, 0, 0],
							"lerp_mode": "catmullrom"
						},
						"0.125": {
							"post": [43.07804, 15.85303, 7.64839],
							"lerp_mode": "catmullrom"
						},
						"0.8333": {
							"post": [9.84584, 4.15599, 15.03241],
							"lerp_mode": "catmullrom"
						},
						"0.9167": {
							"post": [9.77665, 5.80251, 14.43551],
							"lerp_mode": "catmullrom"
						},
						"0.9583": {
							"post": [6.77665, 5.80251, 14.43551],
							"lerp_mode": "catmullrom"
						},
						"1.125": {
							"post": [6.85598, 4.18921, 15.11822],
							"lerp_mode": "catmullrom"
						},
						"1.2083": {
							"post": [0.91192, 3.09309, 15.72168],
							"lerp_mode": "catmullrom"
						},
						"1.375": {
							"post": [0.91192, 3.09309, 15.72168],
							"lerp_mode": "catmullrom"
						},
						"1.5": {
							"post": [-3.00825, -1.87831, 5.87206],
							"lerp_mode": "catmullrom"
						},
						"1.6667": {
							"post": [0, 0, 0],
							"lerp_mode": "catmullrom"
						}
					},
					"position": {
						"0.0": {
							"post": [0, 0, 0],
							"lerp_mode": "catmullrom"
						},
						"0.125": {
							"post": [-0.58, -9.97, 13.38],
							"lerp_mode": "catmullrom"
						},
						"0.7083": {
							"post": [-6.055, -20.32, 16.98],
							"lerp_mode": "catmullrom"
						},
						"0.7917": {
							"post": [-3.565, -17.66, 15.48],
							"lerp_mode": "catmullrom"
						},
						"0.8333": {
							"post": [-3.86, -17.395, 14.98],
							"lerp_mode": "catmullrom"
						},
						"0.9167": {
							"post": [-3.78, -16.42, 14.23],
							"lerp_mode": "catmullrom"
						},
						"0.9583": {
							"post": [-3.805, -17.595, 14.755],
							"lerp_mode": "catmullrom"
						},
						"1.125": {
							"post": [-3.9, -16.075, 14.76],
							"lerp_mode": "catmullrom"
						},
						"1.2083": {
							"post": [-3.9, -13.175, 14.76],
							"lerp_mode": "catmullrom"
						},
						"1.375": {
							"post": [-3.9, -13.175, 14.76],
							"lerp_mode": "catmullrom"
						},
						"1.5": {
							"post": [3.98, -15.045, 8.2],
							"lerp_mode": "catmullrom"
						},
						"1.6667": {
							"post": [0, 0, 0],
							"lerp_mode": "catmullrom"
						}
					}
				},
				"_camera_": {
					"rotation": {
						"0.0": [0, 0, 0],
						"0.1667": [1.02619, 1.99983, 0.75046],
						"0.2917": [2.22191, 2.5485, -0.47992],
						"0.5": [2.22081, 1.79906, -0.50901],
						"0.8333": [5.23835, 0.66475, 0.91562],
						"1.125": [4.72927, 0.72665, 0.16813],
						"1.4583": [5.22885, -0.02023, 0.09977],
						"1.6667": [0, 0, 0]
					},
					"position": [0, 0, 0]
				}
			},
			"sound_effects": {
				"0.0": {
					"effect": "stellatsweaponries_movement2"
				},
				"0.0417": {
					"effect": "stellatsweaponries_mag_pick"
				},
				"0.2083": {
					"effect": "stellatsweaponries_vz-x_magout"
				},
				"0.4167": {
					"effect": "stellatsweaponries_movement3"
				},
				"0.9583": {
					"effect": "stellatsweaponries_vz-x_magin"
				},
				"1.5": {
					"effect": "stellatsweaponries_movement1"
				}
			}
		},
		"animation.model.reloadempty": {
			"animation_length": 2.375,
			"bones": {
				"main": {
					"rotation": {
						"0.0": {
							"post": [0, 0, 0],
							"lerp_mode": "catmullrom"
						},
						"0.2083": {
							"post": [-12.95743, -0.41226, 32.88659],
							"lerp_mode": "catmullrom"
						},
						"0.4583": {
							"post": [-11.89, 0.17, 28.33],
							"lerp_mode": "catmullrom"
						},
						"0.5833": {
							"post": [-6.16721, 1.67288, 10.11584],
							"lerp_mode": "catmullrom"
						},
						"0.7083": {
							"post": [-6.69891, 1.91165, 16.8724],
							"lerp_mode": "catmullrom"
						},
						"0.8333": {
							"post": [-5.88933, -0.15793, 14.10058],
							"lerp_mode": "catmullrom"
						},
						"0.875": {
							"post": [-7.0755, -2.26217, 7.038],
							"lerp_mode": "catmullrom"
						},
						"1.0833": {
							"post": [-14.9701, -4.74986, -32.49393],
							"lerp_mode": "catmullrom"
						},
						"1.2083": {
							"post": [-12.70546, -6.77267, -47.27885],
							"lerp_mode": "catmullrom"
						},
						"1.25": {
							"post": [-13.69719, -5.9879, -41.12393],
							"lerp_mode": "catmullrom"
						},
						"1.375": {
							"post": [-13.37202, -6.2823, -43.25346],
							"lerp_mode": "catmullrom"
						},
						"1.4583": {
							"post": [-12.08017, -7.14753, -48.06384],
							"lerp_mode": "catmullrom"
						},
						"1.5": {
							"post": [-11.09827, -7.77511, -52.36388],
							"lerp_mode": "catmullrom"
						},
						"1.5833": {
							"post": [-11.95975, -6.27358, -47.1553],
							"lerp_mode": "catmullrom"
						},
						"1.625": {
							"post": [-10.96227, -4.03709, -49.17391],
							"lerp_mode": "catmullrom"
						},
						"1.7917": {
							"post": [-14.54364, -6.51521, -14.86981],
							"lerp_mode": "catmullrom"
						},
						"1.8333": {
							"post": [-13.01, -6.25, -12.9],
							"lerp_mode": "catmullrom"
						},
						"1.875": {
							"post": [-4.53, -5.84, -12.3],
							"lerp_mode": "catmullrom"
						},
						"1.9167": {
							"post": [-6.57, -6.02, -12.51],
							"lerp_mode": "catmullrom"
						},
						"2.0417": {
							"post": [-11.35, -3.72, -10.7],
							"lerp_mode": "catmullrom"
						},
						"2.2083": {
							"post": [-2.4, -0.75, -5.25],
							"lerp_mode": "catmullrom"
						},
						"2.2917": {
							"post": [2, 0, 2.38],
							"lerp_mode": "catmullrom"
						},
						"2.375": {
							"post": [0, 0, 0],
							"lerp_mode": "catmullrom"
						}
					},
					"position": {
						"0.0": {
							"post": [0, 0, 0],
							"lerp_mode": "catmullrom"
						},
						"0.25": {
							"post": [-0.575, 0, 0],
							"lerp_mode": "catmullrom"
						},
						"0.375": {
							"post": [-0.38, 0.875, 0.35],
							"lerp_mode": "catmullrom"
						},
						"0.5833": {
							"post": [-2.705, 0.5, -0.675],
							"lerp_mode": "catmullrom"
						},
						"0.7083": {
							"post": [-3.2, -1.62, -1.475],
							"lerp_mode": "catmullrom"
						},
						"0.9167": {
							"post": [-0.705, -1.9, -1.575],
							"lerp_mode": "catmullrom"
						},
						"1.0417": {
							"post": [2.45, 0.73, -6.6],
							"lerp_mode": "catmullrom"
						},
						"1.1667": {
							"post": [3.3, 1.25, -4.85],
							"lerp_mode": "catmullrom"
						},
						"1.2917": {
							"post": [3.975, 1.725, -4.3],
							"lerp_mode": "catmullrom"
						},
						"1.4583": {
							"post": [3.925, 1.975, -4.3],
							"lerp_mode": "catmullrom"
						},
						"1.5": {
							"post": [3.375, 2.575, -3.775],
							"lerp_mode": "catmullrom"
						},
						"1.5833": {
							"post": [2.75, 1.975, -3.775],
							"lerp_mode": "catmullrom"
						},
						"1.75": {
							"post": [1.44, 0.9, -3.05],
							"lerp_mode": "catmullrom"
						},
						"1.8333": {
							"post": [1.16, 0.68, -2.88],
							"lerp_mode": "catmullrom"
						},
						"1.875": {
							"post": [1.06, -1.4, -2.81],
							"lerp_mode": "catmullrom"
						},
						"2.0": {
							"post": [1.44, -0.1, -3.05],
							"lerp_mode": "catmullrom"
						},
						"2.2083": {
							"post": [-0.02, -0.26, -1.805],
							"lerp_mode": "catmullrom"
						},
						"2.25": {
							"post": [-0.01, -0.08, 1.2],
							"lerp_mode": "catmullrom"
						},
						"2.3333": {
							"post": [0, 0, 0],
							"lerp_mode": "catmullrom"
						}
					}
				},
				"magazine": {
					"rotation": {
						"0.0": {
							"post": [0, 0, 0],
							"lerp_mode": "catmullrom"
						},
						"0.25": {
							"post": [0, 0, 0],
							"lerp_mode": "catmullrom"
						},
						"0.5833": {
							"post": [0, 0, 0],
							"lerp_mode": "catmullrom"
						},
						"0.7917": {
							"post": [-8.54117, -1.81479, 2.48689],
							"lerp_mode": "catmullrom"
						},
						"0.8333": {
							"post": [-8.49004, -0.39281, 0.37768],
							"lerp_mode": "catmullrom"
						},
						"1.0": {
							"post": [0.10142, 1.24766, 2.00259],
							"lerp_mode": "catmullrom"
						},
						"1.1667": {
							"post": [0, 0, -0.75],
							"lerp_mode": "catmullrom"
						},
						"1.2083": {
							"post": [0, 0, 0],
							"lerp_mode": "catmullrom"
						}
					},
					"position": {
						"0.0": {
							"post": [0, 0, 0],
							"lerp_mode": "catmullrom"
						},
						"0.25": {
							"post": [0, 0, 0],
							"lerp_mode": "catmullrom"
						},
						"0.375": {
							"post": [0, -23, 10],
							"lerp_mode": "catmullrom"
						},
						"0.5833": {
							"post": [0, -23, 0],
							"lerp_mode": "catmullrom"
						},
						"0.7917": {
							"post": [0.725, -15.375, 4.1],
							"lerp_mode": "catmullrom"
						},
						"0.8333": {
							"post": [0.43, -14.265, 5.01],
							"lerp_mode": "catmullrom"
						},
						"1.0": {
							"post": [-0.645, -7.1, 3],
							"lerp_mode": "catmullrom"
						},
						"1.1667": {
							"post": [0, -5.15, 2],
							"lerp_mode": "catmullrom"
						},
						"1.2083": {
							"post": [0, 0, 0],
							"lerp_mode": "catmullrom"
						}
					}
				},
				"leftarm": {
					"rotation": {
						"0.0": {
							"post": [0, 0, 0],
							"lerp_mode": "catmullrom"
						},
						"0.5417": {
							"post": [0, 0, 0],
							"lerp_mode": "catmullrom"
						},
						"0.7083": {
							"post": [43.07804, 15.85303, 7.64839],
							"lerp_mode": "catmullrom"
						},
						"0.875": {
							"post": [9.84584, 4.15599, 15.03241],
							"lerp_mode": "catmullrom"
						},
						"1.0833": {
							"post": [9.77665, 5.80251, 14.43551],
							"lerp_mode": "catmullrom"
						},
						"1.125": {
							"post": [6.77665, 5.80251, 14.43551],
							"lerp_mode": "catmullrom"
						},
						"1.2917": {
							"post": [6.85598, 4.18921, 15.11822],
							"lerp_mode": "catmullrom"
						},
						"1.375": {
							"post": [0.91192, 3.09309, 15.72168],
							"lerp_mode": "catmullrom"
						},
						"1.5417": {
							"post": [0.91192, 3.09309, 15.72168],
							"lerp_mode": "catmullrom"
						},
						"1.7917": {
							"post": [-65.18705, -23.55913, -37.83087],
							"lerp_mode": "catmullrom"
						},
						"1.9167": {
							"post": [-11.54, -27, -59.32],
							"lerp_mode": "catmullrom"
						},
						"2.0": {
							"post": [4.81, -26.05, -57.69],
							"lerp_mode": "catmullrom"
						},
						"2.25": {
							"post": [1.15, -4.52, -10.02],
							"lerp_mode": "catmullrom"
						},
						"2.375": {
							"post": [0, 0, 0],
							"lerp_mode": "catmullrom"
						}
					},
					"position": {
						"0.0": {
							"post": [0, 0, 0],
							"lerp_mode": "catmullrom"
						},
						"0.5417": {
							"post": [0, 0, 0],
							"lerp_mode": "catmullrom"
						},
						"0.7083": {
							"post": [-0.58, -9.97, 13.38],
							"lerp_mode": "catmullrom"
						},
						"0.8333": {
							"post": [-6.055, -20.32, 10.98],
							"lerp_mode": "catmullrom"
						},
						"0.9167": {
							"post": [-3.565, -17.66, 9.48],
							"lerp_mode": "catmullrom"
						},
						"1.0": {
							"post": [-3.86, -17.395, 8.98],
							"lerp_mode": "catmullrom"
						},
						"1.0833": {
							"post": [-3.78, -16.42, 8.23],
							"lerp_mode": "catmullrom"
						},
						"1.125": {
							"post": [-3.805, -17.595, 8.755],
							"lerp_mode": "catmullrom"
						},
						"1.2917": {
							"post": [-3.9, -16.075, 8.76],
							"lerp_mode": "catmullrom"
						},
						"1.375": {
							"post": [-3.9, -13.175, 8.76],
							"lerp_mode": "catmullrom"
						},
						"1.5417": {
							"post": [-3.9, -13.175, 8.76],
							"lerp_mode": "catmullrom"
						},
						"1.7917": {
							"post": [-0.1, 2.02, 6.92],
							"lerp_mode": "catmullrom"
						},
						"1.9167": {
							"post": [2.19, 1.98, 6.56],
							"lerp_mode": "catmullrom"
						},
						"2.0": {
							"post": [3.45, -0.74, 5.84],
							"lerp_mode": "catmullrom"
						},
						"2.2083": {
							"post": [0.63, -0.18, 1],
							"lerp_mode": "catmullrom"
						},
						"2.375": {
							"post": [0, 0, 0],
							"lerp_mode": "catmullrom"
						}
					}
				},
				"bolt": {
					"position": {
						"0.2083": [0, 0, 0],
						"0.375": [0, 0, 5],
						"0.4167": [0, 0.4, 5],
						"1.7917": [0, 0.4, 5],
						"1.8333": [0, 0, 5],
						"1.9167": [0, 0, 1.67],
						"2.0": [0, 0, 0]
					}
				},
				"rightarm": {
					"rotation": {
						"0.0": {
							"post": [0, 0, 0],
							"lerp_mode": "catmullrom"
						},
						"0.0833": {
							"post": [-17.33, 19.78, 51.1],
							"lerp_mode": "catmullrom"
						},
						"0.2083": {
							"post": [-28.88192, 32.97247, 85.16895],
							"lerp_mode": "catmullrom"
						},
						"0.3333": {
							"post": [-28.88, 32.97, 85.17],
							"lerp_mode": "catmullrom"
						},
						"0.375": {
							"post": [-29.1034, 35.31192, 84.26698],
							"lerp_mode": "catmullrom"
						},
						"0.5": {
							"post": [0, 0, 0],
							"lerp_mode": "catmullrom"
						}
					},
					"position": {
						"0.0": {
							"post": [0, 0, 0],
							"lerp_mode": "catmullrom"
						},
						"0.0833": {
							"post": [-3.6, -1.2, -15.6],
							"lerp_mode": "catmullrom"
						},
						"0.2083": {
							"post": [-6, -2, -26],
							"lerp_mode": "catmullrom"
						},
						"0.3333": {
							"post": [-6, -2, -21],
							"lerp_mode": "catmullrom"
						},
						"0.375": {
							"post": [-6, -3, -21],
							"lerp_mode": "catmullrom"
						},
						"0.5": {
							"post": [0, 0, 0],
							"lerp_mode": "catmullrom"
						}
					}
				},
				"_camera_": {
					"rotation": {
						"0.0": [0, 0, 0],
						"0.1667": [1.02619, 1.99983, 0.75046],
						"0.2917": [2.22191, 2.5485, -0.47992],
						"0.5": [2.22081, 1.79906, -0.50901],
						"0.8333": [5.23835, 0.66475, 0.91562],
						"1.125": [4.72927, 0.72665, 0.16813],
						"1.4583": [5.22885, -0.02023, 0.09977],
						"1.8333": [2.91215, 1.27719, -0.63902],
						"2.2917": [0, 0, 0]
					},
					"position": [0, 0, 0]
				}
			},
			"sound_effects": {
				"0.0": {
					"effect": "stellatsweaponries_movement2"
				},
				"0.0417": {
					"effect": "stellatsweaponries_vz-x_boltback"
				},
				"0.375": {
					"effect": "stellatsweaponries_vz-x_magout"
				},
				"0.4167": {
					"effect": "stellatsweaponries_movement3"
				},
				"0.5417": {
					"effect": "stellatsweaponries_mag_pick"
				},
				"1.0417": {
					"effect": "stellatsweaponries_vz-x_magin"
				},
				"1.5": {
					"effect": "stellatsweaponries_movement1"
				},
				"1.625": {
					"effect": "stellatsweaponries_vz-x_boltslap"
				},
				"1.9583": {
					"effect": "stellatsweaponries_movement1"
				}
			}
		},
		"animation.model.inspect": {
			"animation_length": 4.7917,
			"bones": {
				"main": {
					"rotation": {
						"0.0": {
							"post": [0, 0, 0],
							"lerp_mode": "catmullrom"
						},
						"0.1667": {
							"post": [-8.41746, -13.59608, -21.21259],
							"lerp_mode": "catmullrom"
						},
						"0.2917": {
							"post": [-8.39812, -20.10111, -31.77688],
							"lerp_mode": "catmullrom"
						},
						"0.4167": {
							"post": [-9.55676, -20.88889, -28.55629],
							"lerp_mode": "catmullrom"
						},
						"0.5417": {
							"post": [-8.77652, -21.21647, -30.72851],
							"lerp_mode": "catmullrom"
						},
						"0.75": {
							"post": [-9.4227, -20.94881, -28.93303],
							"lerp_mode": "catmullrom"
						},
						"1.0": {
							"post": [-3.1216, -20.98207, -46.44405],
							"lerp_mode": "catmullrom"
						},
						"1.125": {
							"post": [-4.564, -20.73064, -42.44007],
							"lerp_mode": "catmullrom"
						},
						"1.25": {
							"post": [-4.86325, -20.9153, -41.60203],
							"lerp_mode": "catmullrom"
						},
						"1.3333": {
							"post": [-4.58308, -20.97575, -42.38574],
							"lerp_mode": "catmullrom"
						},
						"1.4583": {
							"post": [-4.01131, -21.08802, -43.97908],
							"lerp_mode": "catmullrom"
						},
						"1.5833": {
							"post": [-4.38767, -21.01662, -42.9316],
							"lerp_mode": "catmullrom"
						},
						"1.7083": {
							"post": [-4.18847, -21.05622, -43.48691],
							"lerp_mode": "catmullrom"
						},
						"2.0417": {
							"post": [-16.91438, 5.38499, 54.40399],
							"lerp_mode": "catmullrom"
						},
						"2.1667": {
							"post": [-15.22513, 6.37582, 61.32054],
							"lerp_mode": "catmullrom"
						},
						"2.2917": {
							"post": [-15.70981, 6.43525, 60.76058],
							"lerp_mode": "catmullrom"
						},
						"2.4167": {
							"post": [-15.93602, 7.61404, 59.54373],
							"lerp_mode": "catmullrom"
						},
						"2.5833": {
							"post": [-15.60896, 7.75082, 62.08442],
							"lerp_mode": "catmullrom"
						},
						"2.75": {
							"post": [-15.71675, 7.52491, 60.79694],
							"lerp_mode": "catmullrom"
						},
						"2.9167": {
							"post": [-15.56389, 7.84019, 60.65973],
							"lerp_mode": "catmullrom"
						},
						"3.0833": {
							"post": [-15.61778, 7.73186, 60.26659],
							"lerp_mode": "catmullrom"
						},
						"3.2917": {
							"post": [-15.70981, 6.98525, 59.58558],
							"lerp_mode": "catmullrom"
						},
						"3.4167": {
							"post": [-15.93602, 6.48904, 59.79373],
							"lerp_mode": "catmullrom"
						},
						"3.5833": {
							"post": [-15.60896, 7.20082, 61.33442],
							"lerp_mode": "catmullrom"
						},
						"3.75": {
							"post": [-15.71675, 6.97491, 60.52194],
							"lerp_mode": "catmullrom"
						},
						"3.9167": {
							"post": [-15.56389, 7.84019, 61.93473],
							"lerp_mode": "catmullrom"
						},
						"4.0833": {
							"post": [-15.63, 6.99, 62.735],
							"lerp_mode": "catmullrom"
						},
						"4.25": {
							"post": [-15.61778, 7.73186, 59.54159],
							"lerp_mode": "catmullrom"
						},
						"4.4167": {
							"post": [-15.9801, 6.93689, 62.33342],
							"lerp_mode": "catmullrom"
						},
						"4.5833": {
							"post": [-8.86998, 2.42135, 33.56191],
							"lerp_mode": "catmullrom"
						},
						"4.7083": {
							"post": [0, -1.75, -2.75],
							"lerp_mode": "catmullrom"
						},
						"4.8333": {
							"post": [0, 0, 0],
							"lerp_mode": "catmullrom"
						}
					},
					"position": {
						"0.0": [0, 0, 0],
						"0.3333": [-0.475, 1.475, -16.7],
						"0.4167": [-0.195, 1, -15.7],
						"0.5833": [-0.03, 0.725, -15.7],
						"0.75": [0, 1.125, -15.7],
						"0.9167": [0.125, 1.4, -16.275],
						"1.25": [-0.02, 1.475, -16],
						"1.4167": [0.11, 1.425, -16.175],
						"1.7083": [0.275, 1.25, -15.975],
						"1.8333": {
							"pre": [-2.13, -0.19, -16.65],
							"post": [-2.13, -0.19, -16.65],
							"lerp_mode": "catmullrom"
						},
						"2.0": {
							"post": [-4.545, 3, -19.15],
							"lerp_mode": "catmullrom"
						},
						"2.25": {
							"post": [-4.49, 5.42, -8.63],
							"lerp_mode": "catmullrom"
						},
						"2.4167": {
							"post": [-4.49, 6.095, -5.55],
							"lerp_mode": "catmullrom"
						},
						"2.625": {
							"post": [-4.255, 6.125, -4.24],
							"lerp_mode": "catmullrom"
						},
						"2.7917": {
							"post": [-5.03, 5.9, -3.77],
							"lerp_mode": "catmullrom"
						},
						"3.0417": {
							"post": [-4.49, 5.665, -3.3],
							"lerp_mode": "catmullrom"
						},
						"3.25": {
							"post": [-4.49, 6.02, -3.63],
							"lerp_mode": "catmullrom"
						},
						"3.4167": {
							"post": [-4.49, 6.42, -3.85],
							"lerp_mode": "catmullrom"
						},
						"3.625": {
							"post": [-4.255, 7.625, -4.24],
							"lerp_mode": "catmullrom"
						},
						"3.7917": {
							"post": [-5.03, 6.725, -4.27],
							"lerp_mode": "catmullrom"
						},
						"4.0": {
							"post": [-4.49, 6.82, -5.855],
							"lerp_mode": "catmullrom"
						},
						"4.2083": {
							"post": [-4.49, 6.64, -8.3],
							"lerp_mode": "catmullrom"
						},
						"4.4167": {
							"post": [-4.545, 6.575, -10.325],
							"lerp_mode": "catmullrom"
						},
						"4.5833": [-5.005, 0.89, -8.41],
						"4.7917": [0, 0, 0]
					}
				},
				"bolt": {
					"position": {
						"3.0417": [0, 0, 0],
						"3.2917": [0, 0, 5],
						"3.375": [0, 0, 0],
						"3.4583": [0, 0, 0],
						"3.5417": [0, 0, 5],
						"3.625": [0, 0, 0]
					}
				},
				"holostick": {
					"rotation": {
						"2.125": [0, 0, 0],
						"2.1667": [11.67, 0, 0],
						"2.25": [17.5, 0, 0],
						"4.2917": [17.5, 0, 0],
						"4.375": [7.7, 0, 0],
						"4.4167": [0, 0, 0]
					}
				},
				"stock": {
					"position": {
						"2.125": [0, 0, 0],
						"2.1667": [0, 0, -2.5],
						"2.25": [0, 0, -10],
						"4.2917": [0, 0, -10],
						"4.375": [0, 0, -2.5],
						"4.4167": [0, 0, 0]
					}
				},
				"leftarm": {
					"rotation": {
						"0.0": [0, 0, 0],
						"0.1667": [0, 0, -2.5],
						"1.7083": {
							"pre": [0, 0, -2.5],
							"post": [0, 0, -2.5],
							"lerp_mode": "catmullrom"
						},
						"2.0": {
							"post": [-10.98872, 7.44913, 3.37002],
							"lerp_mode": "catmullrom"
						},
						"4.4167": {
							"post": [-10.98872, 7.44913, 3.37002],
							"lerp_mode": "catmullrom"
						},
						"4.7083": [0, 0, 0]
					},
					"position": {
						"0.0": [0, 0, 0],
						"0.1667": [11.23986, -30.20851, 24.64864],
						"0.25": [11.56, -31.12, 29.38],
						"1.7083": {
							"pre": [11.23986, -30.20851, 34.64864],
							"post": [11.23986, -30.20851, 34.64864],
							"lerp_mode": "catmullrom"
						},
						"2.0": {
							"post": [-3.65, -7.75, -2.67],
							"lerp_mode": "catmullrom"
						},
						"4.4167": {
							"post": [-3.65, -7.75, -2.67],
							"lerp_mode": "catmullrom"
						},
						"4.7083": [0, 0, 0]
					}
				},
				"rightarm": {
					"rotation": {
						"0.25": {
							"pre": [0, 0, 0],
							"post": [0, 0, 0],
							"lerp_mode": "catmullrom"
						},
						"1.875": {
							"post": [0, 0, 0],
							"lerp_mode": "catmullrom"
						},
						"1.9583": {
							"post": [-3, 0, 0],
							"lerp_mode": "catmullrom"
						},
						"2.0417": {
							"post": [-0.48, 0, 0],
							"lerp_mode": "catmullrom"
						},
						"2.125": {
							"post": [-20, 0, 0],
							"lerp_mode": "catmullrom"
						},
						"2.25": {
							"post": [-20, 0, 0],
							"lerp_mode": "catmullrom"
						},
						"2.625": {
							"post": [-20, 0, 0],
							"lerp_mode": "catmullrom"
						},
						"2.8333": {
							"post": [-20, 0, 0],
							"lerp_mode": "catmullrom"
						},
						"3.0417": [-21.924, 17.23955, 8.63079],
						"3.2917": [-21.924, 17.23955, 8.63079],
						"3.4583": [-21.924, 17.23955, 8.63079],
						"3.5417": [-21.924, 17.23955, 8.63079],
						"3.7917": {
							"pre": [-31.20457, -9.59616, 2.74551],
							"post": [-20, 0, 0],
							"lerp_mode": "catmullrom"
						},
						"4.2917": {
							"post": [-31.20457, -9.59616, 2.74551],
							"lerp_mode": "catmullrom"
						},
						"4.4167": {
							"post": [-33.96234, -18.73244, 7.66135],
							"lerp_mode": "catmullrom"
						},
						"4.5": {
							"post": [-0.48, 0, 0],
							"lerp_mode": "catmullrom"
						},
						"4.5833": {
							"post": [-3, 0, 0],
							"lerp_mode": "catmullrom"
						},
						"4.6667": {
							"post": [0, 0, 0],
							"lerp_mode": "catmullrom"
						}
					},
					"position": {
						"0.0": [0, 0, 0],
						"0.25": {
							"pre": [-4, 0, 11],
							"post": [-4, 0, 11],
							"lerp_mode": "catmullrom"
						},
						"1.875": {
							"post": [-4, 0, 11],
							"lerp_mode": "catmullrom"
						},
						"1.9583": {
							"post": [-1.2, -3.4, 7.6],
							"lerp_mode": "catmullrom"
						},
						"2.0417": {
							"post": [-1.99, -7.34, 13.62],
							"lerp_mode": "catmullrom"
						},
						"2.125": {
							"post": [-3, -5, 19],
							"lerp_mode": "catmullrom"
						},
						"2.25": {
							"post": [-3, -5, 9],
							"lerp_mode": "catmullrom"
						},
						"2.625": {
							"post": [-3, -10, 15],
							"lerp_mode": "catmullrom"
						},
						"2.8333": {
							"post": [-3, -10, 9],
							"lerp_mode": "catmullrom"
						},
						"3.0417": [-1, -3.81, -12.1],
						"3.2917": [-1, -3.81, -7.1],
						"3.4583": [-1, -3.81, -12.1],
						"3.5417": [-1, -3.81, -7.1],
						"3.7917": {
							"pre": [-8, -14.08, 13],
							"post": [-8, -14.08, 13],
							"lerp_mode": "catmullrom"
						},
						"4.2917": {
							"post": [-8, -14.08, 13],
							"lerp_mode": "catmullrom"
						},
						"4.4167": {
							"post": [-11, -14.08, 21],
							"lerp_mode": "catmullrom"
						},
						"4.5": {
							"post": [-1.99, -3.34, 13.62],
							"lerp_mode": "catmullrom"
						},
						"4.5833": {
							"post": [-1.2, -3.4, 7.6],
							"lerp_mode": "catmullrom"
						},
						"4.6667": {
							"post": [0, 0, 0],
							"lerp_mode": "catmullrom"
						}
					},
					"scale": {
						"0.0": [1, 1, 1],
						"0.25": [1, 1.5, 1],
						"4.2917": [1, 1.5, 1],
						"4.7917": [1, 1, 1]
					}
				},
				"_camera_": {
					"rotation": {
						"0.0": [0, 0, 0],
						"0.25": [0.49127, 2.50217, 0.20438],
						"0.6667": [0.49127, 5.50217, 0.20438],
						"0.75": [1.37, 7.67, 0.2],
						"1.0": [4.49842, 16.30216, 0.20482],
						"1.2917": [12.96, 34, 0.2],
						"1.4167": [14.49842, 36.50216, 0.20482],
						"1.625": [15.26, 37.22, 0.17],
						"1.7917": [14.08, 33.51, 0.13],
						"2.0417": [-1.41593, 4.03218, 0],
						"2.125": [-2.14, 0.89, -0.01],
						"2.25": [-1.81, -0.17, -0.01],
						"2.375": [-1.09753, -1.15659, 0],
						"2.7917": [-0.14682, -1.09315, 0],
						"3.2917": [-0.78488, -0.94001, 0],
						"3.5833": [0, 0, 0],
						"4.5": [0, -0.7, 0],
						"4.625": [0, -0.55, 0],
						"4.75": [0, 0, 0]
					}
				}
			},
			"sound_effects": {
				"0.0": {
					"effect": "stellatsweaponries_movement1"
				},
				"0.75": {
					"effect": "stellatsweaponries_movement3"
				},
				"1.75": {
					"effect": "stellatsweaponries_movement2"
				},
				"2.0": {
					"effect": "stellatsweaponries_vz-x_stock_push"
				},
				"2.8333": {
					"effect": "stellatsweaponries_movement2"
				},
				"3.0": {
					"effect": "stellatsweaponries_vz-x_boltback"
				},
				"3.25": {
					"effect": "stellatsweaponries_vz-x_boltback"
				},
				"3.2917": {
					"effect": "stellatsweaponries_vz-x_boltforward"
				},
				"3.5417": {
					"effect": "stellatsweaponries_vz-x_boltforward"
				},
				"3.6667": {
					"effect": "stellatsweaponries_movement3"
				},
				"4.1667": {
					"effect": "stellatsweaponries_vz-x_stock_pull"
				},
				"4.5": {
					"effect": "stellatsweaponries_movement1"
				}
			}
		}
	},
	"geckolib_format_version": 2
}