{
	"format_version": "1.12.0",
	"minecraft:geometry": [
		{
			"description": {
				"identifier": "geometry.unknown",
				"texture_width": 128,
				"texture_height": 128,
				"visible_bounds_width": 8,
				"visible_bounds_height": 4,
				"visible_bounds_offset": [0, 1, 0]
			},
			"bones": [
				{
					"name": "main",
					"pivot": [-4.5, 8.75, 22]
				},
				{
					"name": "armR_gun",
					"parent": "main",
					"pivot": [0, 15.5, -4.5]
				},
				{
					"name": "rightarm",
					"parent": "armR_gun",
					"pivot": [-4.3, 8.8, 21.8],
					"rotation": [-101.81106, -12.40003, -2.46982],
					"cubes": [
						{"origin": [-8.3, -15.2, 17.8], "size": [8, 24, 8], "uv": [24, 24]}
					]
				},
				{
					"name": "gun",
					"parent": "armR_gun",
					"pivot": [0, 15.5, -4.5],
					"cubes": [
						{
							"origin": [0.255, 19.9, -24.9],
							"size": [1, 2.5, 16],
							"pivot": [1.25, 22.4, -16.9],
							"rotation": [0, 0, -7.5],
							"uv": {
								"north": {"uv": [82, 54], "uv_size": [1, 2]},
								"east": {"uv": [66, 54], "uv_size": [16, 2]},
								"south": {"uv": [99, 54], "uv_size": [1, 2]},
								"west": {"uv": [23, 76], "uv_size": [34, 6]},
								"up": {"uv": [82, 38], "uv_size": [1, 16]},
								"down": {"uv": [83, 54], "uv_size": [1, -16]}
							}
						},
						{
							"origin": [-1.255, 19.9, -24.9],
							"size": [1, 2.5, 16],
							"pivot": [-1.25, 22.4, -16.9],
							"rotation": [0, 0, 7.5],
							"uv": {
								"north": {"uv": [83, 54], "uv_size": [-1, 2]},
								"east": {"uv": [57, 76], "uv_size": [-34, 6]},
								"south": {"uv": [100, 54], "uv_size": [-1, 2]},
								"west": {"uv": [82, 54], "uv_size": [-16, 2]},
								"up": {"uv": [83, 38], "uv_size": [-1, 16]},
								"down": {"uv": [84, 54], "uv_size": [-1, -16]}
							}
						},
						{"origin": [-1, 18.4, -2.975], "size": [2, 4, 1], "inflate": -0.1, "uv": [42, 9]},
						{"origin": [-0.5, 15.84598, -3.34343], "size": [1, 1, 2], "pivot": [0, 16.34598, -2.44343], "rotation": [10, 0, 0], "uv": [19, 58]},
						{"origin": [-0.5, 13.84598, -3.54343], "size": [1, 3, 1], "inflate": 0.003, "pivot": [0, 16.34598, -2.44343], "rotation": [-17.5, 0, 0], "uv": [0, 32]},
						{"origin": [-0.55, 21.35, -24.905], "size": [1.1, 1.1, 1], "pivot": [0, 21.9, -24.925], "rotation": [0, 0, 45], "uv": [20, 47]},
						{"origin": [-0.5, 17.27929, -25.205], "size": [1, 1, 1], "inflate": -0.3, "pivot": [0, 17.77929, -24.705], "rotation": [0, 0, 45], "uv": [0, 47]},
						{"origin": [0.44596, 19.91776, -24.9], "size": [1, 1, 1], "inflate": -0.003, "pivot": [1.44596, 20.91776, -24.4], "rotation": [0, 0, 11.5], "uv": [64, 13]},
						{"origin": [0.25, 19.903, -21.91], "size": [1, 1, 3], "pivot": [1.25, 22.4, -16.9], "rotation": [0, 0, -7.5], "uv": [66, 24]},
						{"origin": [0.25, 19.903, -15.9], "size": [1, 1, 3], "pivot": [1.25, 22.4, -16.9], "rotation": [0, 0, -7.5], "uv": [74, 24]},
						{"origin": [0.25, 20.9, -24.9], "size": [1, 1.5, 16], "inflate": -0.003, "pivot": [1.25, 22.4, -16.9], "rotation": [0, 0, -7.5], "uv": [33, 0]},
						{"origin": [-1.44596, 19.91776, -24.9], "size": [1, 1, 1], "inflate": -0.003, "pivot": [-1.44596, 20.91776, -24.4], "rotation": [0, 0, -11.5], "uv": [64, 13], "mirror": true},
						{"origin": [-1.25, 19.903, -21.91], "size": [1, 1, 3], "pivot": [-1.25, 22.4, -16.9], "rotation": [0, 0, 7.5], "uv": [66, 24], "mirror": true},
						{"origin": [-1.25, 19.903, -15.9], "size": [1, 1, 3], "pivot": [-1.25, 22.4, -16.9], "rotation": [0, 0, 7.5], "uv": [74, 24], "mirror": true},
						{"origin": [-1.25, 20.9, -24.9], "size": [1, 1.5, 16], "inflate": -0.003, "pivot": [-1.25, 22.4, -16.9], "rotation": [0, 0, 7.5], "uv": [33, 0], "mirror": true},
						{"origin": [-1.25, 17.4, -8.9], "size": [1.25, 6, 1], "uv": [20, 40]},
						{"origin": [0, 21.4, -8.9], "size": [1.25, 2, 1], "uv": [33, 0]},
						{"origin": [-1.25, 18.4, -24.9], "size": [2.5, 4, 16], "uv": [32, 0]},
						{"origin": [-1, 17.4, -25], "size": [2, 2, 16.2], "inflate": -0.115, "pivot": [0, 18.4, -16.9], "rotation": [0, 0, -45], "uv": [0, 40]},
						{"origin": [-0.00206, 22.18469, -24.9], "size": [1.125, 1, 16], "pivot": [0.54794, 22.68469, -16.9], "rotation": [0, 0, 63.5], "uv": [20, 56]},
						{"origin": [-0.75, 22.4, -24.9], "size": [1.5, 1, 16], "uv": [52, 4]},
						{"origin": [-1.25, 22.4, -7.9], "size": [2.5, 1, 6], "uv": [32, 9]},
						{
							"origin": [-0.5, 21, -9.65],
							"size": [1, 1, 2],
							"pivot": [0, 21.5, -8.65],
							"rotation": [0, 0, 45],
							"uv": {
								"north": {"uv": [53, 6], "uv_size": [1, 1]},
								"east": {"uv": [52, 6], "uv_size": [1, 1]},
								"south": {"uv": [55, 6], "uv_size": [1, 1]},
								"west": {"uv": [54, 6], "uv_size": [1, 1]},
								"up": {"uv": [53, 5], "uv_size": [1, 1]},
								"down": {"uv": [54, 6], "uv_size": [1, -1]}
							}
						},
						{"origin": [-1.25, 17.4, -7.9], "size": [2.5, 1, 5], "uv": [0, 44]},
						{"origin": [-1.25, 17.4, -9.9], "size": [2.5, 1, 1], "uv": [62, 33]},
						{"origin": [-1.25, 16.8, -9.9], "size": [2.5, 1, 9], "inflate": -0.003, "uv": [48, 21]},
						{"origin": [-0.75, 14.8, -8.7], "size": [1.5, 2, 1.5], "uv": [0, 44]},
						{"origin": [-0.75, 12.67737, -8.20603], "size": [1.5, 3, 1.025], "inflate": -0.003, "pivot": [0, 14.67737, -7.45603], "rotation": [47.5, 0, 0], "uv": [9, 32]},
						{"origin": [-0.75, 12.77323, -6.48817], "size": [1.5, 1, 1.5], "uv": [53, 23]},
						{"origin": [-0.75, 16.2, -9.4], "size": [1.5, 1.6, 1.5], "inflate": -0.003, "pivot": [0, 16.8, -8.65], "rotation": [52.5, 0, 0], "uv": [56, 33]},
						{"origin": [-0.75, 16.325, -7.65], "size": [1.5, 1.3, 1.5], "inflate": -0.003, "pivot": [0, 16.625, -6.9], "rotation": [45, 0, 0], "uv": [56, 31]},
						{"origin": [-1.25, 16.325, -1.85], "size": [2.5, 1.3, 1.5], "inflate": -0.005, "pivot": [0, 16.625, -1.1], "rotation": [45, 0, 0], "uv": [26, 63]},
						{"origin": [-1.25, 17.4, -2.9], "size": [2.5, 5, 1], "uv": [32, 9]},
						{"origin": [-1.25, 20.1, -1.9], "size": [2.5, 1.7, 1], "inflate": -0.005, "pivot": [0, 21.1, -1.4], "rotation": [32.5, 0, 0], "uv": [0, 63]},
						{"origin": [-1.25, 21.9, -2.5], "size": [2.5, 1.5, 1], "inflate": -0.003, "pivot": [0, 22.7, -2], "rotation": [5, 0, 0], "uv": [61, 62]},
						{"origin": [-1.25, 19.25902, -2.35441], "size": [2.5, 2.7, 1], "inflate": -0.003, "uv": [49, 62]},
						{"origin": [-1.25, 19.25902, -1.35441], "size": [2.5, 1.025, 2], "uv": [48, 27]},
						{"origin": [-1.25, 18.4032, -0.9023], "size": [2.5, 1, 5], "inflate": -0.003, "pivot": [0, 19.3911, 4.08426], "rotation": [-15, 0, 0], "uv": [24, 0]},
						{"origin": [-1.25, 16.4, -1.9], "size": [2.5, 3, 6], "inflate": 0.005, "uv": [32, 0]},
						{"origin": [-1.25, 14.10052, -0.90577], "size": [2.5, 2, 1], "inflate": -0.003, "pivot": [0, 15.10052, -0.40577], "rotation": [42.5, 0, 0], "uv": [55, 62]},
						{"origin": [-1.25, 15.5, -1.45], "size": [2.5, 2, 3], "uv": [0, 58]},
						{"origin": [-1.25, 9.10762, 1.93283], "size": [2.5, 1.925, 4.625], "inflate": -0.003, "uv": [9, 32]},
						{"origin": [-1.25, 9.3, 0.9], "size": [2.5, 7, 5], "inflate": 0.003, "pivot": [0, 11.8, 1.9], "rotation": [22.5, 0, 0], "uv": [0, 32]},
						{"origin": [-0.5, 23.1, -24.75], "size": [1, 1.1, 1.4], "inflate": -0.3, "uv": [52, 21]},
						{"origin": [-0.5, 22.85, -23.975], "size": [1, 1.1, 1], "inflate": -0.3, "uv": [52, 10]},
						{"origin": [-0.5, 23.07749, -24.09208], "size": [1, 1.05, 1], "inflate": -0.303, "pivot": [0, 23.62749, -23.59208], "rotation": [57, 0, 0], "uv": [52, 7]},
						{"origin": [-1.525, 22.0695, -2.09867], "size": [3.05, 1.7, 1], "inflate": -0.3, "pivot": [0, 23.6195, -1.19867], "rotation": [5, 0, 0], "uv": [24, 6]},
						{"origin": [0.225, 23.1695, -2.09867], "size": [1.3, 1.1, 1], "inflate": -0.3, "pivot": [0, 23.6195, -1.19867], "rotation": [5, 0, 0], "uv": [52, 12]},
						{"origin": [-1.525, 23.1695, -2.09867], "size": [1.3, 1.1, 1], "inflate": -0.3, "pivot": [0, 23.6195, -1.19867], "rotation": [5, 0, 0], "uv": [12, 52]},
						{"origin": [-1.12294, 22.18469, -24.9], "size": [1.125, 1, 16], "pivot": [-0.54794, 22.68469, -16.9], "rotation": [0, 0, -63.5], "uv": [40, 40]},
						{"origin": [-1.2, 18.4, -2.997], "size": [2.4, 2, 1], "inflate": -0.1, "pivot": [0, 20.4, -2.2], "rotation": [0, 0, 60], "uv": [6, 68]},
						{"origin": [-1.2, 20.4, -2.997], "size": [2.4, 2, 1], "inflate": -0.103, "pivot": [0, 20.4, -2.2], "rotation": [0, 0, -60], "uv": [6, 71]},
						{"origin": [-1.2, 18.4, -2.997], "size": [2.4, 2, 1], "inflate": -0.1, "pivot": [0, 20.4, -2.2], "rotation": [0, 0, -60], "uv": [0, 68]},
						{"origin": [-1.2, 20.4, -2.997], "size": [2.4, 2, 1], "inflate": -0.103, "pivot": [0, 20.4, -2.2], "rotation": [0, 0, 60], "uv": [0, 71]}
					]
				},
				{
					"name": "rail",
					"parent": "gun",
					"pivot": [0.5, 18.4, -17.9],
					"cubes": [
						{"origin": [-1.25, 22.4, -21.9], "size": [2.5, 1, 20], "inflate": 0.003, "uv": [66, 1]}
					]
				},
				{
					"name": "chamber1",
					"parent": "gun",
					"pivot": [1.25, 17.8, -8.4],
					"cubes": [
						{"origin": [0, 17.8, -8.9], "size": [1.25, 3.6, 1], "uv": [24, 0]}
					]
				},
				{
					"name": "chamber2",
					"parent": "chamber1",
					"pivot": [0, 20.4, -5.4],
					"cubes": [
						{"origin": [-0.5, 18.6, -7.77], "size": [1, 1, 4.925], "inflate": -0.1, "pivot": [0, 20.4, -3.35], "rotation": [0, 0, -60], "uv": [6, 51]},
						{"origin": [-0.5, 21.2, -7.77], "size": [1, 1, 4.925], "inflate": -0.1, "pivot": [0, 20.4, -3.35], "rotation": [0, 0, -60], "uv": [6, 51]},
						{"origin": [-0.5, 21.2, -7.77], "size": [1, 1, 4.925], "inflate": -0.1, "pivot": [0, 20.4, -3.35], "rotation": [0, 0, 60], "uv": [6, 51]},
						{"origin": [-0.5, 18.6, -7.77], "size": [1, 1, 4.925], "inflate": -0.1, "pivot": [0, 20.4, -3.35], "rotation": [0, 0, 60], "uv": [6, 51]},
						{"origin": [-0.5, 18.6, -7.77], "size": [1, 1, 4.925], "inflate": -0.1, "uv": [6, 51]},
						{"origin": [-0.5, 21.2, -7.77], "size": [1, 1, 4.925], "inflate": -0.1, "uv": [6, 51]},
						{"origin": [-0.6, 21.4, -7.747], "size": [1.2, 1, 3.8], "inflate": -0.1, "uv": [59, 58]},
						{"origin": [-1, 19.4, -7.697], "size": [2, 2, 3.75], "inflate": -0.1, "uv": [11, 78]},
						{"origin": [-0.6, 18.4, -7.747], "size": [1.2, 1, 3.8], "inflate": -0.1, "uv": [7, 60]},
						{"origin": [-0.6, 18.4, -7.747], "size": [1.2, 1, 3.8], "inflate": -0.1, "pivot": [0, 20.4, -4.45], "rotation": [0, 0, 60], "uv": [61, 21]},
						{"origin": [-0.6, 21.4, -7.747], "size": [1.2, 1, 3.8], "inflate": -0.1, "pivot": [0, 20.4, -4.45], "rotation": [0, 0, 60], "uv": [61, 25]},
						{"origin": [-0.6, 18.4, -7.747], "size": [1.2, 1, 3.8], "inflate": -0.1, "pivot": [0, 20.4, -4.45], "rotation": [0, 0, -60], "uv": [62, 0]},
						{"origin": [-0.6, 21.4, -7.747], "size": [1.2, 1, 3.8], "inflate": -0.1, "pivot": [0, 20.4, -4.45], "rotation": [0, 0, -60], "uv": [12, 62]},
						{"origin": [-0.6, 18.7, -7.722], "size": [1.2, 1, 3.975], "inflate": -0.1, "pivot": [0, 20.4, -3.65], "rotation": [0, 0, -30], "uv": [58, 40]},
						{"origin": [-0.6, 21.1, -7.722], "size": [1.2, 1, 3.975], "inflate": -0.1, "pivot": [0, 20.4, -3.65], "rotation": [0, 0, -30], "uv": [58, 52]},
						{"origin": [-0.6, 18.7, -7.722], "size": [1.2, 1, 3.975], "inflate": -0.1, "pivot": [0, 20.4, -3.65], "rotation": [0, 0, -90], "uv": [27, 59]},
						{"origin": [-0.6, 21.1, -7.722], "size": [1.2, 1, 3.975], "inflate": -0.1, "pivot": [0, 20.4, -3.65], "rotation": [0, 0, -90], "uv": [58, 48]},
						{"origin": [-0.6, 21.1, -7.722], "size": [1.2, 1, 3.975], "inflate": -0.1, "pivot": [0, 20.4, -3.65], "rotation": [0, 0, 30], "uv": [59, 12]},
						{"origin": [-0.6, 18.7, -7.722], "size": [1.2, 1, 3.975], "inflate": -0.1, "pivot": [0, 20.4, -3.65], "rotation": [0, 0, 30], "uv": [58, 44]},
						{
							"origin": [-1.2, 20.6, -4.147],
							"size": [2.4, 1.8, 1.3],
							"inflate": -0.1,
							"pivot": [0, 20.4, -3.35],
							"rotation": [0, 0, -60],
							"uv": {
								"north": {"uv": [7, 66], "uv_size": [2, 2]},
								"east": {"uv": [6, 66], "uv_size": [1, 2]},
								"south": {"uv": [10, 66], "uv_size": [2, 2]},
								"west": {"uv": [9, 66], "uv_size": [1, 2]},
								"up": {"uv": [7, 65], "uv_size": [2, 1]},
								"down": {"uv": [9, 66], "uv_size": [2, -1]}
							}
						},
						{
							"origin": [-1.2, 20.6, -4.147],
							"size": [2.4, 1.8, 1.3],
							"inflate": -0.1,
							"uv": {
								"north": {"uv": [7, 66], "uv_size": [2, 2]},
								"east": {"uv": [6, 66], "uv_size": [1, 2]},
								"south": {"uv": [10, 66], "uv_size": [2, 2]},
								"west": {"uv": [9, 66], "uv_size": [1, 2]},
								"up": {"uv": [7, 65], "uv_size": [2, 1]},
								"down": {"uv": [9, 66], "uv_size": [2, -1]}
							}
						},
						{
							"origin": [-1.2, 20.6, -4.147],
							"size": [2.4, 1.8, 1.3],
							"inflate": -0.1,
							"pivot": [0, 20.4, -3.35],
							"rotation": [0, 0, 60],
							"uv": {
								"north": {"uv": [7, 66], "uv_size": [2, 2]},
								"east": {"uv": [6, 66], "uv_size": [1, 2]},
								"south": {"uv": [10, 66], "uv_size": [2, 2]},
								"west": {"uv": [9, 66], "uv_size": [1, 2]},
								"up": {"uv": [7, 65], "uv_size": [2, 1]},
								"down": {"uv": [9, 66], "uv_size": [2, -1]}
							}
						},
						{
							"origin": [-1.2, 18.4, -4.147],
							"size": [2.4, 1.8, 1.3],
							"inflate": -0.1,
							"pivot": [0, 20.4, -3.35],
							"rotation": [0, 0, -60],
							"uv": {
								"north": {"uv": [1, 66], "uv_size": [2, 2]},
								"east": {"uv": [0, 66], "uv_size": [1, 2]},
								"south": {"uv": [4, 66], "uv_size": [2, 2]},
								"west": {"uv": [3, 66], "uv_size": [1, 2]},
								"up": {"uv": [1, 65], "uv_size": [2, 1]},
								"down": {"uv": [3, 66], "uv_size": [2, -1]}
							}
						},
						{
							"origin": [-1.2, 18.4, -4.147],
							"size": [2.4, 1.8, 1.3],
							"inflate": -0.1,
							"uv": {
								"north": {"uv": [1, 66], "uv_size": [2, 2]},
								"east": {"uv": [0, 66], "uv_size": [1, 2]},
								"south": {"uv": [4, 66], "uv_size": [2, 2]},
								"west": {"uv": [3, 66], "uv_size": [1, 2]},
								"up": {"uv": [1, 65], "uv_size": [2, 1]},
								"down": {"uv": [3, 66], "uv_size": [2, -1]}
							}
						},
						{
							"origin": [-1.2, 18.4, -4.147],
							"size": [2.4, 1.8, 1.3],
							"inflate": -0.1,
							"pivot": [0, 20.4, -3.35],
							"rotation": [0, 0, 60],
							"uv": {
								"north": {"uv": [1, 66], "uv_size": [2, 2]},
								"east": {"uv": [0, 66], "uv_size": [1, 2]},
								"south": {"uv": [4, 66], "uv_size": [2, 2]},
								"west": {"uv": [3, 66], "uv_size": [1, 2]},
								"up": {"uv": [1, 65], "uv_size": [2, 1]},
								"down": {"uv": [3, 66], "uv_size": [2, -1]}
							}
						}
					]
				},
				{
					"name": "bullets2",
					"parent": "chamber2",
					"pivot": [0, 20.4, -2.325]
				},
				{
					"name": "b7",
					"parent": "bullets2",
					"pivot": [1.12583, 19.75, -4.7845],
					"cubes": [
						{"origin": [0.62583, 19.25, -6.747], "size": [1, 1, 3.925], "inflate": -0.1, "pivot": [1.12583, 19.75, -4.7845], "rotation": [0, 0, 120], "uv": [58, 5]}
					]
				},
				{
					"name": "b8",
					"parent": "bullets2",
					"pivot": [-1.12583, 21.05, -4.7845],
					"cubes": [
						{"origin": [-0.5, 21.2, -6.747], "size": [1, 1, 3.925], "inflate": -0.1, "pivot": [0, 20.4, -2.325], "rotation": [0, 0, -60], "uv": [58, 5]}
					]
				},
				{
					"name": "b9",
					"parent": "bullets2",
					"pivot": [1.12583, 21.05, -4.7845],
					"cubes": [
						{"origin": [-0.5, 21.2, -6.747], "size": [1, 1, 3.925], "inflate": -0.1, "pivot": [0, 20.4, -2.325], "rotation": [0, 0, 60], "uv": [58, 5]}
					]
				},
				{
					"name": "b10",
					"parent": "bullets2",
					"pivot": [-1.12583, 19.75, -4.7845],
					"cubes": [
						{"origin": [-1.62583, 19.25, -6.747], "size": [1, 1, 3.925], "inflate": -0.1, "pivot": [-1.12583, 19.75, -4.7845], "rotation": [0, 0, -120], "uv": [58, 5]}
					]
				},
				{
					"name": "b11",
					"parent": "bullets2",
					"pivot": [0, 19.1, -4.7845],
					"cubes": [
						{"origin": [-0.5, 18.6, -6.747], "size": [1, 1, 3.925], "inflate": -0.1, "pivot": [0, 19.1, -4.7845], "rotation": [0, 0, -180], "uv": [58, 5]}
					]
				},
				{
					"name": "b12",
					"parent": "bullets2",
					"pivot": [0, 21.7, -4.7845],
					"cubes": [
						{"origin": [-0.5, 21.2, -6.747], "size": [1, 1, 3.925], "inflate": -0.1, "uv": [58, 5]}
					]
				},
				{
					"name": "glow",
					"parent": "gun",
					"pivot": [0, 23.67749, -23.56708],
					"cubes": [
						{"origin": [0.375, 23.085, -1.997], "size": [1, 1.3, 1], "inflate": -0.4, "pivot": [0, 23.6195, -1.07367], "rotation": [5, 0, 0], "uv": [12, 50]},
						{"origin": [-1.375, 23.085, -1.997], "size": [1, 1.3, 1], "inflate": -0.4, "pivot": [0, 23.6195, -1.07367], "rotation": [5, 0, 0], "uv": [20, 51]},
						{"origin": [-0.5, 23.12749, -24.06708], "size": [1, 1.05, 1], "inflate": -0.353, "pivot": [0, 23.67749, -23.56708], "rotation": [57, 0, 0], "uv": [20, 49]}
					]
				},
				{
					"name": "hammer",
					"parent": "gun",
					"pivot": [0, 20.22359, -0.59286],
					"cubes": [
						{"origin": [-0.5, 19.62359, -0.04286], "size": [1, 1, 2], "inflate": -0.003, "pivot": [0, 20.02359, 1.05714], "rotation": [-10, 0, 0], "uv": [59, 0]},
						{"origin": [-0.5, 21.10905, -0.17668], "size": [1, 1, 3], "inflate": -0.003, "pivot": [0, 22.10905, 1.32332], "rotation": [12.5, 0, 0], "uv": [38, 62]},
						{"origin": [-0.5, 20.25902, -1.85441], "size": [1, 1.7, 2], "inflate": 0.003, "pivot": [0, 21.10902, -1.35441], "rotation": [5, 0, 0], "uv": [43, 62]},
						{"origin": [-0.5, 20.22359, -0.24286], "size": [1, 1, 1], "pivot": [0, 20.72359, 0.25714], "rotation": [10, 0, 0], "uv": [20, 53]}
					]
				},
				{
					"name": "shortscope",
					"parent": "gun",
					"pivot": [0.00681, 23.32141, -6.12954],
					"cubes": [
						{
							"origin": [-1.86, 23.04, -9.035],
							"size": [3.72, 1.12, 6.32],
							"inflate": -0.3,
							"uv": {
								"north": {"uv": [5, 101], "uv_size": [3, 1]},
								"east": {"uv": [0, 101], "uv_size": [5, 1]},
								"south": {"uv": [13, 101], "uv_size": [3, 1]},
								"west": {"uv": [8, 101], "uv_size": [5, 1]},
								"up": {"uv": [5, 96], "uv_size": [3, 5]},
								"down": {"uv": [8, 101], "uv_size": [3, -5]}
							}
						},
						{
							"origin": [0.743, 24.4041, -9.0359],
							"size": [1.1218, 1.1218, 1.1218],
							"inflate": -0.297,
							"pivot": [0, 24.705, -8.735],
							"rotation": [-30, 0, 0],
							"uv": {
								"north": {"uv": [9, 110], "uv_size": [1, 1]},
								"east": {"uv": [8, 110], "uv_size": [1, 1]},
								"south": {"uv": [11, 110], "uv_size": [1, 1]},
								"west": {"uv": [10, 110], "uv_size": [1, 1]},
								"up": {"uv": [9, 109], "uv_size": [1, 1]},
								"down": {"uv": [10, 110], "uv_size": [1, -1]}
							}
						},
						{
							"origin": [-1.4391, 24.18398, -8.58393],
							"size": [2.8782, 2.3582, 1.0582],
							"inflate": -0.403,
							"pivot": [0, 25.36308, -8.05483],
							"rotation": [-30, 0, 0],
							"uv": {
								"north": {"uv": [0, 114], "uv_size": [12, 10]},
								"east": {"uv": [0, 107], "uv_size": [1, 2]},
								"south": {"uv": [12, 114], "uv_size": [-12, 10]},
								"west": {"uv": [3, 107], "uv_size": [1, 2]},
								"up": {"uv": [1, 106], "uv_size": [2, 1]},
								"down": {"uv": [3, 107], "uv_size": [2, -1]}
							}
						},
						{
							"origin": [0.4775, 23.8175, -6.275],
							"size": [1.385, 1.06, 1.06],
							"inflate": -0.4,
							"pivot": [1.3325, 24.3475, -5.745],
							"rotation": [-7.85085, -31.63886, 14.72765],
							"uv": {
								"north": {"uv": [12, 103], "uv_size": [1, 1]},
								"east": {"uv": [11, 103], "uv_size": [1, 1]},
								"south": {"uv": [14, 103], "uv_size": [1, 1]},
								"west": {"uv": [13, 103], "uv_size": [1, 1]},
								"up": {"uv": [12, 102], "uv_size": [1, 1]},
								"down": {"uv": [13, 103], "uv_size": [1, -1]}
							}
						},
						{
							"origin": [-1.23357, 23.9129, -6.4782],
							"size": [2.685, 1.06, 1.06],
							"inflate": -0.4,
							"pivot": [1.05143, 24.5729, -6.0782],
							"rotation": [2.36912, 11.66446, -16.87971],
							"uv": {
								"north": {"uv": [12, 97], "uv_size": [2, 1]},
								"east": {"uv": [11, 97], "uv_size": [1, 1]},
								"south": {"uv": [15, 97], "uv_size": [2, 1]},
								"west": {"uv": [14, 97], "uv_size": [1, 1]},
								"up": {"uv": [12, 96], "uv_size": [2, 1]},
								"down": {"uv": [14, 97], "uv_size": [2, -1]}
							}
						},
						{
							"origin": [-1.65297, 23.4024, -6.10268],
							"size": [1.385, 1.06, 1.06],
							"inflate": -0.4,
							"pivot": [-0.66797, 24.0624, -5.44268],
							"rotation": [2.69047, -54.93544, -3.61331],
							"uv": {
								"north": {"uv": [12, 99], "uv_size": [1, 1]},
								"east": {"uv": [11, 99], "uv_size": [1, 1]},
								"south": {"uv": [14, 99], "uv_size": [1, 1]},
								"west": {"uv": [13, 99], "uv_size": [1, 1]},
								"up": {"uv": [12, 98], "uv_size": [1, 1]},
								"down": {"uv": [13, 99], "uv_size": [1, -1]}
							}
						},
						{
							"origin": [-2.24838, 23.38122, -6.5815],
							"size": [1.645, 1.06, 1.06],
							"inflate": -0.4,
							"pivot": [-1.00338, 24.04122, -5.9215],
							"rotation": [-168.14988, -61.89552, 164.40594],
							"uv": {
								"north": {"uv": [1, 99], "uv_size": [1, 1]},
								"east": {"uv": [0, 99], "uv_size": [1, 1]},
								"south": {"uv": [3, 99], "uv_size": [1, 1]},
								"west": {"uv": [2, 99], "uv_size": [1, 1]},
								"up": {"uv": [1, 98], "uv_size": [1, 1]},
								"down": {"uv": [2, 99], "uv_size": [1, -1]}
							}
						},
						{
							"origin": [-1.8648, 24.4041, -9.0359],
							"size": [1.1218, 1.1218, 1.1218],
							"inflate": -0.297,
							"pivot": [0, 24.705, -8.735],
							"rotation": [-30, 0, 0],
							"uv": {
								"north": {"uv": [1, 110], "uv_size": [1, 1]},
								"east": {"uv": [0, 110], "uv_size": [1, 1]},
								"south": {"uv": [3, 110], "uv_size": [1, 1]},
								"west": {"uv": [2, 110], "uv_size": [1, 1]},
								"up": {"uv": [1, 109], "uv_size": [1, 1]},
								"down": {"uv": [2, 110], "uv_size": [1, -1]}
							}
						},
						{
							"origin": [0.74, 23.56, -9.035],
							"size": [1.12, 1.445, 1.12],
							"inflate": -0.3,
							"uv": {
								"north": {"uv": [6, 109], "uv_size": [1, 1]},
								"east": {"uv": [5, 109], "uv_size": [1, 1]},
								"south": {"uv": [8, 109], "uv_size": [1, 1]},
								"west": {"uv": [7, 109], "uv_size": [1, 1]},
								"up": {"uv": [6, 108], "uv_size": [1, 1]},
								"down": {"uv": [7, 109], "uv_size": [1, -1]}
							}
						},
						{
							"origin": [-1.86, 23.56, -9.035],
							"size": [1.12, 1.445, 1.12],
							"inflate": -0.3,
							"uv": {
								"north": {"uv": [13, 105], "uv_size": [1, 1]},
								"east": {"uv": [12, 105], "uv_size": [1, 1]},
								"south": {"uv": [15, 105], "uv_size": [1, 1]},
								"west": {"uv": [14, 105], "uv_size": [1, 1]},
								"up": {"uv": [13, 104], "uv_size": [1, 1]},
								"down": {"uv": [14, 105], "uv_size": [1, -1]}
							}
						},
						{
							"origin": [1.0659, 23.0409, -6.4341],
							"size": [1.2482, 1.7682, 3.7182],
							"inflate": -0.303,
							"uv": {
								"north": {"uv": [3, 105], "uv_size": [1, 1]},
								"east": {"uv": [0, 105], "uv_size": [3, 1]},
								"south": {"uv": [7, 105], "uv_size": [1, 1]},
								"west": {"uv": [4, 105], "uv_size": [3, 1]},
								"up": {"uv": [3, 102], "uv_size": [1, 3]},
								"down": {"uv": [4, 105], "uv_size": [1, -3]}
							}
						},
						{
							"origin": [1.0659, 23.0409, -9.0263],
							"size": [1.2482, 1.5082, 3.1982],
							"inflate": -0.303,
							"uv": {
								"north": {"uv": [8, 107], "uv_size": [1, 1]},
								"east": {"uv": [6, 107], "uv_size": [2, 1]},
								"south": {"uv": [11, 107], "uv_size": [1, 1]},
								"west": {"uv": [9, 107], "uv_size": [2, 1]},
								"up": {"uv": [8, 105], "uv_size": [1, 2]},
								"down": {"uv": [9, 107], "uv_size": [1, -2]}
							}
						},
						{
							"origin": [1.0662, 23.6912, -6.946],
							"size": [1.2476, 1.1176, 1.1176],
							"inflate": -0.304,
							"pivot": [1.69, 24.51, -6.1272],
							"rotation": [32.5, 0, 0],
							"uv": {
								"north": {"uv": [1, 97], "uv_size": [1, 1]},
								"east": {"uv": [0, 97], "uv_size": [1, 1]},
								"south": {"uv": [3, 97], "uv_size": [1, 1]},
								"west": {"uv": [2, 97], "uv_size": [1, 1]},
								"up": {"uv": [1, 96], "uv_size": [1, 1]},
								"down": {"uv": [2, 97], "uv_size": [1, -1]}
							}
						},
						{
							"origin": [-0.885, 23.365, -5.4275],
							"size": [1.77, 1.12, 1.77],
							"inflate": -0.3,
							"pivot": [0, 23.925, -4.5425],
							"rotation": [0, -45, 0],
							"uv": {
								"north": {"uv": [4, 111], "uv_size": [1, 1]},
								"east": {"uv": [3, 111], "uv_size": [1, 1]},
								"south": {"uv": [6, 111], "uv_size": [1, 1]},
								"west": {"uv": [5, 111], "uv_size": [1, 1]},
								"up": {"uv": [4, 110], "uv_size": [1, 1]},
								"down": {"uv": [5, 111], "uv_size": [1, -1]}
							}
						},
						{
							"origin": [-0.885, 23.235, -5.72],
							"size": [1.77, 1.12, 3.2],
							"inflate": -0.3,
							"uv": {
								"north": {"uv": [12, 108], "uv_size": [1, 1]},
								"east": {"uv": [10, 108], "uv_size": [2, 1]},
								"south": {"uv": [15, 108], "uv_size": [1, 1]},
								"west": {"uv": [13, 108], "uv_size": [2, 1]},
								"up": {"uv": [12, 106], "uv_size": [1, 2]},
								"down": {"uv": [13, 108], "uv_size": [1, -2]}
							}
						},
						{
							"origin": [-0.885, 23.235, -6.24],
							"size": [1.77, 1.12, 1.12],
							"inflate": -0.3,
							"pivot": [0, 24.055, -5.42],
							"rotation": [22.5, 0, 0],
							"uv": {
								"north": {"uv": [13, 110], "uv_size": [1, 1]},
								"east": {"uv": [12, 110], "uv_size": [1, 1]},
								"south": {"uv": [15, 110], "uv_size": [1, 1]},
								"west": {"uv": [14, 110], "uv_size": [1, 1]},
								"up": {"uv": [13, 109], "uv_size": [1, 1]},
								"down": {"uv": [14, 110], "uv_size": [1, -1]}
							}
						},
						{
							"origin": [-1.21, 23.365, -8.385],
							"size": [2.42, 1.12, 2.42],
							"inflate": -0.3,
							"pivot": [0, 23.925, -7.175],
							"rotation": [0, -45, 0],
							"uv": {
								"north": {"uv": [7, 104], "uv_size": [2, 1]},
								"east": {"uv": [5, 104], "uv_size": [2, 1]},
								"south": {"uv": [11, 104], "uv_size": [2, 1]},
								"west": {"uv": [9, 104], "uv_size": [2, 1]},
								"up": {"uv": [7, 102], "uv_size": [2, 2]},
								"down": {"uv": [9, 104], "uv_size": [2, -2]}
							}
						}
					]
				},
				{
					"name": "_cb_scope",
					"parent": "gun",
					"pivot": [0, 23.4, -4.625],
					"cubes": [
						{"origin": [-0.5, 22.9, -5.125], "size": [1, 1, 1], "uv": [20, 49]}
					]
				},
				{
					"name": "_cb_suppressor",
					"parent": "gun",
					"pivot": [0, 21.9, -24.4],
					"cubes": [
						{"origin": [-0.5, 21.4, -24.9], "size": [1, 1, 1], "uv": [7, 35]}
					]
				},
				{
					"name": "armL_mag",
					"parent": "main",
					"pivot": [20, -3.9, 24]
				},
				{
					"name": "leftarm",
					"parent": "armL_mag",
					"pivot": [20, -19, 24],
					"rotation": [-90, 0, 0],
					"cubes": [
						{"origin": [16, -43, 20], "size": [8, 24, 8], "uv": [0, 0]}
					]
				},
				{
					"name": "speedloader",
					"parent": "armL_mag",
					"pivot": [0, 20.4, -5.4]
				},
				{
					"name": "bullets",
					"parent": "speedloader",
					"pivot": [0, 20.4, -3.35]
				},
				{
					"name": "b1",
					"parent": "bullets",
					"pivot": [1.12583, 19.75, -5.8095],
					"cubes": [
						{"origin": [0.62583, 19.25, -7.772], "size": [1, 1, 3.925], "inflate": -0.1, "pivot": [1.12583, 19.75, -5.8095], "rotation": [0, 0, 120], "uv": [0, 0]}
					]
				},
				{
					"name": "b2",
					"parent": "bullets",
					"pivot": [-1.12583, 21.05, -5.8095],
					"cubes": [
						{"origin": [-0.5, 21.2, -7.772], "size": [1, 1, 3.925], "inflate": -0.1, "pivot": [0, 20.4, -3.35], "rotation": [0, 0, -60], "uv": [0, 0]}
					]
				},
				{
					"name": "b3",
					"parent": "bullets",
					"pivot": [1.12583, 21.05, -5.8095],
					"cubes": [
						{"origin": [-0.5, 21.2, -7.772], "size": [1, 1, 3.925], "inflate": -0.1, "pivot": [0, 20.4, -3.35], "rotation": [0, 0, 60], "uv": [0, 0]}
					]
				},
				{
					"name": "b4",
					"parent": "bullets",
					"pivot": [-1.12583, 19.75, -5.8095],
					"cubes": [
						{"origin": [-1.62583, 19.25, -7.772], "size": [1, 1, 3.925], "inflate": -0.1, "pivot": [-1.12583, 19.75, -5.8095], "rotation": [0, 0, -120], "uv": [0, 0]}
					]
				},
				{
					"name": "b5",
					"parent": "bullets",
					"pivot": [0, 19.1, -5.8095],
					"cubes": [
						{"origin": [-0.5, 18.6, -7.772], "size": [1, 1, 3.925], "inflate": -0.1, "pivot": [0, 19.1, -5.8095], "rotation": [0, 0, -180], "uv": [0, 0]}
					]
				},
				{
					"name": "b6",
					"parent": "bullets",
					"pivot": [0, 21.7, -5.8095],
					"cubes": [
						{"origin": [-0.5, 21.2, -7.772], "size": [1, 1, 3.925], "inflate": -0.1, "uv": [0, 0]}
					]
				},
				{
					"name": "base",
					"parent": "speedloader",
					"pivot": [0, 20.4, -3.35],
					"cubes": [
						{
							"origin": [-0.5, 19.9, -3.05],
							"size": [1, 1, 1],
							"inflate": -0.1,
							"pivot": [0, 20.4, -2.35],
							"rotation": [0, 0, 45],
							"uv": {
								"north": {"uv": [34, 4], "uv_size": [1, 1]},
								"east": {"uv": [33, 4], "uv_size": [1, 1]},
								"south": {"uv": [36, 4], "uv_size": [1, 1]},
								"west": {"uv": [35, 4], "uv_size": [1, 1]},
								"up": {"uv": [34, 3], "uv_size": [1, 1]},
								"down": {"uv": [35, 4], "uv_size": [1, -1]}
							}
						},
						{
							"origin": [-1, 19.4, -2.25],
							"size": [2, 2, 1],
							"inflate": -0.1,
							"pivot": [0, 20.4, -1.55],
							"rotation": [0, 0, 45],
							"uv": {
								"north": {"uv": [18, 33], "uv_size": [2, 2]},
								"east": {"uv": [17, 33], "uv_size": [1, 2]},
								"south": {"uv": [21, 33], "uv_size": [2, 2]},
								"west": {"uv": [20, 33], "uv_size": [1, 2]},
								"up": {"uv": [18, 32], "uv_size": [2, 1]},
								"down": {"uv": [20, 33], "uv_size": [2, -1]}
							}
						},
						{"origin": [-1.2, 20.4, -4.147], "size": [2.4, 2, 1.3], "inflate": -0.108, "pivot": [0, 20.4, -3.35], "rotation": [0, 0, -60], "uv": [6, 74]},
						{"origin": [-1.2, 18.4, -4.147], "size": [2.4, 4, 1.3], "inflate": -0.105, "uv": [0, 80]},
						{"origin": [-1.2, 20.4, -4.147], "size": [2.4, 2, 1.3], "inflate": -0.108, "pivot": [0, 20.4, -3.35], "rotation": [0, 0, 60], "uv": [0, 74]},
						{"origin": [-1.2, 18.4, -4.147], "size": [2.4, 2, 1.3], "inflate": -0.11, "pivot": [0, 20.4, -3.35], "rotation": [0, 0, -60], "uv": [0, 77]},
						{"origin": [-1.2, 18.4, -4.147], "size": [2.4, 2, 1.3], "inflate": -0.11, "pivot": [0, 20.4, -3.35], "rotation": [0, 0, 60], "uv": [6, 77]}
					]
				},
				{
					"name": "muzzleflash",
					"parent": "main",
					"pivot": [0, 21.9, -25],
					"cubes": [
						{"origin": [-0.5, 21.4, -25.5], "size": [1, 1, 1], "inflate": -0.4, "uv": [58, 12]}
					]
				},
				{
					"name": "scope",
					"parent": "main",
					"pivot": [0, 25.325, 17.425],
					"cubes": [
						{"origin": [-0.5, 24.825, 16.925], "size": [1, 1, 1], "inflate": -0.4, "uv": [7, 112]}
					]
				},
				{
					"name": "_camera_",
					"pivot": [12, 29, 37]
				}
			]
		}
	]
}