{
	"format_version": "1.12.0",
	"minecraft:geometry": [
		{
			"description": {
				"identifier": "geometry.unknown",
				"texture_width": 256,
				"texture_height": 256,
				"visible_bounds_width": 8,
				"visible_bounds_height": 6,
				"visible_bounds_offset": [0, 1, 0]
			},
			"bones": [
				{
					"name": "main",
					"pivot": [0, 20, 0]
				},
				{
					"name": "gun",
					"parent": "main",
					"pivot": [1, 11, -1],
					"cubes": [
						{
							"origin": [1.05, 24, 19],
							"size": [1, 3, 12],
							"uv": {
								"north": {"uv": [0, 203], "uv_size": [0, 3]},
								"east": {"uv": [30, 201], "uv_size": [-29, 7]},
								"south": {"uv": [36, 192], "uv_size": [0, 3]},
								"west": {"uv": [0, 190], "uv_size": [29, 7]},
								"up": {"uv": [1, 204], "uv_size": [0, 0]},
								"down": {"uv": [0, 219], "uv_size": [0, -18]}
							}
						},
						{
							"origin": [-2.05, 24, 19],
							"size": [1, 3, 12],
							"uv": {
								"north": {"uv": [34, 250], "uv_size": [0, 3]},
								"east": {"uv": [0, 190], "uv_size": [29, 7]},
								"south": {"uv": [36, 248], "uv_size": [0, 3]},
								"west": {"uv": [31, 201], "uv_size": [-29, 7]},
								"up": {"uv": [34, 232], "uv_size": [0, 18]},
								"down": {"uv": [34, 250], "uv_size": [0, -18]}
							}
						},
						{"origin": [-1.25, 13.7034, 6.67467], "size": [2.5, 6, 4], "inflate": 0.011, "pivot": [0, 18.7034, 9.17467], "rotation": [12.5, 0, 0], "uv": [32, 48]},
						{"origin": [-1.25, 11.64259, -13.8806], "size": [2.5, 9, 3], "inflate": -0.002, "pivot": [0, 15.64259, -11.8806], "rotation": [22.5, 0, 0], "uv": [25, 24]},
						{"origin": [-1.25, 19.24101, 6.38236], "size": [2.5, 3, 4], "inflate": 0.01, "pivot": [0, 22.24101, 8.38236], "rotation": [2.5, 0, 0], "uv": [35, 0]},
						{"origin": [-1.511, 12.07388, 6.71585], "size": [3, 2, 5], "pivot": [-0.011, 15.07388, 9.71585], "rotation": [2.5, 0, 0], "uv": [31, 31]},
						{"origin": [-1.25, 11.2068, -13.07678], "size": [2.5, 1, 5], "inflate": -0.002, "pivot": [0.05, 14.2068, -10.07678], "rotation": [2.5, 0, 0], "uv": [49, 41]},
						{"origin": [-1.25, 17.2068, -22.32678], "size": [2.5, 2, 2], "inflate": -0.002, "uv": [13, 0]},
						{"origin": [-1.25, 17.36494, -22.51524], "size": [2.5, 2, 2], "inflate": -0.003, "pivot": [0, 18.36494, -21.51524], "rotation": [10, 0, 0], "uv": [0, 12]},
						{"origin": [-1.25, 17.36494, -22.13832], "size": [2.5, 2, 2], "inflate": -0.003, "pivot": [0, 18.36494, -21.13832], "rotation": [-10, 0, 0], "uv": [0, 5]},
						{"origin": [-1.5, 18, 21], "size": [3, 6, 10], "uv": [88, 0]},
						{"origin": [-2, 18, 31], "size": [4, 9, 5], "uv": [0, 23]},
						{"origin": [-1.5, 15, 11], "size": [3, 2, 17.6], "inflate": -0.001, "pivot": [0, 16, 19.5], "rotation": [20, 0, 0], "uv": [74, 120]},
						{"origin": [-1.001, 17.00591, 1.23809], "size": [2, 4.25, 1], "inflate": -0.0015, "pivot": [-0.001, 18.00591, 1.73809], "rotation": [52.5, 0, 0], "uv": [24, 0]},
						{"origin": [-1.25, 12.80293, -3.78892], "size": [2.5, 3, 7], "inflate": -0.002, "pivot": [0, 14.80293, -0.78892], "rotation": [52.5, 0, 0], "uv": [24, 0]},
						{"origin": [-1.25, 15.77793, 2.21108], "size": [2.5, 1.025, 1], "inflate": -0.002, "pivot": [0, 14.80293, -0.78892], "rotation": [52.5, 0, 0], "uv": [30, 6]},
						{"origin": [-1.25, 11.20575, -12.02769], "size": [2.5, 3, 11], "inflate": -0.001, "uv": [0, 111]},
						{"origin": [-1.5, 16.72487, 18.72487], "size": [3, 1.5, 4], "inflate": -0.002, "pivot": [0, 17.22487, 20.72487], "rotation": [42.5, 0, 0], "uv": [66, 64]},
						{"origin": [-1.5, 22.97487, 18.22487], "size": [3, 1, 2], "inflate": -0.002, "pivot": [0, 22.97487, 20.22487], "rotation": [137.5, 0, 0], "uv": [12, 42]},
						{"origin": [-1, 16.99987, 2.22487], "size": [2, 1, 5], "inflate": -0.0025, "uv": [33, 39]},
						{"origin": [-1.25, 16.49987, 2.22487], "size": [2.5, 1, 2], "inflate": -0.002, "uv": [13, 23]},
						{"origin": [-1.249, 18.19446, -1.9384], "size": [2.5, 1, 2], "inflate": -0.002, "uv": [14, 16]},
						{"origin": [-1, 17.97487, 5.22487], "size": [2, 2, 2], "inflate": -0.002, "uv": [13, 4]},
						{"origin": [-0.5, 17.72487, 4.22487], "size": [1, 2, 2], "inflate": -0.002, "pivot": [0, 18.72487, 5.22487], "rotation": [-7.5, 0, 0], "uv": [16, 35]},
						{"origin": [0.5, 22, -7], "size": [1, 2, 28], "uv": [34, 153]},
						{"origin": [-1.5, 22, -7], "size": [1, 2, 28], "uv": [109, 142]},
						{"origin": [-1.5, 24, -15], "size": [3, 3, 18], "uv": [36, 96]},
						{"origin": [-0.625, 25.75, -15], "size": [2.125, 2.125, 5], "inflate": -0.001, "pivot": [0, 26.375, -11.5], "rotation": [0, 0, -45], "uv": [0, 37]},
						{"origin": [-1.5, 29, -12], "size": [3, 1, 12], "uv": [17, 80]},
						{"origin": [-1.5, 29, -0.425], "size": [3, 1, 4.25], "inflate": -0.001, "pivot": [0, 29.5, -0.225], "rotation": [-45, 0, 0], "uv": [49, 64]},
						{"origin": [-1.5, 29, -3.425], "size": [3, 1, 4.25], "inflate": -0.001, "pivot": [0, 29.5, -3.225], "rotation": [-45, 0, 0], "uv": [32, 63]},
						{"origin": [-1.5, 29, -10.675], "size": [3, 1, 4], "inflate": -0.002, "pivot": [0, 29.5, -10.725], "rotation": [-105, 0, 0], "uv": [32, 58]},
						{"origin": [-1.5, 29, -10.675], "size": [3, 2, 4], "inflate": -0.001, "pivot": [0, 29.5, -10.725], "rotation": [-90, 0, 0], "uv": [24, 38]},
						{"origin": [-1.5, 29.1, -1.925], "size": [3, 1.15, 4.25], "inflate": -0.001, "pivot": [0, 29.5, -1.975], "rotation": [-45, 0, 0], "uv": [58, 41]},
						{"origin": [-1, 23.5, -42], "size": [2, 2, 27], "pivot": [0, 24.5, -28.5], "rotation": [0, 0, 45], "uv": [154, 0]},
						{"origin": [-1.5, 22, -15], "size": [3, 2, 8], "uv": [0, 12]},
						{"origin": [-1.5, 19.75, -48], "size": [3, 2, 33], "uv": [49, 0]},
						{"origin": [-0.75, 21.75, -49], "size": [1.5, 1, 34], "inflate": -0.001, "uv": [36, 118]},
						{"origin": [0.65477, 21.67193, -49.001], "size": [1, 1, 34], "inflate": -0.001, "pivot": [1.15477, 22.17193, -32.001], "rotation": [0, 0, 10], "uv": [0, 96]},
						{"origin": [-1.65477, 21.67193, -49.001], "size": [1, 1, 34], "inflate": -0.001, "pivot": [-1.15477, 22.17193, -32.001], "rotation": [0, 0, -10], "uv": [85, 35]},
						{"origin": [-1, 22, 18], "size": [2, 2, 3], "inflate": -0.001, "uv": [9, 37]},
						{"origin": [-1, 22, 6], "size": [2, 1, 12], "inflate": -0.001, "uv": [88, 16]},
						{"origin": [-2, 19, -25], "size": [4, 3, 22], "uv": [165, 58]},
						{"origin": [-2.5, 20, 3], "size": [5, 5, 4], "inflate": -0.001, "uv": [24, 11]},
						{"origin": [-1, 24, 3], "size": [2, 3, 3], "uv": [36, 23]},
						{"origin": [-1, 19.75, -3], "size": [2, 2.25, 10], "uv": [75, 35]},
						{"origin": [-1, 18.5, -3], "size": [2, 1.25, 3], "uv": [24, 48]},
						{"origin": [-2, 24, 18], "size": [4, 3, 13], "uv": [49, 48]},
						{"origin": [1, 24, 3], "size": [1, 1, 15], "uv": [85, 35]},
						{"origin": [-2, 24, 3], "size": [1, 1, 15], "uv": [49, 64]},
						{"origin": [-2, 25.2, 17.5], "size": [1, 1.5, 1], "inflate": -0.001, "pivot": [0, 25.7, 17], "rotation": [-45, 0, 0], "uv": [24, 23]},
						{"origin": [1, 25.2, 17.5], "size": [1, 1.5, 1], "inflate": -0.001, "pivot": [0, 25.7, 17], "rotation": [-45, 0, 0], "uv": [24, 20]},
						{"origin": [-1.25, 18.7068, -20.25178], "size": [2.5, 2, 13], "inflate": -0.003, "uv": [0, 80]}
					]
				},
				{
					"name": "_cb_scope",
					"parent": "gun",
					"pivot": [0, 32.075, 5.5],
					"cubes": [
						{"origin": [-0.5, 29.5, -6.625], "size": [1, 1, 1], "uv": [128, 78]}
					]
				},
				{
					"name": "_cb_suppressor",
					"parent": "gun",
					"pivot": [0, 32.075, 5.5],
					"cubes": [
						{"origin": [-0.5, 24, -42.625], "size": [1, 1, 1], "uv": [128, 78]}
					]
				},
				{
					"name": "glow",
					"parent": "gun",
					"pivot": [0.125, 31.25, -0.92678],
					"cubes": [
						{"origin": [-2.525, 21, 3], "size": [5.05, 3, 1], "inflate": -0.001, "uv": [0, 196]},
						{
							"origin": [-1.5, 30, -0.4],
							"size": [3, 0, 4.25],
							"pivot": [0, 29.5, -0.2],
							"rotation": [-45, 0, 0],
							"uv": {
								"north": {"uv": [57, 255], "uv_size": [3, 1]},
								"east": {"uv": [53, 255], "uv_size": [4, 1]},
								"south": {"uv": [64, 255], "uv_size": [3, 1]},
								"west": {"uv": [60, 255], "uv_size": [4, 1]},
								"up": {"uv": [48, 239], "uv_size": [12, 16]},
								"down": {"uv": [59, 255], "uv_size": [12, -16]}
							}
						}
					]
				},
				{
					"name": "glowSight",
					"parent": "glow",
					"pivot": [0, 31.525, -10.92678],
					"cubes": [
						{
							"origin": [-0.75, 30.775, -0.92678],
							"size": [1.5, 1.5, 0],
							"uv": {
								"north": {"uv": [15, 241], "uv_size": [15, 15]},
								"east": {"uv": [15, 224], "uv_size": [0, 2]},
								"south": {"uv": [0, 241], "uv_size": [15, 15]},
								"west": {"uv": [17, 224], "uv_size": [0, 2]},
								"up": {"uv": [15, 224], "uv_size": [2, 0]},
								"down": {"uv": [17, 224], "uv_size": [2, 0]}
							}
						},
						{
							"origin": [-0.45, 31.075, -10.92678],
							"size": [0.9, 0.9, 0],
							"uv": {
								"north": {"uv": [15, 226], "uv_size": [15, 15]},
								"east": {"uv": [15, 224], "uv_size": [0, 2]},
								"south": {"uv": [0, 226], "uv_size": [15, 15]},
								"west": {"uv": [17, 224], "uv_size": [0, 2]},
								"up": {"uv": [15, 224], "uv_size": [2, 0]},
								"down": {"uv": [17, 224], "uv_size": [2, 0]}
							}
						},
						{
							"origin": [-0.85, 30.475, -0.92678],
							"size": [1.7, 0.2, 0],
							"uv": {
								"north": {"uv": [15, 224], "uv_size": [15, 2]},
								"east": {"uv": [15, 224], "uv_size": [0, 2]},
								"south": {"uv": [0, 224], "uv_size": [15, 2]},
								"west": {"uv": [17, 224], "uv_size": [0, 2]},
								"up": {"uv": [15, 224], "uv_size": [2, 0]},
								"down": {"uv": [17, 224], "uv_size": [2, 0]}
							}
						}
					]
				},
				{
					"name": "glowSight_chimera",
					"parent": "glow",
					"pivot": [0, 31.525, -10.92678],
					"cubes": [
						{
							"origin": [-0.75, 30.775, -0.92678],
							"size": [1.5, 1.5, 0],
							"uv": {
								"north": {"uv": [15, 241], "uv_size": [15, 15]},
								"east": {"uv": [15, 224], "uv_size": [0, 2]},
								"south": {"uv": [0, 241], "uv_size": [15, 15]},
								"west": {"uv": [17, 224], "uv_size": [0, 2]},
								"up": {"uv": [15, 224], "uv_size": [2, 0]},
								"down": {"uv": [17, 224], "uv_size": [2, 0]}
							}
						},
						{
							"origin": [-0.45, 31.075, -10.92678],
							"size": [0.9, 0.9, 0],
							"uv": {
								"north": {"uv": [15, 226], "uv_size": [15, 15]},
								"east": {"uv": [15, 224], "uv_size": [0, 2]},
								"south": {"uv": [0, 226], "uv_size": [15, 15]},
								"west": {"uv": [17, 224], "uv_size": [0, 2]},
								"up": {"uv": [15, 224], "uv_size": [2, 0]},
								"down": {"uv": [17, 224], "uv_size": [2, 0]}
							}
						},
						{
							"origin": [-0.85, 30.475, -0.92678],
							"size": [1.7, 0.2, 0],
							"uv": {
								"north": {"uv": [15, 224], "uv_size": [15, 2]},
								"east": {"uv": [15, 224], "uv_size": [0, 2]},
								"south": {"uv": [0, 224], "uv_size": [15, 2]},
								"west": {"uv": [17, 224], "uv_size": [0, 2]},
								"up": {"uv": [15, 224], "uv_size": [2, 0]},
								"down": {"uv": [17, 224], "uv_size": [2, 0]}
							}
						}
					]
				},
				{
					"name": "charge_meter",
					"parent": "gun",
					"pivot": [-0.5, 25.66395, 4.35352],
					"cubes": [
						{"origin": [-1, 25.66395, 2.47852], "size": [1, 0, 3.75], "inflate": -0.001, "pivot": [-0.5, 25.66395, 4.35352], "rotation": [45, 0, -180], "uv": [50, 70]}
					]
				},
				{
					"name": "spiny",
					"parent": "gun",
					"pivot": [0, 26.75, 4.07322],
					"cubes": [
						{"origin": [-0.75, 26.25, 3.5], "size": [1.25, 1, 1.25], "pivot": [0, 26.75, 4.25], "rotation": [0, -45, 0], "uv": [24, 13]}
					]
				},
				{
					"name": "sightemitters",
					"parent": "gun",
					"pivot": [0, 29.75, -10.75],
					"cubes": [
						{"origin": [-0.75, 29.25, -1.5], "size": [1.25, 1, 1.25], "pivot": [0, 29.75, -0.75], "rotation": [0, -45, 0], "uv": [24, 11]},
						{"origin": [-0.75, 29.25, -11.5], "size": [1.25, 1, 1.25], "pivot": [0, 29.75, -10.75], "rotation": [0, -45, 0], "uv": [24, 5]}
					]
				},
				{
					"name": "sightemitters_chimera",
					"parent": "gun",
					"pivot": [0, 29.75, -10.75],
					"cubes": [
						{"origin": [-0.75, 29.25, -1.5], "size": [1.25, 1, 1.25], "pivot": [0, 29.75, -0.75], "rotation": [0, -45, 0], "uv": [24, 11]},
						{"origin": [-0.75, 29.25, -11.5], "size": [1.25, 1, 1.25], "pivot": [0, 29.75, -10.75], "rotation": [0, -45, 0], "uv": [24, 5]}
					]
				},
				{
					"name": "mag_lid",
					"parent": "main",
					"pivot": [0, 27, 3],
					"cubes": [
						{"origin": [-2, 26, 6], "size": [4, 1, 12], "uv": [98, 83]},
						{"origin": [1, 25, 3], "size": [1, 1, 14], "uv": [60, 96]},
						{"origin": [-2, 25, 3], "size": [1, 1, 14], "uv": [0, 96]},
						{"origin": [1, 25.2, 16.5], "size": [1, 1.425, 1], "inflate": -0.001, "pivot": [0, 25.7, 17], "rotation": [-45, 0, 0], "uv": [0, 25]},
						{"origin": [-2, 25.2, 16.5], "size": [1, 1.425, 1], "inflate": -0.001, "pivot": [0, 25.7, 17], "rotation": [-45, 0, 0], "uv": [24, 25]},
						{"origin": [1, 26, 3], "size": [1, 1, 3], "uv": [14, 12]},
						{"origin": [-2, 26, 3], "size": [1, 1, 3], "uv": [0, 16]}
					]
				},
				{
					"name": "magazine",
					"parent": "main",
					"pivot": [0, 25.40472, 7.02026],
					"cubes": [
						{"origin": [-1, 22.30472, 6.98276], "size": [2, 3.7, 9.575], "uv": [0, 0]}
					]
				},
				{
					"name": "chargerL",
					"parent": "main",
					"pivot": [1.5, 24.6895, -2],
					"rotation": [0, 0, -40],
					"cubes": [
						{"origin": [1.40067, 23.41446, -49], "size": [1, 1.025, 47], "inflate": 0.001, "pivot": [1.90067, 23.93946, -32], "rotation": [0, 0, 10], "uv": [0, 48]},
						{"origin": [2.55576, 24.57794, -48.999], "size": [1, 1, 34], "inflate": 0.001, "uv": [98, 70]},
						{"origin": [5.30863, 23.68896, -31], "size": [1, 1, 29], "inflate": -0.001, "uv": [77, 140]},
						{"origin": [2.57658, 22.68896, -31], "size": [2, 1, 29], "uv": [121, 31]},
						{"origin": [1.50184, 23.14796, -31], "size": [1.5, 1, 29], "inflate": -0.001, "pivot": [2.00184, 23.64796, -15.5], "rotation": [0, 0, 32.5], "uv": [139, 135]},
						{"origin": [4.19261, 23.12198, -31], "size": [2, 1, 29], "inflate": -0.001, "pivot": [5.19261, 23.62198, -15.5], "rotation": [0, 0, -30], "uv": [0, 131]},
						{"origin": [3.30863, 24.5779, -31], "size": [3, 1, 16], "uv": [171, 165]},
						{"origin": [3.66875, 25.5779, -34.88388], "size": [1.1, 0, 5], "pivot": [3.76875, 25.0779, -32.88388], "rotation": [0, 35, 0], "uv": [2, 0]},
						{"origin": [2.49517, 25.5779, -33.11473], "size": [1.2, 0, 3.3], "pivot": [3.76875, 25.0779, -32.88388], "rotation": [0, 35, 0], "uv": [11, 12]},
						{"origin": [0.53149, 20.96054, -49], "size": [1, 1.5, 34], "inflate": -0.002, "pivot": [1.08704, 23.48208, -24.5], "rotation": [0, 0, -135], "uv": [98, 105]}
					]
				},
				{
					"name": "bar",
					"parent": "chargerL",
					"pivot": [3.82658, 24.18896, -24],
					"cubes": [
						{"origin": [2.57658, 23.68896, -26], "size": [3, 1, 26], "uv": [0, 161]},
						{"origin": [2.26585, 23.56992, -47], "size": [2, 1, 21], "pivot": [3.97314, 24.41574, -39.5], "rotation": [0, 0, -2.5], "uv": [171, 136]},
						{"origin": [2.61585, 24.36992, -47], "size": [2.9, 1, 21], "pivot": [3.97314, 24.41574, -39.5], "rotation": [0, 0, -2.5], "uv": [71, 171]},
						{"origin": [3.74963, 23.54819, -47], "size": [1.5, 1, 21], "inflate": -0.001, "pivot": [3.97314, 24.41574, -39.5], "rotation": [0, 0, -35], "uv": [1, 24]}
					]
				},
				{
					"name": "chargerR",
					"parent": "main",
					"pivot": [-1.5, 24.6895, -2],
					"rotation": [0, 0, 40],
					"cubes": [
						{"origin": [-2.40067, 23.41446, -49], "size": [1, 1.025, 47], "inflate": 0.001, "pivot": [-1.90067, 23.93946, -32], "rotation": [0, 0, -10], "uv": [0, 0]},
						{"origin": [-3.55576, 24.57794, -48.999], "size": [1, 1, 34], "inflate": 0.001, "uv": [62, 83]},
						{"origin": [-6.30863, 23.68896, -31], "size": [1, 1, 29], "inflate": -0.001, "uv": [134, 105]},
						{
							"origin": [-4.57658, 22.68896, -31],
							"size": [2, 1, 29],
							"uv": {
								"north": {"uv": [150, 30], "uv_size": [2, 1]},
								"east": {"uv": [121, 30], "uv_size": [29, 1]},
								"south": {"uv": [181, 30], "uv_size": [2, 1]},
								"west": {"uv": [152, 30], "uv_size": [29, 1]},
								"up": {"uv": [150, 1], "uv_size": [2, 29]},
								"down": {"uv": [154, 30], "uv_size": [-2, -29]}
							}
						},
						{"origin": [-3.00184, 23.14796, -31], "size": [1.5, 1, 29], "inflate": -0.001, "pivot": [-2.00184, 23.64796, -15.5], "rotation": [0, 0, -32.5], "uv": [134, 61]},
						{
							"origin": [-6.19261, 23.12198, -31],
							"size": [2, 1, 29],
							"inflate": -0.001,
							"pivot": [-5.19261, 23.62198, -16.5],
							"rotation": [0, 0, 30],
							"uv": {
								"north": {"uv": [117, 29], "uv_size": [2, 1]},
								"east": {"uv": [88, 29], "uv_size": [29, 1]},
								"south": {"uv": [148, 29], "uv_size": [2, 1]},
								"west": {"uv": [119, 29], "uv_size": [29, 1]},
								"up": {"uv": [117, 0], "uv_size": [2, 29]},
								"down": {"uv": [121, 29], "uv_size": [-2, -29]}
							}
						},
						{"origin": [-6.30863, 24.5779, -31], "size": [3, 1, 16], "uv": [165, 114]},
						{"origin": [-4.76875, 25.5779, -34.88388], "size": [1.1, 0, 5], "pivot": [-3.76875, 25.0779, -32.88388], "rotation": [0, -35, 0], "uv": [0, 0]},
						{"origin": [-3.69517, 25.5779, -33.11473], "size": [1.2, 0, 3.3], "pivot": [-3.76875, 25.0779, -32.88388], "rotation": [0, -35, 0], "uv": [0, 0]},
						{"origin": [-1.53149, 20.96054, -49], "size": [1, 1.5, 34], "inflate": -0.002, "pivot": [-1.08704, 23.48208, -24.5], "rotation": [0, 0, 135], "uv": [49, 48]}
					]
				},
				{
					"name": "bar2",
					"parent": "chargerR",
					"pivot": [-3.82658, 24.18896, -24],
					"cubes": [
						{"origin": [-5.57658, 23.68896, -26], "size": [3, 1, 26], "uv": [154, 31]},
						{"origin": [-4.26585, 23.56992, -47], "size": [2, 1, 21], "pivot": [-3.97314, 24.41574, -39.5], "rotation": [0, 0, 2.5], "uv": [146, 166]},
						{"origin": [-5.51585, 24.36992, -47], "size": [2.9, 1, 21], "pivot": [-3.97314, 24.41574, -39.5], "rotation": [0, 0, 2.5], "uv": [166, 92]},
						{"origin": [-5.24963, 23.54819, -47], "size": [1.5, 1, 21], "inflate": -0.001, "pivot": [-3.97314, 24.41574, -39.5], "rotation": [0, 0, 35], "uv": [1, 1]}
					]
				},
				{
					"name": "rightarm",
					"parent": "main",
					"pivot": [-8.3, 12.8, 24.8],
					"rotation": [-101.81106, -12.40003, -2.46982],
					"cubes": [
						{"origin": [-12.3, -11.2, 20.8], "size": [8, 24, 8], "uv": [49, 0]}
					]
				},
				{
					"name": "leftarm",
					"parent": "main",
					"pivot": [9.7, 8.3, 3.4],
					"rotation": [-113.29004, 18.89977, -4.29878],
					"cubes": [
						{"origin": [5.7, -15.7, -0.6], "size": [8, 24, 8], "uv": [0, 48]}
					]
				},
				{
					"name": "muzzleflash",
					"parent": "main",
					"pivot": [0, 24.525, -42.1],
					"cubes": [
						{"origin": [-0.5, 24.025, -42.6], "size": [1, 1, 1], "inflate": -0.4, "uv": [17, 26]}
					]
				},
				{
					"name": "scope",
					"parent": "main",
					"pivot": [0, 31.525, 10.95],
					"cubes": [
						{"origin": [-0.5, 31.025, 10.45], "size": [1, 1, 1], "inflate": -0.4, "uv": [13, 26]}
					]
				},
				{
					"name": "_camera_",
					"pivot": [9.75, 37, 35]
				}
			]
		}
	]
}