{
  "loader": "forge:separate_transforms",
    "gui_light": "front",
    "base": 
  {
  "credit": "Made with Blockbench",
  "parent": "builtin/entity",
  "display": {
    "thirdperson_righthand": {
      "translation": [
        0,
        -5,
        -10.5
      ],
      "scale": [
        0.32,
        0.32,
        0.32
      ]
    },
    "thirdperson_lefthand": {
      "translation": [
        0,
        -5.5,
        -11
      ],
      "scale": [
        0.32,
        0.32,
        0.32
      ]
    },
    "firstperson_righthand": {
      "rotation": [
        -2,
        1,
        2
      ],
      "translation": [
        3.5,
        -21,
        -40
      ]
    },
    "firstperson_lefthand": {
      "translation": [
        3.75,
        -19,
        -34
      ]
    },
    "ground": {
      "translation": [
        0,
        0,
        -3
      ],
      "scale": [
        0.31,
        0.31,
        0.31
      ]
    }
  }
},
"perspectives": {
  "gui": {
    "parent": "item/generated",
    "textures": {
      "layer0": "pointblank:item/m82a1.icon"
    }
  }
}
}