{
  "name" : "stellatsweaponries_sv-4_strela",
  "type": "Gun",
  "maxAmmoCapacity" : 8,
  "compatibleAmmo" : ["ammocreative", "stellatsweaponries_sv-4_strela_mpec"],
  "damage" : 10.969,
  "rpm" : 100,
  "fireModes" : ["SINGLE"],
  "fireSound" : "stellatsweaponries_sv-4_strela",
  "drawCooldownDuration" : 710,
  "aimingZoom" : 0.15,
  "gunRecoilInitialAmplitude" : 1.12,
  "shakeRecoilAmplitude" : 0.34,
  "shakeRecoilSpeed" : 3.55,
  "viewRecoilAmplitude" : 7.8,
  "inspectCooldownDuration": 5270,
  "reloadCooldownDuration" : 1000,
  "maxAmmoPerReloadIteration" : 1,
  "compatibleAttachmentGroups": [
    "sights_group",
    "ar_sightsandscopes",
    "m16_sightsandscopes",
    "snipers_sights",
    "sl8_sights"
  ],
  "glowingParts": [
    {
      "name": "glow"
    }
  ],
  "effects": [
    {
      "phase": "firing",
      "name": "muzzle_flash_big"
    }
  ],
  "phasedReloads": [
    {
      "phase": "PREPARING",
      "condition": "reloadIterationIndex >= -1",
      "duration": 1000,
      "animation": "animation.model.prepare"
    },
    {
      "phase": "RELOADING",
      "condition": "reloadIterationIndex >= 0",
      "duration": 580,
      "animation": "animation.model.iterativeload",						
      "shakeEffects": [
        {
          "start": 0,
          "duration": 1000,
          "initialAmplitude": 0.1,
          "rateOfAmplitudeDecay": 0.5
        },
        {
          "start": 250,
          "duration": 600,
          "initialAmplitude": 0.2,
          "rateOfAmplitudeDecay": 0.5
        }
      ]
    },
    {
      "phase": "COMPLETETING",
      "condition": "reloadIterationIndex >= 0",
      "duration": 1000,
      "animation": "animation.model.finish"
    }
  ]
}