{
  "name" : "stellatsweaponries_emlr_mk7",
  "type": "Gun",
  "maxAmmoCapacity" : 32,
  "compatibleAmmo" : ["ammocreative", "stellatsweaponries_energy_capsule_t1"],
  "pelletCount" : 1,
  "pelletSpread" : 0.0,
  "damage" : 5.69,
  "rpm" : 740,
  "fireModes" : ["SINGLE", "BURST", "AUTOMATIC"],
  "fireSound" : "stellatsweaponries_emlr_mk7",
  "drawCooldownDuration" : 900,
  "aimingZoom" : 0.375,
  "gunRecoilInitialAmplitude" : 0.4,
  "shakeRecoilAmplitude" : 0.5,
  "shakeRecoilSpeed" : 1,
  "viewRecoilAmplitude" : 1,
  "inspectCooldownDuration": 3700,
  "reticleOverlay": "textures/item/reticle_arrow.png",
  "glowingParts": [
    {
      "name": "glow"
    },
    {
      "name": "glow2"
    },
    {
      "name": "glow3"
    },
    {
      "name": "glow4"
    },
    {
      "name": "glow5"
    }
  ],
  "effects": [
    {
      "phase": "hit_scan_acquired",
      "name": "stellatsweaponries_laser_tracer_long"
    }
  ],
  "phasedReloads": [
    {
      "phase": "RELOADING",
      "condition": "reloadIterationIndex == 0",
      "duration": 2500,
      "animation": "animation.model.reload",
      "shakeEffects": [
        {
          "start": 250,
          "duration": 1500,
          "initialAmplitude": 0.4,
          "rateOfAmplitudeDecay": 0.8
        },
        {
          "start": 430,
          "duration": 1000,
          "initialAmplitude": 0.4,
          "rateOfAmplitudeDecay": 0.5
        },
        {
          "start": 800,
          "duration": 1000,
          "initialAmplitude": 0.25,
          "rateOfAmplitudeDecay": 0.5
        },
        {
          "start": 1275,
          "duration": 600,
          "initialAmplitude": 0.4,
          "rateOfAmplitudeDecay": 0.3
        },
        {
          "start": 1705,
          "duration": 400,
          "initialAmplitude": 0.7,
          "rateOfAmplitudeDecay": 0.3
        }
      ]
    },
    {
      "phase": "RELOADING",
      "condition": "reloadIterationIndex > 0",
      "duration": 2500,
      "animation": "animation.model.reload",
      "shakeEffects": [
        {
          "start": 250,
          "duration": 1500,
          "initialAmplitude": 0.4,
          "rateOfAmplitudeDecay": 0.8
        },
        {
          "start": 430,
          "duration": 1000,
          "initialAmplitude": 0.4,
          "rateOfAmplitudeDecay": 0.5
        },
        {
          "start": 800,
          "duration": 1000,
          "initialAmplitude": 0.25,
          "rateOfAmplitudeDecay": 0.5
        },
        {
          "start": 1275,
          "duration": 600,
          "initialAmplitude": 0.4,
          "rateOfAmplitudeDecay": 0.3
        },
        {
          "start": 1705,
          "duration": 400,
          "initialAmplitude": 0.7,
          "rateOfAmplitudeDecay": 0.3
        }
      ]
    }
  ]
}