{
  "name" : "stellatsweaponries_sv-4_strela_mpec",
  "type": "Ammo",
  "projectile" : {
    "initialVelocity" : 169,
    "gravity" : 0.269,
    "renderer" : {
      "type" : "model",
      "model": "geo/item/stellatsweaponries_sv-4_strela_mpec.geo.json",
      "size": 1.0,
      "depthTest": true,
      "glow": true,
      "rotations": 0.0
    }
  },
  "explosion" : {
    "power" : 2.69,
    "fire" : false,
    "sound" : "explosion",
    "soundVolume" : 12.0,
    "effects": [
      "explosion", "debris"
    ]
  }
}