{
  "name" : "stellatsweaponries_ds74",
  "type": "Gun",
  "maxAmmoCapacity" : "infinite",
  "compatibleAmmo" : ["ammocreative", "stellatsweaponries_energy_capsule_t1"],
  "damage" : 3.75,
  "rpm" : 500,
  "fireModes" : ["AUTOMATIC","SINGLE"],
  "fireSound" : "stellatsweaponries_ds74",
  "drawCooldownDuration" : 580,
  "aimingZoom" : 0.175,
  "gunRecoilInitialAmplitude" : 0.4,
  "shakeRecoilAmplitude" : 0.5,
  "shakeRecoilSpeed" : 1,
  "viewRecoilAmplitude" : 1.25,
  "inspectCooldownDuration": 4255,
  "glowingParts": [
    {
      "name": "glow"
    },
    {
      "name": "glow2"
    },
    {
      "name": "glow3"
    },
    {
      "name": "laserbeam"
    }
  ],
  "phasedReloads": [
    {
      "phase": "RELOADING",
      "condition": "reloadIterationIndex == 0",
      "duration": 2000,
      "animation": "animation.model.reload",
      "shakeEffects": [
        {
          "start": 250,
          "duration": 1500,
          "initialAmplitude": 0.4,
          "rateOfAmplitudeDecay": 0.8
        },
        {
          "start": 430,
          "duration": 1000,
          "initialAmplitude": 0.4,
          "rateOfAmplitudeDecay": 0.5
        },
        {
          "start": 800,
          "duration": 1000,
          "initialAmplitude": 0.25,
          "rateOfAmplitudeDecay": 0.5
        },
        {
          "start": 1275,
          "duration": 600,
          "initialAmplitude": 0.4,
          "rateOfAmplitudeDecay": 0.3
        },
        {
          "start": 1705,
          "duration": 400,
          "initialAmplitude": 0.7,
          "rateOfAmplitudeDecay": 0.3
        }
      ]
    },
    {
      "phase": "RELOADING",
      "condition": "reloadIterationIndex > 0",
      "duration": 2000,
      "animation": "animation.model.reload",
      "shakeEffects": [
        {
          "start": 250,
          "duration": 1500,
          "initialAmplitude": 0.4,
          "rateOfAmplitudeDecay": 0.8
        },
        {
          "start": 430,
          "duration": 1000,
          "initialAmplitude": 0.4,
          "rateOfAmplitudeDecay": 0.5
        },
        {
          "start": 800,
          "duration": 1000,
          "initialAmplitude": 0.25,
          "rateOfAmplitudeDecay": 0.5
        },
        {
          "start": 1275,
          "duration": 600,
          "initialAmplitude": 0.4,
          "rateOfAmplitudeDecay": 0.3
        },
        {
          "start": 1705,
          "duration": 400,
          "initialAmplitude": 0.7,
          "rateOfAmplitudeDecay": 0.3
        }
      ]
    }
  ]
}