{
  "name" : "stellatsweaponries_emlr_mk17",
  "type": "Gun",
  "maxAmmoCapacity" : 28,
  "compatibleAmmo" : ["ammocreative", "stellatsweaponries_energy_capsule_t2"],
  "damage" : 10.0,
  "rpm" : 555,
  "fireModes" : ["SINGLE", "BURST"],
  "fireSound" : "stellatsweaponries_emlr_mk17",
  "drawCooldownDuration" : 900,
  "aimingZoom" : 0.485,
  "bobbingOnAim": 0.1,
  "gunRecoilInitialAmplitude" : 1.0,
  "shakeRecoilAmplitude" : 0.8,
  "shakeRecoilSpeed" : 1,
  "viewRecoilAmplitude" : 1,
  "inspectCooldownDuration": 4575,
  "compatibleAttachmentGroups": [
    "sights_group",
    "ar_sightsandscopes",
    "m16_sightsandscopes",
    "snipers_sights",
    "sl8_sights"
  ],
  "glowingParts": [
    {
      "name": "glow"
    },
    {
      "name": "glow2"
    },
    {
      "name": "idle"
    },
    {
      "name": "empty_overheat"
    },
    {
      "name": "empty"
    }
  ],
  "effects": [
    {
      "phase": "hit_scan_acquired",
      "name": "stellatsweaponries_laser_tracer_long"
    }
  ],
  "phasedReloads": [
    {
      "phase": "RELOADING",
      "condition": "reloadIterationIndex == 0",
      "duration": 2333,
      "animation": "animation.model.reload",
      "shakeEffects": [
        {
          "start": 250,
          "duration": 1500,
          "initialAmplitude": 0.4,
          "rateOfAmplitudeDecay": 0.8
        },
        {
          "start": 430,
          "duration": 1000,
          "initialAmplitude": 0.4,
          "rateOfAmplitudeDecay": 0.5
        },
        {
          "start": 800,
          "duration": 1000,
          "initialAmplitude": 0.25,
          "rateOfAmplitudeDecay": 0.5
        },
        {
          "start": 1275,
          "duration": 600,
          "initialAmplitude": 0.4,
          "rateOfAmplitudeDecay": 0.3
        },
        {
          "start": 1705,
          "duration": 400,
          "initialAmplitude": 0.7,
          "rateOfAmplitudeDecay": 0.3
        }
      ]
    },
    {
      "phase": "RELOADING",
      "condition": "reloadIterationIndex > 0",
      "duration": 2333,
      "animation": "animation.model.reload",
      "shakeEffects": [
        {
          "start": 250,
          "duration": 1500,
          "initialAmplitude": 0.4,
          "rateOfAmplitudeDecay": 0.8
        },
        {
          "start": 430,
          "duration": 1000,
          "initialAmplitude": 0.4,
          "rateOfAmplitudeDecay": 0.5
        },
        {
          "start": 800,
          "duration": 1000,
          "initialAmplitude": 0.25,
          "rateOfAmplitudeDecay": 0.5
        },
        {
          "start": 1275,
          "duration": 600,
          "initialAmplitude": 0.4,
          "rateOfAmplitudeDecay": 0.3
        },
        {
          "start": 1705,
          "duration": 400,
          "initialAmplitude": 0.7,
          "rateOfAmplitudeDecay": 0.3
        }
      ]
    }
  ]
}