{
  "name" : "stellatsweaponries_amhs_steelmelter",
  "type": "Gun",
  "maxAmmoCapacity" : 8,
  "compatibleAmmo" : ["ammocreative", "stellatsweaponries_energy_capsule_t2"],
  "pelletCount" : 12,
  "pelletSpread" : 0.065,
  "damage" : 1.269,
  "rpm" : 89,
  "fireModes" : ["SINGLE"],
  "fireSound" : "stellatsweaponries_amhs_steelmelter",
  "drawCooldownDuration" : 710,
  "aimingZoom" : 0.15,
  "gunRecoilInitialAmplitude" : 1.12,
  "shakeRecoilAmplitude" : 0.34,
  "shakeRecoilSpeed" : 3.55,
  "viewRecoilAmplitude" : 7.8,
  "inspectCooldownDuration": 5270,
  "reloadCooldownDuration" : 1000,
  "maxAmmoPerReloadIteration" : 1,
  "compatibleAttachmentGroups": [
    "stellatsweaponries_upgrade_amhs_steelmelter_overcharge"
  ],
  "glowingParts": [
    {
      "name": "glow"
    }
  ],
  "effects": [
    {
      "phase": "firing",
      "name": "muzzle_flash_big"
    }
  ],
  "phasedReloads": [
    {
      "phase": "PREPARING",
      "condition": "reloadIterationIndex >= -1",
      "duration": 340,
      "animation": "animation.model.prepare"
    },
    {
      "phase": "RELOADING",
      "condition": "reloadIterationIndex == 0",
      "duration": 1000,
      "animation": "animation.model.chamberload",
      "shakeEffects": [
        {
          "start": 180,
          "duration": 1500,
          "initialAmplitude": 0.2,
          "rateOfAmplitudeDecay": 0.5
        },
        {
          "start": 650,
          "duration": 500,
          "initialAmplitude": 0.2,
          "rateOfAmplitudeDecay": 0.4
        },
        {
          "start": 900,
          "duration": 1000,
          "initialAmplitude": 0.2,
          "rateOfAmplitudeDecay": 0.5
        }
      ]
    },
    {
      "phase": "RELOADING",
      "condition": "reloadIterationIndex > 0",
      "duration": 670,
      "animation": "animation.model.iterativeload",						
      "shakeEffects": [
        {
          "start": 0,
          "duration": 1000,
          "initialAmplitude": 0.1,
          "rateOfAmplitudeDecay": 0.5
        },
        {
          "start": 250,
          "duration": 600,
          "initialAmplitude": 0.2,
          "rateOfAmplitudeDecay": 0.5
        }
      ]
    },
    {
      "phase": "COMPLETETING",
      "condition": "reloadIterationIndex >= 0",
      "duration": 340,
      "animation": "animation.model.finish"
    }
  ]
}