{
    "name": "stellatsweaponries_upgrade_atomic_devourer_anti-neutron",
    "type": "Attachment",
    "category": "stellatsweaponries_upgrade",
    "groups": [
        "stellatsweaponries_upgrade_atomic_devourer_anti-neutron"
    ],
    "features": [
        {
            "type": "FireMode",
            "fireModes": [
                {
                    "name": "anti-neutron",
                    "displayName": "label.pointblank.fireMode.stellatsweaponries_upgrade_atomic_devourer_anti-neutron",
                    "type": "SINGLE",
                    "ammo": "stellatsweaponries_atomic_devourer_anti-neutron_apdsfs",
                    "maxAmmoCapacity": 8,
                    "rpm": 24,
                    "damage": 100,
                    "isUsingDefaultMuzzle": true,
                    "gunRecoilInitialAmplitude" : 2.69,
                    "shakeRecoilAmplitude" : 2.969,
                    "shakeRecoilSpeed" : 2,
                    "viewRecoilAmplitude" : 2,
                    "animationName": "animation.model.fire_anti-neutron",
                    "fireSound": "stellatsweaponries_atomic_devourer_anti-neutron"
                }
            ]
        },
        {
            "type": "Recoil",
            "recoilModifier": 0.9
        },    
        {
            "type": "Accuracy",
            "accuracyModifier": 1.75
        }           
    ]
}