{
  "name" : "stellatsweaponries_vz-x",
  "type": "Gun",
  "maxAmmoCapacity" : 44,
  "compatibleAmmo" : ["ammocreative", "stellatsweaponries_energy_capsule_t1"],
  "damage" : 4.469,
  "rpm" : 1080,
  "fireModes" : ["AUTOMATIC", "BURST"],
  "fireSound" : "stellatsweaponries_vz-x",
  "drawCooldownDuration" : 840,
  "aimingZoom" : 0.15,
  "gunRecoilInitialAmplitude" : 0.4,
  "shakeRecoilAmplitude" : 0.69,
  "shakeRecoilSpeed" : 1.0,
  "viewRecoilAmplitude" : 1,
  "inspectCooldownDuration": 5130,
  "reticleOverlay": "textures/item/reticle_arrow.png",
  "compatibleAttachmentGroups": [
    "stellatsweaponries_upgrade_vz-x_overdrive"
  ],
  "features": [
    {
      "type": "PartVisibility",
      "parts": [
        {
          "name": "hex_overdrive",
          "visible": true,
          "condition": {
            "hasAttachmentGroup": "stellatsweaponries_upgrade_vz-x_overdrive"
          }
        },
        {
          "name": "hex_5",
          "visible": true,
          "condition": {
            "hasAttachmentGroup": "stellatsweaponries_upgrade_vz-x_overdrive"
          }
        },
        {
          "name": "hex_6",
          "visible": true,
          "condition": {
            "hasAttachmentGroup": "stellatsweaponries_upgrade_vz-x_overdrive"
          }
        },
        {
          "name": "hex_7",
          "visible": true,
          "condition": {
            "hasAttachmentGroup": "stellatsweaponries_upgrade_vz-x_overdrive"
          }
        },
        {
          "name": "hex_stock",
          "visible": false,
          "condition": {
            "hasAttachmentGroup": "stellatsweaponries_upgrade_vz-x_overdrive"
          }
        },
        {
          "name": "hex_2",
          "visible": false,
          "condition": {
            "hasAttachmentGroup": "stellatsweaponries_upgrade_vz-x_overdrive"
          }
        },
        {
          "name": "hex_3",
          "visible": false,
          "condition": {
            "hasAttachmentGroup": "stellatsweaponries_upgrade_vz-x_overdrive"
          }
        },
        {
          "name": "hex_4",
          "visible": false,
          "condition": {
            "hasAttachmentGroup": "stellatsweaponries_upgrade_vz-x_overdrive"
          }
        },
        {
          "name": "mag_overdrive",
          "visible": true,
          "condition": {
            "hasAttachmentGroup": "stellatsweaponries_upgrade_vz-x_overdrive"
          }
        },
        {
          "name": "mag_stock",
          "visible": false,
          "condition": {
            "hasAttachmentGroup": "stellatsweaponries_upgrade_vz-x_overdrive"
          }
        }
      ]
    }
  ],
  "glowingParts": [
    {
      "name": "glow"
    },
    {
      "name": "glow2"
    },
    {
      "name": "hex_stock"
    },
    {
      "name": "hex2"
    },
    {
      "name": "hex3"
    },
    {
      "name": "hex4"
    },
    {
      "name": "hex5"
    },
    {
      "name": "hex6"
    },
    {
      "name": "hex7"
    },
    {
      "name": "hex_overdrive"
    }
  ],
  "phasedReloads": [
    {
      "phase": "RELOADING",
      "condition": "reloadIterationIndex == 0",
      "duration": 2418,
      "animation": "animation.model.reloadempty",
      "shakeEffects": [
        {
          "start": 0,
          "duration": 1500,
          "initialAmplitude": 0.4,
          "rateOfAmplitudeDecay": 0.8
        },
        {
          "start": 330,
          "duration": 1000,
          "initialAmplitude": 0.4,
          "rateOfAmplitudeDecay": 0.5
        },
        {
          "start": 1290,
          "duration": 1000,
          "initialAmplitude": 0.25,
          "rateOfAmplitudeDecay": 0.5
        },
        {
          "start": 2000,
          "duration": 600,
          "initialAmplitude": 0.4,
          "rateOfAmplitudeDecay": 0.3
        }
      ]
    },
    {
      "phase": "RELOADING",
      "condition": "reloadIterationIndex > 0",
      "duration": 1875,
      "animation": "animation.model.reload",
      "shakeEffects": [
        {
          "start": 0,
          "duration": 1500,
          "initialAmplitude": 0.4,
          "rateOfAmplitudeDecay": 0.8
        },
        {
          "start": 330,
          "duration": 1000,
          "initialAmplitude": 0.4,
          "rateOfAmplitudeDecay": 0.5
        },
        {
          "start": 1290,
          "duration": 1000,
          "initialAmplitude": 0.25,
          "rateOfAmplitudeDecay": 0.5
        },
        {
          "start": 2000,
          "duration": 600,
          "initialAmplitude": 0.4,
          "rateOfAmplitudeDecay": 0.3
        },
        {
          "start": 2250,
          "duration": 400,
          "initialAmplitude": 0.2,
          "rateOfAmplitudeDecay": 0.3
        }
      ]
    }

  ]
}