{
    "name": "stellatsweaponries_upgrade_vz-x_overdrive",
    "type": "Attachment",
    "category": "stellatsweaponries_upgrade",
    "groups": [
        "stellatsweaponries_upgrade_vz-x_overdrive"
    ],
    "features": [
        {
            "type": "Reticle",
            "texture": "textures/item/reticle_vz-x_overdrive.png"
        },
        {
            "type": "Damage",
            "hitScanDamageModifier": 1.02
        },
        {
            "type": "Recoil",
            "recoilModifier": 1.25
        }, 
        {
        "type": "FireMode",
        "fireModes": [
                {
                    "name": "overdrive",
                    "displayName": "label.pointblank.fireMode.stellatsweaponries_upgrade_vz-x_overdrive",
                    "type": "AUTOMATIC",
                    "ammo": "stellatsweaponries_energy_capsule_t2",
                    "maxAmmoCapacity": 32,
                    "rpm": 947,
                    "damage": 10.0,
                    "gunRecoilInitialAmplitude" : 0.75,
                    "shakeRecoilAmplitude" : 0.74,
                    "shakeRecoilSpeed" : 1.05,
                    "viewRecoilAmplitude" : 1.1,
                    "fireSound": "stellatsweaponries_vz-x_overdrive"
                }
            ]
        }
    ]
}
