{
  "name" : "stellatsweaponries_amhs_gasoline_pulverizer",
  "type": "Gun",
  "maxAmmoCapacity" : 128,
  "compatibleAmmo" : ["ammocreative", "stellatsweaponries_energy_capsule_t2"],
  "pelletCount" : 18,
  "pelletSpread" : 0.1069,
  "damage" : 0.69,
  "rpm" : 369,
  "reloadCooldownDuration" : 5730,
  "fireModes" : ["SINGLE", "AUTOMATIC"],
  "fireSound" : "stellatsweaponries_amhs_gasoline_pulverizer",
  "drawCooldownDuration" : 1500,
  "aimingZoom" : 0.05,
  "gunRecoilInitialAmplitude" : 0.52,
  "shakeRecoilAmplitude" : 0.26,
  "shakeRecoilSpeed" : 1.55,
  "viewRecoilAmplitude" : 4.8,
  "inspectCooldownDuration": 5600,
  "glowingParts": [
    {
      "name": "glow"
    },
    {
      "name": "glow2"
    },
    {
      "name": "glow3"
    },
    {
      "name": "glow4"
    },
    {
      "name": "glow5"
    },
    {
      "name": "glow6"
    },
    {
      "name": "glow7"
    },
    {
      "name": "glow8"
    },
    {
      "name": "glow9"
    },
    {
      "name": "glow10"
    }
  ],
  "effects": [
    {
      "phase": "firing",
      "name": "muzzle_flash"
    }
  ],
  "phasedReloads": [
    {
      "phase": "RELOADING",
      "condition": "reloadIterationIndex == 0",
      "duration": 5730,
      "animation": "animation.model.reloadempty",
      "shakeEffects": [
        {
          "start": 0,
          "duration": 1500,
          "initialAmplitude": 0.2,
          "rateOfAmplitudeDecay": 0.8
        },
        {
          "start": 250,
          "duration": 1000,
          "initialAmplitude": 0.2,
          "rateOfAmplitudeDecay": 0.5
        },
        {
          "start": 800,
          "duration": 1000,
          "initialAmplitude": 0.15,
          "rateOfAmplitudeDecay": 0.5
        },
        {
          "start": 1100,
          "duration": 600,
          "initialAmplitude": 0.2,
          "rateOfAmplitudeDecay": 0.3
        },
        {
          "start": 1600,
          "duration": 400,
          "initialAmplitude": 0.35,
          "rateOfAmplitudeDecay": 0.3
        }
      ]
    },
    {
      "phase": "RELOADING",
      "condition": "reloadIterationIndex > 0",
      "duration": 5730,
      "animation": "animation.model.reload",						
      "shakeEffects": [
        {
          "start": 0,
          "duration": 1500,
          "initialAmplitude": 0.2,
          "rateOfAmplitudeDecay": 0.8
        },
        {
          "start": 600,
          "duration": 1000,
          "initialAmplitude": 0.15,
          "rateOfAmplitudeDecay": 0.5
        },
        {
          "start": 900,
          "duration": 800,
          "initialAmplitude": 0.17,
          "rateOfAmplitudeDecay": 0.5
        },
        {
          "start": 1000,
          "duration": 400,
          "initialAmplitude": 0.22,
          "rateOfAmplitudeDecay": 0.6
        }
      ]
    }
  ]
}