{
    "name": "stellatsweaponries_upgrade_amhs_steelmelter_overcharge",
    "type": "Attachment",
    "category": "stellatsweaponries_upgrade",
    "groups": [
        "stellatsweaponries_upgrade_amhs_steelmelter_overcharge"
    ],
    "features": [
        {
            "type": "FireMode",
            "fireModes": [
                {
                    "name": "slug",
                    "displayName": "label.pointblank.fireMode.stellatsweaponries_upgrade_amhs_steelmelter_overcharge",
                    "type": "SINGLE",
                    "ammo": "stellatsweaponries_energy_capsule_t3",
                    "maxAmmoCapacity": 1,
                    "rpm": 10,
                    "damage": 4.6969,
                    "isUsingDefaultMuzzle": true,
                    "shakeRecoilAmplitude": 0.75,
                    "shakeRecoilSpeed": 2.0,
                    "shakeRecoilDuration": 500,
                    "animationName": "animation.model.fire_overcharge",
                    "fireSound": "stellatsweaponries_amhs_steelmelter_overcharge"
                }
            ]
        },
        {
            "type": "Accuracy",
            "accuracyModifier": 1.5
        },
        {
            "type": "Damage",
            "hitScanDamageModifier": 1.1
        },
        {
            "type": "Recoil",
            "recoilModifier": 1.25
        }
    ]
}