{
  "name" : "stellatsweaponries_mz-x",
  "type": "Gun",
  "maxAmmoCapacity" : 50,
  "compatibleAmmo" : ["ammocreative", "stellatsweaponries_energy_pack"],
  "damage" : 4.569,
  "rpm" : 869,
  "fireModes" : ["AUTOMATIC", "BURST"],
  "fireSound" : "stellatsweaponries_mz-x",
  "drawCooldownDuration" : 650,
  "aimingZoom" : 0.15,
  "gunRecoilInitialAmplitude" : 0.8,
  "shakeRecoilAmplitude" : 0.69,
  "shakeRecoilSpeed" : 1.0,
  "viewRecoilAmplitude" : 1,
  "inspectCooldownDuration": 5130,
  "reticleOverlay": "textures/item/reticle_arrow.png",
  "glowingParts": [
    {
      "name": "glow"
    },
    {
      "name": "glow2"
    },
    {
      "name": "catridge"
    }
  ],
  "phasedReloads": [
    {
      "phase": "RELOADING",
      "condition": "reloadIterationIndex == 0",
      "duration": 2850,
      "animation": "animation.model.reloadempty",
      "shakeEffects": [
        {
          "start": 0,
          "duration": 1500,
          "initialAmplitude": 0.4,
          "rateOfAmplitudeDecay": 0.8
        },
        {
          "start": 330,
          "duration": 1000,
          "initialAmplitude": 0.4,
          "rateOfAmplitudeDecay": 0.5
        },
        {
          "start": 1290,
          "duration": 1000,
          "initialAmplitude": 0.25,
          "rateOfAmplitudeDecay": 0.5
        },
        {
          "start": 2000,
          "duration": 600,
          "initialAmplitude": 0.4,
          "rateOfAmplitudeDecay": 0.3
        },
        {
          "start": 2330,
          "duration": 400,
          "initialAmplitude": 0.3,
          "rateOfAmplitudeDecay": 0.45
        },
        {
          "start": 2670,
          "duration": 300,
          "initialAmplitude": 0.2,
          "rateOfAmplitudeDecay": 0.3
        },
        {
          "start": 2830,
          "duration": 300,
          "initialAmplitude": 0.1,
          "rateOfAmplitudeDecay": 0.1
        },
        {
          "start": 3000,
          "duration": 400,
          "initialAmplitude": 0.2,
          "rateOfAmplitudeDecay": 0.3
        }
      ]
    },
    {
      "phase": "RELOADING",
      "condition": "reloadIterationIndex > 0",
      "duration": 1300,
      "animation": "animation.model.reload",
      "shakeEffects": [
        {
          "start": 0,
          "duration": 1500,
          "initialAmplitude": 0.4,
          "rateOfAmplitudeDecay": 0.8
        },
        {
          "start": 330,
          "duration": 1000,
          "initialAmplitude": 0.4,
          "rateOfAmplitudeDecay": 0.5
        },
        {
          "start": 1290,
          "duration": 1000,
          "initialAmplitude": 0.25,
          "rateOfAmplitudeDecay": 0.5
        },
        {
          "start": 2000,
          "duration": 600,
          "initialAmplitude": 0.4,
          "rateOfAmplitudeDecay": 0.3
        },
        {
          "start": 2250,
          "duration": 400,
          "initialAmplitude": 0.2,
          "rateOfAmplitudeDecay": 0.3
        }
      ]
    }

  ]
}