{
  "name" : "stellatsweaponries_m3k-4",
  "type": "Gun",
  "maxAmmoCapacity" : 256,
  "compatibleAmmo" : ["ammocreative", "stellatsweaponries_energy_capsule_t2"],
  "damage" : 5.69,
  "rpm" : 2400,
  "fireModes" : ["AUTOMATIC"],
  "fireSound" : "stellatsweaponries_m3k-4",
  "drawCooldownDuration" : 900,
  "aimingZoom" : 0.25,
  "gunRecoilInitialAmplitude" : 0.8,
  "shakeRecoilAmplitude" : 0.969,
  "shakeRecoilSpeed" : 1.25,
  "viewRecoilAmplitude" : 1,
  "inspectCooldownDuration": 4235,
  "reticleOverlay": "textures/item/reticle_circle.png",
  "prepareFireCooldownDuration" : 500,
  "completeFireCooldownDuration" : 750,
  "glowingParts": [
    {
      "name": "glow"
    },
    {
      "name": "glow2"
    },
    {
      "name": "glow3"
    },
    {
      "name": "glow4"
    },
    {
      "name": "glow5"
    },
    {
      "name": "glow6"
    },
    {
      "name": "glow7"
    }
  ],
  "rotations": [
    {
      "phase": "fire",
      "modelPart": "gatling",
      "rpm": 2400,
      "acceleration": 0.75,
      "deceleration": 0.175
    },
    {
      "phase": "fire",
      "modelPart": "glow7",
      "rpm": 2400,
      "acceleration": 0.75,
      "deceleration": 0.25
    }
  ],
  "effects": [
    {
      "phase": "hit_scan_acquired",
      "name": "stellatsweaponries_laser_tracer"
    }
  ],
  "phasedReloads": [
    {
      "phase": "RELOADING",
      "condition": "reloadIterationIndex == 0",
      "duration": 3630,
      "animation": "animation.model.reloadempty",
      "shakeEffects": [
        {
          "start": 0,
          "duration": 1500,
          "initialAmplitude": 0.4,
          "rateOfAmplitudeDecay": 0.8
        },
        {
          "start": 330,
          "duration": 1000,
          "initialAmplitude": 0.4,
          "rateOfAmplitudeDecay": 0.5
        },
        {
          "start": 1290,
          "duration": 1000,
          "initialAmplitude": 0.25,
          "rateOfAmplitudeDecay": 0.5
        },
        {
          "start": 2000,
          "duration": 600,
          "initialAmplitude": 0.4,
          "rateOfAmplitudeDecay": 0.3
        },
        {
          "start": 2330,
          "duration": 400,
          "initialAmplitude": 0.3,
          "rateOfAmplitudeDecay": 0.45
        },
        {
          "start": 2670,
          "duration": 300,
          "initialAmplitude": 0.2,
          "rateOfAmplitudeDecay": 0.3
        },
        {
          "start": 2830,
          "duration": 300,
          "initialAmplitude": 0.1,
          "rateOfAmplitudeDecay": 0.1
        },
        {
          "start": 3000,
          "duration": 400,
          "initialAmplitude": 0.2,
          "rateOfAmplitudeDecay": 0.3
        }
      ]
    },
    {
      "phase": "RELOADING",
      "condition": "reloadIterationIndex > 0",
      "duration": 2630,
      "animation": "animation.model.reload",
      "shakeEffects": [
        {
          "start": 0,
          "duration": 1500,
          "initialAmplitude": 0.4,
          "rateOfAmplitudeDecay": 0.8
        },
        {
          "start": 330,
          "duration": 1000,
          "initialAmplitude": 0.4,
          "rateOfAmplitudeDecay": 0.5
        },
        {
          "start": 1290,
          "duration": 1000,
          "initialAmplitude": 0.25,
          "rateOfAmplitudeDecay": 0.5
        },
        {
          "start": 2000,
          "duration": 600,
          "initialAmplitude": 0.4,
          "rateOfAmplitudeDecay": 0.3
        },
        {
          "start": 2250,
          "duration": 400,
          "initialAmplitude": 0.2,
          "rateOfAmplitudeDecay": 0.3
        }
      ]
    }

  ]
}