{
  "name" : "stellatsweaponries_atomic_devourer",
  "type": "Gun",
  "maxAmmoCapacity" : 8,
  "compatibleAmmo" : ["ammocreative", "stellatsweaponries_energy_capsule_t3"],
  "damage" : 25.0,
  "rpm" : 24,
  "fireModes" : ["SINGLE"],
  "fireSound" : "stellatsweaponries_atomic_devourer",
  "drawCooldownDuration" : 1250,
  "aimingZoom" : 0.1,
  "bobbingOnAim": 0.085,
  "gunRecoilInitialAmplitude" : 0.69,
  "shakeRecoilAmplitude" : 0.969,
  "shakeRecoilSpeed" : 1,
  "viewRecoilAmplitude" : 1,
  "inspectCooldownDuration": 5000,
  "compatibleAttachmentGroups": [
    "snipers_sights",
    "stellatsweaponries_upgrade_atomic_devourer_anti-neutron"
  ],
  "glowingParts": [
    {
      "name": "octagon6"
    },
    {
      "name": "chamberbullet"
    },
    {
      "name": "chamberbullet2"
    },
    {
      "name": "ready"
    },
    {
      "name": "unready"
    },
    {
      "name": "glow"
    },
    {
      "name": "glow2"
    },
    {
      "name": "glow3"
    },
    {
      "name": "glow4"
    },
    {
      "name": "glow5"
    },
    {
      "name": "glow6"
    }
  ],
  "phasedReloads": [
    {
      "phase": "RELOADING",
      "condition": "reloadIterationIndex == 0",
      "duration": 3920,
      "animation": "animation.model.reloadempty",
      "shakeEffects": [
        {
          "start": 0,
          "duration": 1500,
          "initialAmplitude": 0.4,
          "rateOfAmplitudeDecay": 0.8
        },
        {
          "start": 250,
          "duration": 1000,
          "initialAmplitude": 0.4,
          "rateOfAmplitudeDecay": 0.5
        },
        {
          "start": 830,
          "duration": 1000,
          "initialAmplitude": 0.25,
          "rateOfAmplitudeDecay": 0.5
        },
        {
          "start": 2000,
          "duration": 600,
          "initialAmplitude": 0.4,
          "rateOfAmplitudeDecay": 0.3
        },
        {
          "start": 3000,
          "duration": 400,
          "initialAmplitude": 0.6,
          "rateOfAmplitudeDecay": 0.5
        }
      ]
    },
    {
      "phase": "RELOADING",
      "condition": "reloadIterationIndex > 0",
      "duration": 2670,
      "animation": "animation.model.reload",
      "shakeEffects": [
        {
          "start": 0,
          "duration": 1500,
          "initialAmplitude": 0.4,
          "rateOfAmplitudeDecay": 0.8
        },
        {
          "start": 250,
          "duration": 1000,
          "initialAmplitude": 0.4,
          "rateOfAmplitudeDecay": 0.5
        },
        {
          "start": 830,
          "duration": 1000,
          "initialAmplitude": 0.25,
          "rateOfAmplitudeDecay": 0.5
        },
        {
          "start": 2000,
          "duration": 600,
          "initialAmplitude": 0.4,
          "rateOfAmplitudeDecay": 0.3
        },
        {
          "start": 3000,
          "duration": 400,
          "initialAmplitude": 0.6,
          "rateOfAmplitudeDecay": 0.5
        }
      ]
    }

  ]
}