{
	"format_version": "1.8.0",
	"animations": {
		"animation.model.draw": {
			"loop": true,
			"animation_length": 1.2,
			"bones": {
				"main": {
					"rotation": {
						"0.0": {
							"vector": [32.09413, -54.38778, -8.29667]
						},
						"0.35": {
							"vector": [0.50518, -5.08075, 6.8716],
							"easing": "easeOutSine"
						},
						"0.5": {
							"vector": [0.32389, -0.60235, -2.1558],
							"easing": "linear"
						},
						"0.6": {
							"vector": [0, 0, 0],
							"easing": "linear"
						}
					},
					"position": {
						"0.0": {
							"vector": [0, -17.3, 0]
						},
						"0.25": {
							"vector": [-0.4, -2.525, -1.625],
							"easing": "linear"
						},
						"0.4": {
							"vector": [-0.05, 0, -2.49],
							"easing": "linear"
						},
						"0.55": {
							"vector": [0, 0, 0],
							"easing": "linear"
						}
					}
				},
				"leftarm": {
					"rotation": {
						"0.0": {
							"vector": [0, 0, 0]
						},
						"0.2": {
							"vector": [1, 0, -22]
						},
						"0.4": {
							"vector": [0, 0, 0]
						}
					},
					"position": {
						"0.0": {
							"vector": [0, 0, 0]
						},
						"0.2": {
							"vector": [3.53901, 3.6754, 5.59783]
						},
						"0.4": {
							"vector": [0, 0, 0]
						}
					}
				}
			}
		},
		"animation.model.fire": {
			"animation_length": 0.04,
			"bones": {
				"action": {
					"position": {
						"0.0": {
							"vector": [0, 0, 0]
						},
						"0.04": {
							"vector": [0, 0, 11]
						}
					}
				},
				"bolt": {
					"position": {
						"0.0": {
							"vector": [0, 0, 0]
						},
						"0.04": {
							"vector": [0, 0, 10.9]
						}
					}
				}
			}
		},
		"animation.model.reload": {
			"animation_length": 2.0833,
			"bones": {
				"main": {
					"rotation": {
						"0.0": {
							"vector": [0, 0, 0]
						},
						"0.15": {
							"vector": [-0.40001, -0.58587, 10.01839]
						},
						"0.2667": {
							"vector": [-5.70348, -0.76534, -15.25813]
						},
						"0.3833": {
							"vector": [-6.65815, -0.97263, -18.00197]
						},
						"0.4667": {
							"vector": [-6.64356, 1.1494, 0.33414]
						},
						"0.5167": {
							"vector": [-7.73675, 1.31534, 19.19529]
						},
						"0.5833": {
							"vector": [-7.39568, 0.92401, 21.74434]
						},
						"0.6667": {
							"vector": [-6.66131, -0.16172, 13.12831]
						},
						"0.8": {
							"vector": [-6.39576, 1.64686, 14.21659]
						},
						"0.9833": {
							"vector": [-6.13324, -2.02122, -11.1085]
						},
						"1.0667": {
							"vector": [-5.98857, -2.75716, -14.61453]
						},
						"1.1833": {
							"vector": [-5.98857, -2.75716, -7.69257]
						},
						"1.2833": {
							"vector": [-7.09029, -2.56013, -17.38711]
						},
						"1.3833": {
							"vector": [-6.84482, -2.50398, -8.87264]
						},
						"1.5333": {
							"vector": [-0.00765, -1.26962, 11.70826]
						},
						"1.6833": {
							"vector": [0, 0, 0]
						}
					},
					"position": {
						"0.0": {
							"vector": [0, 0, 0]
						},
						"0.0833": {
							"vector": [-0.28, -2.155, -2.53]
						},
						"0.15": {
							"vector": [-0.56, -3.2, -5.95]
						},
						"0.2": {
							"vector": [-0.79, -3.22, -6.29]
						},
						"0.2667": {
							"vector": [-1.06, -2.27, -3.5]
						},
						"0.3333": {
							"vector": [-1.34361, -0.56663, -0.65953]
						},
						"0.4167": {
							"vector": [-1.3, 0.1, 0.775]
						},
						"0.5167": {
							"vector": [-1.87415, -2.98219, -0.01523],
							"easing": "linear"
						},
						"0.6833": {
							"vector": [-1.47, -3.46, -2.17]
						},
						"0.75": {
							"vector": [-1.47, -3.88, -2.36]
						},
						"0.8667": {
							"vector": [-1.47, -4.085, -2.29]
						},
						"0.95": {
							"vector": [-1.47, -3.515, -1.42]
						},
						"1.0667": {
							"vector": [-1.695, -2.99, -1.995]
						},
						"1.1833": {
							"vector": [-1.465, -2.615, -1.99]
						},
						"1.25": {
							"vector": [-1.51, -1.72, -1.64]
						},
						"1.3667": {
							"vector": [-0.71, -3.18, -2.06]
						},
						"1.4833": {
							"vector": [-0.5, -3.47, -3.03]
						},
						"1.5667": {
							"vector": [-0.15, -2.195, -4.53]
						},
						"1.6833": {
							"vector": [0, 0, 0],
							"easing": "easeOutSine"
						}
					}
				},
				"leftarm": {
					"rotation": {
						"0.0": {
							"vector": [0, 0, 0]
						},
						"0.2": {
							"vector": [-4.95271, -0.55349, -4.96818]
						},
						"0.2833": {
							"vector": [-4.95271, 4.69651, -4.96818]
						},
						"0.4667": {
							"vector": [18.20913, 8.89081, -8.27636]
						},
						"0.8333": {
							"vector": [18.20913, 8.89081, -8.27636]
						},
						"1.0": {
							"vector": [4.85125, -1.23851, -3.53817]
						},
						"1.0667": {
							"vector": [4.84045, -3.13051, -2.32035]
						},
						"1.1": {
							"vector": [4.81221, -1.50563, 0.20175]
						},
						"1.1667": {
							"vector": [3.21933, -3.43166, 0.28598]
						},
						"1.2333": {
							"vector": [0.42193, -6.78398, 0.57377]
						},
						"1.3667": {
							"vector": [0.42193, -6.78398, 0.57377]
						},
						"1.6333": {
							"vector": [0, 0, 0]
						}
					},
					"position": {
						"0.0": {
							"vector": [0, 0, 0]
						},
						"0.1": {
							"vector": [5.85824, -4.43129, 6.71556]
						},
						"0.2": {
							"vector": [1.84194, -7.32137, 12.76278]
						},
						"0.2833": {
							"vector": [2.56694, -6.72137, 12.76278]
						},
						"0.4667": {
							"vector": [9.26236, -17.45278, 27.42519]
						},
						"0.8333": {
							"vector": [9.26236, -17.45278, 27.42519]
						},
						"0.9167": {
							"vector": [1.185, -18.755, 8.72]
						},
						"1.0": {
							"vector": [0.32813, -9.66286, 11.43322]
						},
						"1.0667": {
							"vector": [-1.52, -9.66, 10.43]
						},
						"1.1": {
							"vector": [-1.795, -9.66, 10.43]
						},
						"1.1667": {
							"vector": [-1.79, -10.385, 9.98]
						},
						"1.2333": {
							"vector": [-1.965, -9.13, 8.98]
						},
						"1.3667": {
							"vector": [-1.965, -9.13, 8.98]
						},
						"1.4833": {
							"vector": [1.29, -6.09, 5.05]
						},
						"1.6333": {
							"vector": [0, 0, 0]
						}
					}
				},
				"magazine2": {
					"rotation": {
						"0.0": {
							"vector": [0, 0, 0]
						},
						"0.0167": {
							"vector": [0, 0, 0]
						},
						"0.05": {
							"vector": [0, 0, 0]
						},
						"0.2167": {
							"vector": [0, 0, 0]
						},
						"0.3333": {
							"vector": [1.17198, -4.64451, 2.15915]
						},
						"0.4667": {
							"vector": [1.17198, -4.64451, 2.15915]
						},
						"0.5333": {
							"vector": [1.67643, -4.4764, -4.2173]
						},
						"0.6": {
							"vector": [2.69181, -3.9633, -17.88648]
						},
						"0.6833": {
							"vector": [6.30177, -4.05479, -15.88367]
						},
						"0.75": {
							"vector": [3.59963, -2.54111, -6.55615]
						},
						"0.8167": {
							"vector": [0, 0, 0]
						},
						"0.9833": {
							"vector": [0, 0, 0],
							"easing": "linear"
						}
					},
					"position": {
						"0.0": {
							"vector": [0, 0, 0]
						},
						"0.0167": {
							"vector": [15, -19, 6]
						},
						"0.05": {
							"vector": [15, -19, 6]
						},
						"0.2167": {
							"vector": [15, -19, 6]
						},
						"0.3333": {
							"vector": [3.975, -2.1, -0.3]
						},
						"0.4667": {
							"vector": [3.975, -0.125, -0.3]
						},
						"0.5333": {
							"vector": [5.25377, -9.14822, -0.26493]
						},
						"0.6": {
							"vector": [9.2545, -12.48691, -0.28174]
						},
						"0.6833": {
							"vector": [4.285, -7.09, -0.3]
						},
						"0.75": {
							"vector": [1.17, -7.67, -0.13]
						},
						"0.8167": {
							"vector": [0, -7.225, 0]
						},
						"0.9167": {
							"vector": [0, -6.57, 0]
						},
						"0.9833": {
							"vector": [0, 0, 0],
							"easing": "linear"
						}
					},
					"scale": {
						"0.0": {
							"vector": [0, 0, 0]
						},
						"0.0167": {
							"vector": [0, 0, 0]
						},
						"0.05": {
							"vector": [1, 1, 1]
						},
						"0.2167": {
							"vector": [1, 1, 1]
						}
					}
				},
				"magazine": {
					"rotation": {
						"0.0": {
							"vector": [0, 0, 0]
						},
						"0.4667": {
							"vector": [0, 0, 0]
						},
						"0.5333": {
							"vector": [0, 0, 0]
						},
						"0.6": {
							"vector": [0, 0, 6]
						},
						"0.8333": {
							"vector": [0, 0, 6]
						},
						"0.9167": {
							"vector": [3.56497, 1.5839, -11.78343]
						},
						"1.0": {
							"vector": [6.52951, 1.71485, -14.65217]
						},
						"1.0667": {
							"vector": [0, 0, 2.25]
						},
						"1.1": {
							"vector": [0, 0, 0]
						},
						"1.2333": {
							"vector": [0, 0, 0]
						}
					},
					"position": {
						"0.0": {
							"vector": [0, 0, 0]
						},
						"0.4667": {
							"vector": [0, 0, 0]
						},
						"0.5333": {
							"vector": [0, -10, 0]
						},
						"0.6": {
							"vector": [-4.775, -29.35, 0]
						},
						"0.8333": {
							"vector": [-4.775, -29.35, 0]
						},
						"0.9167": {
							"vector": [3.465, -17.34, 0.03]
						},
						"1.0": {
							"vector": [3.68707, -5.79444, 0.0674]
						},
						"1.0667": {
							"vector": [-0.37812, -5.34847, -1.20491]
						},
						"1.1": {
							"vector": [0, -4.65, -1.225]
						},
						"1.1667": {
							"vector": [0, -4.25, -1.145]
						},
						"1.2333": {
							"vector": [0, 0, 0]
						}
					}
				}
			},
			"sound_effects": {
				"0.0": {
					"effect": "foley_start"
				},
				"0.1833": {
					"effect": "mp5_magout"
				},
				"0.7667": {
					"effect": "mp5_magin"
				},
				"1.2": {
					"effect": "foley_end"
				}
			}
		},
		"animation.model.inspect": {
			"animation_length": 6.2667,
			"bones": {
				"main": {
					"rotation": {
						"0.0": {
							"vector": [0, 0, 0]
						},
						"0.35": {
							"vector": [-26.32055, -28.95323, -38.41824],
							"easing": "easeInOutQuad"
						},
						"0.45": {
							"vector": [-25.66239, -31.53589, -44.68762]
						},
						"0.5833": {
							"vector": [-29.3192, -30.58227, -40.03448]
						},
						"0.75": {
							"vector": [-27.10413, -31.89841, -42.85878]
						},
						"0.8833": {
							"vector": [-27.78689, -31.32225, -41.55621]
						},
						"1.0333": {
							"vector": [-27.51613, -31.5543, -42.0753]
						},
						"1.2333": {
							"vector": [-23.71064, -34.36823, -49.06156],
							"easing": "easeInOutSine"
						},
						"1.4": {
							"vector": [-21.1074, -35.89402, -53.58343],
							"easing": "easeOutSine"
						},
						"1.5667": {
							"vector": [-21.94193, -35.43536, -52.15215]
						},
						"1.7833": {
							"vector": [-20.76832, -36.0727, -54.16054]
						},
						"2.55": {
							"vector": [-23.3185, -35.45401, -49.81532]
						},
						"2.75": {
							"vector": [-51.25525, -13.69623, -15.09178]
						},
						"2.8833": {
							"vector": [-65.63972, 2.32296, -3.688]
						},
						"3.0667": {
							"vector": [-74.01117, 23.8148, -0.67983]
						},
						"3.2167": {
							"vector": [-79.3734, 25.56465, -3.9573]
						},
						"3.4333": {
							"vector": [-78.98912, 24.70845, -3.62085]
						},
						"3.6667": {
							"vector": [-78.89762, 23.48902, -2.80696]
						},
						"3.9167": {
							"vector": [-78.94097, 24.0015, -2.60182]
						},
						"4.2667": {
							"vector": [-78.95092, 23.9453, -3.0957]
						},
						"4.6667": {
							"vector": [-78.95092, 23.9453, -3.0957]
						},
						"5.05": {
							"vector": [-3.27585, -3.91843, 52.5061],
							"easing": "easeOutSine"
						},
						"5.3167": {
							"vector": [1.57141, -1.85374, -1.9128],
							"easing": "easeOutSine"
						},
						"5.4": {
							"vector": [0.27288, -0.37236, 1.59554],
							"easing": "linear"
						},
						"5.4833": {
							"vector": [0, 0, 0],
							"easing": "linear"
						}
					},
					"position": {
						"0.0": {
							"vector": [0, 0, 0]
						},
						"0.3": {
							"vector": [-4.15, 1.75, -15.475],
							"easing": "easeOutQuad"
						},
						"0.4": {
							"vector": [-4.15, -0.15, -14.6],
							"easing": "easeInOutSine"
						},
						"0.5167": {
							"vector": [-4.15, -0.925, -14.6],
							"easing": "linear"
						},
						"0.7": {
							"vector": [-4.2, -0.42, -14.6]
						},
						"0.9": {
							"vector": [-4.12, -0.57, -14.6]
						},
						"1.0667": {
							"vector": [-4.15, -0.47, -14.6]
						},
						"1.3": {
							"vector": [-4.15, -0.12, -14.825],
							"easing": "easeInOutQuad"
						},
						"1.5333": {
							"vector": [-4.2, -0.12, -15.04]
						},
						"1.7": {
							"vector": [-4.2, -0.02, -15.04]
						},
						"2.3": {
							"vector": [-4.2, -1.495, -15.04],
							"easing": "easeInOutSine"
						},
						"2.4333": {
							"vector": [-4.03, -1.67, -15.04]
						},
						"2.55": {
							"vector": [-3.7, 0.08, -15.04],
							"easing": "easeInSine"
						},
						"2.65": {
							"vector": [-0.18968, 5.0153, -18.15932]
						},
						"2.75": {
							"vector": [4.78001, 6.68487, -20.58417],
							"easing": "easeInOutQuad"
						},
						"2.85": {
							"vector": [12.24, 1.085, -21.53]
						},
						"3.0333": {
							"vector": [24.8, -17.445, -24.215],
							"easing": "easeInOutSine"
						},
						"3.1667": {
							"vector": [26.05, -19.97, -23.16],
							"easing": "linear"
						},
						"3.4167": {
							"vector": [26.05, -18.915, -23.16],
							"easing": "easeInOutSine"
						},
						"3.9": {
							"vector": [26.05, -18.145, -23.16]
						},
						"4.2667": {
							"vector": [26.05, -18.34, -23.16],
							"easing": "easeInOutSine"
						},
						"4.6667": {
							"vector": [25.39, -20.09, -22.52]
						},
						"4.8167": {
							"vector": [14.76, -16.93, -12.15]
						},
						"5.0": {
							"vector": [2.27, -9.09, 0.045]
						},
						"5.2": {
							"vector": [0.02894, -1.60775, -6.90297]
						},
						"5.2833": {
							"vector": [0.05077, -1.45863, -3.79557],
							"easing": "linear"
						},
						"5.4": {
							"vector": [-0.01391, -0.26895, -0.26276]
						},
						"5.4833": {
							"vector": [0, 0, 0],
							"easing": "linear"
						}
					}
				},
				"rightarm": {
					"rotation": {
						"0.0": {
							"vector": [0, 0, 0]
						},
						"2.65": {
							"vector": [0, 0, 0]
						},
						"4.9833": {
							"vector": [0, 0, 0]
						}
					},
					"position": {
						"0.0": {
							"vector": [0, 0, 0]
						},
						"2.65": {
							"vector": [0, 0, 0]
						},
						"2.7833": {
							"vector": [-6.30177, -6.68954, 29.94651]
						},
						"4.75": {
							"vector": [-6.30177, -6.68954, 29.94651]
						},
						"4.9833": {
							"vector": [0, 0, 0]
						}
					}
				},
				"leftarm": {
					"rotation": {
						"0.0": {
							"vector": [0, 0, 0]
						},
						"0.2833": {
							"vector": [-45.13234, 71.33372, -81.76837]
						},
						"2.6333": {
							"vector": [-45.13234, 71.33372, -81.76837]
						},
						"2.6833": {
							"vector": [96.97325, 30.0031, 35.42478]
						},
						"3.0333": {
							"vector": [96.97325, 30.0031, 35.42478]
						},
						"4.6667": {
							"vector": [96.97325, 30.0031, 35.42478]
						},
						"5.1667": {
							"vector": [0, 0, 0]
						}
					},
					"position": {
						"0.0": {
							"vector": [0, 0, 0]
						},
						"0.0667": {
							"vector": [9.47769, -9.10617, 9.45309]
						},
						"0.2833": {
							"vector": [12.05588, -33.69803, 37.55014]
						},
						"2.6333": {
							"vector": [12.05588, -33.69803, 37.55014]
						},
						"2.7667": {
							"vector": [16.26701, 33.15434, 47.96913]
						},
						"3.0333": {
							"vector": [-3.77362, 37.21582, 16.89297]
						},
						"4.6667": {
							"vector": [-3.77362, 37.21582, 16.89297]
						},
						"5.1667": {
							"vector": [0, 0, 0]
						}
					},
					"scale": {
						"0.0": {
							"vector": [1, 1, 1]
						},
						"2.6333": {
							"vector": [1, 1, 1]
						},
						"2.7667": {
							"vector": [1.2, 1.4, 1.2]
						},
						"3.0333": {
							"vector": [1.2, 1.4, 1.2]
						},
						"4.6667": {
							"vector": [1.2, 1.4, 1.2]
						},
						"5.1667": {
							"vector": [1, 1, 1]
						}
					}
				},
				"_camera_": {
					"rotation": {
						"0.0": {
							"vector": [0, 0, 0]
						},
						"0.1333": {
							"vector": [-0.01091, 1.24995, -0.50012]
						},
						"0.2833": {
							"vector": [-1.31346, 1.78854, -1.03401]
						},
						"0.4833": {
							"vector": [-3.43914, 2.08948, 0.95199],
							"easing": "easeInOutQuad"
						},
						"0.8333": {
							"vector": [-4.99004, 2.77768, -0.09243],
							"easing": "easeInOutSine"
						},
						"1.0667": {
							"vector": [-5.49004, 2.77768, -0.09243]
						},
						"1.7333": {
							"vector": [7.44976, 9.00685, -1.60374],
							"easing": "easeInSine"
						},
						"1.95": {
							"vector": [9.88265, 9.8236, -2.03661],
							"easing": "easeOutSine"
						},
						"2.25": {
							"vector": [10.3897, 9.84427, -1.20003],
							"easing": "easeOutSine"
						},
						"2.5667": {
							"vector": [9.96385, 7.66225, 1.88547],
							"easing": "easeInSine"
						},
						"2.7833": {
							"vector": [1.24375, 5.27922, 3.31414]
						},
						"2.9667": {
							"vector": [5.41765, 2.01024, 2.19487]
						},
						"3.2167": {
							"vector": [12.17135, -3.19168, -0.93824],
							"easing": "easeOutSine"
						},
						"3.5833": {
							"vector": [9.63273, -4.12615, 0.15611]
						},
						"4.3": {
							"vector": [5.12655, -3.80897, -0.98969],
							"easing": "easeInOutSine"
						},
						"4.5167": {
							"vector": [4.61883, -3.81704, -0.95786],
							"easing": "easeInOutSine"
						},
						"4.9667": {
							"vector": [2.5026, -0.00111, -0.00518],
							"easing": "easeInOutSine"
						},
						"5.1333": {
							"vector": [1.75872, -0.39593, -1.62595],
							"easing": "easeInOutSine"
						},
						"5.25": {
							"vector": [1.24924, -0.00333, 0.0435]
						},
						"5.35": {
							"vector": [0.44082, -0.01767, 1.01624]
						},
						"5.4833": {
							"vector": [0, 0, 0],
							"easing": "easeOutSine"
						}
					},
					"position": {
						"0.0": {
							"vector": [0, 0, 0]
						},
						"4.9667": {
							"vector": [0, 0, 0]
						}
					}
				}
			},
			"sound_effects": {
				"0.0": {
					"effect": "inspect_up"
				},
				"1.0667": {
					"effect": "inspect_foley"
				},
				"2.25": {
					"effect": "inspect_turn"
				},
				"2.6667": {
					"effect": "inspect_down"
				},
				"4.95": {
					"effect": "inspect_down"
				}
			}
		},
		"animation.model.reloadempty": {
			"animation_length": 3.6833,
			"bones": {
				"main": {
					"rotation": {
						"0.0": {
							"vector": [0, 0, 0]
						},
						"0.1667": {
							"vector": [0.95917, -0.22757, 11.35033]
						},
						"0.35": {
							"vector": [1.59108, -0.44194, 5.90546],
							"easing": "easeInOutQuad"
						},
						"0.5": {
							"vector": [1.6047, -1.25948, 9.81482],
							"easing": "easeOutSine"
						},
						"0.6": {
							"vector": [1.70809, -0.84077, 5.26419],
							"easing": "easeInOutSine"
						},
						"0.6833": {
							"vector": [1.06663, -1.042, 5.86681]
						},
						"0.7667": {
							"vector": [0.49659, -1.16752, 2.46951]
						},
						"1.0": {
							"vector": [-2.81594, -2.65024, -15.57027],
							"easing": "easeInOutSine"
						},
						"1.1167": {
							"vector": [-4.48626, -1.79941, -11.37979]
						},
						"1.25": {
							"vector": [-4.20366, -2.84461, -17.94447],
							"easing": "easeInOutSine"
						},
						"1.3667": {
							"vector": [-5.42218, -2.97658, -14.03259]
						},
						"1.5833": {
							"vector": [-4.9418, -2.44365, -17.57462]
						},
						"1.7667": {
							"vector": [-4.78339, -1.49838, -16.75521]
						},
						"1.9333": {
							"vector": [-4.85057, -2.20006, -15.17245]
						},
						"2.0333": {
							"vector": [-4.77936, -2.52989, -17.11813]
						},
						"2.1333": {
							"vector": [-4.9683, -2.35167, -13.0797],
							"easing": "easeInOutSine"
						},
						"2.2": {
							"vector": [-4.27431, -2.53429, -14.31442]
						},
						"2.2833": {
							"vector": [-3.59953, -2.42377, -11.36645]
						},
						"2.4167": {
							"vector": [-2.24058, -2.19966, -7.87078]
						},
						"2.5833": {
							"vector": [0.04447, -1.87347, 5.00619]
						},
						"2.65": {
							"vector": [-0.63994, -1.12082, 2.99675]
						},
						"2.7167": {
							"vector": [0.93938, -1.95781, 15.76125]
						},
						"2.8167": {
							"vector": [0.41324, -2.58382, 9.00328]
						},
						"3.15": {
							"vector": [1.57141, -0.85374, -1.9128],
							"easing": "easeOutSine"
						},
						"3.2333": {
							"vector": [0.27288, -0.37236, 1.59554],
							"easing": "linear"
						},
						"3.3167": {
							"vector": [0, 0, 0],
							"easing": "linear"
						}
					},
					"position": {
						"0.0": {
							"vector": [0, 0, 0]
						},
						"0.2667": {
							"vector": [0.03, -1.39, 2.33],
							"easing": "easeInOutSine"
						},
						"0.45": {
							"vector": [0.2, -0.55, 5.16],
							"easing": "easeInSine"
						},
						"0.6": {
							"vector": [0.2, -0.975, 5.375],
							"easing": "easeInOutSine"
						},
						"0.7667": {
							"vector": [0.1, -2.525, 3.69],
							"easing": "easeInSine"
						},
						"0.9833": {
							"vector": [-0.075, -1.655, 0.95],
							"easing": "easeInSine"
						},
						"1.1333": {
							"vector": [-0.08, -0.785, 0.95],
							"easing": "easeOutSine"
						},
						"1.3333": {
							"vector": [-0.08, -1.86, 0.95],
							"easing": "easeInOutSine"
						},
						"1.55": {
							"vector": [-0.08, -2.095, 0.95]
						},
						"1.8167": {
							"vector": [-0.08, -1.715, 0.95]
						},
						"2.0": {
							"vector": [-0.08, -1.335, 0.95]
						},
						"2.1333": {
							"vector": [-0.075, -0.555, 0.95],
							"easing": "easeInOutSine"
						},
						"2.25": {
							"vector": [-0.08, -1.7, 0.95]
						},
						"2.5167": {
							"vector": [-0.48, -2.235, 5.925],
							"easing": "easeInOutSine"
						},
						"2.6333": {
							"vector": [-0.68, -2.065, 6.48]
						},
						"2.7333": {
							"vector": [-0.68, -2.57, 6.48]
						},
						"2.8667": {
							"vector": [-0.68, -2.97, 2.38]
						},
						"3.1167": {
							"vector": [0.05077, -1.45863, -3.79557],
							"easing": "easeInOutSine"
						},
						"3.2333": {
							"vector": [-0.01391, -0.26895, -0.26276]
						},
						"3.3167": {
							"vector": [0, 0, 0],
							"easing": "linear"
						}
					}
				},
				"bolt": {
					"position": {
						"0.0": {
							"vector": [0, 0, 0]
						},
						"0.3833": {
							"vector": [0, 0, 0]
						},
						"0.6333": {
							"vector": [-0.02, -0.03, 7.86]
						},
						"2.7167": {
							"vector": [-0.02, -0.03, 7.86]
						},
						"2.7667": {
							"vector": [0, 0, 0]
						}
					}
				},
				"bolt2": {
					"rotation": {
						"0.0": {
							"vector": [0, 0, 0]
						},
						"0.25": {
							"vector": [0, 0, 0]
						},
						"0.3333": {
							"vector": [-22.43809, -70.29114, 27.0143]
						},
						"0.5833": {
							"vector": [-22.43809, -70.29114, 27.0143]
						},
						"0.6333": {
							"vector": [-23.69503, -70.57078, 14.70807]
						},
						"2.65": {
							"vector": [-23.69503, -70.57078, 14.70807]
						},
						"2.7167": {
							"vector": [-22.43809, -70.29114, 27.0143]
						},
						"2.75": {
							"vector": [0, 0, 0]
						}
					},
					"position": {
						"0.0": {
							"vector": [0, 0, 0]
						},
						"0.25": {
							"vector": [0, 0, 0]
						},
						"0.5833": {
							"vector": [0, 0, 0]
						},
						"0.6333": {
							"vector": [-0.02265, 0.55355, 0.51776]
						},
						"2.65": {
							"vector": [-0.02265, 0.55355, 0.51776]
						},
						"2.7167": {
							"vector": [0, 0, 0]
						}
					}
				},
				"magazine": {
					"rotation": {
						"0.0": {
							"vector": [0, 0, 0]
						},
						"1.1833": {
							"vector": [0, 0, 0]
						},
						"1.2833": {
							"vector": [25.17625, 3.34602, -28.10325]
						},
						"1.85": {
							"vector": [-10.0217, -2.58853, -3.51351]
						},
						"1.9333": {
							"vector": [-0.92326, -0.35086, 0.76899]
						},
						"2.0167": {
							"vector": [-0.9575, -0.28772, 0.02262]
						},
						"2.1": {
							"vector": [0, 0, 0]
						}
					},
					"position": {
						"0.0": {
							"vector": [0, 0, 0]
						},
						"1.1167": {
							"vector": [0, 0, 0]
						},
						"1.1833": {
							"vector": [0, -3.96802, -0.5048]
						},
						"1.2833": {
							"vector": [8.51563, -14.24604, 4.30875]
						},
						"1.4": {
							"vector": [2.47071, -26.33146, 13.43764]
						},
						"1.5": {
							"vector": [2.47071, -26.33146, 13.43764]
						},
						"1.85": {
							"vector": [1.15258, -3.24326, -3.2314]
						},
						"1.9333": {
							"vector": [-0.1878, -2.94254, -0.50712]
						},
						"2.0167": {
							"vector": [0.26699, -3.0793, -0.51673]
						},
						"2.1": {
							"vector": [0, 0, 0]
						}
					}
				},
				"bullet": {
					"position": {
						"0.0": {
							"vector": [0, -2, 0]
						},
						"1.45": {
							"vector": [0, -2, 0]
						},
						"1.4833": {
							"vector": [0, 0, 0]
						}
					}
				},
				"leftarm": {
					"rotation": {
						"0.0": {
							"vector": [0, 0, 0]
						},
						"0.1833": {
							"vector": [-8.69022, -17.28884, -1.88339],
							"easing": "easeInOutSine"
						},
						"0.25": {
							"vector": [-8.69022, -17.28884, -1.88339],
							"easing": "easeInOutSine"
						},
						"0.3333": {
							"vector": [-12.24853, -21.95691, 2.45106]
						},
						"0.3833": {
							"vector": [-12.24853, -21.95691, 2.45106]
						},
						"0.5167": {
							"vector": [-27.38478, -22.57757, 9.95556]
						},
						"0.5833": {
							"vector": [-27.38478, -22.57757, 9.95556]
						},
						"0.6333": {
							"vector": [-33.83937, -28.46264, 8.09516]
						},
						"0.7": {
							"vector": [-33.83937, -28.46264, 8.09516]
						},
						"1.0167": {
							"vector": [0.81217, -0.42462, 9.8999]
						},
						"1.1167": {
							"vector": [0.81217, -0.42462, 9.8999]
						},
						"1.2833": {
							"vector": [22.97723, 27.4112, 13.01485]
						},
						"1.4": {
							"vector": [27.82065, 23.48659, 14.23335]
						},
						"1.5": {
							"vector": [27.82065, 23.48659, 14.23335]
						},
						"1.85": {
							"vector": [6.22855, -2.07699, 12.27202]
						},
						"1.9333": {
							"vector": [4.31101, -0.48058, 12.6793]
						},
						"2.0167": {
							"vector": [5.84399, -3.10108, 10.80152]
						},
						"2.1": {
							"vector": [1.90842, -7.726, 9.82745]
						},
						"2.1833": {
							"vector": [1.90842, -7.726, 9.82745]
						},
						"2.3167": {
							"vector": [1.90842, -7.726, 9.82745]
						},
						"2.5333": {
							"vector": [-8.83937, -28.46264, -10.65484]
						},
						"2.65": {
							"vector": [-8.83937, -28.46264, -10.65484]
						},
						"2.7167": {
							"vector": [4.65762, -22.07873, -19.85074]
						},
						"2.8167": {
							"vector": [11.91, -22.08, -23.1]
						},
						"3.0167": {
							"vector": [0, 0, 0]
						}
					},
					"position": {
						"0.0": {
							"vector": [0, 0, 0]
						},
						"0.1833": {
							"vector": [4.56159, -4.73326, -3.87971],
							"easing": "easeInOutSine"
						},
						"0.25": {
							"vector": [4.59869, -3.02669, -3.4752],
							"easing": "easeInOutSine"
						},
						"0.3333": {
							"vector": [5.27275, -3.60425, -3.61438]
						},
						"0.3833": {
							"vector": [5.25114, -4.00679, -3.9134]
						},
						"0.5167": {
							"vector": [6.15209, -6.77549, -2.72476]
						},
						"0.5833": {
							"vector": [6.15209, -6.77549, -0.92476]
						},
						"0.6333": {
							"vector": [7.60448, -5.56637, -2.72436]
						},
						"0.7": {
							"vector": [7.10448, -4.96637, -2.42436]
						},
						"1.0167": {
							"vector": [-2.57746, -10.63576, 8.20706]
						},
						"1.1167": {
							"vector": [-2.57746, -10.63576, 8.20706]
						},
						"1.1833": {
							"vector": [-2.30672, -15.14067, 8.5765]
						},
						"1.2833": {
							"vector": [5.16661, -17.06772, 15.42743]
						},
						"1.4": {
							"vector": [-2.81627, -28.19746, 25.67959]
						},
						"1.5": {
							"vector": [-2.81627, -28.19746, 25.67959]
						},
						"1.85": {
							"vector": [-4.22877, -13.38605, 7.54439]
						},
						"1.9333": {
							"vector": [-4.22877, -13.38605, 7.54439]
						},
						"2.0167": {
							"vector": [-4.21497, -13.36274, 7.86351]
						},
						"2.1": {
							"vector": [-4.16939, -11.21495, 7.67739]
						},
						"2.1833": {
							"vector": [-4.16939, -11.21495, 7.67739]
						},
						"2.3167": {
							"vector": [-4.16939, -11.21495, 7.67739]
						},
						"2.5333": {
							"vector": [6.10716, -1.30363, 9.13664]
						},
						"2.65": {
							"vector": [6.70716, -1.30363, 8.33664]
						},
						"2.7167": {
							"vector": [3.74731, 3.58652, 13.80696]
						},
						"2.8167": {
							"vector": [7.07048, -5.93459, 1.58094]
						},
						"3.0167": {
							"vector": [0, 0, 0]
						}
					},
					"scale": {
						"0.0": {
							"vector": [1, 1, 1]
						},
						"0.1833": {
							"vector": [1.4, 1.3, 1.3]
						},
						"0.6333": {
							"vector": [1.4, 1.3, 1.3]
						},
						"0.7": {
							"vector": [1.4, 1.3, 1.3]
						},
						"1.0167": {
							"vector": [1, 1, 1]
						},
						"2.3167": {
							"vector": [1, 1, 1]
						},
						"2.5333": {
							"vector": [1.4, 1.3, 1.3]
						},
						"2.8167": {
							"vector": [1.4, 1.3, 1.3]
						},
						"3.0167": {
							"vector": [1, 1, 1]
						}
					}
				},
				"_camera_": {
					"rotation": {
						"0.0": {
							"vector": [0, 0, 0]
						},
						"0.2333": {
							"vector": [1.00015, 0.99985, 0.76745]
						},
						"0.3667": {
							"vector": [1, 1.5, -1.23]
						},
						"0.4667": {
							"vector": [1, 1.57, -0.6]
						},
						"0.6333": {
							"vector": [1, 1.69, 0.52]
						},
						"0.7667": {
							"vector": [1.00015, 1.74985, -1.98255]
						},
						"1.05": {
							"vector": [2.55, 0.97, -0.71],
							"easing": "easeInOutSine"
						},
						"1.2333": {
							"vector": [2.85, -0.32, 0.85]
						},
						"1.3667": {
							"vector": [3.25879, -0.73508, 0.04418],
							"easing": "easeInOutSine"
						},
						"1.4833": {
							"vector": [3.26, -0.74, -0.71]
						},
						"1.6333": {
							"vector": [3.25879, -0.73508, 0.04418]
						},
						"1.85": {
							"vector": [2.68, 0.21, -1.98]
						},
						"2.0167": {
							"vector": [2.5, 0.5, -1.46]
						},
						"2.1": {
							"vector": [2.5, 0.5, 0.96]
						},
						"2.1833": {
							"vector": [2.5, 0.5, -1.25]
						},
						"2.3333": {
							"vector": [2.49674, 0.50226, -0.46251]
						},
						"2.5333": {
							"vector": [2, 0.25, -2.21]
						},
						"2.65": {
							"vector": [2, 0.25, 0.04]
						},
						"2.7333": {
							"vector": [2, 0.25, -2.62]
						},
						"2.8667": {
							"vector": [2, 0.25, -0.95]
						},
						"3.0667": {
							"vector": [2, 0.25, -2.21]
						},
						"3.3": {
							"vector": [0, 0, 0],
							"easing": "easeInOutSine"
						}
					}
				},
				"charger": {
					"rotation": {
						"0.0": {
							"vector": [0, 0, 0]
						},
						"0.3833": {
							"vector": [0, 0, 0]
						},
						"0.6333": {
							"vector": [-0.38576, -0.99542, -28.72724]
						},
						"2.7167": {
							"vector": [-0.38576, -0.99542, -28.72724]
						},
						"2.7667": {
							"vector": [0, 0, 0]
						}
					},
					"position": {
						"0.0": {
							"vector": [0, 0, 0]
						},
						"0.3833": {
							"vector": [0, 0, 0]
						},
						"0.5167": {
							"vector": [-0.00567, -0.28293, 7.49853]
						},
						"0.5833": {
							"vector": [-0.22948, -0.26055, 9.6041]
						},
						"0.6333": {
							"vector": [-0.32948, 0.13945, 9.5041]
						},
						"2.7167": {
							"vector": [-0.32948, 0.13945, 9.5041]
						},
						"2.7667": {
							"vector": [0, 0, 0]
						}
					}
				},
				"magazine2": {
					"position": {
						"vector": [0, -64.1, 0]
					}
				}
			},
			"sound_effects": {
				"0.2167": {
					"effect": "mp5_actionback"
				},
				"0.4167": {
					"effect": "mp5_actionup"
				},
				"1.0": {
					"effect": "g3_magout"
				},
				"1.4167": {
					"effect": "g3_magin"
				},
				"2.5": {
					"effect": "mp5_boltclose"
				},
				"2.6": {
					"effect": "mp5_actionslap"
				},
				"2.8333": {
					"effect": "foley_end"
				}
			}
		}
	},
	"geckolib_format_version": 2
}